thermal_demand,co2_price,gas_price,electricity_price,wp_price
0.61728578,82.25,70.807,50.05,24.94
0.61597982,82.25,70.807,41.33,24.94
0.616716573,82.25,70.807,43.22,24.94
0.615567004,82.25,70.807,45.46,24.94
0.614584669,82.25,70.807,37.67,24.94
0.618782855,82.25,70.807,39.7,24.94
0.658536635,82.25,70.807,40.59,24.94
0.663957342,82.25,70.807,43.26,24.94
0.66571501,82.25,70.807,49.66,24.94
0.639962888,82.25,70.807,70.05,24.94
0.705104948,82.25,70.807,76.79,24.94
0.710345583,82.25,70.807,84.1,24.94
0.71505235,82.25,70.807,94.74,24.94
0.655130625,82.25,70.807,96.8,24.94
0.653771688,82.25,70.807,97.17,24.94
0.640502503,82.25,70.807,101,24.94
0.647725263,82.25,70.807,126.6,24.94
0.747780119,82.25,70.807,149.97,24.94
0.760459536,82.25,70.807,146.33,24.94
0.753704552,82.25,70.807,140.28,24.94
0.64567196,82.25,70.807,121.88,24.94
0.645403581,82.25,70.807,102.61,24.94
0.631420696,82.25,70.807,97.46,24.94
0.628901543,82.25,70.807,85.16,24.94
0.62336765,82.25,70.807,57.08,24.94
0.612603987,82.25,70.807,52.59,24.94
0.61147118,82.25,70.807,48.97,24.94
0.613819247,82.25,70.807,34.94,24.94
0.621952245,82.25,70.807,29.56,24.94
0.629072987,82.25,70.807,33.97,24.94
0.679509548,82.25,70.807,34.52,24.94
0.688541106,82.25,70.807,41.8,24.94
0.689500059,82.25,70.807,48.95,24.94
0.664330755,82.25,70.807,60.01,24.94
0.719870187,82.25,70.807,70.09,24.94
0.717796521,82.25,70.807,66.26,24.94
0.698368554,82.25,70.807,64.54,24.94
0.6321802,82.25,70.807,46.96,24.94
0.638074013,82.25,70.807,40.01,24.94
0.640379045,82.25,70.807,29.11,24.94
0.654391304,82.25,70.807,32.76,24.94
0.746567394,82.25,70.807,42.97,24.94
0.745016707,82.25,70.807,60.96,24.94
0.753760798,82.25,70.807,60.94,24.94
0.642641266,82.25,70.807,54.12,24.94
0.646603238,82.25,70.807,46.16,24.94
0.631005865,82.25,70.807,46.29,24.94
0.627553807,82.25,70.807,32.93,24.94
0.621157714,82.25,70.807,0.31,24.94
0.615167912,82.25,70.807,-0.01,24.94
0.615953731,82.25,70.807,-0.07,24.94
0.609575091,82.25,70.807,-1.05,24.94
0.612695396,82.25,70.807,-1,24.94
0.621633649,82.25,70.807,0.32,24.94
0.679891487,82.25,70.807,37.55,24.94
0.693151668,82.25,70.807,88.76,24.94
0.694253404,82.25,70.807,122.93,24.94
0.664020031,82.25,70.807,110.17,24.94
0.72329858,82.25,70.807,93.38,24.94
0.721307826,82.25,70.807,90.73,24.94
0.710541881,82.25,70.807,82.37,24.94
0.659587,82.25,70.807,80.9,24.94
0.671807407,82.25,70.807,80.99,24.94
0.685385011,82.25,70.807,98.05,24.94
0.689201665,82.25,70.807,123.51,24.94
0.787495065,82.25,70.807,148.49,24.94
0.794296271,82.25,70.807,138,24.94
0.796140992,82.25,70.807,117.64,24.94
0.690975859,82.25,70.807,117.71,24.94
0.67712409,82.25,70.807,95.95,24.94
0.665349085,82.25,70.807,105.68,24.94
0.652830236,82.25,70.807,95.26,24.94
0.639816401,82.25,70.807,103.7,24.94
0.632706521,82.25,70.807,108.27,24.94
0.624679359,82.25,70.807,105.92,24.94
0.619529181,82.25,70.807,103.41,24.94
0.623242394,82.25,70.807,102.71,24.94
0.636698507,82.25,70.807,114.23,24.94
0.702664246,82.25,70.807,156.91,24.94
0.726477369,82.25,70.807,182.64,24.94
0.731468521,82.25,70.807,178.91,24.94
0.68952933,82.25,70.807,190,24.94
0.745140586,82.25,70.807,189.88,24.94
0.752955977,82.25,70.807,182.42,24.94
0.752640808,82.25,70.807,182.46,24.94
0.693972823,82.25,70.807,179.59,24.94
0.686522723,82.25,70.807,179,24.94
0.679243527,82.25,70.807,180.93,24.94
0.677091342,82.25,70.807,166.69,24.94
0.779722021,82.25,70.807,189.88,24.94
0.78361521,82.25,70.807,184.94,24.94
0.783307498,82.25,70.807,178.99,24.94
0.684633321,82.25,70.807,156.12,24.94
0.674048871,82.25,70.807,140.92,24.94
0.655276802,82.25,70.807,137.92,24.94
0.643334595,82.25,70.807,97.56,24.94
0.631483715,82.25,91.338,105.31,24.94
0.626284392,82.25,91.338,97.29,24.94
0.620284957,82.25,91.338,84.5,24.94
0.623152855,82.25,91.338,75.38,24.94
0.626428146,82.25,91.338,79.11,24.94
0.640806629,82.25,91.338,94.79,24.94
0.696156799,82.25,91.338,99.16,24.94
0.715034993,82.25,91.338,101.15,24.94
0.721395526,82.25,91.338,129.56,24.94
0.703774489,82.25,91.338,113.37,24.94
0.773465576,82.25,91.338,94.43,24.94
0.781874225,82.25,91.338,98.1,24.94
0.775448033,82.25,91.338,95.68,24.94
0.72194839,82.25,91.338,96.8,24.94
0.723794356,82.25,91.338,107.32,24.94
0.722858484,82.25,91.338,119.48,24.94
0.722023643,82.25,91.338,137.28,24.94
0.822165377,82.25,91.338,148.09,24.94
0.820346009,82.25,91.338,139.88,24.94
0.807570729,82.25,91.338,135.75,24.94
0.703195133,82.25,91.338,119.93,24.94
0.699572315,82.25,91.338,98.09,24.94
0.698566419,82.25,91.338,118.71,24.94
0.687198779,82.25,91.338,99.68,24.94
0.674118252,82.25,92.598,99.85,24.94
0.662128073,82.25,92.598,101.32,24.94
0.662556158,82.25,92.598,110.01,24.94
0.666760341,82.25,92.598,111.55,24.94
0.684408654,82.25,92.598,123.37,24.94
0.695545382,82.25,92.598,149.94,24.94
0.74984902,82.25,92.598,185.92,24.94
0.754909997,82.25,92.598,228.25,24.94
0.775113808,82.25,92.598,228.92,24.94
0.744821076,82.25,92.598,212.9,24.94
0.824563298,82.25,92.598,215.5,24.94
0.842755482,82.25,92.598,231.9,24.94
0.833979667,82.25,92.598,226,24.94
0.766700384,82.25,92.598,209.2,24.94
0.750892714,82.25,92.598,216.06,24.94
0.760255913,82.25,92.598,230.77,24.94
0.745475766,82.25,92.598,245.95,24.94
0.839715441,82.25,92.598,274.11,24.94
0.831907138,82.25,92.598,273.44,24.94
0.834941728,82.25,92.598,245.48,24.94
0.730976968,82.25,92.598,226.14,24.94
0.72108007,82.25,92.598,208.31,24.94
0.715506014,82.25,92.598,178.75,24.94
0.707677188,82.25,92.598,124.7,24.94
0.700957198,82.25,94.548,128.92,24.94
0.686216259,82.25,94.548,118.4,24.94
0.678359411,82.25,94.548,103.01,24.94
0.681580376,82.25,94.548,101.91,24.94
0.685207258,82.25,94.548,101.98,24.94
0.691972038,82.25,94.548,114.99,24.94
0.737745811,82.25,94.548,140.19,24.94
0.751100953,82.25,94.548,152.64,24.94
0.764601201,82.25,94.548,160.97,24.94
0.74424405,82.25,94.548,161.85,24.94
0.811253149,82.25,94.548,161.37,24.94
0.826234133,82.25,94.548,166.06,24.94
0.807934424,82.25,94.548,166.54,24.94
0.757802841,82.25,94.548,166.04,24.94
0.755940395,82.25,94.548,169.43,24.94
0.750983563,82.25,94.548,189.7,24.94
0.739877333,82.25,94.548,201.97,24.94
0.822546725,82.25,94.548,243.11,24.94
0.820715163,82.25,94.548,253.81,24.94
0.817365187,82.25,94.548,237.05,24.94
0.726781366,82.25,94.548,224.33,24.94
0.703540047,82.25,94.548,213.81,24.94
0.687245269,82.25,94.548,185.94,24.94
0.667010619,82.25,94.548,148.32,24.94
0.654652638,82.25,90.886,164.17,24.94
0.650266668,82.25,90.886,152.83,24.94
0.647332774,82.25,90.886,166,24.94
0.649261876,82.25,90.886,160.86,24.94
0.661699074,82.25,90.886,160,24.94
0.688488895,82.25,90.886,154.3,24.94
0.764361505,82.25,90.886,166,24.94
0.770414152,82.25,90.886,182.91,24.94
0.760269758,82.25,90.886,215.89,24.94
0.689196808,82.25,90.886,231,24.94
0.755223853,82.25,90.886,228.95,24.94
0.75413357,82.25,90.886,215.39,24.94
0.758741239,82.25,90.886,206.68,24.94
0.693608269,82.25,90.886,185,24.94
0.691299053,82.25,90.886,169.52,24.94
0.699199497,82.25,90.886,162.8,24.94
0.70166413,82.25,90.886,161.34,24.94
0.805076294,82.25,90.886,189.9,24.94
0.826088193,82.25,90.886,170.71,24.94
0.82830646,82.25,90.886,140.23,24.94
0.728268468,82.25,90.886,102.54,24.94
0.7086634,82.25,90.886,102.18,24.94
0.685678671,82.25,90.886,102.29,24.94
0.666499914,82.25,90.886,90.05,24.94
0.644992269,82.25,90.886,85.03,24.94
0.641827424,82.25,90.886,84.4,24.94
0.634536199,82.25,90.886,80.24,24.94
0.635691212,82.25,90.886,55.46,24.94
0.635969666,82.25,90.886,49.29,24.94
0.652385481,82.25,90.886,50.64,24.94
0.723737953,82.25,90.886,74.29,24.94
0.746203269,82.25,90.886,84.44,24.94
0.731812081,82.25,90.886,97.26,24.94
0.688525486,82.25,90.886,119.97,24.94
0.742898514,82.25,90.886,134.96,24.94
0.750618866,82.25,90.886,149.4,24.94
0.744370833,82.25,90.886,165.13,24.94
0.692519443,82.25,90.886,165.06,24.94
0.699422829,82.25,90.886,170.09,24.94
0.722872099,82.25,90.886,189.04,24.94
0.737818102,82.25,90.886,190.96,24.94
0.842374771,82.25,90.886,223.3,24.94
0.848960473,82.25,90.886,243.94,24.94
0.836837299,82.25,90.886,240,24.94
0.73098917,82.25,90.886,230.82,24.94
0.717114136,82.25,90.886,214.02,24.94
0.710803111,82.25,90.886,215.88,24.94
0.694440758,82.25,90.886,203.8,24.94
0.677988581,82.25,91.43,196.23,24.94
0.672757169,82.25,91.43,191.85,24.94
0.668715043,82.25,91.43,195.91,24.94
0.67850383,82.25,91.43,186.66,24.94
0.674022868,82.25,91.43,178.04,24.94
0.692182391,82.25,91.43,191.65,24.94
0.759460101,82.25,91.43,237.44,24.94
0.775620099,82.25,91.43,299.95,24.94
0.764784732,82.25,91.43,313.92,24.94
0.710218273,82.25,91.43,315,24.94
0.761605676,82.25,91.43,310.41,24.94
0.76330033,82.25,91.43,310.08,24.94
0.762677672,82.25,91.43,300,24.94
0.706827762,82.25,91.43,297.01,24.94
0.709608665,82.25,91.43,299.96,24.94
0.701407597,82.25,91.43,306.45,24.94
0.705908091,82.25,91.43,302.73,24.94
0.812423099,82.25,91.43,315.47,24.94
0.824376191,82.25,91.43,310.82,24.94
0.82237531,82.25,91.43,294.98,24.94
0.730541106,82.25,91.43,267.45,24.94
0.731483599,82.25,91.43,242.29,24.94
0.71955103,82.25,91.43,217.03,24.94
0.705759218,82.25,91.43,195.83,24.94
0.696846123,82.25,88.498,210.34,24.94
0.692078526,82.25,88.498,202.42,24.94
0.694451438,82.25,88.498,197.6,24.94
0.693937423,82.25,88.498,193,24.94
0.700367672,82.25,88.498,194.9,24.94
0.726415812,82.25,88.498,204.45,24.94
0.806599397,82.25,88.498,237.13,24.94
0.813918802,82.25,88.498,298.68,24.94
0.788174113,82.25,88.498,302.02,24.94
0.716825089,82.25,88.498,297.16,24.94
0.767579585,82.25,88.498,277.02,24.94
0.759711365,82.25,88.498,266.43,24.94
0.74853651,82.25,88.498,254.92,24.94
0.686726359,82.25,88.498,248.89,24.94
0.676852334,82.25,88.498,255.01,24.94
0.683617713,82.25,88.498,277.9,24.94
0.687665562,82.25,88.498,289.94,24.94
0.792063347,82.25,88.498,316.4,24.94
0.797648317,82.25,88.498,315.9,24.94
0.79699197,82.25,88.498,309.2,24.94
0.693184706,82.25,88.498,285.33,24.94
0.688982332,82.25,88.498,245.44,24.94
0.665552853,82.25,88.498,237.27,24.94
0.641786487,82.25,88.498,212.49,24.94
0.621011268,82.25,82.675,196.65,24.94
0.615233496,82.25,82.675,187.1,24.94
0.626257233,82.25,82.675,184.27,24.94
0.628028006,82.25,82.675,179.58,24.94
0.639937713,82.25,82.675,178.33,24.94
0.663042504,82.25,82.675,193.5,24.94
0.749053259,82.25,82.675,240.56,24.94
0.774531934,82.25,82.675,273.18,24.94
0.789747181,82.25,82.675,300.1,24.94
0.747786913,82.25,82.675,292.74,24.94
0.804725138,82.25,82.675,275.5,24.94
0.803929251,82.25,82.675,258.65,24.94
0.794131533,82.25,82.675,245.11,24.94
0.747844899,82.25,82.675,232.08,24.94
0.756634222,82.25,82.675,234.77,24.94
0.773311238,82.25,82.675,240.01,24.94
0.785249074,82.25,82.675,255,24.94
0.882002497,82.25,82.675,284.82,24.94
0.888144563,82.25,82.675,285.97,24.94
0.87442739,82.25,82.675,269.03,24.94
0.768177494,82.25,82.675,235.25,24.94
0.747677323,82.25,82.675,191.5,24.94
0.731715341,82.25,82.675,193.69,24.94
0.716308502,82.25,82.675,172.18,24.94
0.70176292,82.25,79.105,173.14,24.94
0.689446019,82.25,79.105,161.69,24.94
0.682179687,82.25,79.105,153.58,24.94
0.680875653,82.25,79.105,147.07,24.94
0.687999279,82.25,79.105,152.47,24.94
0.703601411,82.25,79.105,171.26,24.94
0.762448328,82.25,79.105,192.03,24.94
0.783490364,82.25,79.105,215.24,24.94
0.7871254,82.25,79.105,235.9,24.94
0.753350654,82.25,79.105,219.99,24.94
0.811696666,82.25,79.105,180.08,24.94
0.815658347,82.25,79.105,170.16,24.94
0.806896024,82.25,79.105,152.53,24.94
0.746650134,82.25,79.105,134.13,24.94
0.735534376,82.25,79.105,171.01,24.94
0.739864513,82.25,79.105,201.59,24.94
0.743893586,82.25,79.105,205.38,24.94
0.840090644,82.25,79.105,220.3,24.94
0.836990756,82.25,79.105,212.76,24.94
0.823520882,82.25,79.105,210,24.94
0.720790666,82.25,79.105,192.69,24.94
0.701356603,82.25,79.105,164.46,24.94
0.700066091,82.25,79.105,164.2,24.94
0.687903763,82.25,79.105,122.09,24.94
0.68056276,82.25,79.105,120.04,24.94
0.672393819,82.25,79.105,110.03,24.94
0.672138847,82.25,79.105,108.24,24.94
0.679062549,82.25,79.105,107.46,24.94
0.683654978,82.25,79.105,109.82,24.94
0.694061484,82.25,79.105,140.52,24.94
0.741995471,82.25,79.105,176.04,24.94
0.759278812,82.25,79.105,190.97,24.94
0.779094566,82.25,79.105,216.99,24.94
0.772807554,82.25,79.105,196.91,24.94
0.83711092,82.25,79.105,162.92,24.94
0.849625529,81.7,79.105,160.04,24.94
0.844752687,81.52,79.105,154.01,24.94
0.801393719,81.52,79.105,152.29,24.94
0.806398444,81.52,79.105,186.94,24.94
0.81830095,81.52,79.105,217.18,24.94
0.819704025,81.52,79.105,224.91,24.94
0.921391956,81.52,79.105,262,24.94
0.937870237,81.52,79.105,260.04,24.94
0.937783534,81.52,79.105,234.32,24.94
0.858104686,81.52,79.105,215.04,24.94
0.834846984,81.52,79.105,204.39,24.94
0.824445549,81.52,79.105,194.29,24.94
0.798648176,81.52,79.105,184.9,24.94
0.793004027,81.52,89.824,222.01,24.94
0.788220998,81.52,89.824,205.08,24.94
0.784341627,81.52,89.824,194.62,24.94
0.779273037,81.52,89.824,182.64,24.94
0.796003928,81.52,89.824,187.83,24.94
0.835348872,81.52,89.824,190.58,24.94
0.914462339,81.52,89.824,190.27,24.94
0.943025396,81.52,89.824,204.46,24.94
0.932603833,81.52,89.824,212.84,24.94
0.891212147,81.52,89.824,230,24.94
0.939332676,81.52,89.824,222.39,24.94
0.915944926,81.52,89.824,214.92,24.94
0.912665746,81.52,89.824,208.43,24.94
0.846168842,81.52,89.824,200,24.94
0.837118822,81.52,89.824,203.09,24.94
0.827717987,81.52,89.824,213.98,24.94
0.829006705,81.52,89.824,226.32,24.94
0.934307306,81.52,89.824,260,24.94
0.945305335,81.52,89.824,267.03,24.94
0.937709634,81.52,89.824,261.41,24.94
0.836335617,81.52,89.824,243.62,24.94
0.824833721,81.52,89.824,220.1,24.94
0.791742174,81.52,89.824,212.85,24.94
0.760623845,81.52,89.824,209.41,24.94
0.737230808,81.52,89.824,225.92,24.94
0.724727616,81.52,89.824,216,24.94
0.721826035,81.52,89.824,189.49,24.94
0.718351463,81.52,89.824,181.98,24.94
0.726417941,81.52,89.824,174.98,24.94
0.741247054,81.52,89.824,165.91,24.94
0.798304666,81.52,89.824,118.71,24.94
0.808636941,81.52,89.824,119.45,24.94
0.783246832,81.52,89.824,125.86,24.94
0.741637792,81.52,89.824,129.46,24.94
0.791063271,81.52,89.824,125.99,24.94
0.789388149,81.52,89.824,131.83,24.94
0.776222771,81.52,89.824,123.01,24.94
0.726336986,81.52,89.824,122.49,24.94
0.728463993,81.52,89.824,102.67,24.94
0.732915957,81.52,89.824,121.95,24.94
0.738182113,81.52,89.824,115,24.94
0.840349255,81.52,89.824,125.42,24.94
0.844924274,81.52,89.824,112.4,24.94
0.846940822,81.52,89.824,97.49,24.94
0.743775087,81.52,89.824,90.14,24.94
0.745891048,81.52,89.824,97.09,24.94
0.723743917,81.52,89.824,93.85,24.94
0.705131778,81.52,89.824,87.2,24.94
0.697659394,81.52,90.021,78.08,24.94
0.694680647,81.52,90.021,34,24.94
0.691237055,81.52,90.021,12.33,24.94
0.692161196,81.52,90.021,10.09,24.94
0.697835331,81.52,90.021,12.83,24.94
0.721032661,81.52,90.021,36.16,24.94
0.785148526,81.52,90.021,92.03,24.94
0.798482101,81.52,90.021,102.8,24.94
0.782971334,81.52,90.021,126,24.94
0.731789845,81.52,90.021,100.9,24.94
0.783413489,81.52,90.021,112.03,24.94
0.778730404,81.52,90.021,111.25,24.94
0.774315425,81.52,90.021,100.58,24.94
0.720904558,81.52,90.021,111.65,24.94
0.72767793,81.52,90.021,127.38,24.94
0.737452409,81.52,90.021,168.85,24.94
0.745160108,81.52,90.021,199.85,24.94
0.857246086,81.52,90.021,249.99,24.94
0.86487269,81.52,90.021,254.37,24.94
0.87260088,81.52,90.021,237.28,24.94
0.763809924,81.52,90.021,220,24.94
0.757471661,81.52,90.021,215.94,24.94
0.728246134,81.52,90.021,209.16,24.94
0.710079912,81.52,90.021,180,24.94
0.702618836,81.52,80.637,188.94,24.94
0.701841652,81.52,80.637,192.68,24.94
0.698006748,81.52,80.637,180.09,24.94
0.701864331,81.52,80.637,188.09,24.94
0.710177685,81.52,80.637,193.99,24.94
0.745519136,81.52,80.637,205.07,24.94
0.819590499,81.52,80.637,229.1,24.94
0.838893739,81.52,80.637,273.71,24.94
0.812050352,81.52,80.637,294.4,24.94
0.755221781,81.52,80.637,290.64,24.94
0.809731324,81.52,80.637,275.4,24.94
0.806746458,81.52,80.637,265.1,24.94
0.801945553,81.52,80.637,250,24.94
0.732382972,81.52,80.637,244.27,24.94
0.72137524,81.52,80.637,243.02,24.94
0.719550146,81.52,80.637,249.22,24.94
0.728580863,81.52,80.637,260,24.94
0.823465188,81.52,80.637,278,24.94
0.835960945,81.52,80.637,276.39,24.94
0.833625204,81.52,80.637,255.03,24.94
0.755625477,81.52,80.637,237.28,24.94
0.746290206,81.52,80.637,224.19,24.94
0.736034852,81.52,80.637,190.78,24.94
0.721215462,81.52,80.637,175.49,24.94
0.705458887,81.52,78.242,169.01,24.94
0.695480963,81.52,78.242,163.48,24.94
0.694294939,81.52,78.242,162.93,24.94
0.691147184,81.52,78.242,160.01,24.94
0.705463479,81.52,78.242,163.16,24.94
0.722339294,81.52,78.242,165.59,24.94
0.791724817,81.52,78.242,198.39,24.94
0.812446786,81.52,78.242,227.42,24.94
0.801887775,81.52,78.242,261.65,24.94
0.744031383,81.52,78.242,252.67,24.94
0.784929413,81.52,78.242,221.75,24.94
0.78219341,81.52,78.242,193.62,24.94
0.769088421,81.52,78.242,170.14,24.94
0.710582067,81.52,78.242,160.47,24.94
0.707282594,81.52,78.242,164.13,24.94
0.724286367,81.52,78.242,180.5,24.94
0.739208401,81.52,78.242,179.26,24.94
0.842883168,81.52,78.242,173.99,24.94
0.843873969,81.52,78.242,167.34,24.94
0.841250978,81.52,78.242,135.61,24.94
0.739596342,81.52,78.242,125.05,24.94
0.726585597,81.52,78.242,120.9,24.94
0.715661232,81.52,78.242,118.08,24.94
0.698691045,81.52,78.242,97.16,24.94
0.689342861,81.52,74.748,90.05,24.94
0.677480532,81.52,74.748,78.94,24.94
0.676414296,81.52,74.748,75.05,24.94
0.669287351,81.52,74.748,72.13,24.94
0.672363196,81.52,74.748,70.99,24.94
0.681884676,81.52,74.748,87.7,24.94
0.733702761,81.52,74.748,96.26,24.94
0.754535812,81.52,74.748,118.95,24.94
0.771416776,81.52,74.748,140.51,24.94
0.754445509,81.52,74.748,130.27,24.94
0.825670256,81.52,74.748,128.47,24.94
0.808177328,81.52,74.748,111.95,24.94
0.802816831,81.52,74.748,94.15,24.94
0.723498813,81.52,74.748,85.54,24.94
0.73135168,81.52,74.748,105.37,24.94
0.74104182,81.52,74.748,111.32,24.94
0.760277345,81.52,74.748,134.86,24.94
0.86815826,81.52,74.748,176.05,24.94
0.874030508,81.52,74.748,192.74,24.94
0.860841727,81.52,74.748,180,24.94
0.742822847,81.52,74.748,152.33,24.94
0.721737339,81.52,74.748,137.91,24.94
0.714455286,81.52,74.748,131.76,24.94
0.703108821,81.52,74.748,121.39,24.94
0.697503551,81.52,74.4,119.19,24.94
0.682157066,81.52,74.4,117.87,24.94
0.671771793,81.52,74.4,110.92,24.94
0.670245936,81.52,74.4,113.14,24.94
0.675803829,81.52,74.4,119.15,24.94
0.680714434,81.52,74.4,120.73,24.94
0.724156426,81.52,74.4,148.76,24.94
0.738537477,81.52,74.4,207.59,24.94
0.758779982,81.52,74.4,223.15,24.94
0.739800675,81.52,74.4,215.79,24.94
0.789656844,81.52,74.4,206.51,24.94
0.787638992,83.4,74.4,206.43,24.94
0.757269333,84.03,74.4,190,24.94
0.684462232,84.03,74.4,170.08,24.94
0.670577097,84.03,74.4,169.29,24.94
0.685794919,84.03,74.4,190,24.94
0.704855639,84.03,74.4,177.44,24.94
0.822531566,84.03,74.4,179.99,24.94
0.834547236,84.03,74.4,165.05,24.94
0.819895911,84.03,74.4,145.81,24.94
0.713991262,84.03,74.4,139.73,24.94
0.694663499,84.03,74.4,132.25,24.94
0.682631107,84.03,74.4,133.59,24.94
0.667022915,84.03,74.4,120.01,24.94
0.656078698,84.03,79.12,123.58,24.94
0.655045013,84.03,79.12,120.3,24.94
0.654157806,84.03,79.12,119.99,24.94
0.649144114,84.03,79.12,121.8,24.94
0.658157763,84.03,79.12,123.57,24.94
0.68420086,84.03,79.12,123.68,24.94
0.767747746,84.03,79.12,120,24.94
0.789059201,84.03,79.12,148.35,24.94
0.764462488,84.03,79.12,186,24.94
0.698288644,84.03,79.12,207.46,24.94
0.737033856,84.03,79.12,211.25,24.94
0.729403217,84.03,79.12,209.69,24.94
0.725240074,84.03,79.12,200.83,24.94
0.668118697,84.03,79.12,188.54,24.94
0.661576344,84.03,79.12,185.88,24.94
0.668996164,84.03,79.12,196.5,24.94
0.687553919,84.03,79.12,197.25,24.94
0.802467732,84.03,79.12,222.31,24.94
0.827985159,84.03,79.12,230.82,24.94
0.821572169,84.03,79.12,214.32,24.94
0.717725867,84.03,79.12,207.14,24.94
0.707739393,84.03,79.12,190.33,24.94
0.676537857,84.03,79.12,193.52,24.94
0.647007308,84.03,79.12,175.07,24.94
0.624799688,84.03,79.12,171.69,24.94
0.613726019,84.03,79.12,183.01,24.94
0.609237522,84.03,79.12,185.22,24.94
0.609694771,84.03,79.12,179.73,24.94
0.615846483,84.03,79.12,179.04,24.94
0.633043503,84.03,79.12,179.49,24.94
0.69892453,84.03,79.12,168.23,24.94
0.716666073,84.03,79.12,172.45,24.94
0.706377207,84.03,79.12,184.93,24.94
0.652664342,84.03,79.12,195.31,24.94
0.69834314,84.03,79.12,195.34,24.94
0.685203275,84.03,79.12,195.87,24.94
0.677212349,84.03,79.12,195.41,24.94
0.629075485,84.03,79.12,186.29,24.94
0.639594282,84.03,79.12,184.49,24.94
0.651916411,84.03,79.12,190,24.94
0.661270329,84.03,79.12,194,24.94
0.769853346,84.03,79.12,214.95,24.94
0.78439571,84.03,79.12,239.49,24.94
0.800198569,84.03,79.12,242.97,24.94
0.704359756,84.03,79.12,224.96,24.94
0.699722404,84.03,79.12,204.84,24.94
0.677360933,84.03,79.12,201,24.94
0.65379495,84.03,79.12,179.97,24.94
0.641752587,84.03,79.422,183.33,24.94
0.631212607,84.03,79.422,179.61,24.94
0.63385444,84.03,79.422,178.3,24.94
0.640797639,84.03,79.422,177.46,24.94
0.652539336,84.03,79.422,177.61,24.94
0.679394427,84.03,79.422,187.48,24.94
0.747122552,84.03,79.422,225.19,24.94
0.765767487,84.03,79.422,265,24.94
0.748933617,84.03,79.422,300.02,24.94
0.686924106,84.03,79.422,299.39,24.94
0.718332575,84.03,79.422,275.88,24.94
0.711213607,84.03,79.422,270,24.94
0.706576057,84.03,79.422,245.84,24.94
0.65040539,84.03,79.422,240.08,24.94
0.658481165,84.03,79.422,244,24.94
0.672339673,84.03,79.422,256.49,24.94
0.690090308,84.03,79.422,273.57,24.94
0.79128648,84.03,79.422,307.38,24.94
0.79739979,84.03,79.422,341.85,24.94
0.802077528,84.03,79.422,315.31,24.94
0.704640742,84.03,79.422,274.98,24.94
0.701227758,84.03,79.422,250,24.94
0.67364826,84.03,79.422,226.81,24.94
0.6542184,84.03,79.422,206.92,24.94
0.631190667,84.03,91.752,215.98,24.94
0.624328418,84.03,91.752,212.9,24.94
0.619404514,84.03,91.752,203.75,24.94
0.619439675,84.03,91.752,196.24,24.94
0.627095558,84.03,91.752,198.99,24.94
0.651214594,84.03,91.752,219.03,24.94
0.726479977,84.03,91.752,279.96,24.94
0.742119624,84.03,91.752,356.24,24.94
0.735026467,84.03,91.752,399.85,24.94
0.679225077,84.03,91.752,399.01,24.94
0.732905872,84.03,91.752,360,24.94
0.730727729,84.03,91.752,347.4,24.94
0.72859231,84.03,91.752,328.92,24.94
0.669343572,84.03,91.752,305,24.94
0.679705448,84.03,91.752,310,24.94
0.689560138,84.03,91.752,313,24.94
0.707130637,84.03,91.752,318.67,24.94
0.81066299,84.03,91.752,366.43,24.94
0.827627777,84.03,91.752,399.06,24.94
0.821208985,84.03,91.752,373.75,24.94
0.712871202,84.03,91.752,309.68,24.94
0.709908274,84.03,91.752,265,24.94
0.695069852,84.03,91.752,240.89,24.94
0.675753798,84.03,91.752,215.17,24.94
0.664403858,84.03,93.457,209.57,24.94
0.662011321,84.03,93.457,212.36,24.94
0.669500107,84.03,93.457,215.41,24.94
0.672278468,84.03,93.457,209.89,24.94
0.684643891,84.03,93.457,209.14,24.94
0.714942273,84.03,93.457,215.09,24.94
0.78377903,84.03,93.457,240.16,24.94
0.816233953,84.03,93.457,294.88,24.94
0.80469079,84.03,93.457,312.32,24.94
0.752907688,84.03,93.457,312.69,24.94
0.792906109,84.03,93.457,300.02,24.94
0.780732759,84.03,93.457,282.65,24.94
0.769375293,84.03,93.457,259.68,24.94
0.715410731,84.03,93.457,241.54,24.94
0.720850588,84.03,93.457,238.24,24.94
0.730777921,84.03,93.457,236.76,24.94
0.730930974,84.03,93.457,240.11,24.94
0.831087665,84.03,93.457,268.08,24.94
0.831356818,84.03,93.457,262.46,24.94
0.833328786,84.03,93.457,224.45,24.94
0.718224523,84.03,93.457,217.43,24.94
0.717069317,84.03,93.457,171.34,24.94
0.706776179,84.03,93.457,142.94,24.94
0.700078906,84.03,93.457,122.34,24.94
0.686665376,84.03,91.861,131.59,24.94
0.677344752,84.03,91.861,115.02,24.94
0.676439875,84.03,91.861,108.65,24.94
0.674605845,84.03,91.861,100.94,24.94
0.68641417,84.03,91.861,103.06,24.94
0.701535899,84.03,91.861,110.03,24.94
0.762615527,84.03,91.861,104.03,24.94
0.78025765,84.03,91.861,138.79,24.94
0.80664146,84.03,91.861,138.23,24.94
0.785928882,84.03,91.861,128.79,24.94
0.861892849,84.03,91.861,128.74,24.94
0.85917974,84.03,91.861,127.8,24.94
0.846654758,84.03,91.861,126.24,24.94
0.776622115,84.03,91.861,135.78,24.94
0.784303018,84.03,91.861,139.66,24.94
0.804010611,84.03,91.861,138.69,24.94
0.819587179,84.03,91.861,137.58,24.94
0.926869109,84.03,91.861,141.17,24.94
0.923875734,84.03,91.861,125.96,24.94
0.920605379,84.03,91.861,114.73,24.94
0.812679395,84.03,91.861,104.04,24.94
0.813805922,84.03,91.861,110.1,24.94
0.805334875,84.03,91.861,101.19,24.94
0.784704997,84.03,91.861,86.31,24.94
0.758684831,84.03,92.469,82.03,24.94
0.737108359,84.03,92.469,84.03,24.94
0.719039903,84.03,92.469,81.59,24.94
0.711002263,84.03,92.469,77.26,24.94
0.711757313,84.03,92.469,100.7,24.94
0.721050027,84.03,92.469,100.69,24.94
0.77336693,84.03,92.469,121.69,24.94
0.790629205,84.03,92.469,175.29,24.94
0.801563868,84.03,92.469,186.17,24.94
0.780242604,84.03,92.469,198.05,24.94
0.841132951,84.03,92.469,190.92,24.94
0.838402838,87.94,92.469,220.07,24.94
0.826607402,89.25,92.469,214.74,24.94
0.757203274,89.25,92.469,231.6,24.94
0.741966571,89.25,92.469,233.67,24.94
0.740608811,89.25,92.469,237.08,24.94
0.737123304,89.25,92.469,237.92,24.94
0.847392893,89.25,92.469,260,24.94
0.846228823,89.25,92.469,255.6,24.94
0.839744972,89.25,92.469,222.37,24.94
0.733332893,89.25,92.469,222.74,24.94
0.734994907,89.25,92.469,177.8,24.94
0.723408658,89.25,92.469,148.98,24.94
0.710994077,89.25,92.469,123.36,24.94
0.697044235,89.25,92.726,130.25,24.94
0.69205766,89.25,92.726,115.01,24.94
0.686224612,89.25,92.726,105.64,24.94
0.68895683,89.25,92.726,77.57,24.94
0.699051709,89.25,92.726,43.95,24.94
0.726730478,89.25,92.726,79.07,24.94
0.806642432,89.25,92.726,32.94,24.94
0.837301033,89.25,92.726,85.64,24.94
0.834051165,89.25,92.726,85.18,24.94
0.784607005,89.25,92.726,101.13,24.94
0.833730236,89.25,92.726,88.51,24.94
0.825050154,89.25,92.726,118.32,24.94
0.823652854,89.25,92.726,101.02,24.94
0.758483925,89.25,92.726,85.64,24.94
0.751241892,89.25,92.726,105.59,24.94
0.752893145,89.25,92.726,100.01,24.94
0.765681205,89.25,92.726,108.14,24.94
0.872947198,89.25,92.726,118.75,24.94
0.879552271,89.25,92.726,123.02,24.94
0.865907369,89.25,92.726,101.19,24.94
0.760737918,89.25,92.726,84.47,24.94
0.758474868,89.25,92.726,51.62,24.94
0.756753728,89.25,92.726,88.81,24.94
0.740602066,89.25,92.726,79.63,24.94
0.739433532,89.25,92.726,2.3,24.94
0.741012491,89.25,92.726,4.49,24.94
0.742612475,89.25,92.726,10.08,24.94
0.74325454,89.25,92.726,10.01,24.94
0.756664459,89.25,92.726,10.15,24.94
0.787501182,89.25,92.726,11.37,24.94
0.870554873,89.25,92.726,3.73,24.94
0.897471796,89.25,92.726,9.95,24.94
0.882437575,89.25,92.726,11.09,24.94
0.823821899,89.25,92.726,11.98,24.94
0.864257466,89.25,92.726,11.09,24.94
0.861143878,89.25,92.726,11.78,24.94
0.862152676,89.25,92.726,10,24.94
0.812095539,89.25,92.726,10,24.94
0.815313474,89.25,92.726,11.69,24.94
0.82549342,89.25,92.726,14.04,24.94
0.844126547,89.25,92.726,60.06,24.94
0.943256469,89.25,92.726,171.74,24.94
0.94608327,89.25,92.726,158.07,24.94
0.940537668,89.25,92.726,163.37,24.94
0.849672961,89.25,92.726,157.94,24.94
0.853055191,89.25,92.726,158.13,24.94
0.832324396,89.25,92.726,159.94,24.94
0.81324225,89.25,92.726,144.21,24.94
0.794426459,89.25,92.831,122.16,24.94
0.782267704,89.25,92.831,110.17,24.94
0.787823567,89.25,92.831,105.3,24.94
0.79265501,89.25,92.831,100,24.94
0.801265389,89.25,92.831,100.13,24.94
0.826314495,89.25,92.831,135.4,24.94
0.902296005,89.25,92.831,185.14,24.94
0.917348557,89.25,92.831,240,24.94
0.892604324,89.25,92.831,248.92,24.94
0.812939598,89.25,92.831,251.92,24.94
0.857886378,89.25,92.831,248.08,24.94
0.837981329,89.25,92.831,243.42,24.94
0.824266385,89.25,92.831,238.11,24.94
0.756395504,89.25,92.831,221.52,24.94
0.767060928,89.25,92.831,206.28,24.94
0.787751474,89.25,92.831,191.75,24.94
0.80283919,89.25,92.831,193.54,24.94
0.920689373,89.25,92.831,240.67,24.94
0.941116153,89.25,92.831,253.93,24.94
0.934574769,89.25,92.831,240.4,24.94
0.830012318,89.25,92.831,231.59,24.94
0.823343868,89.25,92.831,212.96,24.94
0.806114589,89.25,92.831,201.96,24.94
0.782929009,89.25,92.831,161.51,24.94
0.76599209,89.25,86.425,160.15,24.94
0.752171579,89.25,86.425,154.54,24.94
0.753717581,89.25,86.425,156.24,24.94
0.760720656,89.25,86.425,155.17,24.94
0.777420395,89.25,86.425,165.13,24.94
0.810552278,89.25,86.425,163.01,24.94
0.890643067,89.25,86.425,206.15,24.94
0.919875352,89.25,86.425,239.17,24.94
0.899860207,89.25,86.425,243.72,24.94
0.836777064,89.25,86.425,213,24.94
0.872054363,89.25,86.425,209.94,24.94
0.846738905,89.25,86.425,172.81,24.94
0.840438143,89.25,86.425,143.7,24.94
0.785180011,89.25,86.425,137.69,24.94
0.792779059,89.25,86.425,130.9,24.94
0.793174374,89.25,86.425,126.42,24.94
0.799380897,89.25,86.425,124.2,24.94
0.894113967,89.25,86.425,127.37,24.94
0.908558826,89.25,86.425,129.95,24.94
0.897037093,89.25,86.425,121.63,24.94
0.803041127,89.25,86.425,101.03,24.94
0.796026333,89.25,86.425,84.66,24.94
0.786623041,89.25,86.425,84.61,24.94
0.782171147,89.25,86.425,54.74,24.94
0.773325334,89.25,76.484,35.54,24.94
0.770275703,89.25,76.484,11.84,24.94
0.762763254,89.25,76.484,10.05,24.94
0.764872028,89.25,76.484,10.36,24.94
0.771851319,89.25,76.484,20.03,24.94
0.782491048,89.25,76.484,67.31,24.94
0.833342356,89.25,76.484,105.03,24.94
0.843935872,89.25,76.484,136.92,24.94
0.827385185,89.25,76.484,150.15,24.94
0.75444511,89.25,76.484,136.14,24.94
0.803822974,89.25,76.484,134.6,24.94
0.788583892,89.25,76.484,135.71,24.94
0.786931845,89.25,76.484,133.1,24.94
0.731401201,89.25,76.484,138.92,24.94
0.735576465,89.25,76.484,155.13,24.94
0.753354867,89.25,76.484,193.09,24.94
0.759693579,89.25,76.484,201.53,24.94
0.863943265,89.25,76.484,238.01,24.94
0.871122917,89.25,76.484,266.9,24.94
0.871769169,89.25,76.484,265,24.94
0.767190647,89.25,76.484,237,24.94
0.753122228,89.25,76.484,203.47,24.94
0.745882267,89.25,76.484,195.21,24.94
0.746434684,89.25,76.484,184.26,24.94
0.743554231,89.25,77.928,156.98,24.94
0.731892053,89.25,77.928,159.06,24.94
0.73747562,89.25,77.928,159.33,24.94
0.750813982,89.25,77.928,157.56,24.94
0.766640643,89.25,77.928,158.81,24.94
0.778745055,89.25,77.928,162.92,24.94
0.828663648,89.25,77.928,192.17,24.94
0.85752765,89.25,77.928,209.91,24.94
0.879135159,89.25,77.928,226.97,24.94
0.863898727,89.25,77.928,223.33,24.94
0.917376414,89.25,77.928,213.26,24.94
0.920846691,89.25,77.928,209,24.94
0.910547206,89.25,77.928,194.85,24.94
0.849637011,89.25,77.928,191.46,24.94
0.846230014,89.25,77.928,196.97,24.94
0.848642662,89.25,77.928,209.67,24.94
0.843937549,89.25,77.928,207.61,24.94
0.941818498,89.25,77.928,224.15,24.94
0.933222181,89.25,77.928,237.78,24.94
0.928680364,89.25,77.928,224.96,24.94
0.822136654,89.25,77.928,209.53,24.94
0.814475494,89.25,77.928,186.82,24.94
0.805166881,89.25,77.928,187.24,24.94
0.800237629,89.25,77.928,145.05,24.94
0.803659475,89.25,78.694,138.71,24.94
0.791271054,89.25,78.694,128,24.94
0.782818497,89.25,78.694,126.17,24.94
0.783838176,89.25,78.694,127.69,24.94
0.793974819,89.25,78.694,124.27,24.94
0.812348372,89.25,78.694,120.37,24.94
0.861578328,89.25,78.694,151.45,24.94
0.874328851,89.25,78.694,192.43,24.94
0.897725803,89.25,78.694,219.12,24.94
0.873329909,89.25,78.694,169.66,24.94
0.940369451,89.25,78.694,133.05,24.94
0.925101343,93.3,78.694,133,24.94
0.917140106,94.65,78.694,131.04,24.94
0.844887975,94.65,78.694,120.57,24.94
0.848507619,94.65,78.694,117.45,24.94
0.854619357,94.65,78.694,117.81,24.94
0.869188543,94.65,78.694,119.04,24.94
0.967354451,94.65,78.694,128.44,24.94
0.979305253,94.65,78.694,151.28,24.94
0.981867178,94.65,78.694,119.27,24.94
0.885620134,94.65,78.694,106.86,24.94
0.86240057,94.65,78.694,108.21,24.94
0.849599025,94.65,78.694,105.57,24.94
0.825486554,94.65,78.694,87.38,24.94
0.815883522,94.65,82.064,98.96,24.94
0.801964653,94.65,82.064,88.81,24.94
0.799959488,94.65,82.064,65.56,24.94
0.811070351,94.65,82.064,49.98,24.94
0.820843656,94.65,82.064,57.59,24.94
0.852296055,94.65,82.064,63.11,24.94
0.917700117,94.65,82.064,84.95,24.94
0.932006454,94.65,82.064,114.57,24.94
0.902607303,94.65,82.064,115.88,24.94
0.835079812,94.65,82.064,135.14,24.94
0.8809797,94.65,82.064,102.51,24.94
0.866866022,94.65,82.064,114.34,24.94
0.867287126,94.65,82.064,88.77,24.94
0.811212022,94.65,82.064,74.32,24.94
0.818267584,94.65,82.064,69.03,24.94
0.828215579,94.65,82.064,87.82,24.94
0.851289724,94.65,82.064,120.12,24.94
0.9581714,94.65,82.064,150.6,24.94
0.976001725,94.65,82.064,146.6,24.94
0.971970703,94.65,82.064,115.86,24.94
0.880260092,94.65,82.064,106.12,24.94
0.861333857,94.65,82.064,39.87,24.94
0.839650941,94.65,82.064,31.98,24.94
0.81739118,94.65,82.064,10.98,24.94
0.80508266,94.65,82.064,10.36,24.94
0.814274234,94.65,82.064,9.23,24.94
0.82590409,94.65,82.064,5.8,24.94
0.835383843,94.65,82.064,0.17,24.94
0.84517278,94.65,82.064,1.38,24.94
0.864417865,94.65,82.064,7.45,24.94
0.927238631,94.65,82.064,0.12,24.94
0.923650581,94.65,82.064,4.2,24.94
0.892371753,94.65,82.064,10.84,24.94
0.826668471,94.65,82.064,12.36,24.94
0.882583296,94.65,82.064,13.75,24.94
0.870389549,94.65,82.064,20.68,24.94
0.861454694,94.65,82.064,85.2,24.94
0.794656442,94.65,82.064,90.23,24.94
0.801112671,94.65,82.064,70.05,24.94
0.81260049,94.65,82.064,70.02,24.94
0.823407321,94.65,82.064,94.93,24.94
0.919962666,94.65,82.064,116.52,24.94
0.925542387,94.65,82.064,125,24.94
0.935062734,94.65,82.064,118.7,24.94
0.840210012,94.65,82.064,102.05,24.94
0.836422832,94.65,82.064,90.35,24.94
0.817220364,94.65,82.064,112.47,24.94
0.808593656,94.65,82.064,94.96,24.94
0.809561738,94.65,82.235,20.04,24.94
0.813426224,94.65,82.235,15.91,24.94
0.817435977,94.65,82.235,14.27,24.94
0.826704956,94.65,82.235,10.08,24.94
0.845569747,94.65,82.235,13.8,24.94
0.864448517,94.65,82.235,21,24.94
0.922821279,94.65,82.235,60.9,24.94
0.919916919,94.65,82.235,128.07,24.94
0.916314936,94.65,82.235,130.17,24.94
0.848793207,94.65,82.235,127.26,24.94
0.886726479,94.65,82.235,95,24.94
0.873972385,94.65,82.235,94.96,24.94
0.857032357,94.65,82.235,70.43,24.94
0.800489675,94.65,82.235,30.83,24.94
0.797718828,94.65,82.235,22.05,24.94
0.820309732,94.65,82.235,80.04,24.94
0.848184668,94.65,82.235,108.08,24.94
0.962279764,94.65,82.235,148.74,24.94
0.972570182,94.65,82.235,169.94,24.94
0.959027162,94.65,82.235,160.1,24.94
0.859453043,94.65,82.235,155.01,24.94
0.851709282,94.65,82.235,129.64,24.94
0.847821197,94.65,82.235,123.16,24.94
0.832393634,94.65,82.235,102.74,24.94
0.824376528,94.65,78.596,121.96,24.94
0.818924958,94.65,78.596,112.08,24.94
0.812760771,94.65,78.596,107.86,24.94
0.811863817,94.65,78.596,104.97,24.94
0.83296328,94.65,78.596,104.12,24.94
0.860102951,94.65,78.596,109.32,24.94
0.93210116,94.65,78.596,134.05,24.94
0.938043221,94.65,78.596,128.54,24.94
0.907085253,94.65,78.596,146.16,24.94
0.838270128,94.65,78.596,131.13,24.94
0.87600157,94.65,78.596,120.06,24.94
0.857256919,94.65,78.596,125.35,24.94
0.840470653,94.65,78.596,122.14,24.94
0.773168455,94.65,78.596,119.41,24.94
0.775719248,94.65,78.596,123.95,24.94
0.794900143,94.65,78.596,149,24.94
0.821021569,94.65,78.596,161.94,24.94
0.943206647,94.65,78.596,196.98,24.94
0.963161238,94.65,78.596,209.56,24.94
0.955441561,94.65,78.596,199.95,24.94
0.859901119,94.65,78.596,182.94,24.94
0.857111341,94.65,78.596,139.82,24.94
0.844649865,94.65,78.596,132.71,24.94
0.832803877,94.65,78.596,123.39,24.94
0.827130324,94.65,79.451,115.08,24.94
0.826960023,94.65,79.451,114.87,24.94
0.821627227,94.65,79.451,118.79,24.94
0.816503298,94.65,79.451,109.58,24.94
0.820195842,94.65,79.451,116.95,24.94
0.854420631,94.65,79.451,119.34,24.94
0.939026195,94.65,79.451,139.38,24.94
0.96579464,94.65,79.451,177.16,24.94
0.93866767,94.65,79.451,180.64,24.94
0.866470293,94.65,79.451,179.5,24.94
0.889863718,94.65,79.451,127.06,24.94
0.86345245,94.65,79.451,122.01,24.94
0.841922792,94.65,79.451,123.35,24.94
0.781348312,94.65,79.451,136.91,24.94
0.787449757,94.65,79.451,149.42,24.94
0.806701348,94.65,79.451,179.92,24.94
0.839112441,94.65,79.451,189.95,24.94
0.975436412,94.65,79.451,219,24.94
0.992211855,94.65,79.451,249.12,24.94
0.988401289,94.65,79.451,257.28,24.94
0.882406187,94.65,79.451,231.79,24.94
0.888259107,94.65,79.451,215.81,24.94
0.898592137,94.65,79.451,211.79,24.94
0.898775887,94.65,79.451,196.7,24.94
0.890573445,94.65,75.915,200.46,24.94
0.883957926,94.65,75.915,192.61,24.94
0.886462817,94.65,75.915,185.1,24.94
0.889882288,94.65,75.915,172.23,24.94
0.895474639,94.65,75.915,172.91,24.94
0.902513969,94.65,75.915,174.88,24.94
0.948730444,94.65,75.915,203.67,24.94
0.957979445,94.65,75.915,233.46,24.94
0.965332379,94.65,75.915,240.32,24.94
0.91393568,94.65,75.915,225.56,24.94
0.953548287,94.65,75.915,199.99,24.94
0.925756829,94.65,75.915,193.67,24.94
0.904787093,94.65,75.915,169.97,24.94
0.831364388,94.65,75.915,167.9,24.94
0.827244591,94.65,75.915,176.35,24.94
0.837507638,94.65,75.915,184.55,24.94
0.844745221,94.65,75.915,195.98,24.94
0.943439365,94.65,75.915,215.77,24.94
0.942476309,94.65,75.915,229.58,24.94
0.925663444,94.65,75.915,212.49,24.94
0.816561594,94.65,75.915,187.28,24.94
0.800099757,94.65,75.915,179.37,24.94
0.803609344,94.65,75.915,176.91,24.94
0.810038667,94.65,75.915,136.66,24.94
0.822020935,94.65,74.39,180.01,24.94
0.824312222,94.65,74.39,176.73,24.94
0.837260151,94.65,74.39,168.87,24.94
0.841098107,94.65,74.39,164.09,24.94
0.850468981,94.65,74.39,165,24.94
0.849559613,94.65,74.39,171.3,24.94
0.900252287,94.65,74.39,196.95,24.94
0.908791397,94.65,74.39,221.46,24.94
0.920147735,94.65,74.39,221.78,24.94
0.891081384,94.65,74.39,179.53,24.94
0.945173882,94.65,74.39,151.36,24.94
0.952543829,91.15,74.39,135.02,24.94
0.936422107,89.98,74.39,128.35,24.94
0.868754515,89.98,74.39,133.68,24.94
0.862919057,89.98,74.39,140.61,24.94
0.869405271,89.98,74.39,168.15,24.94
0.883018872,89.98,74.39,191.92,24.94
0.980136965,89.98,74.39,220.57,24.94
1,89.98,74.39,243.35,24.94
0.992044137,89.98,74.39,241.18,24.94
0.888819721,89.98,74.39,221.31,24.94
0.876225296,89.98,74.39,213.13,24.94
0.862158739,89.98,74.39,205.48,24.94
0.859165282,89.98,74.39,190.1,24.94
0.842693386,89.98,75.533,195.91,24.94
0.83490258,89.98,75.533,187.2,24.94
0.826968841,89.98,75.533,184.89,24.94
0.825474148,89.98,75.533,170.24,24.94
0.82704949,89.98,75.533,166,24.94
0.857403138,89.98,75.533,162.45,24.94
0.920848844,89.98,75.533,160.64,24.94
0.928538409,89.98,75.533,162.56,24.94
0.889996243,89.98,75.533,157.24,24.94
0.810201491,89.98,75.533,121.8,24.94
0.843293528,89.98,75.533,115.76,24.94
0.819796784,89.98,75.533,121.27,24.94
0.808562677,89.98,75.533,97.47,24.94
0.743874877,89.98,75.533,87.12,24.94
0.738694313,89.98,75.533,89.83,24.94
0.747483371,89.98,75.533,116.85,24.94
0.7624969,89.98,75.533,171.56,24.94
0.87702661,89.98,75.533,194.89,24.94
0.870638946,89.98,75.533,191.8,24.94
0.871542231,89.98,75.533,140.88,24.94
0.767292084,89.98,75.533,121.12,24.94
0.764424501,89.98,75.533,104.74,24.94
0.757924984,89.98,75.533,109.29,24.94
0.742723547,89.98,75.533,101.7,24.94
0.747050945,89.98,75.533,88.07,24.94
0.743565262,89.98,75.533,98.65,24.94
0.74251865,89.98,75.533,99.78,24.94
0.743747206,89.98,75.533,99.14,24.94
0.760931227,89.98,75.533,104.22,24.94
0.793328819,89.98,75.533,99.91,24.94
0.860587472,89.98,75.533,93.99,24.94
0.860901588,89.98,75.533,88.55,24.94
0.838405608,89.98,75.533,88.06,24.94
0.764555858,89.98,75.533,60,24.94
0.797603839,89.98,75.533,73.03,24.94
0.773750856,89.98,75.533,67.23,24.94
0.758100531,89.98,75.533,30.08,24.94
0.694501242,89.98,75.533,43.25,24.94
0.69632737,89.98,75.533,50.12,24.94
0.718326173,89.98,75.533,81.78,24.94
0.739026222,89.98,75.533,92.47,24.94
0.860319802,89.98,75.533,115.71,24.94
0.864783789,89.98,75.533,119.11,24.94
0.861241079,89.98,75.533,92.33,24.94
0.765611237,89.98,75.533,87.18,24.94
0.769005545,89.98,75.533,81.39,24.94
0.75254829,89.98,75.533,88.59,24.94
0.731735292,89.98,75.533,63.23,24.94
0.728274765,89.98,75.554,46.55,24.94
0.715029498,89.98,75.554,13.33,24.94
0.715820736,89.98,75.554,12.94,24.94
0.706250239,89.98,75.554,13.78,24.94
0.711358734,89.98,75.554,35.25,24.94
0.727914007,89.98,75.554,87.91,24.94
0.793676443,89.98,75.554,104.25,24.94
0.802687174,89.98,75.554,117.19,24.94
0.773657923,89.98,75.554,117.11,24.94
0.70593405,89.98,75.554,98.58,24.94
0.749425873,89.98,75.554,94.91,24.94
0.740880566,89.98,75.554,95.89,24.94
0.741570659,89.98,75.554,98.52,24.94
0.686704942,89.98,75.554,104.18,24.94
0.691993759,89.98,75.554,107.01,24.94
0.700384472,89.98,75.554,114.51,24.94
0.722110433,89.98,75.554,144.52,24.94
0.83601452,89.98,75.554,184.58,24.94
0.864601221,89.98,75.554,197.13,24.94
0.87976158,89.98,75.554,167.3,24.94
0.814072127,89.98,75.554,148.44,24.94
0.816631372,89.98,75.554,115.49,24.94
0.798579219,89.98,75.554,123.05,24.94
0.773099058,89.98,75.554,110.94,24.94
0.75901363,89.98,81.19,112.68,24.94
0.755550218,89.98,81.19,114.82,24.94
0.753194669,89.98,81.19,112.3,24.94
0.754006251,89.98,81.19,118.28,24.94
0.76392576,89.98,81.19,126.86,24.94
0.793308582,89.98,81.19,152.72,24.94
0.885528806,89.98,81.19,204.2,24.94
0.902008728,89.98,81.19,234.06,24.94
0.874288369,89.98,81.19,250.06,24.94
0.795672141,89.98,81.19,240,24.94
0.823586319,89.98,81.19,220.43,24.94
0.799466566,89.98,81.19,199.03,24.94
0.788023178,89.98,81.19,182.56,24.94
0.727954135,89.98,81.19,150.85,24.94
0.745000726,89.98,81.19,149.28,24.94
0.764243802,89.98,81.19,157.27,24.94
0.803775338,89.98,81.19,145.26,24.94
0.922076533,89.98,81.19,173.23,24.94
0.961569749,89.98,81.19,174.29,24.94
0.962434034,89.98,81.19,115.28,24.94
0.860388155,89.98,81.19,105.31,24.94
0.845622664,89.98,81.19,91.51,24.94
0.83328669,89.98,81.19,101.91,24.94
0.817846879,89.98,81.19,87.91,24.94
0.805459868,89.98,72.742,94.68,24.94
0.787012459,89.98,72.742,93.97,24.94
0.784402563,89.98,72.742,99.45,24.94
0.785630238,89.98,72.742,106.67,24.94
0.796065136,89.98,72.742,103.6,24.94
0.809409633,89.98,72.742,110.4,24.94
0.867924621,89.98,72.742,134.02,24.94
0.879278096,89.98,72.742,184.7,24.94
0.861298391,89.98,72.742,194.83,24.94
0.794589727,89.98,72.742,174.52,24.94
0.832883087,89.98,72.742,137.84,24.94
0.81137103,89.98,72.742,136.04,24.94
0.794390472,89.98,72.742,118.22,24.94
0.730531773,89.98,72.742,111.4,24.94
0.725417134,89.98,72.742,105.65,24.94
0.742316122,89.98,72.742,97.57,24.94
0.760891806,89.98,72.742,99.11,24.94
0.862161652,89.98,72.742,110.76,24.94
0.871459029,89.98,72.742,118.61,24.94
0.851558987,89.98,72.742,117.99,24.94
0.743035598,89.98,72.742,102.9,24.94
0.727527971,89.98,72.742,95.01,24.94
0.718878486,89.98,72.742,95.01,24.94
0.715926784,89.98,72.742,74.12,24.94
0.713358774,89.98,69.371,17.92,24.94
0.708496694,89.98,69.371,15.04,24.94
0.699607042,89.98,69.371,15.02,24.94
0.704853681,89.98,69.371,13.97,24.94
0.716597908,89.98,69.371,15.04,24.94
0.735088241,89.98,69.371,33.02,24.94
0.791453527,89.98,69.371,90.93,24.94
0.816428509,89.98,69.371,123.22,24.94
0.842914745,89.98,69.371,107.23,24.94
0.815149071,89.98,69.371,102.55,24.94
0.867156014,89.98,69.371,95.06,24.94
0.861866487,89.98,69.371,77.47,24.94
0.847157679,89.98,69.371,65.06,24.94
0.787955958,89.98,69.371,35.98,24.94
0.781395461,89.98,69.371,42.68,24.94
0.769194321,89.98,69.371,67.3,24.94
0.779750427,89.98,69.371,86.08,24.94
0.889049764,89.98,69.371,108.83,24.94
0.88742145,89.98,69.371,110.63,24.94
0.882971556,89.98,69.371,101.54,24.94
0.777914145,89.98,69.371,86.9,24.94
0.773188495,89.98,69.371,86.48,24.94
0.758152066,89.98,69.371,86.3,24.94
0.745933091,89.98,69.371,63.04,24.94
0.724207651,89.98,73.103,71.45,24.94
0.723247881,89.98,73.103,62.57,24.94
0.726095238,89.98,73.103,74.76,24.94
0.739238066,89.98,73.103,84.92,24.94
0.735106122,89.98,73.103,95.19,24.94
0.741303728,89.98,73.103,119.09,24.94
0.783136722,89.98,73.103,140.99,24.94
0.801193134,89.98,73.103,185.05,24.94
0.817221342,89.98,73.103,189.28,24.94
0.783054966,89.98,73.103,173.24,24.94
0.850361558,89.98,73.103,150,24.94
0.841393078,88.23,73.103,130.99,24.94
0.822349467,87.65,73.103,123.17,24.94
0.762881558,87.65,73.103,106.81,24.94
0.756723284,87.65,73.103,99.89,24.94
0.767440265,87.65,73.103,99.26,24.94
0.766357216,87.65,73.103,97.42,24.94
0.861933314,87.65,73.103,113.84,24.94
0.875511381,87.65,73.103,130.9,24.94
0.857028945,87.65,73.103,140.49,24.94
0.746856386,87.65,73.103,115.87,24.94
0.717385276,87.65,73.103,109.75,24.94
0.705984934,87.65,73.103,115.66,24.94
0.687080127,87.65,73.103,92.46,24.94
0.669373776,87.65,72.302,73.73,24.94
0.656287207,87.65,72.302,54.32,24.94
0.653358018,87.65,72.302,16.63,24.94
0.654905497,87.65,72.302,14.38,24.94
0.670887808,87.65,72.302,10.96,24.94
0.692434296,87.65,72.302,9.06,24.94
0.764124385,87.65,72.302,0.1,24.94
0.773699958,87.65,72.302,3.62,24.94
0.76354889,87.65,72.302,9.42,24.94
0.703058201,87.65,72.302,1.94,24.94
0.766273531,87.65,72.302,0,24.94
0.761231411,87.65,72.302,-0.08,24.94
0.761674217,87.65,72.302,-0.35,24.94
0.700442992,87.65,72.302,-0.52,24.94
0.69616727,87.65,72.302,-0.08,24.94
0.699640161,87.65,72.302,0.08,24.94
0.71212856,87.65,72.302,15.69,24.94
0.818426945,87.65,72.302,99.95,24.94
0.824761024,87.65,72.302,121.97,24.94
0.818787087,87.65,72.302,112.63,24.94
0.717612277,87.65,72.302,102.52,24.94
0.710054072,87.65,72.302,101.89,24.94
0.697160283,87.65,72.302,101.99,24.94
0.670832381,87.65,72.302,100.93,24.94
0.663321739,87.65,72.302,104.38,24.94
0.655782724,87.65,72.302,99.9,24.94
0.652165734,87.65,72.302,98.71,24.94
0.653200608,87.65,72.302,92.01,24.94
0.658279207,87.65,72.302,88.53,24.94
0.673124936,87.65,72.302,87.17,24.94
0.723269101,87.65,72.302,80,24.94
0.732933475,87.65,72.302,80.08,24.94
0.718119067,87.65,72.302,88.28,24.94
0.675453849,87.65,72.302,95.06,24.94
0.724880025,87.65,72.302,98.22,24.94
0.71058392,87.65,72.302,95.09,24.94
0.702288276,87.65,72.302,88.15,24.94
0.64710527,87.65,72.302,51.8,24.94
0.65304359,87.65,72.302,43.11,24.94
0.663329591,87.65,72.302,21.24,24.94
0.669167269,87.65,72.302,21.56,24.94
0.783951517,87.65,72.302,63.16,24.94
0.80273409,87.65,72.302,76.93,24.94
0.803294178,87.65,72.302,51.28,24.94
0.706991749,87.65,72.302,20.02,24.94
0.709277997,87.65,72.302,15.39,24.94
0.678286757,87.65,72.302,40.06,24.94
0.649259673,87.65,72.302,14.62,24.94
0.632232783,87.65,72.542,10.73,24.94
0.631926956,87.65,72.542,7.48,24.94
0.632127633,87.65,72.542,5.71,24.94
0.63025897,87.65,72.542,1.43,24.94
0.63789172,87.65,72.542,7.6,24.94
0.662107345,87.65,72.542,14.37,24.94
0.740236748,87.65,72.542,19.75,24.94
0.74014087,87.65,72.542,106.69,24.94
0.714315815,87.65,72.542,110.06,24.94
0.649365393,87.65,72.542,88.28,24.94
0.699946211,87.65,72.542,65.51,24.94
0.68707239,87.65,72.542,78.22,24.94
0.673457827,87.65,72.542,92.02,24.94
0.603767715,87.65,72.542,99.9,24.94
0.603425821,87.65,72.542,104.92,24.94
0.615220908,87.65,72.542,108.77,24.94
0.634028834,87.65,72.542,103.46,24.94
0.751810491,87.65,72.542,117.78,24.94
0.772673783,87.65,72.542,135.59,24.94
0.787187933,87.65,72.542,123.63,24.94
0.684973642,87.65,72.542,110.71,24.94
0.675624154,87.65,72.542,102,24.94
0.665551355,87.65,72.542,102.83,24.94
0.650471624,87.65,72.542,92.55,24.94
0.649178115,87.65,73.225,89.99,24.94
0.642319196,87.65,73.225,82.14,24.94
0.64074543,87.65,73.225,80.34,24.94
0.632904652,87.65,73.225,79.9,24.94
0.640353734,87.65,73.225,88.16,24.94
0.667957878,87.65,73.225,95.36,24.94
0.750634897,87.65,73.225,117.86,24.94
0.766387358,87.65,73.225,185.78,24.94
0.751411453,87.65,73.225,211.59,24.94
0.686344739,87.65,73.225,180.27,24.94
0.732795359,87.65,73.225,144.08,24.94
0.726916008,87.65,73.225,135.04,24.94
0.722742302,87.65,73.225,121.25,24.94
0.661886313,87.65,73.225,117.66,24.94
0.656093951,87.65,73.225,118.87,24.94
0.666952215,87.65,73.225,125.29,24.94
0.700738042,87.65,73.225,136.7,24.94
0.821192557,87.65,73.225,155.21,24.94
0.835740036,87.65,73.225,162.62,24.94
0.838051401,87.65,73.225,135.49,24.94
0.714441615,87.65,73.225,108.62,24.94
0.694459237,87.65,73.225,100.54,24.94
0.674115012,87.65,73.225,99.99,24.94
0.662988563,87.65,73.225,85.08,24.94
0.64919768,87.65,79.432,81.79,24.94
0.637945873,87.65,79.432,78.96,24.94
0.632848171,87.65,79.432,82.28,24.94
0.63496164,87.65,79.432,88.34,24.94
0.647146006,87.65,79.432,97.32,24.94
0.673672842,87.65,79.432,101.7,24.94
0.76141645,87.65,79.432,118.36,24.94
0.773426587,87.65,79.432,147.54,24.94
0.75876813,87.65,79.432,155.03,24.94
0.67480611,87.65,79.432,126.44,24.94
0.717994663,87.65,79.432,109.43,24.94
0.712499756,87.65,79.432,103.51,24.94
0.708051847,87.65,79.432,89.9,24.94
0.659643303,87.65,79.432,89.9,24.94
0.661192392,87.65,79.432,100.9,24.94
0.663522129,87.65,79.432,109.49,24.94
0.670168577,87.65,79.432,162.8,24.94
0.787224757,87.65,79.432,205.72,24.94
0.808820132,87.65,79.432,230,24.94
0.812898113,87.65,79.432,236.86,24.94
0.713713592,87.65,79.432,187.04,24.94
0.70697052,87.65,79.432,164.6,24.94
0.70438905,87.65,79.432,146.62,24.94
0.697185279,87.65,79.432,107.6,24.94
0.693022894,87.65,87.042,115.07,24.94
0.684991167,87.65,87.042,113.04,24.94
0.676677907,87.65,87.042,110.33,24.94
0.670491817,87.65,87.042,109.29,24.94
0.670758119,87.65,87.042,112.36,24.94
0.674873767,87.65,87.042,116.77,24.94
0.717027274,87.65,87.042,168.5,24.94
0.732017027,87.65,87.042,184.77,24.94
0.742009308,87.65,87.042,160,24.94
0.700551664,87.65,87.042,137.34,24.94
0.750767602,87.65,87.042,117.47,24.94
0.732741964,87.65,87.042,112.78,24.94
0.713585555,87.65,87.042,107.58,24.94
0.629050971,87.65,87.042,105.02,24.94
0.626421724,87.65,87.042,105.1,24.94
0.629388278,87.65,87.042,112.4,24.94
0.633234776,87.65,87.042,113.73,24.94
0.732121733,87.65,87.042,146.57,24.94
0.731859796,87.65,87.042,155.38,24.94
0.719128566,87.65,87.042,134.74,24.94
0.619352502,87.65,87.042,110.07,24.94
0.609966954,87.65,87.042,104.53,24.94
0.60572452,87.65,87.042,109.95,24.94
0.596287695,87.65,87.042,98.51,24.94
0.591558867,87.65,125.967,94.78,24.94
0.58708668,87.65,125.967,100.4,24.94
0.589818737,87.65,125.967,98.67,24.94
0.587946832,87.65,125.967,99.61,24.94
0.589833052,87.65,125.967,100.25,24.94
0.593032922,87.65,125.967,95.98,24.94
0.656150706,87.65,125.967,116.99,24.94
0.673135502,87.65,125.967,133.53,24.94
0.683516756,87.65,125.967,125.02,24.94
0.631073272,87.65,125.967,107.16,24.94
0.680620933,87.65,125.967,98.38,24.94
0.665552737,87.09,125.967,100.25,24.94
0.654368462,86.9,125.967,89.93,24.94
0.580732045,86.9,125.967,97.07,24.94
0.588580298,86.9,125.967,93.67,24.94
0.583284654,86.9,125.967,98.52,24.94
0.591343334,86.9,125.967,119.54,24.94
0.710013832,86.9,125.967,146.87,24.94
0.71999602,86.9,125.967,190.05,24.94
0.722296633,86.9,125.967,198.07,24.94
0.609650325,86.9,125.967,160.68,24.94
0.610373447,86.9,125.967,145.54,24.94
0.609499828,86.9,125.967,135.13,24.94
0.611354589,86.9,125.967,132.89,24.94
0.613156386,86.9,97.273,150.09,24.94
0.626803978,86.9,97.273,152.6,24.94
0.629494267,86.9,97.273,174.05,24.94
0.634728194,86.9,97.273,187.92,24.94
0.641191818,86.9,97.273,190.69,24.94
0.662255425,86.9,97.273,237.17,24.94
0.720932117,86.9,97.273,249.98,24.94
0.738402868,86.9,97.273,263.46,24.94
0.71075447,86.9,97.273,275.57,24.94
0.637480374,86.9,97.273,267.37,24.94
0.664663301,86.9,97.273,245.75,24.94
0.641372079,86.9,97.273,213.02,24.94
0.637406125,86.9,97.273,196.64,24.94
0.570359961,86.9,97.273,178.97,24.94
0.569073337,86.9,97.273,177.04,24.94
0.575196043,86.9,97.273,197.47,24.94
0.591439053,86.9,97.273,225.08,24.94
0.709158055,86.9,97.273,259.9,24.94
0.737602442,86.9,97.273,299,24.94
0.757767222,86.9,97.273,300.7,24.94
0.66914568,86.9,97.273,277.91,24.94
0.664105607,86.9,97.273,235.8,24.94
0.667599257,86.9,97.273,242.15,24.94
0.655963897,86.9,97.273,212.09,24.94
0.658034607,86.9,97.273,195.65,24.94
0.656659187,86.9,97.273,180.7,24.94
0.667672415,86.9,97.273,174.44,24.94
0.678098149,86.9,97.273,172.31,24.94
0.692636645,86.9,97.273,174.5,24.94
0.714132749,86.9,97.273,177.1,24.94
0.765358644,86.9,97.273,186.05,24.94
0.77451415,86.9,97.273,191.54,24.94
0.753586036,86.9,97.273,189.37,24.94
0.697496084,86.9,97.273,173.75,24.94
0.734166155,86.9,97.273,154.07,24.94
0.71648942,86.9,97.273,144.76,24.94
0.699401534,86.9,97.273,116.53,24.94
0.636375801,86.9,97.273,114,24.94
0.635650716,86.9,97.273,111.68,24.94
0.653264981,86.9,97.273,151.54,24.94
0.673052891,86.9,97.273,176.15,24.94
0.791705734,86.9,97.273,229.9,24.94
0.801374699,86.9,97.273,275.76,24.94
0.807026317,86.9,97.273,274.5,24.94
0.705769814,86.9,97.273,220.7,24.94
0.704531431,86.9,97.273,197.8,24.94
0.694481902,86.9,97.273,197.78,24.94
0.693396493,86.9,97.273,197.22,24.94
0.687164852,86.9,98.02,177.39,24.94
0.684662103,86.9,98.02,174.06,24.94
0.678066624,86.9,98.02,185.57,24.94
0.677829027,86.9,98.02,178.26,24.94
0.679310062,86.9,98.02,197,24.94
0.686486411,86.9,98.02,217,24.94
0.7363441,86.9,98.02,284.97,24.94
0.738002052,86.9,98.02,322.9,24.94
0.716928393,86.9,98.02,308.9,24.94
0.640262001,86.9,98.02,267.3,24.94
0.675122262,86.9,98.02,163.82,24.94
0.65853328,86.9,98.02,145.55,24.94
0.650911698,86.9,98.02,137.09,24.94
0.586631765,86.9,98.02,135.4,24.94
0.577418252,86.9,98.02,141.17,24.94
0.593336229,86.9,98.02,198.24,24.94
0.626894821,86.9,98.02,253.79,24.94
0.766464563,86.9,98.02,280.56,24.94
0.786886036,86.9,98.02,300,24.94
0.806869966,86.9,98.02,282.19,24.94
0.715524801,86.9,98.02,207.32,24.94
0.731681117,86.9,98.02,137.24,24.94
0.727084893,86.9,98.02,163.3,24.94
0.724985307,86.9,98.02,140.09,24.94
0.716997409,86.9,104.734,143.17,24.94
0.708385794,86.9,104.734,143.15,24.94
0.702083248,86.9,104.734,149.74,24.94
0.691678755,86.9,104.734,163.5,24.94
0.699062731,86.9,104.734,173.15,24.94
0.714982605,86.9,104.734,194.03,24.94
0.780410727,86.9,104.734,268.04,24.94
0.789431555,86.9,104.734,286.73,24.94
0.774683401,86.9,104.734,284.91,24.94
0.699360118,86.9,104.734,217.58,24.94
0.730877702,86.9,104.734,179.33,24.94
0.692805975,86.9,104.734,222.33,24.94
0.673235098,86.9,104.734,220,24.94
0.60925625,86.9,104.734,221.5,24.94
0.611565894,86.9,104.734,235.02,24.94
0.620016298,86.9,104.734,261.24,24.94
0.632113504,86.9,104.734,283.2,24.94
0.756086076,86.9,104.734,315.87,24.94
0.775473244,86.9,104.734,362.75,24.94
0.78028028,86.9,104.734,354.11,24.94
0.676496104,86.9,104.734,315.87,24.94
0.666842859,86.9,104.734,286,24.94
0.66271395,86.9,104.734,266.94,24.94
0.650396734,86.9,104.734,245.47,24.94
0.648799782,86.9,117.791,251.04,24.94
0.635045221,86.9,117.791,248.43,24.94
0.632720809,86.9,117.791,242.06,24.94
0.632939967,86.9,117.791,233.14,24.94
0.656672468,86.9,117.791,233.62,24.94
0.678609601,86.9,117.791,250,24.94
0.744917404,86.9,117.791,291.55,24.94
0.75742848,86.9,117.791,329.07,24.94
0.740676675,86.9,117.791,337.09,24.94
0.673086273,86.9,117.791,298.1,24.94
0.696946969,86.9,117.791,267.85,24.94
0.667070838,86.9,117.791,257.95,24.94
0.652250042,86.9,117.791,245.82,24.94
0.586532617,86.9,117.791,234.99,24.94
0.587171219,86.9,117.791,236.29,24.94
0.602828413,86.9,117.791,249.66,24.94
0.631526845,86.9,117.791,272.58,24.94
0.765697161,86.9,117.791,316.56,24.94
0.787776188,86.9,117.791,384.83,24.94
0.803306844,86.9,117.791,385,24.94
0.705050843,86.9,117.791,321.09,24.94
0.710008002,86.9,117.791,288.47,24.94
0.704288195,86.9,117.791,265.78,24.94
0.696718375,86.9,117.791,249.66,24.94
0.687404676,86.9,166.246,331.16,24.94
0.679362994,86.9,166.246,322.53,24.94
0.674670365,86.9,166.246,316,24.94
0.67412088,86.9,166.246,307.01,24.94
0.686047619,86.9,166.246,307.3,24.94
0.709372036,86.9,166.246,332.27,24.94
0.758072112,86.9,166.246,371.41,24.94
0.762706444,86.9,166.246,405,24.94
0.756265241,86.9,166.246,400,24.94
0.707775494,86.9,166.246,359.96,24.94
0.748503911,86.9,166.246,294.76,24.94
0.721122607,86.9,166.246,276.94,24.94
0.693729681,86.9,166.246,266.04,24.94
0.617260134,86.9,166.246,269.92,24.94
0.632145592,86.9,166.246,293.02,24.94
0.642278177,86.9,166.246,319.58,24.94
0.666555572,86.9,166.246,336.53,24.94
0.78336143,86.9,166.246,398.53,24.94
0.795184777,86.9,166.246,410,24.94
0.795987379,86.9,166.246,405.05,24.94
0.683732914,86.9,166.246,390,24.94
0.689086777,86.9,166.246,350,24.94
0.681267523,86.9,166.246,333.88,24.94
0.682500729,86.9,166.246,319.9,24.94
0.682793887,86.9,164.459,351.07,24.94
0.684937256,86.9,164.459,346.6,24.94
0.693331878,86.9,164.459,329.4,24.94
0.6993031,86.9,164.459,304.05,24.94
0.707001299,86.9,164.459,315,24.94
0.716610836,86.9,164.459,349.07,24.94
0.765029153,86.9,164.459,398.6,24.94
0.779556785,86.9,164.459,410,24.94
0.790483707,86.9,164.459,410.05,24.94
0.739190642,86.9,164.459,385.16,24.94
0.777674597,86.9,164.459,362.95,24.94
0.744107743,72.14,164.459,349.78,24.94
0.736792986,67.22,164.459,310.69,24.94
0.675730942,67.22,164.459,292.16,24.94
0.685771637,67.22,164.459,307.43,24.94
0.699983637,67.22,164.459,329.95,24.94
0.738973836,67.22,164.459,355.77,24.94
0.864518187,67.22,164.459,380.94,24.94
0.881675512,67.22,164.459,410,24.94
0.875802321,67.22,164.459,410,24.94
0.768952116,67.22,164.459,400.08,24.94
0.767599432,67.22,164.459,381.83,24.94
0.762968615,67.22,164.459,359.07,24.94
0.744898367,67.22,164.459,361.01,24.94
0.737018754,67.22,188.305,363.87,24.94
0.720983794,67.22,188.305,360,24.94
0.717668708,67.22,188.305,350,24.94
0.719463286,67.22,188.305,330,24.94
0.732319276,67.22,188.305,338.85,24.94
0.769552741,67.22,188.305,347.04,24.94
0.843812643,67.22,188.305,369,24.94
0.851223407,67.22,188.305,378.1,24.94
0.810831722,67.22,188.305,370.53,24.94
0.7204936,67.22,188.305,322.34,24.94
0.762757564,67.22,188.305,293.81,24.94
0.751543305,67.22,188.305,290.57,24.94
0.746126047,67.22,188.305,279.3,24.94
0.689690387,67.22,188.305,260.35,24.94
0.692651229,67.22,188.305,260.56,24.94
0.692857817,67.22,188.305,301.36,24.94
0.70834053,67.22,188.305,339.99,24.94
0.82574022,67.22,188.305,385.63,24.94
0.848267394,67.22,188.305,405.78,24.94
0.857489396,67.22,188.305,409.3,24.94
0.753989604,67.22,188.305,400,24.94
0.746597891,67.22,188.305,377.25,24.94
0.729087606,67.22,188.305,369.63,24.94
0.709176426,67.22,188.305,362.4,24.94
0.690554339,67.22,188.305,390.61,24.94
0.681512416,67.22,188.305,353,24.94
0.66840698,67.22,188.305,345.16,24.94
0.655513098,67.22,188.305,334.21,24.94
0.65768414,67.22,188.305,339.44,24.94
0.678961802,67.22,188.305,342.09,24.94
0.746682881,67.22,188.305,350.06,24.94
0.748243139,67.22,188.305,340.44,24.94
0.707494683,67.22,188.305,336.52,24.94
0.637937186,67.22,188.305,210.01,24.94
0.683939362,67.22,188.305,259.02,24.94
0.664195313,67.22,188.305,268.05,24.94
0.651189594,67.22,188.305,279,24.94
0.591411244,67.22,188.305,249.18,24.94
0.599691198,67.22,188.305,246.29,24.94
0.610995848,67.22,188.305,281.41,24.94
0.621010543,67.22,188.305,308.1,24.94
0.735931655,67.22,188.305,385.16,24.94
0.761798158,67.22,188.305,435.08,24.94
0.778192539,67.22,188.305,454.28,24.94
0.680772686,67.22,188.305,436.35,24.94
0.689658241,67.22,188.305,412.02,24.94
0.677362434,67.22,188.305,412.02,24.94
0.672931242,67.22,188.305,411.65,24.94
0.657550343,67.22,189.474,377.56,24.94
0.657310893,67.22,189.474,369.83,24.94
0.653314449,67.22,189.474,368.94,24.94
0.652245958,67.22,189.474,359.21,24.94
0.659702322,67.22,189.474,361.71,24.94
0.686402617,67.22,189.474,397.23,24.94
0.761929491,67.22,189.474,465.77,24.94
0.773434039,67.22,189.474,512.36,24.94
0.75339148,67.22,189.474,515.01,24.94
0.688233792,67.22,189.474,483,24.94
0.733208826,67.22,189.474,390.61,24.94
0.725899212,67.22,189.474,341.84,24.94
0.71849874,67.22,189.474,340.22,24.94
0.651732121,67.22,189.474,320.8,24.94
0.654203428,67.22,189.474,312.82,24.94
0.657048387,67.22,189.474,351.54,24.94
0.677106126,67.22,189.474,400,24.94
0.784397452,67.22,189.474,450.39,24.94
0.80351692,67.22,189.474,507.54,24.94
0.808915165,67.22,189.474,522.91,24.94
0.719993706,67.22,189.474,475,24.94
0.710263932,67.22,189.474,434.97,24.94
0.693320287,67.22,189.474,415.42,24.94
0.669515883,67.22,189.474,367.72,24.94
0.656860385,67.22,246.942,456.05,24.94
0.660756478,67.22,246.942,449.5,24.94
0.662458716,67.22,246.942,449.5,24.94
0.675012066,67.22,246.942,424.88,24.94
0.686596703,67.22,246.942,437.51,24.94
0.718101181,67.22,246.942,457.57,24.94
0.796780622,67.22,246.942,622.3,24.94
0.810986664,67.22,246.942,690,24.94
0.78490733,67.22,246.942,650,24.94
0.706853212,67.22,246.942,541.51,24.94
0.737768199,67.22,246.942,353.31,24.94
0.724144994,67.22,246.942,333.83,24.94
0.714580436,67.22,246.942,316.52,24.94
0.652017381,67.22,246.942,294.77,24.94
0.660314489,67.22,246.942,310.6,24.94
0.667771279,67.22,246.942,366.99,24.94
0.69235942,67.22,246.942,514.31,24.94
0.79399807,67.22,246.942,603.08,24.94
0.813883854,67.22,246.942,674.93,24.94
0.817805385,67.22,246.942,700,24.94
0.726109759,67.22,246.942,619.92,24.94
0.718584813,67.22,246.942,542.9,24.94
0.706616177,67.22,246.942,492.05,24.94
0.693883304,67.22,246.942,399.73,24.94
0.685924388,67.22,212.93,430.07,24.94
0.6735921,67.22,212.93,408.91,24.94
0.67638202,67.22,212.93,418.38,24.94
0.684370386,67.22,212.93,420.03,24.94
0.694132038,67.22,212.93,420.03,24.94
0.718530956,67.22,212.93,440,24.94
0.783868359,67.22,212.93,523.76,24.94
0.799769918,67.22,212.93,579.45,24.94
0.77893314,67.22,212.93,554.76,24.94
0.708100041,67.22,212.93,449.99,24.94
0.749611148,67.22,212.93,389,24.94
0.73461432,67.22,212.93,350.83,24.94
0.736747107,67.22,212.93,305.11,24.94
0.681586481,67.22,212.93,316.75,24.94
0.691828016,67.22,212.93,341.86,24.94
0.702564002,67.22,212.93,382.44,24.94
0.717014439,67.22,212.93,425.09,24.94
0.834561311,67.22,212.93,529.43,24.94
0.839664561,67.22,212.93,574.93,24.94
0.830900041,67.22,212.93,605,24.94
0.718079769,67.22,212.93,528.03,24.94
0.707436909,67.22,212.93,448.75,24.94
0.699832757,67.22,212.93,449.06,24.94
0.693598259,67.22,212.93,418.45,24.94
0.700219065,67.22,163.493,350,24.94
0.699316621,67.22,163.493,320,24.94
0.707225943,67.22,163.493,321.59,24.94
0.716365262,67.22,163.493,310.09,24.94
0.729084819,67.22,163.493,310.07,24.94
0.744825641,67.22,163.493,335.01,24.94
0.805506653,67.22,163.493,414.66,24.94
0.829775689,67.22,163.493,436.06,24.94
0.853676722,67.22,163.493,421.17,24.94
0.808457464,67.22,163.493,311.99,24.94
0.86730532,67.22,163.493,240.33,24.94
0.851120099,67.22,163.493,199.82,24.94
0.846060244,67.22,163.493,171.7,24.94
0.778481565,67.22,163.493,150.01,24.94
0.779491255,67.22,163.493,162.66,24.94
0.781808567,67.22,163.493,199.85,24.94
0.790111075,67.22,163.493,276.58,24.94
0.884008507,67.22,163.493,379.95,24.94
0.876275469,67.22,163.493,412.4,24.94
0.870866385,67.22,163.493,326.39,24.94
0.75774399,67.22,163.493,179.01,24.94
0.749142949,67.22,163.493,173.6,24.94
0.749595152,67.22,163.493,172.74,24.94
0.746393772,67.22,163.493,123.93,24.94
0.737387093,67.22,133.528,88.96,24.94
0.722114098,67.22,133.528,91.02,24.94
0.709449136,67.22,133.528,88.93,24.94
0.700410803,67.22,133.528,97.03,24.94
0.690118822,67.22,133.528,91.15,24.94
0.689300313,67.22,133.528,109.92,24.94
0.73102388,67.22,133.528,172.57,24.94
0.736751192,67.22,133.528,185.06,24.94
0.741875712,67.22,133.528,112.35,24.94
0.701127036,67.22,133.528,67.3,24.94
0.761956773,67.22,133.528,23.07,24.94
0.759396881,74.18,133.528,15.52,24.94
0.751221271,76.5,133.528,10.1,24.94
0.68640693,76.5,133.528,0.1,24.94
0.69166177,76.5,133.528,0.08,24.94
0.704187707,76.5,133.528,10.04,24.94
0.710281988,76.5,133.528,23.87,24.94
0.805019326,76.5,133.528,118.86,24.94
0.806193161,76.5,133.528,170.06,24.94
0.80766207,76.5,133.528,151.98,24.94
0.707896653,76.5,133.528,84.48,24.94
0.700822215,76.5,133.528,69.77,24.94
0.6710809,76.5,133.528,81.05,24.94
0.649048203,76.5,133.528,67.27,24.94
0.635083858,76.5,125.259,68.93,24.94
0.632949245,76.5,125.259,69.07,24.94
0.628941462,76.5,125.259,72.97,24.94
0.629420739,76.5,125.259,72.99,24.94
0.628831685,76.5,125.259,72.93,24.94
0.653460179,76.5,125.259,73.11,24.94
0.720177983,76.5,125.259,89.05,24.94
0.743747544,76.5,125.259,87.52,24.94
0.717057299,76.5,125.259,79.07,24.94
0.647947502,76.5,125.259,78.9,24.94
0.699322202,76.5,125.259,72.95,24.94
0.698387341,76.5,125.259,67.84,24.94
0.697288327,76.5,125.259,72.91,24.94
0.634238997,76.5,125.259,68.95,24.94
0.629512333,76.5,125.259,80.07,24.94
0.627623578,76.5,125.259,118.95,24.94
0.624477131,76.5,125.259,189.3,24.94
0.730159633,76.5,125.259,287.3,24.94
0.740484433,76.5,125.259,323.3,24.94
0.743939283,76.5,125.259,235,24.94
0.643130275,76.5,125.259,173,24.94
0.632360503,76.5,125.259,176.5,24.94
0.619001831,76.5,125.259,182.51,24.94
0.599480837,76.5,125.259,168.88,24.94
0.58837637,76.5,125.259,160.1,24.94
0.583337227,76.5,125.259,150.01,24.94
0.587216881,76.5,125.259,124.27,24.94
0.58935622,76.5,125.259,102.54,24.94
0.6045041,76.5,125.259,130.25,24.94
0.629867738,76.5,125.259,120.7,24.94
0.693056575,76.5,125.259,100.05,24.94
0.700617124,76.5,125.259,90.92,24.94
0.686251268,76.5,125.259,77.49,24.94
0.616461989,76.5,125.259,72.82,24.94
0.675885916,76.5,125.259,56.15,24.94
0.669892,76.5,125.259,30.07,24.94
0.669545105,76.5,125.259,24.76,24.94
0.606230928,76.5,125.259,8.55,24.94
0.608631402,76.5,125.259,10.05,24.94
0.612168964,76.5,125.259,30.07,24.94
0.620785168,76.5,125.259,104.03,24.94
0.728984625,76.5,125.259,212.12,24.94
0.756069401,76.5,125.259,234.21,24.94
0.776241602,76.5,125.259,199.9,24.94
0.68374195,76.5,125.259,170.08,24.94
0.676811695,76.5,125.259,163.12,24.94
0.666140608,76.5,125.259,190.67,24.94
0.65041443,76.5,125.259,199.42,24.94
0.637651869,76.5,127.709,205.9,24.94
0.633965578,76.5,127.709,204.44,24.94
0.640349016,76.5,127.709,211.64,24.94
0.644810827,76.5,127.709,207.03,24.94
0.649986915,76.5,127.709,219.91,24.94
0.667386827,76.5,127.709,230.06,24.94
0.734938832,76.5,127.709,301.92,24.94
0.739019924,76.5,127.709,335.88,24.94
0.712927972,76.5,127.709,344.24,24.94
0.64920657,76.5,127.709,300.83,24.94
0.68920548,76.5,127.709,265.91,24.94
0.675575302,76.5,127.709,258.34,24.94
0.653592326,76.5,127.709,240.57,24.94
0.590896471,76.5,127.709,224.25,24.94
0.584874044,76.5,127.709,218.34,24.94
0.594193911,76.5,127.709,269.8,24.94
0.620951886,76.5,127.709,293.02,24.94
0.743666015,76.5,127.709,346.5,24.94
0.763510281,76.5,127.709,390.01,24.94
0.776320815,76.5,127.709,435.42,24.94
0.686275284,76.5,127.709,365.26,24.94
0.687554149,76.5,127.709,322.7,24.94
0.678358637,76.5,127.709,300.73,24.94
0.659338762,76.5,127.709,261.86,24.94
0.652488526,76.5,114.935,248.92,24.94
0.652116624,76.5,114.935,245.03,24.94
0.653381649,76.5,114.935,241.79,24.94
0.657482488,76.5,114.935,240.07,24.94
0.667856973,76.5,114.935,242.69,24.94
0.70226342,76.5,114.935,262.4,24.94
0.772230336,76.5,114.935,318.93,24.94
0.77144179,76.5,114.935,340.29,24.94
0.725823712,76.5,114.935,349.98,24.94
0.638986716,76.5,114.935,329.45,24.94
0.669581259,76.5,114.935,318.46,24.94
0.647361611,76.5,114.935,296.17,24.94
0.637175758,76.5,114.935,279.49,24.94
0.593249149,76.5,114.935,283.24,24.94
0.606193933,76.5,114.935,287.96,24.94
0.624024219,76.5,114.935,297.17,24.94
0.639384734,76.5,114.935,317.53,24.94
0.764525883,76.5,114.935,332.36,24.94
0.792425921,76.5,114.935,375,24.94
0.817651403,76.5,114.935,405.02,24.94
0.743995131,76.5,114.935,335.24,24.94
0.742234426,76.5,114.935,312.09,24.94
0.722698437,76.5,114.935,288.99,24.94
0.705832653,76.5,114.935,264.63,24.94
0.695910561,76.5,116.426,253.41,24.94
0.695954073,76.5,116.426,251.4,24.94
0.692342497,76.5,116.426,247.5,24.94
0.693194363,76.5,116.426,240.01,24.94
0.712184851,76.5,116.426,238.5,24.94
0.742872345,76.5,116.426,249.72,24.94
0.808157121,76.5,116.426,296.96,24.94
0.797109388,76.5,116.426,317.7,24.94
0.74711358,76.5,116.426,314,24.94
0.654579137,76.5,116.426,295.94,24.94
0.686220852,76.5,116.426,276.6,24.94
0.67453128,76.5,116.426,260.14,24.94
0.661573793,76.5,116.426,207.44,24.94
0.601464837,76.5,116.426,204.01,24.94
0.597757967,76.5,116.426,200.03,24.94
0.61531914,76.5,116.426,198.22,24.94
0.633087724,76.5,116.426,248.97,24.94
0.75629773,76.5,116.426,294.92,24.94
0.782221525,76.5,116.426,319.13,24.94
0.794363946,76.5,116.426,296.49,24.94
0.690172018,76.5,116.426,215.58,24.94
0.692320489,76.5,116.426,165.96,24.94
0.692789423,76.5,116.426,165.22,24.94
0.692724654,76.5,116.426,129.27,24.94
0.682812122,76.5,106.087,157.27,24.94
0.677894553,76.5,106.087,127.99,24.94
0.674005489,76.5,106.087,119.71,24.94
0.671751603,76.5,106.087,126.58,24.94
0.67917925,76.5,106.087,147.97,24.94
0.698121015,76.5,106.087,180,24.94
0.749615729,76.5,106.087,206.5,24.94
0.756276581,76.5,106.087,262.89,24.94
0.760888051,76.5,106.087,270,24.94
0.715521326,76.5,106.087,254.94,24.94
0.764176951,76.5,106.087,211.6,24.94
0.736087432,76.5,106.087,220.02,24.94
0.72248186,76.5,106.087,206.21,24.94
0.651643251,76.5,106.087,214.09,24.94
0.653772411,76.5,106.087,229.97,24.94
0.657740519,76.5,106.087,246.2,24.94
0.672997824,76.5,106.087,257.36,24.94
0.794114441,76.5,106.087,276.22,24.94
0.808774565,76.5,106.087,310.03,24.94
0.823951583,76.5,106.087,347.21,24.94
0.719473283,76.5,106.087,295.92,24.94
0.722842089,76.5,106.087,259.29,24.94
0.705335504,76.5,106.087,244.66,24.94
0.698086646,76.5,106.087,237.2,24.94
0.690650989,76.5,105.083,203.03,24.94
0.689711856,76.5,105.083,206.97,24.94
0.693121557,76.5,105.083,201.38,24.94
0.694880885,76.5,105.083,206.5,24.94
0.702020798,76.5,105.083,209.9,24.94
0.705021666,76.5,105.083,217.06,24.94
0.749156316,76.5,105.083,262.97,24.94
0.740735175,76.5,105.083,291.51,24.94
0.739543263,76.5,105.083,287.81,24.94
0.697438661,76.5,105.083,249.9,24.94
0.762122327,76.5,105.083,228.58,24.94
0.746494511,78.53,105.083,204.87,24.94
0.722724235,79.21,105.083,205.01,24.94
0.65272599,79.21,105.083,201.14,24.94
0.654732364,79.21,105.083,200.31,24.94
0.666745382,79.21,105.083,202.48,24.94
0.681397104,79.21,105.083,212.4,24.94
0.798539527,79.21,105.083,245.54,24.94
0.828690107,79.21,105.083,275.31,24.94
0.828155783,79.21,105.083,286.52,24.94
0.728111527,79.21,105.083,251.15,24.94
0.717333992,79.21,105.083,216.95,24.94
0.71368071,79.21,105.083,228.5,24.94
0.702097801,79.21,105.083,197.81,24.94
0.694782907,79.21,101.046,196.67,24.94
0.687787407,79.21,101.046,194.82,24.94
0.692189906,79.21,101.046,187.02,24.94
0.700683725,79.21,101.046,187,24.94
0.705102898,79.21,101.046,185.06,24.94
0.727771511,79.21,101.046,190.8,24.94
0.788990183,79.21,101.046,198.23,24.94
0.801418244,79.21,101.046,204.14,24.94
0.764289519,79.21,101.046,196.11,24.94
0.687539855,79.21,101.046,135.07,24.94
0.726223853,79.21,101.046,99.55,24.94
0.709843042,79.21,101.046,85.08,24.94
0.709344183,79.21,101.046,69.71,24.94
0.650522005,79.21,101.046,10,24.94
0.65679268,79.21,101.046,8.84,24.94
0.664860937,79.21,101.046,14.74,24.94
0.67858543,79.21,101.046,79,24.94
0.79064891,79.21,101.046,151.01,24.94
0.806579541,79.21,101.046,192.8,24.94
0.809445833,79.21,101.046,173.27,24.94
0.719160643,79.21,101.046,119.96,24.94
0.713750457,79.21,101.046,89.99,24.94
0.703064952,79.21,101.046,91.13,24.94
0.678977743,79.21,101.046,82.85,24.94
0.663680322,79.21,101.046,84.04,24.94
0.649650551,79.21,101.046,70.99,24.94
0.644979398,79.21,101.046,74.78,24.94
0.6437849,79.21,101.046,68.38,24.94
0.646668834,79.21,101.046,75.9,24.94
0.674089043,79.21,101.046,75.9,24.94
0.728994578,79.21,101.046,68.53,24.94
0.737474818,79.21,101.046,20.56,24.94
0.689853484,79.21,101.046,8.81,24.94
0.623881948,79.21,101.046,0.07,24.94
0.656143001,79.21,101.046,-0.1,24.94
0.642673967,79.21,101.046,-5.31,24.94
0.619268021,79.21,101.046,-16.81,24.94
0.557699955,79.21,101.046,-19.04,24.94
0.553947515,79.21,101.046,-13.35,24.94
0.558005268,79.21,101.046,-1.06,24.94
0.57779362,79.21,101.046,0.06,24.94
0.697951295,79.21,101.046,69.93,24.94
0.720332909,79.21,101.046,122.32,24.94
0.732127439,79.21,101.046,122.95,24.94
0.642371214,79.21,101.046,85.97,24.94
0.646299393,79.21,101.046,80.08,24.94
0.640501586,79.21,101.046,110.07,24.94
0.626663272,79.21,101.046,93.36,24.94
0.610693675,79.21,101.487,114.18,24.94
0.603885225,79.21,101.487,118.82,24.94
0.605538124,79.21,101.487,118.85,24.94
0.612885352,79.21,101.487,119,24.94
0.628213162,79.21,101.487,137.03,24.94
0.64881229,79.21,101.487,189.41,24.94
0.7071091,79.21,101.487,264,24.94
0.709273429,79.21,101.487,288,24.94
0.682547078,79.21,101.487,270.6,24.94
0.602986585,79.21,101.487,196.47,24.94
0.635501524,79.21,101.487,153.06,24.94
0.618293422,79.21,101.487,163.68,24.94
0.605290334,79.21,101.487,156.99,24.94
0.53715104,79.21,101.487,171.35,24.94
0.533489295,79.21,101.487,170.67,24.94
0.544483402,79.21,101.487,212.63,24.94
0.563632846,79.21,101.487,232.98,24.94
0.693648866,79.21,101.487,273.68,24.94
0.728204673,79.21,101.487,309.6,24.94
0.748872865,79.21,101.487,336.98,24.94
0.6623976,79.21,101.487,277.16,24.94
0.65294394,79.21,101.487,240.91,24.94
0.64312031,79.21,101.487,222.81,24.94
0.631119158,79.21,101.487,199.25,24.94
0.617886981,79.21,96.216,223,24.94
0.617105997,79.21,96.216,215,24.94
0.614991509,79.21,96.216,207,24.94
0.619475156,79.21,96.216,206.36,24.94
0.62491071,79.21,96.216,203,24.94
0.646199582,79.21,96.216,220.92,24.94
0.709376311,79.21,96.216,273.7,24.94
0.719299615,79.21,96.216,287.34,24.94
0.67853262,79.21,96.216,281.1,24.94
0.602097068,79.21,96.216,240.15,24.94
0.623796237,79.21,96.216,199.9,24.94
0.6061696,79.21,96.216,192.2,24.94
0.578063961,79.21,96.216,183.66,24.94
0.50816901,79.21,96.216,185.21,24.94
0.493102525,79.21,96.216,193.92,24.94
0.501829095,79.21,96.216,199.86,24.94
0.517086045,79.21,96.216,230.01,24.94
0.63934453,79.21,96.216,269.97,24.94
0.660757007,79.21,96.216,301.03,24.94
0.660290453,79.21,96.216,351,24.94
0.571201095,79.21,96.216,290.84,24.94
0.57178929,79.21,96.216,255.9,24.94
0.564613178,79.21,96.216,242.27,24.94
0.559169679,79.21,96.216,222.38,24.94
0.557186215,79.21,96.188,215.39,24.94
0.559664699,79.21,96.188,200.05,24.94
0.561033122,79.21,96.188,200.62,24.94
0.573320459,79.21,96.188,198.08,24.94
0.593381337,79.21,96.188,204.09,24.94
0.632555531,79.21,96.188,226.15,24.94
0.69453932,79.21,96.188,275.45,24.94
0.676335039,79.21,96.188,299.25,24.94
0.612010277,79.21,96.188,280.72,24.94
0.518585167,79.21,96.188,217.11,24.94
0.537376651,79.21,96.188,199.7,24.94
0.521097907,79.21,96.188,191.54,24.94
0.513896165,79.21,96.188,181.07,24.94
0.462699357,79.21,96.188,181.93,24.94
0.455598684,79.21,96.188,190.31,24.94
0.460920919,79.21,96.188,202.34,24.94
0.477982659,79.21,96.188,217.99,24.94
0.597923435,79.21,96.188,266.05,24.94
0.62904471,79.21,96.188,312.28,24.94
0.648693089,79.21,96.188,374.14,24.94
0.561867463,79.21,96.188,311.03,24.94
0.563799397,79.21,96.188,270,24.94
0.559129595,79.21,96.188,245.12,24.94
0.56123733,79.21,96.188,216.4,24.94
0.565019331,79.21,109.395,213.01,24.94
0.56845483,79.21,109.395,212.33,24.94
0.570711995,79.21,109.395,211.5,24.94
0.566775508,79.21,109.395,211.8,24.94
0.563479972,79.21,109.395,212.93,24.94
0.566551721,79.21,109.395,223.32,24.94
0.616838902,79.21,109.395,282.97,24.94
0.629268777,79.21,109.395,305.07,24.94
0.636571759,79.21,109.395,267.73,24.94
0.594939265,79.21,109.395,218.91,24.94
0.634359149,79.21,109.395,194.92,24.94
0.607812481,79.21,109.395,194.94,24.94
0.579579923,79.21,109.395,185.97,24.94
0.506193837,79.21,109.395,181.94,24.94
0.492939175,79.21,109.395,192.7,24.94
0.496047074,79.21,109.395,208.42,24.94
0.513726427,79.21,109.395,232.58,24.94
0.638012377,79.21,109.395,266.99,24.94
0.660648381,79.21,109.395,310.76,24.94
0.661103824,79.21,109.395,371.11,24.94
0.548790436,79.21,109.395,295.4,24.94
0.54679029,79.21,109.395,256.86,24.94
0.540461672,79.21,109.395,240.04,24.94
0.537859245,79.21,109.395,219.76,24.94
0.533253713,79.21,114.125,262.48,24.94
0.530531061,79.21,114.125,244.31,24.94
0.530241686,79.21,114.125,234.29,24.94
0.533501539,79.21,114.125,230.15,24.94
0.550085178,79.21,114.125,226.01,24.94
0.561442115,79.21,114.125,254.91,24.94
0.606011004,79.21,114.125,315,24.94
0.612357646,79.21,114.125,333.86,24.94
0.61602917,79.21,114.125,285.12,24.94
0.57005738,79.21,114.125,248.37,24.94
0.600297067,79.21,114.125,185.6,24.94
0.573093044,78.68,114.125,185.87,24.94
0.550520011,78.5,114.125,172.57,24.94
0.479252631,78.5,114.125,169.75,24.94
0.47496872,78.5,114.125,178.57,24.94
0.475451951,78.5,114.125,210,24.94
0.512226184,78.5,114.125,251.07,24.94
0.650433213,78.5,114.125,276.28,24.94
0.674161051,78.5,114.125,300.77,24.94
0.667302724,78.5,114.125,339.9,24.94
0.560729094,78.5,114.125,283.38,24.94
0.551772091,78.5,114.125,242.2,24.94
0.559306739,78.5,114.125,244.56,24.94
0.563218856,78.5,114.125,190.07,24.94
0.55888798,78.5,100.981,235.96,24.94
0.564499364,78.5,100.981,221.16,24.94
0.564843362,78.5,100.981,185.58,24.94
0.571211336,78.5,100.981,191.02,24.94
0.589984401,78.5,100.981,206.58,24.94
0.621705852,78.5,100.981,216.18,24.94
0.664287651,78.5,100.981,199.56,24.94
0.632782581,78.5,100.981,190.28,24.94
0.592625898,78.5,100.981,152.18,24.94
0.535998876,78.5,100.981,159.37,24.94
0.574636,78.5,100.981,110.05,24.94
0.568144446,78.5,100.981,85.94,24.94
0.548231854,78.5,100.981,83.11,24.94
0.47881203,78.5,100.981,80.38,24.94
0.471344531,78.5,100.981,89.35,24.94
0.481828373,78.5,100.981,157.71,24.94
0.508651618,78.5,100.981,199.95,24.94
0.629496024,78.5,100.981,232.42,24.94
0.656621755,78.5,100.981,262.5,24.94
0.662912021,78.5,100.981,292.24,24.94
0.576483705,78.5,100.981,270.07,24.94
0.584695718,78.5,100.981,244.98,24.94
0.573267651,78.5,100.981,244.94,24.94
0.572108339,78.5,100.981,237.75,24.94
0.569084257,78.5,100.981,235,24.94
0.579570729,78.5,100.981,221.93,24.94
0.586471713,78.5,100.981,214.02,24.94
0.592751891,78.5,100.981,212,24.94
0.605744221,78.5,100.981,211.09,24.94
0.621360647,78.5,100.981,210.31,24.94
0.649798718,78.5,100.981,214.03,24.94
0.617678067,78.5,100.981,214.08,24.94
0.576962047,78.5,100.981,214.07,24.94
0.514125214,78.5,100.981,205.02,24.94
0.550691321,78.5,100.981,194.4,24.94
0.536329039,78.5,100.981,161.5,24.94
0.532241,78.5,100.981,89.9,24.94
0.467337742,78.5,100.981,77.97,24.94
0.47319843,78.5,100.981,92,24.94
0.490628849,78.5,100.981,141.59,24.94
0.52334585,78.5,100.981,194.83,24.94
0.657110855,78.5,100.981,220,24.94
0.683302571,78.5,100.981,263.02,24.94
0.683521296,78.5,100.981,281.68,24.94
0.59414802,78.5,100.981,265.63,24.94
0.584688637,78.5,100.981,251.59,24.94
0.58303334,78.5,100.981,228,24.94
0.576864453,78.5,100.981,196,24.94
0.574718165,78.5,101.827,192.04,24.94
0.580490517,78.5,101.827,189.45,24.94
0.574449317,78.5,101.827,194.89,24.94
0.581070709,78.5,101.827,195.01,24.94
0.603950714,78.5,101.827,208.62,24.94
0.643494683,78.5,101.827,274.95,24.94
0.693826805,78.5,101.827,316.95,24.94
0.672640766,78.5,101.827,313.95,24.94
0.637809395,78.5,101.827,266.98,24.94
0.579372245,78.5,101.827,224.94,24.94
0.620266735,78.5,101.827,204.14,24.94
0.616021132,78.5,101.827,173.87,24.94
0.617819082,78.5,101.827,163.51,24.94
0.5576653,78.5,101.827,130.99,24.94
0.556537594,78.5,101.827,161.5,24.94
0.554840404,78.5,101.827,170.68,24.94
0.563640079,78.5,101.827,197.56,24.94
0.673202493,78.5,101.827,260.31,24.94
0.682695061,78.5,101.827,304.62,24.94
0.693401349,78.5,101.827,274.06,24.94
0.599381439,78.5,101.827,252.61,24.94
0.597656955,78.5,101.827,229.53,24.94
0.582002035,78.5,101.827,220.54,24.94
0.572991675,78.5,101.827,209.83,24.94
0.567608824,78.5,101.957,210.18,24.94
0.571169887,78.5,101.957,208.96,24.94
0.571644765,78.5,101.957,210,24.94
0.583283029,78.5,101.957,209.87,24.94
0.601351996,78.5,101.957,225.27,24.94
0.628428703,78.5,101.957,270.27,24.94
0.67601277,78.5,101.957,302.12,24.94
0.656641559,78.5,101.957,318.74,24.94
0.614888613,78.5,101.957,299.9,24.94
0.552694114,78.5,101.957,278.48,24.94
0.60289233,78.5,101.957,275.94,24.94
0.589434063,78.5,101.957,236.43,24.94
0.578503853,78.5,101.957,230.85,24.94
0.508781077,78.5,101.957,223.52,24.94
0.497179414,78.5,101.957,222.41,24.94
0.49682288,78.5,101.957,228.01,24.94
0.501223864,78.5,101.957,246.53,24.94
0.617050497,78.5,101.957,280.04,24.94
0.629656448,78.5,101.957,302.49,24.94
0.629136625,78.5,101.957,297.67,24.94
0.527204494,78.5,101.957,260.04,24.94
0.522167019,78.5,101.957,237,24.94
0.526778499,78.5,101.957,219.84,24.94
0.522600049,78.5,101.957,233.07,24.94
0.51831829,78.5,110.03,228.86,24.94
0.514798671,78.5,110.03,229.61,24.94
0.515011743,78.5,110.03,229.08,24.94
0.520928438,78.5,110.03,232.33,24.94
0.53279511,78.5,110.03,242,24.94
0.539310501,78.5,110.03,283,24.94
0.58214005,78.5,110.03,315,24.94
0.577805273,78.5,110.03,346.91,24.94
0.571987274,78.5,110.03,328.11,24.94
0.518502615,78.5,110.03,302.07,24.94
0.56176964,78.5,110.03,312.56,24.94
0.546647405,78.5,110.03,295.99,24.94
0.544032956,78.5,110.03,272.89,24.94
0.478339656,78.5,110.03,278.3,24.94
0.469111202,78.5,110.03,266.52,24.94
0.46280741,78.5,110.03,256.34,24.94
0.470093226,78.5,110.03,269.81,24.94
0.580438355,78.5,110.03,294.7,24.94
0.596560456,78.5,110.03,309.97,24.94
0.605146527,78.5,110.03,285.73,24.94
0.509541059,78.5,110.03,253.36,24.94
0.51435325,78.5,110.03,240.52,24.94
0.515378618,78.5,110.03,197.92,24.94
0.513622486,78.5,110.03,200.66,24.94
0.515329801,78.5,119.844,204.29,24.94
0.513438799,78.5,119.844,195.02,24.94
0.524158775,78.5,119.844,181.93,24.94
0.535871577,78.5,119.844,186.3,24.94
0.552671501,78.5,119.844,200.69,24.94
0.564206961,78.5,119.844,270,24.94
0.60943078,78.5,119.844,305.76,24.94
0.614576343,78.5,119.844,324.23,24.94
0.617373333,78.5,119.844,271,24.94
0.588421307,78.5,119.844,250.75,24.94
0.645862462,78.5,119.844,219.54,24.94
0.638653694,78.5,119.844,203.92,24.94
0.629101443,78.5,119.844,193.43,24.94
0.556107871,78.5,119.844,190.8,24.94
0.553637322,78.5,119.844,185.62,24.94
0.541259401,78.5,119.844,184.96,24.94
0.550953924,78.5,119.844,188.01,24.94
0.657729181,78.5,119.844,200.01,24.94
0.672908343,78.5,119.844,229.49,24.94
0.688675325,78.5,119.844,199.08,24.94
0.592657371,78.5,119.844,164.35,24.94
0.590761593,78.5,119.844,150.64,24.94
0.589657131,78.5,119.844,120.08,24.94
0.588439496,78.5,119.844,111.72,24.94
0.594840288,78.5,121.255,99.64,24.94
0.597057731,78.5,121.255,94.48,24.94
0.602970075,78.5,121.255,99.59,24.94
0.606589503,78.5,121.255,109.02,24.94
0.617928355,78.5,121.255,140.01,24.94
0.618709744,78.5,121.255,178.63,24.94
0.657197288,78.5,121.255,200.03,24.94
0.653224878,78.5,121.255,208.47,24.94
0.642712628,78.5,121.255,200.35,24.94
0.5807997,78.5,121.255,193.08,24.94
0.626896254,78.12,121.255,181.14,24.94
0.605022874,78,121.255,171.94,24.94
0.596138884,78,121.255,159.91,24.94
0.518139692,78,121.255,147.1,24.94
0.523433998,78,121.255,140.82,24.94
0.530278094,78,121.255,142.33,24.94
0.555720451,78,121.255,172.4,24.94
0.663868998,78,121.255,191.7,24.94
0.66958528,78,121.255,205.96,24.94
0.668950015,78,121.255,200.19,24.94
0.579096016,78,121.255,174.92,24.94
0.585612551,78,121.255,167.85,24.94
0.588019371,78,121.255,151.86,24.94
0.583630351,78,121.255,112.01,24.94
0.583042503,78,120.241,125.01,24.94
0.578369514,78,120.241,131.72,24.94
0.573334661,78,120.241,140.54,24.94
0.57378987,78,120.241,131.79,24.94
0.57780311,78,120.241,145.07,24.94
0.578803709,78,120.241,135.84,24.94
0.613177289,78,120.241,168.06,24.94
0.609849838,78,120.241,190.3,24.94
0.604235342,78,120.241,192.15,24.94
0.563096046,78,120.241,169.77,24.94
0.617125964,78,120.241,166.94,24.94
0.605047329,78,120.241,160.63,24.94
0.599015784,78,120.241,132.18,24.94
0.53930517,78,120.241,120.6,24.94
0.545188481,78,120.241,128.45,24.94
0.545354262,78,120.241,137.45,24.94
0.545897754,78,120.241,171.27,24.94
0.651659721,78,120.241,227.6,24.94
0.676491041,78,120.241,259.15,24.94
0.67492534,78,120.241,241.63,24.94
0.588503637,78,120.241,210,24.94
0.58320803,78,120.241,206.14,24.94
0.579430171,78,120.241,189.38,24.94
0.576787282,78,120.241,199.08,24.94
0.582737127,78,120.241,193.08,24.94
0.586173427,78,120.241,195.76,24.94
0.592293187,78,120.241,194.44,24.94
0.602017848,78,120.241,195.55,24.94
0.618466548,78,120.241,193.82,24.94
0.644594635,78,120.241,190.88,24.94
0.688351445,78,120.241,192.6,24.94
0.659800675,78,120.241,197.24,24.94
0.615041183,78,120.241,182.07,24.94
0.559244977,78,120.241,180.76,24.94
0.588021376,78,120.241,179.13,24.94
0.575284052,78,120.241,174.2,24.94
0.553138583,78,120.241,119.64,24.94
0.485004999,78,120.241,97.07,24.94
0.481880219,78,120.241,104,24.94
0.487972576,78,120.241,121.39,24.94
0.497110408,78,120.241,132.21,24.94
0.611597983,78,120.241,177.39,24.94
0.63083752,78,120.241,211.79,24.94
0.641849189,78,120.241,204.95,24.94
0.554379167,78,120.241,179.74,24.94
0.547477235,78,120.241,177.45,24.94
0.546288161,78,120.241,155.03,24.94
0.537084314,78,120.241,118.63,24.94
0.543712452,78,120.346,91.81,24.94
0.543255449,78,120.346,88,24.94
0.548181876,78,120.346,81.56,24.94
0.551840581,78,120.346,87.49,24.94
0.565518489,78,120.346,91.6,24.94
0.582626025,78,120.346,133,24.94
0.628304859,78,120.346,120.6,24.94
0.599385226,78,120.346,101.16,24.94
0.56512375,78,120.346,87.6,24.94
0.503773912,78,120.346,74.54,24.94
0.542195103,78,120.346,68.27,24.94
0.523388713,78,120.346,40.08,24.94
0.514331119,78,120.346,30.98,24.94
0.454741997,78,120.346,25.6,24.94
0.460094956,78,120.346,37.56,24.94
0.471289748,78,120.346,47.24,24.94
0.486187494,78,120.346,69.78,24.94
0.589223375,78,120.346,69.93,24.94
0.593395745,78,120.346,74.86,24.94
0.595462889,78,120.346,74.52,24.94
0.515106143,78,120.346,69.96,24.94
0.516818232,78,120.346,72.98,24.94
0.525371909,78,120.346,50.09,24.94
0.520994332,78,120.346,23.53,24.94
0.515417698,78,111.258,30,24.94
0.513804809,78,111.258,35.09,24.94
0.521326825,78,111.258,42.35,24.94
0.542473289,78,111.258,74.53,24.94
0.575684462,78,111.258,83.97,24.94
0.611389358,78,111.258,163.27,24.94
0.675337825,78,111.258,220.07,24.94
0.671421736,78,111.258,232.03,24.94
0.673673895,78,111.258,229.51,24.94
0.637939763,78,111.258,227,24.94
0.689378243,78,111.258,230.09,24.94
0.667994264,78,111.258,214.24,24.94
0.651950139,78,111.258,222.98,24.94
0.586283834,78,111.258,208.49,24.94
0.573055733,78,111.258,222.97,24.94
0.572793639,78,111.258,224.41,24.94
0.583112444,78,111.258,262.21,24.94
0.687727373,78,111.258,278.24,24.94
0.695207679,78,111.258,309.93,24.94
0.70305961,78,111.258,277.91,24.94
0.613517855,78,111.258,226.47,24.94
0.604280895,78,111.258,189.65,24.94
0.599556204,78,111.258,163.64,24.94
0.585661835,78,111.258,112.87,24.94
0.585618339,78,109.154,140,24.94
0.577811651,78,109.154,126.56,24.94
0.584294743,78,109.154,121.67,24.94
0.599634708,78,109.154,126.59,24.94
0.618632825,78,109.154,118.48,24.94
0.648687369,78,109.154,165.6,24.94
0.689780496,78,109.154,177.84,24.94
0.674832506,78,109.154,175.3,24.94
0.645876104,78,109.154,159.36,24.94
0.602116965,78,109.154,95.69,24.94
0.63664236,78,109.154,74.86,24.94
0.614431976,78,109.154,77.8,24.94
0.591401604,78,109.154,74.73,24.94
0.518850037,78,109.154,71.98,24.94
0.523144297,78,109.154,74.75,24.94
0.532736007,78,109.154,74.81,24.94
0.541762058,78,109.154,126.26,24.94
0.654295775,78,109.154,165.54,24.94
0.657705738,78,109.154,178.43,24.94
0.672580176,78,109.154,171,24.94
0.578435797,78,109.154,132.42,24.94
0.586760373,78,109.154,109.11,24.94
0.589262747,78,109.154,60.37,24.94
0.598587038,78,109.154,73.02,24.94
0.592061588,78,108.819,67.74,24.94
0.59286626,78,108.819,59.64,24.94
0.590825032,78,108.819,67.58,24.94
0.593614487,78,108.819,73.58,24.94
0.597619545,78,108.819,74.13,24.94
0.600624525,78,108.819,74.5,24.94
0.637720959,78,108.819,90.03,24.94
0.641744842,78,108.819,113.23,24.94
0.648751081,78,108.819,77.35,24.94
0.600530078,78,108.819,71.93,24.94
0.643972324,78,108.819,71.94,24.94
0.621896653,78,108.819,77.38,24.94
0.597058283,78,108.819,70.38,24.94
0.520459349,78,108.819,70.15,24.94
0.519095993,78,108.819,73.35,24.94
0.519788833,78,108.819,74.82,24.94
0.528537066,78,108.819,80.91,24.94
0.641569513,78,108.819,82.06,24.94
0.661886104,78,108.819,94.41,24.94
0.687010067,78,108.819,79.56,24.94
0.605786916,78,108.819,65.45,24.94
0.604971059,78,108.819,69.19,24.94
0.594166069,78,108.819,27.35,24.94
0.594396188,78,108.819,2.02,24.94
0.600562601,78,105.453,1.03,24.94
0.612739684,78,105.453,1.02,24.94
0.62091514,78,105.453,2.47,24.94
0.620993092,78,105.453,8.58,24.94
0.625356186,78,105.453,44.51,24.94
0.620128114,78,105.453,95.37,24.94
0.643924529,78,105.453,147.26,24.94
0.635284679,78,105.453,150,24.94
0.620079551,78,105.453,87,24.94
0.569787296,78,105.453,81.85,24.94
0.59790204,79.66,105.453,86.54,24.94
0.572370691,80.21,105.453,88.19,24.94
0.557463329,80.21,105.453,91.41,24.94
0.496683051,80.21,105.453,130.77,24.94
0.500416069,80.21,105.453,166.11,24.94
0.519451032,80.21,105.453,186.11,24.94
0.54049341,80.21,105.453,202.31,24.94
0.65882387,80.21,105.453,229.9,24.94
0.675130258,80.21,105.453,267.77,24.94
0.671782796,80.21,105.453,259.04,24.94
0.575589803,80.21,105.453,221.8,24.94
0.570005538,80.21,105.453,189.8,24.94
0.570955346,80.21,105.453,159.98,24.94
0.558372074,80.21,105.453,119.25,24.94
0.555559543,80.21,107.069,110.6,24.94
0.557152179,80.21,107.069,92.51,24.94
0.561455618,80.21,107.069,83.22,24.94
0.570609288,80.21,107.069,79.12,24.94
0.583392563,80.21,107.069,76.14,24.94
0.610435156,80.21,107.069,76.56,24.94
0.650013406,80.21,107.069,88.15,24.94
0.623439944,80.21,107.069,82.9,24.94
0.588905717,80.21,107.069,69.72,24.94
0.536763429,80.21,107.069,25.14,24.94
0.577292266,80.21,107.069,5.04,24.94
0.567196425,80.21,107.069,-0.01,24.94
0.560920342,80.21,107.069,-0.28,24.94
0.499761933,80.21,107.069,-2.49,24.94
0.500187039,80.21,107.069,-0.1,24.94
0.507736804,80.21,107.069,-0.03,24.94
0.537515972,80.21,107.069,1.98,24.94
0.665136641,80.21,107.069,75.81,24.94
0.689746374,80.21,107.069,96.97,24.94
0.703018433,80.21,107.069,105,24.94
0.611309102,80.21,107.069,90.95,24.94
0.600216221,80.21,107.069,89.77,24.94
0.576802218,80.21,107.069,69.88,24.94
0.568083418,80.21,107.069,70.96,24.94
0.568115784,80.21,107.069,26.15,24.94
0.570838941,80.21,107.069,24.59,24.94
0.575886552,80.21,107.069,25.67,24.94
0.581656232,80.21,107.069,40.04,24.94
0.607425382,80.21,107.069,36.85,24.94
0.631221653,80.21,107.069,25.95,24.94
0.664564285,80.21,107.069,45.02,24.94
0.62744925,80.21,107.069,35.76,24.94
0.585479185,80.21,107.069,22.23,24.94
0.525889791,80.21,107.069,12.29,24.94
0.562756912,80.21,107.069,13,24.94
0.54733551,80.21,107.069,5.31,24.94
0.529261659,80.21,107.069,0.1,24.94
0.46662358,80.21,107.069,0.09,24.94
0.463284467,80.21,107.069,0.42,24.94
0.478839896,80.21,107.069,8.52,24.94
0.49750393,80.21,107.069,71.03,24.94
0.610211605,80.21,107.069,139.9,24.94
0.637414907,80.21,107.069,233.51,24.94
0.666352181,80.21,107.069,252.18,24.94
0.583518683,80.21,107.069,239.54,24.94
0.582187705,80.21,107.069,238.28,24.94
0.570653751,80.21,107.069,224.3,24.94
0.570976088,80.21,107.069,182.38,24.94
0.575951442,80.21,107.325,184.98,24.94
0.584811008,80.21,107.325,184.6,24.94
0.598078479,80.21,107.325,185.68,24.94
0.619560103,80.21,107.325,195.55,24.94
0.64819371,80.21,107.325,220.56,24.94
0.657943011,80.21,107.325,264.91,24.94
0.677617826,80.21,107.325,299.93,24.94
0.610017249,80.21,107.325,285.03,24.94
0.561609394,80.21,107.325,255,24.94
0.486583528,80.21,107.325,214.92,24.94
0.527159882,80.21,107.325,190.71,24.94
0.52069454,80.21,107.325,187.85,24.94
0.519896333,80.21,107.325,181.84,24.94
0.464851001,80.21,107.325,179.98,24.94
0.476113324,80.21,107.325,179.77,24.94
0.493942177,80.21,107.325,182.86,24.94
0.523537581,80.21,107.325,219.39,24.94
0.654038332,80.21,107.325,263.32,24.94
0.68481344,80.21,107.325,296.99,24.94
0.715617771,80.21,107.325,290.37,24.94
0.619102915,80.21,107.325,267.81,24.94
0.614216953,80.21,107.325,247.99,24.94
0.602448344,80.21,107.325,204.4,24.94
0.58703702,80.21,107.325,192.9,24.94
0.57935274,80.21,102.816,188.71,24.94
0.577005149,80.21,102.816,184.13,24.94
0.578740445,80.21,102.816,183,24.94
0.582047871,80.21,102.816,185.55,24.94
0.597860307,80.21,102.816,191.53,24.94
0.617296884,80.21,102.816,229.54,24.94
0.659687619,80.21,102.816,268.78,24.94
0.632136809,80.21,102.816,260.33,24.94
0.601326225,80.21,102.816,219.02,24.94
0.549733113,80.21,102.816,182.51,24.94
0.596004131,80.21,102.816,172.32,24.94
0.592030485,80.21,102.816,136.12,24.94
0.58239925,80.21,102.816,110.02,24.94
0.519070592,80.21,102.816,100.01,24.94
0.51588341,80.21,102.816,118.14,24.94
0.519449114,80.21,102.816,139.9,24.94
0.533668046,80.21,102.816,179.4,24.94
0.648442681,80.21,102.816,215.47,24.94
0.657243717,80.21,102.816,235.09,24.94
0.665716807,80.21,102.816,233.47,24.94
0.572419325,80.21,102.816,189.08,24.94
0.573605227,80.21,102.816,177.46,24.94
0.568024455,80.21,102.816,137.74,24.94
0.567520794,80.21,102.816,161.67,24.94
0.570518913,80.21,103.685,165.81,24.94
0.580749994,80.21,103.685,163.31,24.94
0.590182229,80.21,103.685,167.63,24.94
0.605351569,80.21,103.685,180.73,24.94
0.620550573,80.21,103.685,212.32,24.94
0.638155012,80.21,103.685,248.74,24.94
0.660546699,80.21,103.685,267.52,24.94
0.622482941,80.21,103.685,273.83,24.94
0.580094494,80.21,103.685,254.25,24.94
0.520601914,80.21,103.685,212.9,24.94
0.569690188,80.21,103.685,192.45,24.94
0.556590447,80.21,103.685,188.72,24.94
0.550235057,80.21,103.685,195.04,24.94
0.484154768,80.21,103.685,200.05,24.94
0.493492729,80.21,103.685,196,24.94
0.504555723,80.21,103.685,200.47,24.94
0.527706869,80.21,103.685,241.25,24.94
0.651063592,80.21,103.685,266.2,24.94
0.670930071,80.21,103.685,298.95,24.94
0.687929333,80.21,103.685,301.63,24.94
0.592540675,80.21,103.685,269.03,24.94
0.596733688,80.21,103.685,250,24.94
0.600818773,80.21,103.685,231.94,24.94
0.602487999,80.21,103.685,232.45,24.94
0.596452407,80.21,104.715,207.63,24.94
0.599540351,80.21,104.715,200.14,24.94
0.602984387,80.21,104.715,198.05,24.94
0.611824393,80.21,104.715,199.97,24.94
0.609213159,80.21,104.715,204.46,24.94
0.606218401,80.21,104.715,254,24.94
0.633975026,80.21,104.715,272.33,24.94
0.625584123,80.21,104.715,282.11,24.94
0.618564415,80.21,104.715,252.78,24.94
0.552766302,80.21,104.715,216.35,24.94
0.592039573,80.21,104.715,212.54,24.94
0.575666751,80.21,104.715,202.24,24.94
0.549288897,80.21,104.715,195.19,24.94
0.480482979,80.21,104.715,193.64,24.94
0.476972276,80.21,104.715,191.99,24.94
0.492825336,80.21,104.715,194.53,24.94
0.506309916,80.21,104.715,212.8,24.94
0.618504988,80.21,104.715,244.94,24.94
0.631942147,80.21,104.715,271.07,24.94
0.63970421,80.21,104.715,272.31,24.94
0.558395794,80.21,104.715,265.46,24.94
0.562103876,80.21,104.715,253.68,24.94
0.568618777,80.21,104.715,234.36,24.94
0.569040975,80.21,104.715,214.9,24.94
0.568213389,80.21,97.33,198.45,24.94
0.571288992,80.21,97.33,194.28,24.94
0.582990029,80.21,97.33,190.49,24.94
0.587157817,80.21,97.33,191.86,24.94
0.589281174,80.21,97.33,196.86,24.94
0.581445825,80.21,97.33,205.33,24.94
0.610575211,80.21,97.33,220.78,24.94
0.604820291,80.21,97.33,209.88,24.94
0.595635584,80.21,97.33,189.92,24.94
0.540380529,80.21,97.33,190.62,24.94
0.566525934,80.21,97.33,186.55,24.94
0.543778911,80.21,97.33,160.03,24.94
0.526362421,80.21,97.33,167.65,24.94
0.469976861,80.21,97.33,157.38,24.94
0.472138043,80.21,97.33,151.11,24.94
0.486319098,80.21,97.33,155.01,24.94
0.500177731,80.21,97.33,179.32,24.94
0.624271819,80.21,97.33,196.21,24.94
0.642087472,80.21,97.33,228.35,24.94
0.659212206,80.21,97.33,235.99,24.94
0.572164195,80.21,97.33,208.84,24.94
0.575140531,80.21,97.33,205.09,24.94
0.571283381,80.21,97.33,196.24,24.94
0.57449624,80.21,97.33,191.16,24.94
0.577215913,80.21,97.33,183.37,24.94
0.577140008,80.21,97.33,178,24.94
0.566476577,80.21,97.33,174.21,24.94
0.573142474,80.21,97.33,171.81,24.94
0.594816684,80.21,97.33,179.54,24.94
0.608967146,80.21,97.33,188.98,24.94
0.636579828,80.21,97.33,191.12,24.94
0.582411423,80.21,97.33,189.6,24.94
0.535062669,80.21,97.33,172.62,24.94
0.479849982,80.21,97.33,146.58,24.94
0.509214286,80.21,97.33,121.99,24.94
0.495410212,80.21,97.33,82.36,24.94
0.47663106,80.21,97.33,52.9,24.94
0.418816173,80.21,97.33,33.78,24.94
0.412534316,80.21,97.33,40.32,24.94
0.428824318,80.21,97.33,65.84,24.94
0.446475399,80.21,97.33,107.71,24.94
0.565332081,80.21,97.33,171.19,24.94
0.585091499,80.21,97.33,195.08,24.94
0.620707256,80.21,97.33,205.81,24.94
0.545448018,80.21,97.33,194.47,24.94
0.558972142,80.21,97.33,175.84,24.94
0.553459058,80.21,97.33,166.88,24.94
0.558663577,80.21,97.33,160.22,24.94
0.557443226,80.21,97.33,139.97,24.94
0.560844409,80.21,97.33,121.76,24.94
0.563136991,80.21,97.33,123.38,24.94
0.572836328,80.21,97.33,133.96,24.94
0.592398069,80.21,97.33,139.96,24.94
0.60757712,80.21,97.33,146.1,24.94
0.615645247,80.21,97.33,144.01,24.94
0.551704823,80.21,97.33,133.55,24.94
0.503988388,80.21,97.33,100,24.94
0.456706495,80.21,97.33,75.92,24.94
0.494163338,80.21,97.33,41.29,24.94
0.47664534,80.21,97.33,20.73,24.94
0.463495914,80.21,97.33,0.07,24.94
0.400215305,80.21,97.33,0,24.94
0.395570429,80.21,97.33,0.08,24.94
0.395876626,80.21,97.33,15,24.94
0.41579069,80.21,97.33,66.2,24.94
0.54969935,80.21,97.33,158.02,24.94
0.574856787,80.21,97.33,182.55,24.94
0.595226104,80.21,97.33,191.54,24.94
0.511709718,80.21,97.33,187.88,24.94
0.512412312,80.21,97.33,171.46,24.94
0.511457979,80.21,97.33,158.07,24.94
0.509093192,80.21,97.33,95.9,24.94
0.51362105,80.21,97.33,81,24.94
0.521039434,80.21,97.33,84,24.94
0.533093634,80.21,97.33,81,24.94
0.540935879,80.21,97.33,85.25,24.94
0.556826524,80.21,97.33,92.31,24.94
0.56595865,80.21,97.33,95.23,24.94
0.590059097,80.21,97.33,105,24.94
0.535649321,80.21,97.33,108.65,24.94
0.494626977,80.21,97.33,101.18,24.94
0.431470526,80.21,97.33,95.51,24.94
0.467271882,80.21,97.33,82.92,24.94
0.459379442,80.21,97.33,75.98,24.94
0.453414387,80.21,97.33,61.17,24.94
0.395901314,80.21,97.33,45,24.94
0.392381,80.21,97.33,60.58,24.94
0.400796753,80.21,97.33,82.92,24.94
0.414997524,80.21,97.33,121.25,24.94
0.528451917,80.21,97.33,189.84,24.94
0.564253337,80.21,97.33,240.3,24.94
0.592841637,80.21,97.33,250.73,24.94
0.521496533,80.21,97.33,226.6,24.94
0.51961819,80.21,97.33,221.23,24.94
0.515099281,80.21,97.33,202,24.94
0.518651238,80.21,97.33,205,24.94
0.525755219,80.21,98.46,192.98,24.94
0.532132816,80.21,98.46,191.14,24.94
0.541595015,80.21,98.46,190.95,24.94
0.550307905,80.21,98.46,190,24.94
0.564938502,80.21,98.46,200.61,24.94
0.57439457,80.21,98.46,251.27,24.94
0.595936013,80.21,98.46,291.43,24.94
0.543624529,80.21,98.46,295.43,24.94
0.483237398,80.21,98.46,255.71,24.94
0.410138528,80.21,98.46,232.54,24.94
0.454586853,80.21,98.46,207.71,24.94
0.446718566,80.21,98.46,193.56,24.94
0.445034104,80.21,98.46,187.06,24.94
0.383987516,80.21,98.46,176.57,24.94
0.386759593,80.21,98.46,176.11,24.94
0.398984789,80.21,98.46,168.94,24.94
0.409975453,80.21,98.46,193.33,24.94
0.53234982,80.21,98.46,224.93,24.94
0.558277286,80.21,98.46,239.03,24.94
0.598171519,80.21,98.46,240.01,24.94
0.521950469,80.21,98.46,223.6,24.94
0.524968985,80.21,98.46,200,24.94
0.51839404,80.21,98.46,184.2,24.94
0.522285318,80.21,98.46,191,24.94
0.5293155,80.21,93.519,189.55,24.94
0.537749648,80.21,93.519,183.1,24.94
0.544138419,80.21,93.519,183.28,24.94
0.548629291,80.21,93.519,183.38,24.94
0.554477647,80.21,93.519,197.96,24.94
0.555414122,80.21,93.519,227.24,24.94
0.575632285,80.21,93.519,249.92,24.94
0.508851292,80.21,93.519,249.9,24.94
0.465479029,80.21,93.519,209.96,24.94
0.405507459,80.21,93.519,193.5,24.94
0.454950527,80.21,93.519,188.91,24.94
0.457005383,80.21,93.519,175.87,24.94
0.453808655,80.21,93.519,168.37,24.94
0.392316946,80.21,93.519,158.9,24.94
0.387536472,80.21,93.519,171.95,24.94
0.390188978,80.21,93.519,175.85,24.94
0.400651312,80.21,93.519,196.15,24.94
0.510330975,80.21,93.519,222.95,24.94
0.522456025,80.21,93.519,249,24.94
0.539800851,80.21,93.519,250,24.94
0.462353865,80.21,93.519,239.18,24.94
0.467033462,80.21,93.519,220.1,24.94
0.466950793,80.21,93.519,201.97,24.94
0.463822172,80.21,93.519,188.55,24.94
0.472320836,80.21,96.083,179.92,24.94
0.47922784,80.21,96.083,181.08,24.94
0.497275876,80.21,96.083,178.92,24.94
0.503181293,80.21,96.083,180.5,24.94
0.507905787,80.21,96.083,199.92,24.94
0.495296188,80.21,96.083,229.76,24.94
0.525040852,80.21,96.083,256.02,24.94
0.508068801,80.21,96.083,256.25,24.94
0.49085376,80.21,96.083,232.26,24.94
0.441184927,80.21,96.083,207.93,24.94
0.497668255,80.21,96.083,197.01,24.94
0.497092933,80.21,96.083,185.06,24.94
0.480268301,80.21,96.083,176.25,24.94
0.41420764,80.21,96.083,167.93,24.94
0.40890074,80.21,96.083,168.05,24.94
0.423427177,80.21,96.083,173.4,24.94
0.440706921,80.21,96.083,185.34,24.94
0.553201906,80.21,96.083,204.96,24.94
0.567988096,80.21,96.083,220.62,24.94
0.573933133,80.21,96.083,223.61,24.94
0.499385989,80.21,96.083,220.44,24.94
0.497538688,80.21,96.083,199.71,24.94
0.508507617,80.21,96.083,174.62,24.94
0.500477969,80.21,96.083,191.07,24.94
0.501711864,80.21,97.471,183.93,24.94
0.499579849,80.21,97.471,187.01,24.94
0.506748464,80.21,97.471,179.41,24.94
0.511523912,80.21,97.471,176.09,24.94
0.527201388,80.21,97.471,189.58,24.94
0.543915153,80.21,97.471,218.07,24.94
0.600938418,80.21,97.471,239.95,24.94
0.620153686,80.21,97.471,244.1,24.94
0.639967435,80.21,97.471,221.05,24.94
0.611491496,80.21,97.471,196.56,24.94
0.666202597,85.6,97.471,156.71,24.94
0.650757963,87.4,97.471,122.43,24.94
0.62943044,87.4,97.471,98.52,24.94
0.561567724,87.4,97.471,86.77,24.94
0.566709278,87.4,97.471,86.77,24.94
0.578693942,87.4,97.471,102.34,24.94
0.588047247,87.4,97.471,137,24.94
0.688859963,87.4,97.471,180.26,24.94
0.682478668,87.4,97.471,209.61,24.94
0.684357305,87.4,97.471,209.97,24.94
0.579738044,87.4,97.471,185,24.94
0.570205886,87.4,97.471,190.17,24.94
0.560948463,87.4,97.471,147.32,24.94
0.551351168,87.4,97.471,130.46,24.94
0.553681909,87.4,95.486,116.44,24.94
0.556421927,87.4,95.486,108.65,24.94
0.561662943,87.4,95.486,119.04,24.94
0.567145802,87.4,95.486,119.4,24.94
0.584417695,87.4,95.486,122.32,24.94
0.599925797,87.4,95.486,128.32,24.94
0.633896455,87.4,95.486,143.64,24.94
0.592816962,87.4,95.486,141.5,24.94
0.557318143,87.4,95.486,82.69,24.94
0.510808609,87.4,95.486,55.43,24.94
0.560461522,87.4,95.486,15.92,24.94
0.559131817,87.4,95.486,2.43,24.94
0.560729564,87.4,95.486,0.01,24.94
0.499865388,87.4,95.486,0.08,24.94
0.502456132,87.4,95.486,5.07,24.94
0.50382971,87.4,95.486,20.45,24.94
0.508049705,87.4,95.486,94.85,24.94
0.606469868,87.4,95.486,138.87,24.94
0.616381759,87.4,95.486,168.19,24.94
0.634799639,87.4,95.486,171.36,24.94
0.550998173,87.4,95.486,138.05,24.94
0.548865074,87.4,95.486,118.23,24.94
0.538322153,87.4,95.486,97.95,24.94
0.538216643,87.4,95.486,100.58,24.94
0.543110001,87.4,95.486,93.14,24.94
0.54776383,87.4,95.486,91.92,24.94
0.550887575,87.4,95.486,87.88,24.94
0.552659784,87.4,95.486,84.06,24.94
0.565500812,87.4,95.486,87.84,24.94
0.591122904,87.4,95.486,87.81,24.94
0.614959009,87.4,95.486,95.1,24.94
0.592763141,87.4,95.486,96.51,24.94
0.57069888,87.4,95.486,81.88,24.94
0.524973627,87.4,95.486,74.9,24.94
0.574651824,87.4,95.486,73.03,24.94
0.566390337,87.4,95.486,54.86,24.94
0.561626585,87.4,95.486,34.51,24.94
0.501357442,87.4,95.486,34.2,24.94
0.497558902,87.4,95.486,44.09,24.94
0.505832902,87.4,95.486,72.81,24.94
0.52650434,87.4,95.486,111.73,24.94
0.638721512,87.4,95.486,165.01,24.94
0.658313912,87.4,95.486,198.65,24.94
0.678582131,87.4,95.486,224.95,24.94
0.583285013,87.4,95.486,216.66,24.94
0.566354325,87.4,95.486,205.73,24.94
0.552384877,87.4,95.486,186.99,24.94
0.547359735,87.4,95.486,184.96,24.94
0.55128864,87.4,96.422,183.78,24.94
0.55841334,87.4,96.422,185.63,24.94
0.565347376,87.4,96.422,186.1,24.94
0.568926444,87.4,96.422,188.12,24.94
0.577752367,87.4,96.422,200.06,24.94
0.596056636,87.4,96.422,237.23,24.94
0.628133734,87.4,96.422,261.87,24.94
0.598446204,87.4,96.422,272.47,24.94
0.579473208,87.4,96.422,249.06,24.94
0.540476943,87.4,96.422,232.59,24.94
0.592133717,87.4,96.422,227.97,24.94
0.574985416,87.4,96.422,211,24.94
0.567783888,87.4,96.422,200,24.94
0.50799195,87.4,96.422,194.9,24.94
0.518463613,87.4,96.422,191.99,24.94
0.530889286,87.4,96.422,189.5,24.94
0.539151811,87.4,96.422,209.25,24.94
0.653056677,87.4,96.422,252.71,24.94
0.674404944,87.4,96.422,273.88,24.94
0.690572785,87.4,96.422,275.71,24.94
0.594532478,87.4,96.422,264.93,24.94
0.577169877,87.4,96.422,254,24.94
0.567772576,87.4,96.422,235.44,24.94
0.559968967,87.4,96.422,212.54,24.94
0.559133356,87.4,96.892,205.01,24.94
0.553239398,87.4,96.892,204.59,24.94
0.55558911,87.4,96.892,201.07,24.94
0.563771539,87.4,96.892,204.16,24.94
0.591874544,87.4,96.892,232.95,24.94
0.628284193,87.4,96.892,266.52,24.94
0.669034861,87.4,96.892,290,24.94
0.637908677,87.4,96.892,290,24.94
0.601824137,87.4,96.892,260.48,24.94
0.553022591,87.4,96.892,235.88,24.94
0.609494094,87.4,96.892,224.28,24.94
0.597975629,87.4,96.892,219.41,24.94
0.589021419,87.4,96.892,210.49,24.94
0.518914996,87.4,96.892,214.19,24.94
0.52043712,87.4,96.892,215.42,24.94
0.52687987,87.4,96.892,211.03,24.94
0.539481029,87.4,96.892,239.93,24.94
0.652277573,87.4,96.892,260.63,24.94
0.66842523,87.4,96.892,281,24.94
0.685922519,87.4,96.892,286.76,24.94
0.605059036,87.4,96.892,270.01,24.94
0.597411191,87.4,96.892,255,24.94
0.586488959,87.4,96.892,231.91,24.94
0.579086607,87.4,96.892,206.72,24.94
0.581099413,87.4,94.689,198.01,24.94
0.582593481,87.4,94.689,196.36,24.94
0.587369991,87.4,94.689,194.53,24.94
0.590391624,87.4,94.689,197.51,24.94
0.598777076,87.4,94.689,209.94,24.94
0.604017579,87.4,94.689,244.2,24.94
0.626772417,87.4,94.689,271.01,24.94
0.587366011,87.4,94.689,265.98,24.94
0.547919291,87.4,94.689,252.74,24.94
0.481259311,87.4,94.689,225.22,24.94
0.527945645,87.4,94.689,214.12,24.94
0.525064094,87.4,94.689,207.66,24.94
0.524886356,87.4,94.689,200.62,24.94
0.465069395,87.4,94.689,193.22,24.94
0.46924056,87.4,94.689,190.96,24.94
0.480019522,87.4,94.689,191.35,24.94
0.497230194,87.4,94.689,206.49,24.94
0.60910397,87.4,94.689,239.31,24.94
0.626652719,87.4,94.689,267.9,24.94
0.64482785,87.4,94.689,266.33,24.94
0.574294906,87.4,94.689,254.94,24.94
0.580291321,87.4,94.689,235.33,24.94
0.579902926,87.4,94.689,202.57,24.94
0.586828297,87.4,94.689,214.63,24.94
0.588442805,87.4,108.398,201.94,24.94
0.585966642,87.4,108.398,198,24.94
0.583641171,87.4,108.398,201.37,24.94
0.584832178,87.4,108.398,201.5,24.94
0.582537555,87.4,108.398,218.35,24.94
0.574944455,87.4,108.398,255,24.94
0.598730627,87.4,108.398,283.37,24.94
0.58951907,87.4,108.398,279.29,24.94
0.572564692,87.4,108.398,251.26,24.94
0.52037024,87.4,108.398,224.93,24.94
0.559316158,87.4,108.398,213.56,24.94
0.544713569,87.4,108.398,208,24.94
0.529894717,87.4,108.398,200.09,24.94
0.458602584,87.4,108.398,197.05,24.94
0.4627399,87.4,108.398,196.3,24.94
0.478978986,87.4,108.398,197.13,24.94
0.505721748,87.4,108.398,217.63,24.94
0.620373008,87.4,108.398,255,24.94
0.628606489,87.4,108.398,279.09,24.94
0.630126564,87.4,108.398,284.91,24.94
0.541624114,87.4,108.398,268.91,24.94
0.546661201,87.4,108.398,253.56,24.94
0.555021385,87.4,108.398,222.78,24.94
0.561176001,87.4,108.398,206.05,24.94
0.565554932,87.4,101.985,203.15,24.94
0.56882301,87.4,101.985,202.52,24.94
0.568938216,87.4,101.985,203.23,24.94
0.562058825,87.4,101.985,205.09,24.94
0.555997751,87.4,101.985,213.86,24.94
0.543268119,87.4,101.985,255.77,24.94
0.580961399,87.4,101.985,280.06,24.94
0.569803795,87.4,101.985,291.22,24.94
0.564182509,87.4,101.985,256.34,24.94
0.515094322,87.4,101.985,230.33,24.94
0.564379868,84,101.985,217.4,24.94
0.550982221,82.86,101.985,208.37,24.94
0.543239993,82.86,101.985,197.25,24.94
0.471942946,82.86,101.985,195.24,24.94
0.481277113,82.86,101.985,195.04,24.94
0.487845932,82.86,101.985,206,24.94
0.493661968,82.86,101.985,216.3,24.94
0.602035311,82.86,101.985,246.98,24.94
0.618041573,82.86,101.985,262.08,24.94
0.640088868,82.86,101.985,265.87,24.94
0.557020586,82.86,101.985,254.97,24.94
0.570070489,82.86,101.985,241.56,24.94
0.583719762,82.86,101.985,217.91,24.94
0.587551606,82.86,101.985,204.78,24.94
0.591364461,82.86,100.434,189.1,24.94
0.595308505,82.86,100.434,189.91,24.94
0.592248778,82.86,100.434,187.47,24.94
0.591375131,82.86,100.434,189.96,24.94
0.580787877,82.86,100.434,194.81,24.94
0.5652638,82.86,100.434,201,24.94
0.580840071,82.86,100.434,206.59,24.94
0.554561003,82.86,100.434,210.01,24.94
0.538338075,82.86,100.434,205.85,24.94
0.477425639,82.86,100.434,195.95,24.94
0.519806608,82.86,100.434,186.58,24.94
0.514253919,82.86,100.434,180.04,24.94
0.509765666,82.86,100.434,172.94,24.94
0.452112032,82.86,100.434,166.35,24.94
0.450783426,82.86,100.434,159.69,24.94
0.459282605,82.86,100.434,166.65,24.94
0.472009957,82.86,100.434,192.02,24.94
0.563953199,82.86,100.434,226.09,24.94
0.578498075,82.86,100.434,246.97,24.94
0.60038187,82.86,100.434,252.64,24.94
0.526766003,82.86,100.434,247.11,24.94
0.532605643,82.86,100.434,239.09,24.94
0.530125752,82.86,100.434,219,24.94
0.538892449,82.86,100.434,206,24.94
0.546730754,82.86,100.434,199.7,24.94
0.559808739,82.86,100.434,197.56,24.94
0.564174544,82.86,100.434,192.2,24.94
0.561671814,82.86,100.434,197.43,24.94
0.545503818,82.86,100.434,201.32,24.94
0.528781989,82.86,100.434,195,24.94
0.54745114,82.86,100.434,194.95,24.94
0.542355353,82.86,100.434,186.94,24.94
0.535482551,82.86,100.434,182.04,24.94
0.495849184,82.86,100.434,177.31,24.94
0.543167397,82.86,100.434,176.5,24.94
0.530127411,82.86,100.434,174.92,24.94
0.514655235,82.86,100.434,150.74,24.94
0.449332861,82.86,100.434,140.4,24.94
0.446093331,82.86,100.434,138.9,24.94
0.458229566,82.86,100.434,155.9,24.94
0.477152054,82.86,100.434,187.04,24.94
0.59034719,82.86,100.434,215.85,24.94
0.629363422,82.86,100.434,249.43,24.94
0.643905764,82.86,100.434,254.94,24.94
0.557402133,82.86,100.434,243.03,24.94
0.543898996,82.86,100.434,239.72,24.94
0.529733349,82.86,100.434,215.97,24.94
0.521671288,82.86,100.434,206.46,24.94
0.513974393,82.86,100.434,199.87,24.94
0.515869653,82.86,100.434,194.69,24.94
0.515329362,82.86,100.434,193.76,24.94
0.519831342,82.86,100.434,196.34,24.94
0.535763657,82.86,100.434,209.96,24.94
0.540971583,82.86,100.434,248.88,24.94
0.562947701,82.86,100.434,270,24.94
0.524381705,82.86,100.434,264.57,24.94
0.490765258,82.86,100.434,238.98,24.94
0.435086099,82.86,100.434,194.27,24.94
0.484389203,82.86,100.434,189.97,24.94
0.477925771,82.86,100.434,190.68,24.94
0.478388284,82.86,100.434,190.45,24.94
0.417126293,82.86,100.434,187.65,24.94
0.421759412,82.86,100.434,185.05,24.94
0.430250561,82.86,100.434,188.2,24.94
0.455595728,82.86,100.434,218.72,24.94
0.579925871,82.86,100.434,244.11,24.94
0.600288537,82.86,100.434,263.97,24.94
0.617101243,82.86,100.434,265.41,24.94
0.537243955,82.86,100.434,253.52,24.94
0.538627794,82.86,100.434,241.11,24.94
0.537807617,82.86,100.434,219.92,24.94
0.538568339,82.86,100.434,184.5,24.94
0.548166678,82.86,100.813,182.09,24.94
0.553580878,82.86,100.813,184.08,24.94
0.560789536,82.86,100.813,185.12,24.94
0.566284969,82.86,100.813,187.04,24.94
0.577684933,82.86,100.813,191.19,24.94
0.571864606,82.86,100.813,236.26,24.94
0.586210891,82.86,100.813,255.96,24.94
0.529054235,82.86,100.813,255.96,24.94
0.493173175,82.86,100.813,232.7,24.94
0.446074697,82.86,100.813,206.07,24.94
0.493603508,82.86,100.813,200.24,24.94
0.492511022,82.86,100.813,195.79,24.94
0.49257071,82.86,100.813,197.29,24.94
0.439272064,82.86,100.813,194.89,24.94
0.446371007,82.86,100.813,195.54,24.94
0.462868398,82.86,100.813,197.99,24.94
0.487613963,82.86,100.813,218.99,24.94
0.603057833,82.86,100.813,249.96,24.94
0.609950964,82.86,100.813,269.94,24.94
0.613887515,82.86,100.813,270.23,24.94
0.526033033,82.86,100.813,261.77,24.94
0.533349703,82.86,100.813,253.21,24.94
0.527484453,82.86,100.813,228.94,24.94
0.524629046,82.86,100.813,206,24.94
0.515336265,82.86,98.744,200,24.94
0.513802837,82.86,98.744,200.34,24.94
0.517319539,82.86,98.744,201.12,24.94
0.525895594,82.86,98.744,201.14,24.94
0.544089441,82.86,98.744,224.32,24.94
0.560314221,82.86,98.744,256.58,24.94
0.5882931,82.86,98.744,296.9,24.94
0.546195575,82.86,98.744,280.1,24.94
0.512124652,82.86,98.744,255.09,24.94
0.452586761,82.86,98.744,226.01,24.94
0.494545836,82.86,98.744,209.41,24.94
0.485711712,82.86,98.744,204.64,24.94
0.483838397,82.86,98.744,202.15,24.94
0.43436948,82.86,98.744,199.51,24.94
0.439666865,82.86,98.744,200.6,24.94
0.458223745,82.86,98.744,206.24,24.94
0.473269171,82.86,98.744,231.16,24.94
0.588338708,82.86,98.744,249.98,24.94
0.603570648,82.86,98.744,275.44,24.94
0.615989672,82.86,98.744,281.49,24.94
0.533316944,82.86,98.744,263.37,24.94
0.524242426,82.86,98.744,246.9,24.94
0.515290902,82.86,98.744,232.47,24.94
0.509319139,82.86,98.744,225.2,24.94
0.505977871,82.86,103.21,208.44,24.94
0.506347031,82.86,103.21,208.12,24.94
0.511763394,82.86,103.21,205.09,24.94
0.516245534,82.86,103.21,204.9,24.94
0.520910964,82.86,103.21,220.77,24.94
0.536287287,82.86,103.21,254.96,24.94
0.595945033,82.86,103.21,275.06,24.94
0.612877147,82.86,103.21,268.02,24.94
0.619476961,82.86,103.21,252.96,24.94
0.575353198,82.86,103.21,235.03,24.94
0.626258443,82.86,103.21,232.09,24.94
0.608319792,82.86,103.21,224.5,24.94
0.597011662,82.86,103.21,215.04,24.94
0.534210751,82.86,103.21,210.9,24.94
0.529947717,82.86,103.21,210,24.94
0.530236152,82.86,103.21,210.35,24.94
0.529776303,82.86,103.21,229,24.94
0.624217438,82.86,103.21,247.28,24.94
0.619768705,82.86,103.21,263,24.94
0.632947252,82.86,103.21,276.61,24.94
0.543195924,82.86,103.21,259.96,24.94
0.543251035,82.86,103.21,251.84,24.94
0.527465789,82.86,103.21,238.52,24.94
0.516821783,82.86,103.21,220.69,24.94
0.517722055,82.86,101.49,213.74,24.94
0.515077919,82.86,101.49,207.56,24.94
0.514256882,82.86,101.49,204.02,24.94
0.516885179,82.86,101.49,206.57,24.94
0.521441317,82.86,101.49,219.07,24.94
0.530742679,82.86,101.49,255.91,24.94
0.578880192,82.86,101.49,274.92,24.94
0.580822687,82.86,101.49,262.97,24.94
0.581925634,82.86,101.49,236.8,24.94
0.548614533,82.86,101.49,220,24.94
0.594178419,88.79,101.49,208.13,24.94
0.583708725,90.77,101.49,207.4,24.94
0.575328844,90.77,101.49,191.81,24.94
0.513606497,90.77,101.49,190.01,24.94
0.525371178,90.77,101.49,187.01,24.94
0.53232741,90.77,101.49,192.7,24.94
0.544527848,90.77,101.49,211.59,24.94
0.631537611,90.77,101.49,239.09,24.94
0.635812347,90.77,101.49,256.79,24.94
0.629225149,90.77,101.49,262.69,24.94
0.544185925,90.77,101.49,255.91,24.94
0.540383605,90.77,101.49,247.78,24.94
0.525418141,90.77,101.49,235.46,24.94
0.518168372,90.77,101.49,225.12,24.94
0.511787769,90.77,93.875,216.94,24.94
0.5133873,90.77,93.875,207.36,24.94
0.519663283,90.77,93.875,200.01,24.94
0.530147329,90.77,93.875,199.5,24.94
0.548622822,90.77,93.875,200.1,24.94
0.564878167,90.77,93.875,201.78,24.94
0.604178735,90.77,93.875,216.28,24.94
0.576127996,90.77,93.875,217.04,24.94
0.562634149,90.77,93.875,208.57,24.94
0.521054548,90.77,93.875,194.17,24.94
0.57964329,90.77,93.875,190.67,24.94
0.571301326,90.77,93.875,186.55,24.94
0.558141089,90.77,93.875,174.37,24.94
0.481545522,90.77,93.875,166.7,24.94
0.467486707,90.77,93.875,159.17,24.94
0.466350523,90.77,93.875,168.22,24.94
0.476707835,90.77,93.875,185.3,24.94
0.583581683,90.77,93.875,201.62,24.94
0.598055072,90.77,93.875,222.74,24.94
0.609848787,90.77,93.875,231.57,24.94
0.522108503,90.77,93.875,229,24.94
0.517377058,90.77,93.875,223.12,24.94
0.512361128,90.77,93.875,208.38,24.94
0.506292226,90.77,93.875,208.1,24.94
0.51440511,90.77,93.875,193.3,24.94
0.518782486,90.77,93.875,191.92,24.94
0.521386136,90.77,93.875,186.01,24.94
0.51475751,90.77,93.875,182.98,24.94
0.51794872,90.77,93.875,186.06,24.94
0.515792051,90.77,93.875,184.97,24.94
0.534711551,90.77,93.875,185.93,24.94
0.496266459,90.77,93.875,183.62,24.94
0.462608796,90.77,93.875,163.45,24.94
0.411107826,90.77,93.875,140.33,24.94
0.449694019,90.77,93.875,123.17,24.94
0.444802746,90.77,93.875,114.65,24.94
0.449463189,90.77,93.875,86.18,24.94
0.39220451,90.77,93.875,78.5,24.94
0.397600606,90.77,93.875,93.26,24.94
0.393072701,90.77,93.875,113.6,24.94
0.414731941,90.77,93.875,155.8,24.94
0.526351847,90.77,93.875,196.04,24.94
0.554571646,90.77,93.875,234.6,24.94
0.571093337,90.77,93.875,238.99,24.94
0.49835428,90.77,93.875,238.35,24.94
0.505526994,90.77,93.875,225.91,24.94
0.501356789,90.77,93.875,217.9,24.94
0.498037824,90.77,93.875,209.08,24.94
0.501598662,90.77,94.918,199.21,24.94
0.501294324,90.77,94.918,196.07,24.94
0.499998151,90.77,94.918,191.11,24.94
0.494025705,90.77,94.918,193.68,24.94
0.503784215,90.77,94.918,210.72,24.94
0.498985916,90.77,94.918,240,24.94
0.524791868,90.77,94.918,256.23,24.94
0.483007669,90.77,94.918,250.04,24.94
0.46016628,90.77,94.918,219.21,24.94
0.412998518,90.77,94.918,199.95,24.94
0.469187419,90.77,94.918,194.39,24.94
0.472221003,90.77,94.918,185.51,24.94
0.48318405,90.77,94.918,183.46,24.94
0.442753815,90.77,94.918,179.55,24.94
0.45361569,90.77,94.918,183.94,24.94
0.463035783,90.77,94.918,190.63,24.94
0.47785449,90.77,94.918,220.93,24.94
0.581185376,90.77,94.918,247.97,24.94
0.588582764,90.77,94.918,280,24.94
0.581115656,90.77,94.918,280,24.94
0.48542259,90.77,94.918,250.44,24.94
0.476422236,90.77,94.918,237.08,24.94
0.469961162,90.77,94.918,204.25,24.94
0.462757027,90.77,94.918,216.41,24.94
0.464252307,90.77,88,205.61,24.94
0.463446828,90.77,88,184.72,24.94
0.457619151,90.77,88,169.98,24.94
0.447001054,90.77,88,167.73,24.94
0.438029454,90.77,88,187.06,24.94
0.433515837,90.77,88,224.08,24.94
0.479037733,90.77,88,237.95,24.94
0.478344435,90.77,88,232.72,24.94
0.479347727,90.77,88,210.25,24.94
0.424076885,90.77,88,185,24.94
0.482061083,90.77,88,165.46,24.94
0.471067031,90.77,88,106.9,24.94
0.456902321,90.77,88,88.44,24.94
0.384393986,90.77,88,78.65,24.94
0.374612862,90.77,88,88.49,24.94
0.373941822,90.77,88,113.58,24.94
0.379434246,90.77,88,184.43,24.94
0.486010684,90.77,88,209.78,24.94
0.496687093,90.77,88,234.92,24.94
0.498795451,90.77,88,239.95,24.94
0.40491048,90.77,88,236.96,24.94
0.403135797,90.77,88,229.09,24.94
0.40026252,90.77,88,201.49,24.94
0.399961774,90.77,88,207.15,24.94
0.399240045,90.77,84.058,192.8,24.94
0.405451186,90.77,84.058,185.5,24.94
0.407572277,90.77,84.058,179,24.94
0.415775803,90.77,84.058,179.46,24.94
0.417033727,90.77,84.058,185.72,24.94
0.408497844,90.77,84.058,216.37,24.94
0.435676751,90.77,84.058,233.22,24.94
0.428729809,90.77,84.058,224,24.94
0.423245488,90.77,84.058,200,24.94
0.389959221,90.77,84.058,148.46,24.94
0.434370731,90.77,84.058,95.19,24.94
0.428911816,90.77,84.058,70.1,24.94
0.418076339,90.77,84.058,25.23,24.94
0.360155761,90.77,84.058,3.74,24.94
0.360346346,90.77,84.058,31.26,24.94
0.370545017,90.77,84.058,79.05,24.94
0.379280578,90.77,84.058,117.6,24.94
0.481137349,90.77,84.058,184.18,24.94
0.485779311,90.77,84.058,219.3,24.94
0.487665967,90.77,84.058,221.93,24.94
0.392002721,90.77,84.058,220,24.94
0.391013906,90.77,84.058,206.01,24.94
0.39068082,90.77,84.058,192.93,24.94
0.397265045,90.77,84.058,149.9,24.94
0.404865734,90.77,84.575,145.01,24.94
0.4106343,90.77,84.575,140.01,24.94
0.420331672,90.77,84.575,145.66,24.94
0.417351577,90.77,84.575,148.91,24.94
0.40280511,90.77,84.575,172.42,24.94
0.383008558,90.77,84.575,211.94,24.94
0.421383797,90.77,84.575,230.56,24.94
0.429678954,90.77,84.575,223.46,24.94
0.435414633,90.77,84.575,189.21,24.94
0.388692156,90.77,84.575,144.04,24.94
0.442481446,90.77,84.575,122.63,24.94
0.438351132,90.77,84.575,98.46,24.94
0.434568019,90.77,84.575,82.38,24.94
0.37590041,90.77,84.575,82.3,24.94
0.376712302,90.77,84.575,98.74,24.94
0.37920886,90.77,84.575,137.32,24.94
0.378834008,90.77,84.575,183.91,24.94
0.475566736,90.77,84.575,213.69,24.94
0.471272037,90.77,84.575,233.5,24.94
0.469006718,90.77,84.575,241.77,24.94
0.372803054,90.77,84.575,233.17,24.94
0.371631014,90.77,84.575,224.32,24.94
0.370477502,90.77,84.575,205.56,24.94
0.367941851,90.77,84.575,210,24.94
0.367599935,90.77,96.188,202.71,24.94
0.366532595,90.77,96.188,189,24.94
0.371511331,90.77,96.188,174.74,24.94
0.372781383,90.77,96.188,176.26,24.94
0.377359845,90.77,96.188,203.2,24.94
0.377621609,90.77,96.188,226.93,24.94
0.41488856,90.77,96.188,242.74,24.94
0.420252509,90.77,96.188,242.29,24.94
0.42259128,90.77,96.188,225.1,24.94
0.385595268,90.77,96.188,180.04,24.94
0.434711128,89.26,96.188,122.95,24.94
0.43214075,88.75,96.188,89.81,24.94
0.427386175,88.75,96.188,60.5,24.94
0.366949178,88.75,96.188,25.66,24.94
0.362289639,88.75,96.188,29.8,24.94
0.364655547,88.75,96.188,49.1,24.94
0.374927968,88.75,96.188,113.7,24.94
0.479591435,88.75,96.188,188.59,24.94
0.476889323,88.75,96.188,220.77,24.94
0.48351185,88.75,96.188,231.09,24.94
0.392623508,88.75,96.188,229,24.94
0.385517637,88.75,96.188,220.36,24.94
0.373860291,88.75,96.188,196.57,24.94
0.364784915,88.75,96.188,181,24.94
0.367800687,88.75,91.051,158.66,24.94
0.374245686,88.75,91.051,150.01,24.94
0.378659816,88.75,91.051,133.9,24.94
0.385375654,88.75,91.051,155.18,24.94
0.399825632,88.75,91.051,168.99,24.94
0.41908351,88.75,91.051,184.07,24.94
0.458817847,88.75,91.051,194.3,24.94
0.433682606,88.75,91.051,184.94,24.94
0.412105616,88.75,91.051,160,24.94
0.366941185,88.75,91.051,124.05,24.94
0.422139364,88.75,91.051,89.46,24.94
0.422266514,88.75,91.051,76.46,24.94
0.419880147,88.75,91.051,20.11,24.94
0.359553169,88.75,91.051,6.28,24.94
0.359900557,88.75,91.051,55.98,24.94
0.364198128,88.75,91.051,89.4,24.94
0.374459024,88.75,91.051,162.02,24.94
0.484968876,88.75,91.051,206.38,24.94
0.494874025,88.75,91.051,225,24.94
0.508741745,88.75,91.051,240.04,24.94
0.418944255,88.75,91.051,241.87,24.94
0.41819568,88.75,91.051,239,24.94
0.40841529,88.75,91.051,224.15,24.94
0.406505721,88.75,91.051,214.91,24.94
0.405734747,88.75,91.051,196.35,24.94
0.410121747,88.75,91.051,185.43,24.94
0.410221613,88.75,91.051,174.15,24.94
0.413674633,88.75,91.051,170.17,24.94
0.427336472,88.75,91.051,170.25,24.94
0.439245866,88.75,91.051,162.92,24.94
0.477189112,88.75,91.051,158.57,24.94
0.454430106,88.75,91.051,154.98,24.94
0.432482034,88.75,91.051,110.6,24.94
0.388789491,88.75,91.051,95.98,24.94
0.440630844,88.75,91.051,90,24.94
0.442889938,88.75,91.051,75,24.94
0.439329711,88.75,91.051,45.35,24.94
0.370699787,88.75,91.051,20.15,24.94
0.366424029,88.75,91.051,39.58,24.94
0.364669657,88.75,91.051,76.21,24.94
0.380179627,88.75,91.051,133.33,24.94
0.493730899,88.75,91.051,199.74,24.94
0.50440055,88.75,91.051,226.11,24.94
0.508243532,88.75,91.051,230.57,24.94
0.409679805,88.75,91.051,226.18,24.94
0.413189584,88.75,91.051,219.57,24.94
0.413794051,88.75,91.051,200.5,24.94
0.408942897,88.75,91.051,180.18,24.94
0.407752511,88.75,91.894,169.06,24.94
0.40770435,88.75,91.894,169.13,24.94
0.405495412,88.75,91.894,169.89,24.94
0.40724323,88.75,91.894,169.53,24.94
0.415652599,88.75,91.894,182.04,24.94
0.430995037,88.75,91.894,229.95,24.94
0.469877213,88.75,91.894,248.08,24.94
0.451230836,88.75,91.894,251.09,24.94
0.427466722,88.75,91.894,231.08,24.94
0.381001633,88.75,91.894,210.62,24.94
0.426146742,88.75,91.894,199.68,24.94
0.421652979,88.75,91.894,185.34,24.94
0.416987508,88.75,91.894,182.33,24.94
0.361498072,88.75,91.894,185.39,24.94
0.360243768,88.75,91.894,186.26,24.94
0.367563363,88.75,91.894,203.27,24.94
0.376444633,88.75,91.894,219.17,24.94
0.491202913,88.75,91.894,245.74,24.94
0.49913594,88.75,91.894,276.31,24.94
0.506808872,88.75,91.894,275.36,24.94
0.407830862,88.75,91.894,259.9,24.94
0.404516208,88.75,91.894,240.2,24.94
0.395735789,88.75,91.894,208.38,24.94
0.395505398,88.75,91.894,203.39,24.94
0.396850261,88.75,92.624,195.94,24.94
0.402503154,88.75,92.624,189.1,24.94
0.406945237,88.75,92.624,185.05,24.94
0.411877254,88.75,92.624,189.2,24.94
0.426505942,88.75,92.624,202.24,24.94
0.443772009,88.75,92.624,236.7,24.94
0.4877233,88.75,92.624,264.89,24.94
0.460217101,88.75,92.624,274.17,24.94
0.439996484,88.75,92.624,244.91,24.94
0.391241903,88.75,92.624,231.99,24.94
0.447197933,88.75,92.624,216.29,24.94
0.444568719,88.75,92.624,208.09,24.94
0.441537325,88.75,92.624,197.46,24.94
0.377893088,88.75,92.624,189.24,24.94
0.37171645,88.75,92.624,187.97,24.94
0.374993302,88.75,92.624,204.12,24.94
0.388719309,88.75,92.624,237.13,24.94
0.498166716,88.75,92.624,251.82,24.94
0.505694505,88.75,92.624,290,24.94
0.50994601,88.75,92.624,298.21,24.94
0.423210094,88.75,92.624,265.88,24.94
0.42379041,88.75,92.624,245.46,24.94
0.425583729,88.75,92.624,208.73,24.94
0.422191443,88.75,92.624,206.47,24.94
0.419972875,88.75,92.99,187.89,24.94
0.420207428,88.75,92.99,176.23,24.94
0.418673185,88.75,92.99,170.98,24.94
0.42439836,88.75,92.99,173.48,24.94
0.440827682,88.75,92.99,179.61,24.94
0.456317473,88.75,92.99,219.95,24.94
0.494027502,88.75,92.99,247.6,24.94
0.467119001,88.75,92.99,241.29,24.94
0.440028491,88.75,92.99,211.07,24.94
0.382655361,88.75,92.99,179.17,24.94
0.430789742,88.75,92.99,174.9,24.94
0.430202708,88.75,92.99,179.94,24.94
0.430625001,88.75,92.99,177.03,24.94
0.370474412,88.75,92.99,176.71,24.94
0.36771078,88.75,92.99,178.9,24.94
0.373360778,88.75,92.99,194.94,24.94
0.380035119,88.75,92.99,216.84,24.94
0.475218988,88.75,92.99,241.2,24.94
0.479580667,88.75,92.99,286.99,24.94
0.478098245,88.75,92.99,280,24.94
0.402314405,88.75,92.99,245.88,24.94
0.406076152,88.75,92.99,225.73,24.94
0.408406142,88.75,92.99,194.47,24.94
0.410529164,88.75,92.99,196.96,24.94
0.410163514,88.75,93.894,185.01,24.94
0.413841499,88.75,93.894,179.94,24.94
0.41706795,88.75,93.894,176.27,24.94
0.420983172,88.75,93.894,177.98,24.94
0.41945276,88.75,93.894,185.06,24.94
0.408891181,88.75,93.894,222.33,24.94
0.440181939,88.75,93.894,250.04,24.94
0.43572766,88.75,93.894,249.31,24.94
0.442546501,88.75,93.894,229.93,24.94
0.397664692,88.75,93.894,198.22,24.94
0.451482421,88.75,93.894,183.99,24.94
0.438521398,88.75,93.894,182.96,24.94
0.438200425,88.75,93.894,180.8,24.94
0.373368184,88.75,93.894,176.2,24.94
0.368075801,88.75,93.894,185.09,24.94
0.366332561,88.75,93.894,198.96,24.94
0.372730863,88.75,93.894,224.02,24.94
0.466014037,88.75,93.894,232.99,24.94
0.465580629,88.75,93.894,269.27,24.94
0.466302088,88.75,93.894,273.4,24.94
0.377875716,88.75,93.894,253,24.94
0.379271407,88.75,93.894,234.38,24.94
0.38402633,88.75,93.894,213.31,24.94
0.383997135,88.75,93.894,211.1,24.94
0.384548247,88.75,90.38,195.98,24.94
0.386635746,88.75,90.38,189.56,24.94
0.390169694,88.75,90.38,188,24.94
0.399900452,88.75,90.38,189.56,24.94
0.404904483,88.75,90.38,208.62,24.94
0.405668431,88.75,90.38,237.24,24.94
0.433068549,88.75,90.38,263.32,24.94
0.423948042,88.75,90.38,250,24.94
0.421105464,88.75,90.38,224,24.94
0.384556774,88.75,90.38,204.97,24.94
0.448047037,83.05,90.38,201.6,24.94
0.443318715,81.15,90.38,197.4,24.94
0.43121774,81.15,90.38,190.07,24.94
0.366294826,81.15,90.38,185.33,24.94
0.365973494,81.15,90.38,189.26,24.94
0.373006032,81.15,90.38,190,24.94
0.380192599,81.15,90.38,216.3,24.94
0.486355907,81.15,90.38,227.7,24.94
0.48657681,81.15,90.38,230.99,24.94
0.485586434,81.15,90.38,231.03,24.94
0.389423172,81.15,90.38,218.03,24.94
0.390006165,81.15,90.38,205.27,24.94
0.399762111,81.15,90.38,176.3,24.94
0.413660886,81.15,90.38,134.15,24.94
0.423729645,81.15,85.862,125.3,24.94
0.425570006,81.15,85.862,96.29,24.94
0.422531498,81.15,85.862,94.66,24.94
0.422410255,81.15,85.862,91.76,24.94
0.4339321,81.15,85.862,90.01,24.94
0.445739715,81.15,85.862,105.14,24.94
0.47684335,81.15,85.862,118.9,24.94
0.441653286,81.15,85.862,110.8,24.94
0.41664354,81.15,85.862,83.93,24.94
0.374565057,81.15,85.862,74.99,24.94
0.428493567,81.15,85.862,14.19,24.94
0.426021617,81.15,85.862,0.48,24.94
0.420342693,81.15,85.862,-0.06,24.94
0.362283456,81.15,85.862,-0.09,24.94
0.367465103,81.15,85.862,0.01,24.94
0.379513788,81.15,85.862,11.01,24.94
0.39599529,81.15,85.862,81.49,24.94
0.503894031,81.15,85.862,161.27,24.94
0.509586303,81.15,85.862,201,24.94
0.510741851,81.15,85.862,219.32,24.94
0.421998324,81.15,85.862,228.11,24.94
0.420204872,81.15,85.862,223.85,24.94
0.419554708,81.15,85.862,214.18,24.94
0.412449741,81.15,85.862,186.58,24.94
0.416259829,81.15,85.862,179.4,24.94
0.419623923,81.15,85.862,172.5,24.94
0.427378278,81.15,85.862,170,24.94
0.426556931,81.15,85.862,171,24.94
0.428432742,81.15,85.862,169.91,24.94
0.424202631,81.15,85.862,166.96,24.94
0.453180683,81.15,85.862,166.88,24.94
0.420641735,81.15,85.862,160,24.94
0.406212521,81.15,85.862,149.96,24.94
0.364684638,81.15,85.862,138.29,24.94
0.420927159,81.15,85.862,138.25,24.94
0.420841079,81.15,85.862,136.95,24.94
0.420573052,81.15,85.862,109.92,24.94
0.356822409,81.15,85.862,101.4,24.94
0.354117945,81.15,85.862,103.7,24.94
0.359413407,81.15,85.862,133.19,24.94
0.370859264,81.15,85.862,156.62,24.94
0.48634524,81.15,85.862,195.29,24.94
0.502010838,81.15,85.862,213.37,24.94
0.503667057,81.15,85.862,225.55,24.94
0.413124567,81.15,85.862,227.9,24.94
0.416518147,81.15,85.862,219.91,24.94
0.42338232,81.15,85.862,191.24,24.94
0.422725432,81.15,85.862,175.89,24.94
0.421871492,81.15,86.503,164.57,24.94
0.415924103,81.15,86.503,158.75,24.94
0.41751562,81.15,86.503,155.07,24.94
0.420766464,81.15,86.503,158.2,24.94
0.427343248,81.15,86.503,172.54,24.94
0.43373732,81.15,86.503,202.7,24.94
0.464027932,81.15,86.503,224.96,24.94
0.436999613,81.15,86.503,230.02,24.94
0.42392429,81.15,86.503,220.97,24.94
0.381104585,81.15,86.503,217.19,24.94
0.437990946,81.15,86.503,202.68,24.94
0.437360194,81.15,86.503,188.88,24.94
0.436315792,81.15,86.503,171.73,24.94
0.376235846,81.15,86.503,171.63,24.94
0.379157268,81.15,86.503,170.88,24.94
0.385450162,81.15,86.503,175.25,24.94
0.39626878,81.15,86.503,197.1,24.94
0.503322071,81.15,86.503,214.03,24.94
0.516778402,81.15,86.503,214.94,24.94
0.522118877,81.15,86.503,210.07,24.94
0.441573123,81.15,86.503,190,24.94
0.439572622,81.15,86.503,179.91,24.94
0.441511255,81.15,86.503,147.35,24.94
0.437409631,81.15,86.503,92.07,24.94
0.434069202,81.15,80.55,82.85,24.94
0.435713375,81.15,80.55,81.77,24.94
0.433864159,81.15,80.55,96.24,24.94
0.439749408,81.15,80.55,107.4,24.94
0.452304406,81.15,80.55,155.95,24.94
0.470896164,81.15,80.55,188.91,24.94
0.50503022,81.15,80.55,210.29,24.94
0.479129666,81.15,80.55,209.14,24.94
0.451953058,81.15,80.55,193,24.94
0.404051823,81.15,80.55,180.05,24.94
0.455163504,81.15,80.55,163.36,24.94
0.450361864,81.15,80.55,150.5,24.94
0.446822161,81.15,80.55,137.56,24.94
0.382533,81.15,80.55,124.5,24.94
0.388335501,81.15,80.55,149.99,24.94
0.392069731,81.15,80.55,162.47,24.94
0.397277569,81.15,80.55,171.43,24.94
0.506226318,81.15,80.55,198.38,24.94
0.504731534,81.15,80.55,212.98,24.94
0.507925469,81.15,80.55,219.99,24.94
0.411327455,81.15,80.55,220.3,24.94
0.412985506,81.15,80.55,211.91,24.94
0.412015011,81.15,80.55,189.64,24.94
0.41766665,81.15,80.55,190.73,24.94
0.415299492,81.15,80.479,180.06,24.94
0.418429965,81.15,80.479,170.51,24.94
0.419092585,81.15,80.479,167.92,24.94
0.425148472,81.15,80.479,169.9,24.94
0.437368319,81.15,80.479,178.14,24.94
0.444607899,81.15,80.479,211.11,24.94
0.478104564,81.15,80.479,230,24.94
0.445211596,81.15,80.479,227.88,24.94
0.422135291,81.15,80.479,207.21,24.94
0.37306708,81.15,80.479,174.26,24.94
0.42864939,81.15,80.479,168.98,24.94
0.427569729,81.15,80.479,161.83,24.94
0.434010975,81.15,80.479,145.17,24.94
0.377763294,81.15,80.479,137.78,24.94
0.378691657,81.15,80.479,124.06,24.94
0.377038376,81.15,80.479,124.08,24.94
0.385393659,81.15,80.479,151.69,24.94
0.486435796,81.15,80.479,166.32,24.94
0.485278009,81.15,80.479,192.77,24.94
0.488553306,81.15,80.479,210.13,24.94
0.403786579,81.15,80.479,211.95,24.94
0.409737762,81.15,80.479,192.26,24.94
0.410365577,81.15,80.479,165.17,24.94
0.407508112,81.15,80.479,132.39,24.94
0.401791494,81.15,80.546,82.68,24.94
0.401899577,81.15,80.546,82.19,24.94
0.404282625,81.15,80.546,77.02,24.94
0.409403269,81.15,80.546,84.73,24.94
0.415679075,81.15,80.546,84.8,24.94
0.420744737,81.15,80.546,77.09,24.94
0.457481722,81.15,80.546,77.04,24.94
0.459945208,81.15,80.546,51.85,24.94
0.469751256,81.15,80.546,7.37,24.94
0.440930395,81.15,80.546,1.96,24.94
0.50266064,81.15,80.546,0.07,24.94
0.4925506,81.15,80.546,0,24.94
0.491051501,81.15,80.546,-0.08,24.94
0.428631403,81.15,80.546,-4.4,24.94
0.432305013,81.15,80.546,-1.36,24.94
0.437269747,81.15,80.546,0.01,24.94
0.44264167,81.15,80.546,9.29,24.94
0.545501703,81.15,80.546,113.27,24.94
0.542078683,81.15,80.546,154.12,24.94
0.53961913,81.15,80.546,168.09,24.94
0.432682024,81.15,80.546,162.26,24.94
0.433642055,81.15,80.546,159.17,24.94
0.43148433,81.15,80.546,110.82,24.94
0.437478637,81.15,80.546,77.15,24.94
0.439566986,81.15,81.6,56.99,24.94
0.442107355,81.15,81.6,50.06,24.94
0.44244261,81.15,81.6,50.02,24.94
0.443447442,81.15,81.6,76.43,24.94
0.446434596,81.15,81.6,90.9,24.94
0.451370823,81.15,81.6,112.28,24.94
0.494961525,81.15,81.6,138.59,24.94
0.504235633,81.15,81.6,76.44,24.94
0.517203853,81.15,81.6,44.31,24.94
0.492471473,81.15,81.6,3.01,24.94
0.55397743,81.15,81.6,0.06,24.94
0.551179693,81.15,81.6,0.03,24.94
0.546111116,81.15,81.6,-0.1,24.94
0.482269644,81.15,81.6,-10.8,24.94
0.477658161,81.15,81.6,-7.36,24.94
0.476778121,81.15,81.6,-0.04,24.94
0.473541228,81.15,81.6,0.1,24.94
0.575751703,81.15,81.6,7.11,24.94
0.5736233,81.15,81.6,51.65,24.94
0.567128108,81.15,81.6,75.97,24.94
0.473866244,81.15,81.6,77.12,24.94
0.470341383,81.15,81.6,75.96,24.94
0.464906186,81.15,81.6,76.49,24.94
0.453485714,81.15,81.6,9.79,24.94
0.448259884,81.15,81.798,8.11,24.94
0.449297209,81.15,81.798,3.78,24.94
0.455892285,81.15,81.798,2.73,24.94
0.465339134,81.15,81.798,2.99,24.94
0.482911924,81.15,81.798,1.93,24.94
0.497739295,81.15,81.798,2.97,24.94
0.530138386,81.15,81.798,1.96,24.94
0.491739703,81.15,81.798,0.59,24.94
0.456565042,81.15,81.798,0.02,24.94
0.404025015,81.15,81.798,-0.05,24.94
0.452933708,81.15,81.798,-0.28,24.94
0.447348927,81.15,81.798,-1.36,24.94
0.442650972,81.15,81.798,-13.85,24.94
0.378728948,81.15,81.798,-10.01,24.94
0.377642601,81.15,81.798,-3.15,24.94
0.373698684,81.15,81.798,-0.03,24.94
0.375557072,81.15,81.798,12.56,24.94
0.472010761,81.15,81.798,79.44,24.94
0.481325116,81.15,81.798,135.46,24.94
0.490579081,81.15,81.798,158.33,24.94
0.412125607,81.15,81.798,164.37,24.94
0.414917842,81.15,81.798,170,24.94
0.417092203,81.15,81.798,158.08,24.94
0.414835955,81.15,81.798,162.11,24.94
0.421994288,81.15,81.798,141.28,24.94
0.430231429,81.15,81.798,140.79,24.94
0.432859928,81.15,81.798,138.37,24.94
0.427947618,81.15,81.798,140.04,24.94
0.424116591,81.15,81.798,141.32,24.94
0.418630492,81.15,81.798,133.8,24.94
0.446190029,81.15,81.798,138.37,24.94
0.420635645,81.15,81.798,140.15,24.94
0.39917158,81.15,81.798,140.08,24.94
0.356866515,81.15,81.798,140,24.94
0.412808623,81.15,81.798,145.06,24.94
0.412068515,81.15,81.798,141,24.94
0.407925941,81.15,81.798,133.49,24.94
0.350272767,81.15,81.798,123.78,24.94
0.349224866,81.15,81.798,121.59,24.94
0.356697648,81.15,81.798,120,24.94
0.361091759,81.15,81.798,150,24.94
0.467803625,81.15,81.798,179.56,24.94
0.470783348,81.15,81.798,201.38,24.94
0.48062371,81.15,81.798,214.94,24.94
0.38822182,81.15,81.798,224.97,24.94
0.392921226,81.15,81.798,225,24.94
0.398516041,81.15,81.798,214.96,24.94
0.396910434,81.15,81.798,203.9,24.94
0.402589117,81.15,82.59,194.72,24.94
0.408132878,81.15,82.59,192.65,24.94
0.409448298,81.15,82.59,184.5,24.94
0.402528195,81.15,82.59,182.92,24.94
0.398881815,81.15,82.59,195.74,24.94
0.403352912,81.15,82.59,230.68,24.94
0.438291189,81.15,82.59,257.95,24.94
0.414726057,81.15,82.59,260.27,24.94
0.399552686,81.15,82.59,232.92,24.94
0.354207374,81.15,82.59,230,24.94
0.410431328,81.15,82.59,229.77,24.94
0.411406705,81.15,82.59,215,24.94
0.409236889,81.15,82.59,207.5,24.94
0.347352635,81.15,82.59,201.28,24.94
0.347492706,81.15,82.59,202.29,24.94
0.353069816,81.15,82.59,210.9,24.94
0.361407419,81.15,82.59,225.7,24.94
0.460951389,81.15,82.59,241.36,24.94
0.469145411,81.15,82.59,291.14,24.94
0.473308065,81.15,82.59,295,24.94
0.373426271,81.15,82.59,266.46,24.94
0.371071506,81.15,82.59,243.68,24.94
0.368968022,81.15,82.59,227.5,24.94
0.371676191,81.15,82.59,200.91,24.94
0.371751604,81.15,87.14,183,24.94
0.374034547,81.15,87.14,179.62,24.94
0.378357764,81.15,87.14,177.02,24.94
0.384758207,81.15,87.14,180.01,24.94
0.392317435,81.15,87.14,195.99,24.94
0.402242238,81.15,87.14,228.68,24.94
0.437249753,81.15,87.14,247.77,24.94
0.422757391,81.15,87.14,243.14,24.94
0.397908638,81.15,87.14,225.9,24.94
0.353698326,81.15,87.14,200.63,24.94
0.407722821,81.15,87.14,193.91,24.94
0.409780745,81.15,87.14,192.27,24.94
0.408455759,81.15,87.14,184.07,24.94
0.350505701,81.15,87.14,182.54,24.94
0.354556241,81.15,87.14,182.08,24.94
0.356643894,81.15,87.14,182.38,24.94
0.365078573,81.15,87.14,200,24.94
0.47378801,81.15,87.14,234.97,24.94
0.483147357,81.15,87.14,255.02,24.94
0.490046009,81.15,87.14,258.67,24.94
0.399572789,81.15,87.14,247.51,24.94
0.402373402,81.15,87.14,240.01,24.94
0.406934437,81.15,87.14,227.98,24.94
0.407035649,81.15,87.14,220,24.94
0.414755781,81.15,90.344,207.45,24.94
0.415996498,81.15,90.344,199.09,24.94
0.415929078,81.15,90.344,182.53,24.94
0.413793404,81.15,90.344,182.28,24.94
0.417289703,81.15,90.344,198.95,24.94
0.42154777,81.15,90.344,230,24.94
0.451398651,81.15,90.344,249.68,24.94
0.429858191,81.15,90.344,246.36,24.94
0.415680617,81.15,90.344,228.82,24.94
0.373508153,81.15,90.344,211.8,24.94
0.42723835,81.15,90.344,206.6,24.94
0.427332691,81.15,90.344,189.77,24.94
0.427403724,81.15,90.344,184.86,24.94
0.371112884,81.15,90.344,184.86,24.94
0.372369126,81.15,90.344,180.04,24.94
0.373692863,81.15,90.344,181.6,24.94
0.371548075,81.15,90.344,199.71,24.94
0.47083417,81.15,90.344,229.92,24.94
0.473323241,81.15,90.344,251.98,24.94
0.482747646,81.15,90.344,257.71,24.94
0.384822553,81.15,90.344,262.6,24.94
0.387601891,81.15,90.344,250,24.94
0.386619324,81.15,90.344,230.33,24.94
0.387380547,81.15,90.344,191,24.94
0.385101872,81.15,80.803,175.04,24.94
0.391557744,81.15,80.803,169.33,24.94
0.397470271,81.15,80.803,161.96,24.94
0.391986556,81.15,80.803,165.05,24.94
0.379582727,81.15,80.803,171.7,24.94
0.366660432,81.15,80.803,209.65,24.94
0.407305443,81.15,80.803,223.1,24.94
0.417188708,81.15,80.803,218.13,24.94
0.418704498,81.15,80.803,190.26,24.94
0.383465299,81.15,80.803,173.81,24.94
0.434700146,81.15,80.803,167.5,24.94
0.429093945,81.15,80.803,162.51,24.94
0.422301806,81.15,80.803,152.8,24.94
0.35793134,81.15,80.803,150.4,24.94
0.365978309,81.15,80.803,154.8,24.94
0.366115623,81.15,80.803,164.86,24.94
0.372521679,81.15,80.803,174.74,24.94
0.46522997,81.15,80.803,218.05,24.94
0.467336751,81.15,80.803,230.65,24.94
0.464160798,81.15,80.803,238.97,24.94
0.36661227,81.15,80.803,228.94,24.94
0.370197079,81.15,80.803,229.78,24.94
0.369666246,81.15,80.803,209.87,24.94
0.373793376,81.15,80.803,177.61,24.94
0.385215246,81.15,80.803,163.13,24.94
0.395792232,81.15,80.803,157.41,24.94
0.400868544,81.15,80.803,159.62,24.94
0.388483641,81.15,80.803,161.7,24.94
0.369781378,81.15,80.803,169.94,24.94
0.357321992,81.15,80.803,209.83,24.94
0.396039874,81.15,80.803,225.11,24.94
0.405901249,81.15,80.803,217.18,24.94
0.417191121,81.15,80.803,197.12,24.94
0.381090442,81.15,80.803,179.97,24.94
0.44505175,81.15,80.803,161.85,24.94
0.432170476,81.15,80.803,161.67,24.94
0.429572763,81.15,80.803,150.23,24.94
0.366008633,81.15,80.803,151.96,24.94
0.361985995,81.15,80.803,155.14,24.94
0.365277399,81.15,80.803,163.09,24.94
0.371425068,81.15,80.803,195.41,24.94
0.476571409,81.15,80.803,216.31,24.94
0.484015358,81.15,80.803,225,24.94
0.481845871,81.15,80.803,221.83,24.94
0.388781331,81.15,80.803,212.86,24.94
0.377115782,81.15,80.803,211.96,24.94
0.369904698,81.15,80.803,183.16,24.94
0.362162818,81.15,80.803,175.81,24.94
0.366764381,81.15,80.803,167.97,24.94
0.373543914,81.15,80.803,166.92,24.94
0.378771776,81.15,80.803,157.05,24.94
0.377585464,81.15,80.803,155.5,24.94
0.38121708,81.15,80.803,156.01,24.94
0.385342966,81.15,80.803,159.8,24.94
0.432066795,81.15,80.803,169.86,24.94
0.412808036,81.15,80.803,180,24.94
0.403932225,81.15,80.803,178.5,24.94
0.364927646,81.15,80.803,163.33,24.94
0.427403055,81.15,80.803,139.98,24.94
0.427684879,81.15,80.803,135.14,24.94
0.416022336,81.15,80.803,114.28,24.94
0.349444399,81.15,80.803,94.86,24.94
0.351671133,81.15,80.803,118.99,24.94
0.355304274,81.15,80.803,141.42,24.94
0.363967062,81.15,80.803,158.92,24.94
0.464221437,81.15,80.803,179.83,24.94
0.471171829,81.15,80.803,199.03,24.94
0.468574556,81.15,80.803,209.24,24.94
0.371263314,81.15,80.803,198.98,24.94
0.364641715,81.15,80.803,199.06,24.94
0.358589671,81.15,80.803,179.36,24.94
0.34977541,81.15,80.803,165.52,24.94
0.355181027,81.15,80.771,157.23,24.94
0.364231285,81.15,80.771,149.57,24.94
0.374827825,81.15,80.771,136.88,24.94
0.376838311,81.15,80.771,136.04,24.94
0.38496122,81.15,80.771,128.04,24.94
0.393778207,81.15,80.771,127.27,24.94
0.433918711,81.15,80.771,133.65,24.94
0.418608119,81.15,80.771,136.28,24.94
0.39949656,81.15,80.771,142.65,24.94
0.360933098,81.15,80.771,141.36,24.94
0.415837123,81.15,80.771,143.62,24.94
0.412218732,81.15,80.771,132.5,24.94
0.403610919,81.15,80.771,90.36,24.94
0.350335153,81.15,80.771,98.31,24.94
0.351897454,81.15,80.771,121.95,24.94
0.361999092,81.15,80.771,132.03,24.94
0.368391507,81.15,80.771,150.02,24.94
0.467757141,81.15,80.771,163.03,24.94
0.466795309,81.15,80.771,168.8,24.94
0.470273028,81.15,80.771,169.44,24.94
0.376676529,81.15,80.771,166.36,24.94
0.375128211,81.15,80.771,169.22,24.94
0.380470013,81.15,80.771,137.74,24.94
0.379246098,81.15,80.771,103.4,24.94
0.376288198,81.15,80.739,90.86,24.94
0.37415718,81.15,80.739,82.07,24.94
0.368110872,81.15,80.739,88.02,24.94
0.360810998,81.15,80.739,85.05,24.94
0.360271179,81.15,80.739,88.08,24.94
0.360303332,81.15,80.739,90.06,24.94
0.399726124,81.15,80.739,94.22,24.94
0.405242418,81.15,80.739,84.05,24.94
0.412086741,81.15,80.739,57.05,24.94
0.385789551,81.15,80.739,30,24.94
0.435759994,81.15,80.739,11.06,24.94
0.430736758,81.15,80.739,0.1,24.94
0.41952542,81.15,80.739,-0.08,24.94
0.360266526,81.15,80.739,-0.59,24.94
0.356710838,81.15,80.739,-0.01,24.94
0.35930154,81.15,80.739,0.81,24.94
0.368161556,81.15,80.739,82.06,24.94
0.479230344,81.15,80.739,169.55,24.94
0.482328182,81.15,80.739,200,24.94
0.486777905,81.15,80.739,214.97,24.94
0.381041938,81.15,80.739,214.04,24.94
0.375565804,81.15,80.739,217.42,24.94
0.368461969,81.15,80.739,189.7,24.94
0.365142725,81.15,80.739,163.72,24.94
0.362967671,81.15,79.768,154.34,24.94
0.363333346,81.15,79.768,150.61,24.94
0.359250202,81.15,79.768,145.72,24.94
0.360503771,81.15,79.768,146.88,24.94
0.377411169,81.15,79.768,154.33,24.94
0.392501155,81.15,79.768,175.7,24.94
0.434191046,81.15,79.768,216.93,24.94
0.410723091,81.15,79.768,220.12,24.94
0.401818311,81.15,79.768,210.99,24.94
0.358280874,81.15,79.768,191,24.94
0.414051464,81.15,79.768,173.32,24.94
0.41555883,81.15,79.768,168.7,24.94
0.415122884,81.15,79.768,168.7,24.94
0.353579971,81.15,79.768,165.52,24.94
0.355157104,81.15,79.768,163.87,24.94
0.358901507,81.15,79.768,164.07,24.94
0.367434923,81.15,79.768,173.1,24.94
0.466026282,81.15,79.768,200,24.94
0.466728063,81.15,79.768,218.04,24.94
0.461143146,81.15,79.768,227.46,24.94
0.366829122,81.15,79.768,228.81,24.94
0.361342639,81.15,79.768,220.26,24.94
0.357477062,81.15,79.768,210.97,24.94
0.355460533,81.15,79.768,185.05,24.94
0.355039755,81.15,78.361,168.95,24.94
0.355055532,81.15,78.361,165.1,24.94
0.354152732,81.15,78.361,162.96,24.94
0.353179977,81.15,78.361,164.92,24.94
0.366256139,81.15,78.361,175,24.94
0.38328099,81.15,78.361,197.42,24.94
0.428712601,81.15,78.361,213.93,24.94
0.412447802,81.15,78.361,215.01,24.94
0.398961215,81.15,78.361,205.29,24.94
0.353635717,81.15,78.361,191,24.94
0.409545904,81.15,78.361,183.58,24.94
0.411541783,81.15,78.361,180.58,24.94
0.407977507,81.15,78.361,174.43,24.94
0.344144633,81.15,78.361,176.43,24.94
0.341410832,81.15,78.361,178.99,24.94
0.347505789,81.15,78.361,181.73,24.94
0.35417814,81.15,78.361,199.66,24.94
0.457002703,81.15,78.361,209.69,24.94
0.466607649,81.15,78.361,227.2,24.94
0.465937686,81.15,78.361,212.36,24.94
0.373572211,81.15,78.361,211.98,24.94
0.369105264,81.15,78.361,211,24.94
0.365808187,81.15,78.361,176.09,24.94
0.357338375,81.15,78.361,189.01,24.94
0.352571389,81.15,77.288,170.63,24.94
0.349071778,81.15,77.288,165,24.94
0.349161961,81.15,77.288,164.81,24.94
0.351730336,81.15,77.288,164.85,24.94
0.35044241,81.15,77.288,174.54,24.94
0.349586027,81.15,77.288,205.75,24.94
0.387126343,81.15,77.288,215.06,24.94
0.395578168,81.15,77.288,221.92,24.94
0.410565275,81.15,77.288,214.21,24.94
0.377213719,81.15,77.288,205.13,24.94
0.440021837,81.15,77.288,189.43,24.94
0.433689599,81.15,77.288,183.18,24.94
0.428705022,81.15,77.288,169.63,24.94
0.358475478,81.15,77.288,161.16,24.94
0.358400931,81.15,77.288,154.04,24.94
0.357565121,81.15,77.288,153.31,24.94
0.359557395,81.15,77.288,166.76,24.94
0.453926914,81.15,77.288,177.73,24.94
0.454652855,81.15,77.288,191.97,24.94
0.449871989,81.15,77.288,202.28,24.94
0.356117502,81.15,77.288,210.24,24.94
0.35008826,81.15,77.288,209.09,24.94
0.34356122,81.15,77.288,192.07,24.94
0.339338639,81.15,77.288,196.58,24.94
0.33637832,81.15,83.934,170,24.94
0.340043092,81.15,83.934,164.24,24.94
0.340581651,81.15,83.934,163.81,24.94
0.34110679,81.15,83.934,163.84,24.94
0.340045315,81.15,83.934,179.14,24.94
0.34580758,81.15,83.934,207.91,24.94
0.393253521,81.15,83.934,213.76,24.94
0.405630353,81.15,83.934,212.84,24.94
0.410799761,81.15,83.934,194.94,24.94
0.376668851,81.15,83.934,175.16,24.94
0.433954339,80.84,83.934,164.17,24.94
0.423535103,80.73,83.934,157.77,24.94
0.421504582,80.73,83.934,159.07,24.94
0.3595182,80.73,83.934,151.61,24.94
0.360137159,80.73,83.934,155.83,24.94
0.355618471,80.73,83.934,162.8,24.94
0.357054445,80.73,83.934,185.78,24.94
0.461338844,80.73,83.934,202.44,24.94
0.466288877,80.73,83.934,218.51,24.94
0.467061976,80.73,83.934,220.46,24.94
0.368676818,80.73,83.934,216.9,24.94
0.368856383,80.73,83.934,215.48,24.94
0.35003454,80.73,83.934,205.07,24.94
0.341203055,80.73,83.934,202.71,24.94
0.342745941,80.73,80.453,186.01,24.94
0.344893421,80.73,80.453,173.39,24.94
0.346488764,80.73,80.453,165.68,24.94
0.346081747,80.73,80.453,158.56,24.94
0.347996853,80.73,80.453,155.46,24.94
0.357169637,80.73,80.453,157.84,24.94
0.400106661,80.73,80.453,151.42,24.94
0.397057027,80.73,80.453,149,24.94
0.396642303,80.73,80.453,111.05,24.94
0.35768859,80.73,80.453,80.29,24.94
0.413901147,80.73,80.453,72.28,24.94
0.413295844,80.73,80.453,62.62,24.94
0.415706462,80.73,80.453,48.15,24.94
0.35734961,80.73,80.453,4.23,24.94
0.356884867,80.73,80.453,37.53,24.94
0.358270995,80.73,80.453,61.49,24.94
0.358867061,80.73,80.453,76.05,24.94
0.451906446,80.73,80.453,155.36,24.94
0.448756554,80.73,80.453,196.39,24.94
0.449018541,80.73,80.453,209.33,24.94
0.353603711,80.73,80.453,211.06,24.94
0.35226804,80.73,80.453,207.92,24.94
0.348075758,80.73,80.453,199,24.94
0.345706313,80.73,80.453,195,24.94
0.33898608,80.73,80.453,164.45,24.94
0.336465976,80.73,80.453,154.18,24.94
0.33924896,80.73,80.453,145.76,24.94
0.344186925,80.73,80.453,145.28,24.94
0.353530261,80.73,80.453,131.89,24.94
0.367301028,80.73,80.453,120.32,24.94
0.411545243,80.73,80.453,117.01,24.94
0.399977634,80.73,80.453,103.03,24.94
0.39907385,80.73,80.453,80.83,24.94
0.353427394,80.73,80.453,74.37,24.94
0.405336945,80.73,80.453,48.89,24.94
0.400030675,80.73,80.453,19.91,24.94
0.397666182,80.73,80.453,4.82,24.94
0.344217424,80.73,80.453,0.08,24.94
0.352326982,80.73,80.453,9.95,24.94
0.351551935,80.73,80.453,44.79,24.94
0.353774011,80.73,80.453,85.33,24.94
0.446862764,80.73,80.453,159.95,24.94
0.451376665,80.73,80.453,185.31,24.94
0.456904308,80.73,80.453,205.98,24.94
0.36172368,80.73,80.453,210.98,24.94
0.363180569,80.73,80.453,210,24.94
0.36064083,80.73,80.453,188.83,24.94
0.368696814,80.73,80.453,173.97,24.94
0.368376562,80.73,81.222,162.67,24.94
0.372045671,80.73,81.222,155.11,24.94
0.366830663,80.73,81.222,149.92,24.94
0.36888347,80.73,81.222,146.92,24.94
0.370022121,80.73,81.222,158.47,24.94
0.38173761,80.73,81.222,200.03,24.94
0.419305636,80.73,81.222,211.19,24.94
0.40529646,80.73,81.222,212.12,24.94
0.392875914,80.73,81.222,179.22,24.94
0.352658067,80.73,81.222,165.7,24.94
0.403851929,80.73,81.222,147.17,24.94
0.405192489,80.73,81.222,139.6,24.94
0.401989727,80.73,81.222,106.06,24.94
0.347175413,80.73,81.222,87.59,24.94
0.344518926,80.73,81.222,85.23,24.94
0.352626615,80.73,81.222,106.26,24.94
0.354628846,80.73,81.222,142.92,24.94
0.456642202,80.73,81.222,160.35,24.94
0.455526901,80.73,81.222,207.46,24.94
0.461746774,80.73,81.222,224.9,24.94
0.371986487,80.73,81.222,225.97,24.94
0.372132816,80.73,81.222,223.47,24.94
0.364865675,80.73,81.222,201.24,24.94
0.353843568,80.73,81.222,174.44,24.94
0.349970433,80.73,81.409,162.72,24.94
0.345450608,80.73,81.409,161.69,24.94
0.341804849,80.73,81.409,157.58,24.94
0.33971083,80.73,81.409,162.9,24.94
0.356008899,80.73,81.409,171,24.94
0.376843222,80.73,81.409,215.22,24.94
0.420847636,80.73,81.409,227.88,24.94
0.409775904,80.73,81.409,211.95,24.94
0.396550101,80.73,81.409,181.57,24.94
0.354433348,80.73,81.409,164.04,24.94
0.411122054,80.73,81.409,164.09,24.94
0.411346167,80.73,81.409,162.84,24.94
0.40931714,80.73,81.409,157.51,24.94
0.351628453,80.73,81.409,151.74,24.94
0.356578395,80.73,81.409,163.95,24.94
0.361197682,80.73,81.409,173.97,24.94
0.36718243,80.73,81.409,202.74,24.94
0.463874628,80.73,81.409,230.97,24.94
0.462909117,80.73,81.409,288.9,24.94
0.461653611,80.73,81.409,295.68,24.94
0.368004278,80.73,81.409,248.15,24.94
0.3702745,80.73,81.409,234.9,24.94
0.362819743,80.73,81.409,213.11,24.94
0.352851557,80.73,81.409,197.96,24.94
0.341346851,80.73,91.499,183.5,24.94
0.342785248,80.73,91.499,177.67,24.94
0.343354089,80.73,91.499,173.02,24.94
0.349052673,80.73,91.499,173.18,24.94
0.353533006,80.73,91.499,182.23,24.94
0.368316398,80.73,91.499,219.61,24.94
0.411593333,80.73,91.499,246.95,24.94
0.405940827,80.73,91.499,252.78,24.94
0.398640084,80.73,91.499,213.58,24.94
0.366308097,80.73,91.499,195.78,24.94
0.419940299,80.73,91.499,175.37,24.94
0.41916412,80.73,91.499,170.76,24.94
0.417728978,80.73,91.499,172.2,24.94
0.35925628,80.73,91.499,168.61,24.94
0.362365928,80.73,91.499,170.24,24.94
0.362670498,80.73,91.499,183.06,24.94
0.368600435,80.73,91.499,220.76,24.94
0.467057221,80.73,91.499,259.1,24.94
0.466954789,80.73,91.499,305.77,24.94
0.463335155,80.73,91.499,307.48,24.94
0.359774455,80.73,91.499,263.97,24.94
0.353381268,80.73,91.499,247.69,24.94
0.349091881,80.73,91.499,222.64,24.94
0.347273689,80.73,91.499,232.64,24.94
0.355585429,80.73,106.569,221.54,24.94
0.362173993,80.73,106.569,213.34,24.94
0.363988682,80.73,106.569,213.63,24.94
0.357935165,80.73,106.569,206.46,24.94
0.351659158,80.73,106.569,207.09,24.94
0.353516105,80.73,106.569,227.35,24.94
0.403375726,80.73,106.569,254.96,24.94
0.41385711,80.73,106.569,245,24.94
0.417599827,80.73,106.569,221.81,24.94
0.382352011,80.73,106.569,185.73,24.94
0.435821414,80.73,106.569,163.48,24.94
0.434437108,80.73,106.569,152.96,24.94
0.427015394,80.73,106.569,116.89,24.94
0.362942073,80.73,106.569,100,24.94
0.368023038,80.73,106.569,98.56,24.94
0.372158846,80.73,106.569,116.63,24.94
0.372250376,80.73,106.569,165.21,24.94
0.453705556,80.73,106.569,222.7,24.94
0.449427197,80.73,106.569,258.56,24.94
0.445977726,80.73,106.569,265.18,24.94
0.357321063,80.73,106.569,270.47,24.94
0.351908214,80.73,106.569,262.25,24.94
0.351978498,80.73,106.569,224.9,24.94
0.355151664,80.73,106.569,296.21,24.94
0.358100164,80.73,132.967,250.7,24.94
0.362031758,80.73,132.967,225.09,24.94
0.356856545,80.73,132.967,211.4,24.94
0.352989509,80.73,132.967,206.86,24.94
0.349893511,80.73,132.967,239.91,24.94
0.352280967,80.73,132.967,292.34,24.94
0.400650721,80.73,132.967,323.31,24.94
0.406470234,80.73,132.967,325.7,24.94
0.412385963,80.73,132.967,299.07,24.94
0.371270611,80.73,132.967,250.43,24.94
0.430270095,82.43,132.967,194.9,24.94
0.424999381,83,132.967,186.55,24.94
0.420616087,83,132.967,180.67,24.94
0.355133826,83,132.967,174.12,24.94
0.35449608,83,132.967,180.47,24.94
0.363133309,83,132.967,188.34,24.94
0.370963955,83,132.967,254.46,24.94
0.480357583,83,132.967,303.99,24.94
0.481933389,83,132.967,327.56,24.94
0.469643285,83,132.967,355.39,24.94
0.360735128,83,132.967,319.06,24.94
0.354633034,83,132.967,284.03,24.94
0.353075549,83,132.967,259.79,24.94
0.348175118,83,132.967,255.05,24.94
0.350088587,83,117.612,207.86,24.94
0.349875422,83,117.612,184.37,24.94
0.351977301,83,117.612,180.64,24.94
0.355855818,83,117.612,172.22,24.94
0.363955239,83,117.612,178.99,24.94
0.376879926,83,117.612,189.93,24.94
0.416188785,83,117.612,190.15,24.94
0.403291881,83,117.612,188.16,24.94
0.392745354,83,117.612,185.06,24.94
0.352502069,83,117.612,157.44,24.94
0.412476136,83,117.612,142.26,24.94
0.41170742,83,117.612,106.52,24.94
0.406155383,83,117.612,77.28,24.94
0.349399077,83,117.612,76.66,24.94
0.348362638,83,117.612,78.29,24.94
0.353749986,83,117.612,149.4,24.94
0.357922646,83,117.612,189.94,24.94
0.462219989,83,117.612,264.61,24.94
0.461255428,83,117.612,328.01,24.94
0.464134457,83,117.612,330.47,24.94
0.36644652,83,117.612,319.21,24.94
0.358086168,83,117.612,285.08,24.94
0.345233844,83,117.612,251.88,24.94
0.334325249,83,117.612,207.07,24.94
0.331645714,83,117.612,190,24.94
0.331763063,83,117.612,165.52,24.94
0.331450791,83,117.612,139.8,24.94
0.332437185,83,117.612,120.6,24.94
0.339971255,83,117.612,110.96,24.94
0.352590503,83,117.612,112.55,24.94
0.402438943,83,117.612,98.57,24.94
0.3918462,83,117.612,90.53,24.94
0.387452516,83,117.612,94.28,24.94
0.345436077,83,117.612,94.15,24.94
0.401490749,83,117.612,95.2,24.94
0.403281618,83,117.612,82.55,24.94
0.400375404,83,117.612,75,24.94
0.341867017,83,117.612,60.09,24.94
0.342456635,83,117.612,80.72,24.94
0.344568893,83,117.612,93.38,24.94
0.350536957,83,117.612,157.35,24.94
0.456083287,83,117.612,219.62,24.94
0.461890228,83,117.612,258.7,24.94
0.463997393,83,117.612,282.69,24.94
0.367117116,83,117.612,294.29,24.94
0.360906527,83,117.612,306.93,24.94
0.349577322,83,117.612,281.1,24.94
0.34336003,83,117.612,240.22,24.94
0.341784883,83,118.704,220.39,24.94
0.343123527,83,118.704,218.9,24.94
0.338837448,83,118.704,220.1,24.94
0.340364594,83,118.704,213.2,24.94
0.348730772,83,118.704,263.27,24.94
0.361158563,83,118.704,301.67,24.94
0.405133218,83,118.704,370.14,24.94
0.386910777,83,118.704,500,24.94
0.381364561,83,118.704,348.28,24.94
0.336688993,83,118.704,310.28,24.94
0.393190301,83,118.704,305.97,24.94
0.394583393,83,118.704,263.54,24.94
0.397717727,83,118.704,213.87,24.94
0.342350828,83,118.704,193.09,24.94
0.345672772,83,118.704,183.58,24.94
0.348827225,83,118.704,180.44,24.94
0.356153975,83,118.704,198.2,24.94
0.459075402,83,118.704,209.23,24.94
0.470560863,83,118.704,291.19,24.94
0.469811737,83,118.704,316.32,24.94
0.372861725,83,118.704,316.32,24.94
0.368582951,83,118.704,288.71,24.94
0.361249795,83,118.704,250.01,24.94
0.352716726,83,118.704,264.91,24.94
0.3494613,83,120.925,242.42,24.94
0.346301562,83,120.925,232.91,24.94
0.344771425,83,120.925,219.95,24.94
0.340318312,83,120.925,217.17,24.94
0.351416958,83,120.925,228.91,24.94
0.364456615,83,120.925,297.61,24.94
0.418020152,83,120.925,338.9,24.94
0.415877425,83,120.925,332.02,24.94
0.410903838,83,120.925,279.45,24.94
0.366753119,83,120.925,237.03,24.94
0.420134924,83,120.925,225.21,24.94
0.418003279,83,120.925,219.86,24.94
0.414648074,83,120.925,212.61,24.94
0.350954982,83,120.925,210.81,24.94
0.351140032,83,120.925,230.74,24.94
0.353768894,83,120.925,239.93,24.94
0.359246068,83,120.925,304.48,24.94
0.457934253,83,120.925,373.93,24.94
0.454719062,83,120.925,450.25,24.94
0.452541394,83,120.925,458.04,24.94
0.358560466,83,120.925,410.35,24.94
0.358633157,83,120.925,373.25,24.94
0.357726745,83,120.925,325.51,24.94
0.352253883,83,120.925,272.45,24.94
0.35052733,83,123.114,268.49,24.94
0.354253917,83,123.114,268.9,24.94
0.355866701,83,123.114,248.5,24.94
0.359304141,83,123.114,255.02,24.94
0.36159893,83,123.114,284.29,24.94
0.369485645,83,123.114,348.49,24.94
0.418324304,83,123.114,429.95,24.94
0.42808476,83,123.114,387.88,24.94
0.434059811,83,123.114,339.79,24.94
0.389778364,83,123.114,301.49,24.94
0.443167088,83,123.114,292.44,24.94
0.437572041,83,123.114,268.9,24.94
0.429233622,83,123.114,249.7,24.94
0.363932222,83,123.114,244.46,24.94
0.357659387,83,123.114,258.12,24.94
0.351919027,83,123.114,284.1,24.94
0.348647366,83,123.114,331.47,24.94
0.441661694,83,123.114,398.36,24.94
0.440778502,83,123.114,491.04,24.94
0.445732463,83,123.114,462.91,24.94
0.356972653,83,123.114,399.3,24.94
0.362834573,83,123.114,374.55,24.94
0.359223001,83,123.114,299.58,24.94
0.354461284,83,123.114,288.59,24.94
0.351895444,83,127.129,257.91,24.94
0.353085399,83,127.129,250.11,24.94
0.353755485,83,127.129,245.82,24.94
0.353346485,83,127.129,255.08,24.94
0.351995064,83,127.129,279.68,24.94
0.354451664,83,127.129,336.1,24.94
0.396321122,83,127.129,363.35,24.94
0.397567687,83,127.129,350.39,24.94
0.397353143,83,127.129,316.23,24.94
0.362407096,83,127.129,277.83,24.94
0.417680288,83,127.129,246.34,24.94
0.419725134,83,127.129,240.7,24.94
0.417179721,83,127.129,227.92,24.94
0.363027941,83,127.129,228,24.94
0.360866874,83,127.129,248.7,24.94
0.357806673,83,127.129,263.06,24.94
0.353930341,83,127.129,333.96,24.94
0.442457992,83,127.129,367.43,24.94
0.440603319,83,127.129,429.06,24.94
0.437028554,83,127.129,413.99,24.94
0.35634088,83,127.129,358.95,24.94
0.362418905,83,127.129,292.36,24.94
0.360706379,83,127.129,210.37,24.94
0.353090464,83,127.129,224.84,24.94
0.349857029,83,132.001,211.69,24.94
0.352972515,83,132.001,204.21,24.94
0.356942877,83,132.001,218.93,24.94
0.358450124,83,132.001,223.23,24.94
0.355265541,83,132.001,231.6,24.94
0.352111867,83,132.001,302.85,24.94
0.387654793,83,132.001,335.17,24.94
0.391834927,83,132.001,345.74,24.94
0.395561262,83,132.001,329.98,24.94
0.358346329,83,132.001,304.03,24.94
0.412953797,82.93,132.001,263.8,24.94
0.407824205,82.9,132.001,244.01,24.94
0.407629004,82.9,132.001,240.72,24.94
0.353510898,82.9,132.001,214.81,24.94
0.353443821,82.9,132.001,243.18,24.94
0.357654621,82.9,132.001,245.47,24.94
0.357294632,82.9,132.001,296.41,24.94
0.452707009,82.9,132.001,322,24.94
0.447836174,82.9,132.001,329.94,24.94
0.444533675,82.9,132.001,335.2,24.94
0.351695894,82.9,132.001,330.92,24.94
0.35698414,82.9,132.001,320,24.94
0.351858413,82.9,132.001,264.47,24.94
0.349791963,82.9,132.001,260.65,24.94
0.34604467,82.9,126.877,236.9,24.94
0.344620214,82.9,126.877,214.91,24.94
0.343199951,82.9,126.877,217.08,24.94
0.342173844,82.9,126.877,203.74,24.94
0.349877762,82.9,126.877,209.06,24.94
0.359232651,82.9,126.877,226.73,24.94
0.405878374,82.9,126.877,261.09,24.94
0.392457521,82.9,126.877,269.03,24.94
0.383279602,82.9,126.877,228.26,24.94
0.338882683,82.9,126.877,185.73,24.94
0.392949226,82.9,126.877,184.96,24.94
0.393558933,82.9,126.877,197.65,24.94
0.397830808,82.9,126.877,180.43,24.94
0.33801092,82.9,126.877,164.06,24.94
0.341308304,82.9,126.877,184.94,24.94
0.3415715,82.9,126.877,220.66,24.94
0.344517692,82.9,126.877,269.07,24.94
0.443621347,82.9,126.877,271.57,24.94
0.446979064,82.9,126.877,314.1,24.94
0.447174858,82.9,126.877,327.17,24.94
0.343584417,82.9,126.877,322.68,24.94
0.342487726,82.9,126.877,324.02,24.94
0.341787424,82.9,126.877,294.94,24.94
0.344144163,82.9,126.877,288.91,24.94
0.339011967,82.9,126.877,261.33,24.94
0.335122927,82.9,126.877,217.9,24.94
0.329437582,82.9,126.877,206.62,24.94
0.328559726,82.9,126.877,196.78,24.94
0.332370228,82.9,126.877,180.25,24.94
0.349011965,82.9,126.877,174.44,24.94
0.389457024,82.9,126.877,167.67,24.94
0.382125883,82.9,126.877,155.09,24.94
0.375654349,82.9,126.877,112.14,24.94
0.33820084,82.9,126.877,101.36,24.94
0.390387541,82.9,126.877,95,24.94
0.388782588,82.9,126.877,83.02,24.94
0.383599354,82.9,126.877,79.82,24.94
0.329550948,82.9,126.877,79.82,24.94
0.333038603,82.9,126.877,112.45,24.94
0.342173806,82.9,126.877,176.23,24.94
0.348452235,82.9,126.877,218.31,24.94
0.45594847,82.9,126.877,289.02,24.94
0.450910871,82.9,126.877,324.79,24.94
0.446875364,82.9,126.877,333.38,24.94
0.347973962,82.9,126.877,334.19,24.94
0.349684454,82.9,126.877,335.71,24.94
0.347768875,82.9,126.877,315.87,24.94
0.345603616,82.9,126.877,295.62,24.94
0.341224091,82.9,128.124,263.7,24.94
0.341968346,82.9,128.124,258.07,24.94
0.337944017,82.9,128.124,256.14,24.94
0.337165281,82.9,128.124,254.55,24.94
0.338525584,82.9,128.124,268.87,24.94
0.347331303,82.9,128.124,330.91,24.94
0.389329127,82.9,128.124,357.94,24.94
0.384454836,82.9,128.124,371.07,24.94
0.379713315,82.9,128.124,348.38,24.94
0.337139699,82.9,128.124,332.54,24.94
0.397828496,82.9,128.124,293.5,24.94
0.39556155,82.9,128.124,268,24.94
0.395108109,82.9,128.124,250.91,24.94
0.339481654,82.9,128.124,251.87,24.94
0.339320721,82.9,128.124,259.91,24.94
0.341329703,82.9,128.124,288.57,24.94
0.346488143,82.9,128.124,340.91,24.94
0.446621163,82.9,128.124,378.59,24.94
0.448316431,82.9,128.124,443.5,24.94
0.446011151,82.9,128.124,390.37,24.94
0.350598131,82.9,128.124,375.64,24.94
0.347518961,82.9,128.124,372.17,24.94
0.34325507,82.9,128.124,347.81,24.94
0.334651743,82.9,128.124,266.05,24.94
0.329509611,82.9,131.202,272.47,24.94
0.326085411,82.9,131.202,254.91,24.94
0.326971948,82.9,131.202,256.31,24.94
0.324780712,82.9,131.202,267.66,24.94
0.333490293,82.9,131.202,282.41,24.94
0.348109802,82.9,131.202,359.1,24.94
0.405176059,82.9,131.202,381.88,24.94
0.401722117,82.9,131.202,400.93,24.94
0.395181309,82.9,131.202,372.62,24.94
0.344973263,82.9,131.202,313.99,24.94
0.40109933,82.9,131.202,270.09,24.94
0.406309274,82.9,131.202,250.41,24.94
0.405149249,82.9,131.202,259.7,24.94
0.350058219,82.9,131.202,252.43,24.94
0.349190427,82.9,131.202,299,24.94
0.351304481,82.9,131.202,324.02,24.94
0.355404269,82.9,131.202,368.83,24.94
0.452402891,82.9,131.202,434.99,24.94
0.454538217,82.9,131.202,470.9,24.94
0.455467593,82.9,131.202,453.14,24.94
0.354227147,82.9,131.202,410.92,24.94
0.346485795,82.9,131.202,396.38,24.94
0.341621374,82.9,131.202,337.23,24.94
0.333527946,82.9,131.202,275.06,24.94
0.330260439,82.9,129.346,261.27,24.94
0.32982349,82.9,129.346,246.47,24.94
0.336185841,82.9,129.346,238,24.94
0.343383493,82.9,129.346,243.27,24.94
0.354160593,82.9,129.346,254.02,24.94
0.366989365,82.9,129.346,315.46,24.94
0.415887519,82.9,129.346,350.85,24.94
0.409951811,82.9,129.346,386.95,24.94
0.404443215,82.9,129.346,365.41,24.94
0.357948602,82.9,129.346,329.64,24.94
0.408185112,82.9,129.346,320.93,24.94
0.405004494,82.9,129.346,303.91,24.94
0.406436658,82.9,129.346,291.4,24.94
0.355146263,82.9,129.346,294.55,24.94
0.353582898,82.9,129.346,300.85,24.94
0.352664677,82.9,129.346,308.91,24.94
0.353244974,82.9,129.346,341.07,24.94
0.444948811,82.9,129.346,368.86,24.94
0.445094806,82.9,129.346,390.9,24.94
0.442821608,82.9,129.346,390,24.94
0.35808656,82.9,129.346,366.9,24.94
0.359345462,82.9,129.346,352.77,24.94
0.358865824,82.9,129.346,275.58,24.94
0.348767693,82.9,129.346,285.04,24.94
0.342143761,82.9,138.89,272.58,24.94
0.340852672,82.9,138.89,274.72,24.94
0.34676525,82.9,138.89,278,24.94
0.34860234,82.9,138.89,267.63,24.94
0.347467936,82.9,138.89,277.86,24.94
0.352467999,82.9,138.89,339.77,24.94
0.398217641,82.9,138.89,369.89,24.94
0.407565905,82.9,138.89,379.63,24.94
0.415773154,82.9,138.89,341.75,24.94
0.37394131,82.9,138.89,299.02,24.94
0.425302876,82.9,138.89,274.02,24.94
0.419643717,82.9,138.89,276.32,24.94
0.415350551,82.9,138.89,268.97,24.94
0.357515206,82.9,138.89,278.07,24.94
0.353443575,82.9,138.89,285.79,24.94
0.351192365,82.9,138.89,324.09,24.94
0.357525463,82.9,138.89,372.44,24.94
0.456392817,82.9,138.89,409.41,24.94
0.454756137,82.9,138.89,479,24.94
0.449361142,82.9,138.89,450,24.94
0.359078183,82.9,138.89,394.21,24.94
0.357443084,82.9,138.89,355.17,24.94
0.356564223,82.9,138.89,258.08,24.94
0.351673137,82.9,138.89,268.71,24.94
0.353252918,82.9,147.263,265.86,24.94
0.352441779,82.9,147.263,268.01,24.94
0.356543309,82.9,147.263,266.12,24.94
0.355997473,82.9,147.263,265.38,24.94
0.358093717,82.9,147.263,282.13,24.94
0.358181827,82.9,147.263,355.19,24.94
0.398812507,82.9,147.263,378.85,24.94
0.402301898,82.9,147.263,385.19,24.94
0.4031229,82.9,147.263,378,24.94
0.369357827,82.9,147.263,360.06,24.94
0.42251221,86.89,147.263,354.77,24.94
0.418609738,88.22,147.263,325.63,24.94
0.417666128,88.22,147.263,300.72,24.94
0.357221092,88.22,147.263,266.68,24.94
0.358263702,88.22,147.263,261.06,24.94
0.354078041,88.22,147.263,220.69,24.94
0.359124006,88.22,147.263,259.95,24.94
0.454118677,88.22,147.263,289.07,24.94
0.454420642,88.22,147.263,329.39,24.94
0.449886081,88.22,147.263,359.56,24.94
0.35316812,88.22,147.263,356.91,24.94
0.348994917,88.22,147.263,385,24.94
0.348588835,88.22,147.263,362.3,24.94
0.344770585,88.22,147.263,285.72,24.94
0.345716105,88.22,146.233,255,24.94
0.346099637,88.22,146.233,237.2,24.94
0.351807037,88.22,146.233,230.71,24.94
0.350413755,88.22,146.233,222.31,24.94
0.356776693,88.22,146.233,214.2,24.94
0.367588192,88.22,146.233,233.84,24.94
0.407983808,88.22,146.233,244.56,24.94
0.401142856,88.22,146.233,208.6,24.94
0.391108802,88.22,146.233,154.08,24.94
0.358465082,88.22,146.233,125,24.94
0.412645918,88.22,146.233,113.85,24.94
0.413806103,88.22,146.233,89.37,24.94
0.407899203,88.22,146.233,76.33,24.94
0.349074964,88.22,146.233,89.34,24.94
0.347126751,88.22,146.233,89.17,24.94
0.347990563,88.22,146.233,131.11,24.94
0.34721325,88.22,146.233,240.3,24.94
0.444288384,88.22,146.233,285.03,24.94
0.443283065,88.22,146.233,350,24.94
0.439673932,88.22,146.233,362.85,24.94
0.341383221,88.22,146.233,359.96,24.94
0.339507172,88.22,146.233,353.44,24.94
0.335896637,88.22,146.233,302.17,24.94
0.328415151,88.22,146.233,270.08,24.94
0.330252008,88.22,146.233,237.95,24.94
0.332974341,88.22,146.233,199.08,24.94
0.336352894,88.22,146.233,195.6,24.94
0.337647954,88.22,146.233,185.6,24.94
0.337646743,88.22,146.233,182.71,24.94
0.344058353,88.22,146.233,176.71,24.94
0.382392323,88.22,146.233,192.31,24.94
0.38154511,88.22,146.233,185.07,24.94
0.375472573,88.22,146.233,170.26,24.94
0.342000149,88.22,146.233,128.2,24.94
0.403475509,88.22,146.233,107.43,24.94
0.407165258,88.22,146.233,93.1,24.94
0.410134099,88.22,146.233,68.55,24.94
0.350800797,88.22,146.233,65.82,24.94
0.344596046,88.22,146.233,74.46,24.94
0.338488111,88.22,146.233,123.8,24.94
0.338064679,88.22,146.233,175.99,24.94
0.436226806,88.22,146.233,272.77,24.94
0.434686456,88.22,146.233,327,24.94
0.434509146,88.22,146.233,340.1,24.94
0.341719177,88.22,146.233,348.43,24.94
0.337404659,88.22,146.233,348.45,24.94
0.333431065,88.22,146.233,333.06,24.94
0.330590441,88.22,146.233,319.65,24.94
0.332224939,88.22,146.617,277.83,24.94
0.333590805,88.22,146.617,265.16,24.94
0.333617912,88.22,146.617,254.35,24.94
0.328312866,88.22,146.617,258.03,24.94
0.331897752,88.22,146.617,302.44,24.94
0.345115199,88.22,146.617,361.88,24.94
0.39276685,88.22,146.617,376,24.94
0.389253812,88.22,146.617,385.17,24.94
0.382059054,88.22,146.617,366,24.94
0.347669774,88.22,146.617,291.7,24.94
0.399471454,88.22,146.617,221.3,24.94
0.397905988,88.22,146.617,181.8,24.94
0.393611363,88.22,146.617,184.36,24.94
0.33059493,88.22,146.617,172.35,24.94
0.331838624,88.22,146.617,171.19,24.94
0.33336652,88.22,146.617,182.64,24.94
0.340066799,88.22,146.617,211.1,24.94
0.43623636,88.22,146.617,329.99,24.94
0.439506283,88.22,146.617,379.62,24.94
0.441172628,88.22,146.617,398.72,24.94
0.346848926,88.22,146.617,385.52,24.94
0.343235033,88.22,146.617,396.92,24.94
0.337236266,88.22,146.617,379.64,24.94
0.335421413,88.22,146.617,359.96,24.94
0.333539222,88.22,162.411,319.24,24.94
0.332850693,88.22,162.411,309.33,24.94
0.333571726,88.22,162.411,301.08,24.94
0.337016719,88.22,162.411,299.91,24.94
0.338769309,88.22,162.411,324.82,24.94
0.34757612,88.22,162.411,380.47,24.94
0.391060739,88.22,162.411,412.59,24.94
0.388739932,88.22,162.411,409.61,24.94
0.385205056,88.22,162.411,338.68,24.94
0.345673447,88.22,162.411,283.72,24.94
0.400585598,88.22,162.411,286.6,24.94
0.396625393,88.22,162.411,243.95,24.94
0.395492317,88.22,162.411,227.94,24.94
0.334871696,88.22,162.411,210.95,24.94
0.339404944,88.22,162.411,213.06,24.94
0.341472256,88.22,162.411,237.8,24.94
0.350534964,88.22,162.411,301.14,24.94
0.447193448,88.22,162.411,336.25,24.94
0.447008236,88.22,162.411,363.98,24.94
0.439543295,88.22,162.411,370,24.94
0.344592731,88.22,162.411,370.4,24.94
0.343128171,88.22,162.411,378.29,24.94
0.34095998,88.22,162.411,361.16,24.94
0.336027665,88.22,162.411,351.39,24.94
0.332178581,88.22,170.708,309.3,24.94
0.334363946,88.22,170.708,293.84,24.94
0.335984453,88.22,170.708,280.18,24.94
0.332835363,88.22,170.708,299.44,24.94
0.335653892,88.22,170.708,322.79,24.94
0.347150847,88.22,170.708,389.83,24.94
0.394590601,88.22,170.708,413.89,24.94
0.393125206,88.22,170.708,406.93,24.94
0.388536692,88.22,170.708,355.89,24.94
0.349318433,88.22,170.708,287.9,24.94
0.402761762,88.22,170.708,265.29,24.94
0.400658779,88.22,170.708,230.68,24.94
0.400368449,88.22,170.708,204.77,24.94
0.34644554,88.22,170.708,172.44,24.94
0.343655708,88.22,170.708,163.21,24.94
0.348467871,88.22,170.708,180.04,24.94
0.345172654,88.22,170.708,239.08,24.94
0.440478808,88.22,170.708,313.06,24.94
0.438380671,88.22,170.708,376.09,24.94
0.43943187,88.22,170.708,387.46,24.94
0.342632951,88.22,170.708,381.59,24.94
0.33852911,88.22,170.708,379.91,24.94
0.332902246,88.22,170.708,279.85,24.94
0.329321618,88.22,170.708,267.5,24.94
0.32645013,88.22,166.69,209,24.94
0.32540039,88.22,166.69,195.77,24.94
0.325038753,88.22,166.69,189.58,24.94
0.325310066,88.22,166.69,186.88,24.94
0.328128618,88.22,166.69,190.77,24.94
0.33278247,88.22,166.69,223.6,24.94
0.375831391,88.22,166.69,282.38,24.94
0.381669994,88.22,166.69,296.72,24.94
0.388370366,88.22,166.69,256,24.94
0.3551053,88.22,166.69,235.48,24.94
0.409740227,88.22,166.69,220,24.94
0.410662638,88.22,166.69,201.99,24.94
0.405871097,88.22,166.69,190.48,24.94
0.349799356,88.22,166.69,165.62,24.94
0.349123505,88.22,166.69,159.07,24.94
0.345791622,88.22,166.69,155.02,24.94
0.342731101,88.22,166.69,169.68,24.94
0.438638069,88.22,166.69,179.01,24.94
0.441777459,88.22,166.69,197.23,24.94
0.448009996,88.22,166.69,242.42,24.94
0.351019481,88.22,166.69,258.96,24.94
0.346540588,88.22,166.69,246.15,24.94
0.340902153,88.22,166.69,197.94,24.94
0.34095239,88.22,166.69,200.08,24.94
0.339935172,88.22,183.585,224.05,24.94
0.338946305,88.22,183.585,228.55,24.94
0.336547666,88.22,183.585,227.26,24.94
0.335605937,88.22,183.585,210.33,24.94
0.336580596,88.22,183.585,248.33,24.94
0.335674438,88.22,183.585,371.95,24.94
0.376240654,88.22,183.585,418.92,24.94
0.379255315,88.22,183.585,420.67,24.94
0.385484662,88.22,183.585,351.7,24.94
0.351929396,88.22,183.585,318.59,24.94
0.409034901,84.03,183.585,272.28,24.94
0.406870299,82.63,183.585,215.05,24.94
0.401736956,82.63,183.585,210.59,24.94
0.342450073,82.63,183.585,178.56,24.94
0.337920914,82.63,183.585,207.56,24.94
0.33991361,82.63,183.585,210.02,24.94
0.341330217,82.63,183.585,258.71,24.94
0.440665058,82.63,183.585,319.26,24.94
0.445140285,82.63,183.585,387.92,24.94
0.443823211,82.63,183.585,410.89,24.94
0.348875094,82.63,183.585,422.59,24.94
0.343989806,82.63,183.585,416.11,24.94
0.338351861,82.63,183.585,372,24.94
0.334958484,82.63,183.585,350,24.94
0.333547649,82.63,177.326,283.47,24.94
0.336287316,82.63,177.326,221.32,24.94
0.337314836,82.63,177.326,216.81,24.94
0.338005752,82.63,177.326,203.12,24.94
0.337417956,82.63,177.326,209.86,24.94
0.343066247,82.63,177.326,241.95,24.94
0.388538861,82.63,177.326,247.14,24.94
0.390575064,82.63,177.326,241.43,24.94
0.397121665,82.63,177.326,179.83,24.94
0.356640243,82.63,177.326,154.72,24.94
0.412494278,82.63,177.326,136.51,24.94
0.408888947,82.63,177.326,93.54,24.94
0.406138677,82.63,177.326,74.35,24.94
0.347975359,82.63,177.326,21.94,24.94
0.350340294,82.63,177.326,11.94,24.94
0.349843734,82.63,177.326,16.03,24.94
0.351965613,82.63,177.326,64.84,24.94
0.443379742,82.63,177.326,90.02,24.94
0.441338895,82.63,177.326,94.98,24.94
0.437787662,82.63,177.326,100.86,24.94
0.344707148,82.63,177.326,100.59,24.94
0.342749638,82.63,177.326,120.16,24.94
0.339464716,82.63,177.326,79.89,24.94
0.337003031,82.63,177.326,77.12,24.94
0.332696098,82.63,177.326,49.32,24.94
0.32817708,82.63,177.326,50.03,24.94
0.327626913,82.63,177.326,31.39,24.94
0.327218638,82.63,177.326,63.31,24.94
0.32907716,82.63,177.326,58.57,24.94
0.333116063,82.63,177.326,67.67,24.94
0.382421571,82.63,177.326,41.89,24.94
0.384661091,82.63,177.326,36.75,24.94
0.383625117,82.63,177.326,30.01,24.94
0.34016868,82.63,177.326,30.08,24.94
0.395596113,82.63,177.326,49.77,24.94
0.401173244,82.63,177.326,20,24.94
0.400689193,82.63,177.326,19.14,24.94
0.344198527,82.63,177.326,11.85,24.94
0.339083532,82.63,177.326,21.31,24.94
0.340867582,82.63,177.326,40.29,24.94
0.338823731,82.63,177.326,77.11,24.94
0.436137643,82.63,177.326,157.13,24.94
0.436927265,82.63,177.326,322.13,24.94
0.436677387,82.63,177.326,369.9,24.94
0.34147357,82.63,177.326,378.07,24.94
0.339089698,82.63,177.326,389.17,24.94
0.337892293,82.63,177.326,371.92,24.94
0.332109651,82.63,177.326,320.08,24.94
0.327810847,82.63,178.569,278,24.94
0.326828367,82.63,178.569,275.96,24.94
0.32594457,82.63,178.569,269.27,24.94
0.328905664,82.63,178.569,272.15,24.94
0.329606106,82.63,178.569,298,24.94
0.336241324,82.63,178.569,395.95,24.94
0.379976769,82.63,178.569,415.08,24.94
0.378280821,82.63,178.569,433.97,24.94
0.376746548,82.63,178.569,416.32,24.94
0.338890963,82.63,178.569,404.98,24.94
0.398632956,82.63,178.569,396.9,24.94
0.401619361,82.63,178.569,380.42,24.94
0.400565608,82.63,178.569,369.28,24.94
0.341760027,82.63,178.569,333.76,24.94
0.340123208,82.63,178.569,332.61,24.94
0.341596845,82.63,178.569,319.82,24.94
0.340109536,82.63,178.569,375.48,24.94
0.439250983,82.63,178.569,405,24.94
0.440771447,82.63,178.569,458.03,24.94
0.440520931,82.63,178.569,469.9,24.94
0.34212494,82.63,178.569,452.12,24.94
0.341866465,82.63,178.569,450.05,24.94
0.342881317,82.63,178.569,419.15,24.94
0.337898301,82.63,178.569,395.49,24.94
0.335046361,82.63,169.884,349.57,24.94
0.334264081,82.63,169.884,330.04,24.94
0.332650387,82.63,169.884,331.5,24.94
0.334144001,82.63,169.884,334.34,24.94
0.334899021,82.63,169.884,362.1,24.94
0.344766155,82.63,169.884,419.64,24.94
0.391671569,82.63,169.884,453.66,24.94
0.39168411,82.63,169.884,448.9,24.94
0.387468628,82.63,169.884,382.42,24.94
0.346222953,82.63,169.884,328.74,24.94
0.404901022,82.63,169.884,338.32,24.94
0.405294006,82.63,169.884,297.47,24.94
0.398188949,82.63,169.884,260.07,24.94
0.336108954,82.63,169.884,262.23,24.94
0.334464742,82.63,169.884,287.22,24.94
0.336760639,82.63,169.884,314.81,24.94
0.341041562,82.63,169.884,395.9,24.94
0.443264098,82.63,169.884,429.08,24.94
0.441127357,82.63,169.884,481.59,24.94
0.442745243,82.63,169.884,506.69,24.94
0.338789025,82.63,169.884,480,24.94
0.33877723,82.63,169.884,470,24.94
0.33516092,82.63,169.884,404.09,24.94
0.331472671,82.63,169.884,416.05,24.94
0.323648358,82.63,173.908,365.61,24.94
0.325121008,82.63,173.908,325.34,24.94
0.325906305,82.63,173.908,339.99,24.94
0.329438876,82.63,173.908,325.04,24.94
0.330838253,82.63,173.908,332.22,24.94
0.336518528,82.63,173.908,411.97,24.94
0.379968853,82.63,173.908,435,24.94
0.386633387,82.63,173.908,456.57,24.94
0.388408055,82.63,173.908,423.14,24.94
0.347471294,82.63,173.908,365.76,24.94
0.396333671,82.63,173.908,350.25,24.94
0.393966132,82.63,173.908,273.05,24.94
0.39351056,82.63,173.908,246.1,24.94
0.336736642,82.63,173.908,190.02,24.94
0.338131818,82.63,173.908,183.63,24.94
0.339140431,82.63,173.908,211.39,24.94
0.341751213,82.63,173.908,294.48,24.94
0.440405824,82.63,173.908,370.44,24.94
0.441263631,82.63,173.908,431.7,24.94
0.43849563,82.63,173.908,448.22,24.94
0.340219738,82.63,173.908,446.34,24.94
0.336183292,82.63,173.908,435.93,24.94
0.33232307,82.63,173.908,373.57,24.94
0.325973763,82.63,173.908,400.44,24.94
0.324134498,82.63,182.356,378.06,24.94
0.319300677,82.63,182.356,345.47,24.94
0.317468842,82.63,182.356,334.1,24.94
0.319205325,82.63,182.356,335.01,24.94
0.322476917,82.63,182.356,371.63,24.94
0.327397817,82.63,182.356,421.32,24.94
0.372679668,82.63,182.356,433.31,24.94
0.379928288,82.63,182.356,434.07,24.94
0.388710375,82.63,182.356,419.94,24.94
0.352358433,82.63,182.356,379.9,24.94
0.409027249,82.63,182.356,355.93,24.94
0.403440272,82.63,182.356,301.49,24.94
0.400410573,82.63,182.356,274.85,24.94
0.340304746,82.63,182.356,239.44,24.94
0.341914905,82.63,182.356,254.96,24.94
0.340391684,82.63,182.356,282.6,24.94
0.339682388,82.63,182.356,346.37,24.94
0.436820539,82.63,182.356,394.63,24.94
0.438875694,82.63,182.356,420.92,24.94
0.43919346,82.63,182.356,436.27,24.94
0.340400636,82.63,182.356,433.93,24.94
0.329104698,82.63,182.356,422.39,24.94
0.330108765,82.63,182.356,400.04,24.94
0.324505175,82.63,182.356,350,24.94
0.322158125,82.63,176.314,320.07,24.94
0.317234697,82.63,176.314,298.49,24.94
0.3195757,82.63,176.314,305.01,24.94
0.32120905,82.63,176.314,307.55,24.94
0.324375306,82.63,176.314,330,24.94
0.326262236,82.63,176.314,404.9,24.94
0.371895252,82.63,176.314,429.92,24.94
0.377806086,82.63,176.314,416.65,24.94
0.384900976,82.63,176.314,334.06,24.94
0.345958466,82.63,176.314,262.45,24.94
0.404416461,83.44,176.314,243.92,24.94
0.403707818,83.71,176.314,218.1,24.94
0.403131839,83.71,176.314,190,24.94
0.34578342,83.71,176.314,191.8,24.94
0.341867545,83.71,176.314,222.15,24.94
0.336636113,83.71,176.314,225.39,24.94
0.334291383,83.71,176.314,335.35,24.94
0.433026792,83.71,176.314,409.07,24.94
0.436014464,83.71,176.314,421.86,24.94
0.439083118,83.71,176.314,430.45,24.94
0.346930391,83.71,176.314,433.99,24.94
0.342438562,83.71,176.314,432.89,24.94
0.335138457,83.71,176.314,404.09,24.94
0.327761176,83.71,176.314,384.91,24.94
0.326043555,83.71,161.715,349.96,24.94
0.323372514,83.71,161.715,289.8,24.94
0.323428215,83.71,161.715,252.86,24.94
0.319977618,83.71,161.715,236.19,24.94
0.321830413,83.71,161.715,233.1,24.94
0.324699246,83.71,161.715,211.55,24.94
0.370156209,83.71,161.715,199.74,24.94
0.373179468,83.71,161.715,139.93,24.94
0.377608361,83.71,161.715,52.49,24.94
0.346285881,83.71,161.715,35.53,24.94
0.400661302,83.71,161.715,1.07,24.94
0.39943581,83.71,161.715,0.07,24.94
0.395124452,83.71,161.715,-0.05,24.94
0.339994055,83.71,161.715,-0.1,24.94
0.336003928,83.71,161.715,0,24.94
0.332836967,83.71,161.715,1.03,24.94
0.33431047,83.71,161.715,31.66,24.94
0.431271342,83.71,161.715,143.75,24.94
0.436005259,83.71,161.715,264.3,24.94
0.432050025,83.71,161.715,334.25,24.94
0.335740794,83.71,161.715,344.13,24.94
0.332633114,83.71,161.715,357.55,24.94
0.33191123,83.71,161.715,331.77,24.94
0.33018366,83.71,161.715,290.06,24.94
0.324873581,83.71,161.715,240.8,24.94
0.324878972,83.71,161.715,200.64,24.94
0.324863434,83.71,161.715,192.63,24.94
0.321885005,83.71,161.715,193.81,24.94
0.320507079,83.71,161.715,190.46,24.94
0.323297059,83.71,161.715,195.02,24.94
0.366788525,83.71,161.715,190.14,24.94
0.373359903,83.71,161.715,189.51,24.94
0.376920588,83.71,161.715,164,24.94
0.33739678,83.71,161.715,115.77,24.94
0.392049258,83.71,161.715,110.21,24.94
0.388544975,83.71,161.715,87.59,24.94
0.387303039,83.71,161.715,72.92,24.94
0.328867906,83.71,161.715,40.02,24.94
0.32966675,83.71,161.715,83.42,24.94
0.328544061,83.71,161.715,109.3,24.94
0.331325683,83.71,161.715,200.89,24.94
0.425408601,83.71,161.715,344.42,24.94
0.43013132,83.71,161.715,415.01,24.94
0.428418437,83.71,161.715,426.4,24.94
0.335214568,83.71,161.715,434.95,24.94
0.333010181,83.71,161.715,430.02,24.94
0.329635194,83.71,161.715,406.57,24.94
0.326751258,83.71,161.715,389.77,24.94
0.322575697,83.71,161.951,328.49,24.94
0.320566591,83.71,161.951,299.23,24.94
0.317138093,83.71,161.951,282.44,24.94
0.315922758,83.71,161.951,287.08,24.94
0.316412621,83.71,161.951,305.11,24.94
0.320493099,83.71,161.951,393.11,24.94
0.359407001,83.71,161.951,424.94,24.94
0.362374013,83.71,161.951,401.82,24.94
0.36701528,83.71,161.951,373.93,24.94
0.332525624,83.71,161.951,324.03,24.94
0.385740495,83.71,161.951,303.44,24.94
0.383203997,83.71,161.951,291.35,24.94
0.383395815,83.71,161.951,271.57,24.94
0.328494028,83.71,161.951,277.89,24.94
0.332134024,83.71,161.951,279.97,24.94
0.334015339,83.71,161.951,386.25,24.94
0.331480362,83.71,161.951,455.42,24.94
0.428228148,83.71,161.951,512.56,24.94
0.43163293,83.71,161.951,637.64,24.94
0.430659038,83.71,161.951,679.54,24.94
0.331429977,83.71,161.951,600,24.94
0.327796584,83.71,161.951,530.13,24.94
0.329265845,83.71,161.951,469.86,24.94
0.329604341,83.71,161.951,402.46,24.94
0.32829686,83.71,159.589,368.99,24.94
0.325086273,83.71,159.589,336.39,24.94
0.32831332,83.71,159.589,325.24,24.94
0.329626764,83.71,159.589,318.72,24.94
0.326750742,83.71,159.589,350.98,24.94
0.329606574,83.71,159.589,440,24.94
0.370982543,83.71,159.589,483.43,24.94
0.374081803,83.71,159.589,452.95,24.94
0.376062057,83.71,159.589,385.6,24.94
0.337505156,83.71,159.589,364.07,24.94
0.394955166,83.71,159.589,342.88,24.94
0.39372406,83.71,159.589,344.33,24.94
0.393654764,83.71,159.589,339.53,24.94
0.338302019,83.71,159.589,322.72,24.94
0.340881393,83.71,159.589,348.17,24.94
0.340839743,83.71,159.589,380.01,24.94
0.339384415,83.71,159.589,443.42,24.94
0.432725721,83.71,159.589,484.1,24.94
0.437503232,83.71,159.589,581.25,24.94
0.440954907,83.71,159.589,570.05,24.94
0.34731045,83.71,159.589,466.15,24.94
0.341342869,83.71,159.589,392.7,24.94
0.334131263,83.71,159.589,285.91,24.94
0.325007986,83.71,159.589,268.35,24.94
0.324133761,83.71,158.329,241.92,24.94
0.323448754,83.71,158.329,234.63,24.94
0.324590327,83.71,158.329,236.89,24.94
0.324643907,83.71,158.329,235.99,24.94
0.324123386,83.71,158.329,280.09,24.94
0.327529913,83.71,158.329,377.03,24.94
0.373619755,83.71,158.329,425.07,24.94
0.374997344,83.71,158.329,394.46,24.94
0.382558883,83.71,158.329,334.09,24.94
0.340233035,83.71,158.329,299.15,24.94
0.396275657,83.71,158.329,230.98,24.94
0.393792678,83.71,158.329,228.72,24.94
0.39319229,83.71,158.329,235.91,24.94
0.335215159,83.71,158.329,238.46,24.94
0.336546264,83.71,158.329,287.4,24.94
0.334434897,83.71,158.329,319.97,24.94
0.338069927,83.71,158.329,380.32,24.94
0.429201852,83.71,158.329,439.1,24.94
0.433549009,83.71,158.329,513.99,24.94
0.430397891,83.71,158.329,526.26,24.94
0.337419953,83.71,158.329,467.73,24.94
0.333949276,83.71,158.329,413.57,24.94
0.330208184,83.71,158.329,374.83,24.94
0.329375711,83.71,158.329,336,24.94
0.330854272,83.71,156.781,328.74,24.94
0.336390972,83.71,156.781,332.29,24.94
0.340727251,83.71,156.781,335.67,24.94
0.339907415,83.71,156.781,327.24,24.94
0.336719201,83.71,156.781,334,24.94
0.332782386,83.71,156.781,436.95,24.94
0.372684955,83.71,156.781,493.88,24.94
0.383082292,83.71,156.781,488.31,24.94
0.388140443,83.71,156.781,462.98,24.94
0.35097011,83.71,156.781,431.95,24.94
0.408779636,83.71,156.781,381.09,24.94
0.404654658,83.71,156.781,346.06,24.94
0.401578298,83.71,156.781,319.96,24.94
0.33641973,83.71,156.781,314.82,24.94
0.337055931,83.71,156.781,307.94,24.94
0.33839924,83.71,156.781,337.08,24.94
0.343598119,83.71,156.781,346.19,24.94
0.440188682,83.71,156.781,427.87,24.94
0.439493146,83.71,156.781,488.71,24.94
0.440113088,83.71,156.781,515.45,24.94
0.338181824,83.71,156.781,495.18,24.94
0.335105645,83.71,156.781,513.29,24.94
0.335048034,83.71,156.781,419.96,24.94
0.336660849,83.71,156.781,372.69,24.94
0.338718533,83.71,151.333,334.1,24.94
0.339678848,83.71,151.333,333.41,24.94
0.338788805,83.71,151.333,327.35,24.94
0.332139339,83.71,151.333,328.25,24.94
0.328197356,83.71,151.333,336.95,24.94
0.32686877,83.71,151.333,409.88,24.94
0.372163012,83.71,151.333,450.9,24.94
0.374661907,83.71,151.333,436.92,24.94
0.37815903,83.71,151.333,409.4,24.94
0.342705492,83.71,151.333,342.65,24.94
0.40058004,79.47,151.333,334.03,24.94
0.400345819,78.06,151.333,307.56,24.94
0.396138527,78.06,151.333,274.04,24.94
0.340316777,78.06,151.333,275.57,24.94
0.342866501,78.06,151.333,300.99,24.94
0.342530069,78.06,151.333,301.09,24.94
0.341277563,78.06,151.333,391.04,24.94
0.434133486,78.06,151.333,450.56,24.94
0.437659714,78.06,151.333,479.99,24.94
0.435912308,78.06,151.333,480.9,24.94
0.338260147,78.06,151.333,494.6,24.94
0.335407342,78.06,151.333,461.04,24.94
0.337947375,78.06,151.333,424.92,24.94
0.330877642,78.06,151.333,404.56,24.94
0.33151801,78.06,161.078,344.67,24.94
0.329207456,78.06,161.078,351.99,24.94
0.328453335,78.06,161.078,337.01,24.94
0.325705316,78.06,161.078,332.04,24.94
0.32881602,78.06,161.078,331.27,24.94
0.334183179,78.06,161.078,337.03,24.94
0.380070535,78.06,161.078,333.12,24.94
0.378919982,78.06,161.078,343.78,24.94
0.382008031,78.06,161.078,350.96,24.94
0.341770865,78.06,161.078,337.02,24.94
0.399352017,78.06,161.078,307.36,24.94
0.39697433,78.06,161.078,285.06,24.94
0.400807254,78.06,161.078,242.73,24.94
0.34219581,78.06,161.078,183.97,24.94
0.340640995,78.06,161.078,185.45,24.94
0.341682254,78.06,161.078,226.44,24.94
0.343538959,78.06,161.078,285.03,24.94
0.437110612,78.06,161.078,336.02,24.94
0.435674579,78.06,161.078,372.87,24.94
0.434827874,78.06,161.078,402.15,24.94
0.340803236,78.06,161.078,405.61,24.94
0.339028486,78.06,161.078,396.9,24.94
0.336932692,78.06,161.078,366.61,24.94
0.340458496,78.06,161.078,393.26,24.94
0.337518543,78.06,161.078,379.24,24.94
0.341439462,78.06,161.078,355.06,24.94
0.335830879,78.06,161.078,331,24.94
0.335917048,78.06,161.078,316.18,24.94
0.329964031,78.06,161.078,302.82,24.94
0.333247101,78.06,161.078,272.76,24.94
0.380368576,78.06,161.078,260.93,24.94
0.381712648,78.06,161.078,222.42,24.94
0.382901623,78.06,161.078,162.89,24.94
0.344364539,78.06,161.078,149.99,24.94
0.39692672,78.06,161.078,100.16,24.94
0.395929102,78.06,161.078,71.72,24.94
0.394077529,78.06,161.078,58.48,24.94
0.338268198,78.06,161.078,48.77,24.94
0.337061179,78.06,161.078,64.4,24.94
0.338018385,78.06,161.078,120.06,24.94
0.337593583,78.06,161.078,255.88,24.94
0.423982377,78.06,161.078,355.02,24.94
0.424805636,78.06,161.078,390.4,24.94
0.425846814,78.06,161.078,418.85,24.94
0.341673426,78.06,161.078,433.15,24.94
0.340064671,78.06,161.078,417.16,24.94
0.33707539,78.06,161.078,374.48,24.94
0.333271536,78.06,161.078,346.4,24.94
0.328819347,78.06,161.864,276.76,24.94
0.326190804,78.06,161.864,264.97,24.94
0.323617444,78.06,161.864,266.03,24.94
0.322660856,78.06,161.864,261.71,24.94
0.325625516,78.06,161.864,286.29,24.94
0.330949268,78.06,161.864,375.08,24.94
0.373493819,78.06,161.864,410.14,24.94
0.37261322,78.06,161.864,412.34,24.94
0.374717702,78.06,161.864,350.64,24.94
0.337151933,78.06,161.864,295.58,24.94
0.392990574,78.06,161.864,265.25,24.94
0.38694772,78.06,161.864,235.09,24.94
0.388301712,78.06,161.864,231.32,24.94
0.332246487,78.06,161.864,222.45,24.94
0.333207578,78.06,161.864,203.61,24.94
0.331659326,78.06,161.864,259.43,24.94
0.332884992,78.06,161.864,266.29,24.94
0.42801563,78.06,161.864,333.55,24.94
0.43208233,78.06,161.864,379.2,24.94
0.434310602,78.06,161.864,383.81,24.94
0.33603627,78.06,161.864,386.86,24.94
0.335636813,78.06,161.864,391.69,24.94
0.337764298,78.06,161.864,330.98,24.94
0.33374781,78.06,161.864,330.38,24.94
0.329058896,78.06,169.55,316.03,24.94
0.327575275,78.06,169.55,276.85,24.94
0.328507592,78.06,169.55,292.79,24.94
0.329567562,78.06,169.55,300.31,24.94
0.32999605,78.06,169.55,346.94,24.94
0.333351784,78.06,169.55,408.23,24.94
0.375502503,78.06,169.55,454.37,24.94
0.37642099,78.06,169.55,391.64,24.94
0.379171647,78.06,169.55,293.5,24.94
0.341014072,78.06,169.55,235.59,24.94
0.402410151,78.06,169.55,262.81,24.94
0.402515504,78.06,169.55,200.01,24.94
0.402828265,78.06,169.55,188.58,24.94
0.342166255,78.06,169.55,183.1,24.94
0.338010209,78.06,169.55,179.58,24.94
0.335413794,78.06,169.55,190.16,24.94
0.333731585,78.06,169.55,264.3,24.94
0.432615691,78.06,169.55,350.01,24.94
0.435447841,78.06,169.55,432.55,24.94
0.436511946,78.06,169.55,438.97,24.94
0.338425617,78.06,169.55,447.5,24.94
0.336818505,78.06,169.55,437.28,24.94
0.332365822,78.06,169.55,376.27,24.94
0.329096616,78.06,169.55,405,24.94
0.327007903,78.06,196.615,351.19,24.94
0.327677507,78.06,196.615,347.08,24.94
0.326908666,78.06,196.615,349.99,24.94
0.329084302,78.06,196.615,348.33,24.94
0.332350181,78.06,196.615,377.14,24.94
0.339891642,78.06,196.615,460,24.94
0.383773941,78.06,196.615,499.94,24.94
0.383732555,78.06,196.615,492.41,24.94
0.381192738,78.06,196.615,434.99,24.94
0.340384868,78.06,196.615,425.61,24.94
0.3960724,78.06,196.615,418.4,24.94
0.397001751,78.06,196.615,389.92,24.94
0.399163056,78.06,196.615,348.89,24.94
0.340716462,78.06,196.615,337.95,24.94
0.338461164,78.06,196.615,353.31,24.94
0.335135559,78.06,196.615,371.24,24.94
0.338841534,78.06,196.615,429.65,24.94
0.436527681,78.06,196.615,500.91,24.94
0.436063629,78.06,196.615,532.67,24.94
0.434921924,78.06,196.615,549.87,24.94
0.336761748,78.06,196.615,529.36,24.94
0.334489061,78.06,196.615,504.98,24.94
0.332836662,78.06,196.615,428.97,24.94
0.3297058,78.06,196.615,437.79,24.94
0.329435688,78.06,211.113,400.91,24.94
0.326653381,78.06,211.113,399.97,24.94
0.328647367,78.06,211.113,399.71,24.94
0.328075255,78.06,211.113,399.97,24.94
0.327919249,78.06,211.113,400.04,24.94
0.32921432,78.06,211.113,493.93,24.94
0.372271818,78.06,211.113,559.28,24.94
0.378518249,78.06,211.113,539.56,24.94
0.382128863,78.06,211.113,501.42,24.94
0.344645762,78.06,211.113,451.16,24.94
0.402910917,78.06,211.113,418.45,24.94
0.399878868,78.06,211.113,426.07,24.94
0.399146579,78.06,211.113,409.58,24.94
0.339623939,78.06,211.113,425.1,24.94
0.340483106,78.06,211.113,433.66,24.94
0.341380404,78.06,211.113,454.39,24.94
0.344418623,78.06,211.113,513.93,24.94
0.442530964,78.06,211.113,563.85,24.94
0.442008481,78.06,211.113,598.94,24.94
0.437657652,78.06,211.113,586.99,24.94
0.342335867,78.06,211.113,557.43,24.94
0.336709731,78.06,211.113,534.23,24.94
0.334810832,78.06,211.113,451.72,24.94
0.328280539,78.06,211.113,400.02,24.94
0.325212795,78.06,205.351,384.1,24.94
0.323297715,78.06,205.351,373.81,24.94
0.322547182,78.06,205.351,388.51,24.94
0.322763309,78.06,205.351,374.83,24.94
0.322734968,78.06,205.351,402.61,24.94
0.325395722,78.06,205.351,463.16,24.94
0.368809899,78.06,205.351,508.14,24.94
0.373300535,78.06,205.351,517.17,24.94
0.379920045,78.06,205.351,503.93,24.94
0.343202104,78.06,205.351,463.44,24.94
0.403344069,77.98,205.351,448.93,24.94
0.402600334,77.96,205.351,394.44,24.94
0.403334985,77.96,205.351,366.45,24.94
0.345573085,77.96,205.351,365.04,24.94
0.343378667,77.96,205.351,404.98,24.94
0.342800856,77.96,205.351,407.08,24.94
0.342016399,77.96,205.351,461.52,24.94
0.436952384,77.96,205.351,489.87,24.94
0.438002468,77.96,205.351,512.51,24.94
0.434117487,77.96,205.351,504.33,24.94
0.337785547,77.96,205.351,484.94,24.94
0.33875067,77.96,205.351,482.05,24.94
0.334921,77.96,205.351,425.74,24.94
0.33079667,77.96,205.351,425,24.94
0.328772836,77.96,193.504,404.3,24.94
0.329223747,77.96,193.504,405,24.94
0.327202795,77.96,193.504,395.85,24.94
0.328256664,77.96,193.504,377.06,24.94
0.328956587,77.96,193.504,383.98,24.94
0.336287093,77.96,193.504,406.78,24.94
0.38125236,77.96,193.504,423.02,24.94
0.382940357,77.96,193.504,412.72,24.94
0.379862358,77.96,193.504,388.65,24.94
0.33864773,77.96,193.504,335.48,24.94
0.398308336,77.96,193.504,308.54,24.94
0.398704237,77.96,193.504,268.46,24.94
0.399247736,77.96,193.504,236.78,24.94
0.33645907,77.96,193.504,247.78,24.94
0.334491649,77.96,193.504,291.73,24.94
0.33517034,77.96,193.504,316.43,24.94
0.33707527,77.96,193.504,388.44,24.94
0.435804524,77.96,193.504,425.86,24.94
0.431364425,77.96,193.504,454.15,24.94
0.431820945,77.96,193.504,467.71,24.94
0.335806723,77.96,193.504,466.69,24.94
0.333515213,77.96,193.504,466.24,24.94
0.332682534,77.96,193.504,441.93,24.94
0.328042014,77.96,193.504,382.79,24.94
0.326130144,77.96,193.504,339.88,24.94
0.321234051,77.96,193.504,300.1,24.94
0.320988185,77.96,193.504,293.05,24.94
0.320360521,77.96,193.504,271.3,24.94
0.324207958,77.96,193.504,272.41,24.94
0.328755725,77.96,193.504,261.03,24.94
0.372880833,77.96,193.504,264.8,24.94
0.375262512,77.96,193.504,300.01,24.94
0.373999919,77.96,193.504,286.37,24.94
0.336339146,77.96,193.504,261.1,24.94
0.391186898,77.96,193.504,255.76,24.94
0.38921074,77.96,193.504,263.08,24.94
0.386927478,77.96,193.504,219.08,24.94
0.327848673,77.96,193.504,208.74,24.94
0.327711045,77.96,193.504,226.08,24.94
0.329441301,77.96,193.504,252.07,24.94
0.334133294,77.96,193.504,316.01,24.94
0.433818636,77.96,193.504,394.79,24.94
0.434716816,77.96,193.504,449.55,24.94
0.43490996,77.96,193.504,452.95,24.94
0.339180124,77.96,193.504,464.52,24.94
0.336954018,77.96,193.504,465.67,24.94
0.332973043,77.96,193.504,425.89,24.94
0.325913521,77.96,193.504,385.06,24.94
0.324390262,77.96,193.846,344.06,24.94
0.319703659,77.96,193.846,338.81,24.94
0.318862125,77.96,193.846,320.86,24.94
0.317925365,77.96,193.846,329.72,24.94
0.319307283,77.96,193.846,380,24.94
0.324629774,77.96,193.846,429.66,24.94
0.372446036,77.96,193.846,467.91,24.94
0.374803588,77.96,193.846,474.9,24.94
0.371450258,77.96,193.846,459.05,24.94
0.330553059,77.96,193.846,447.89,24.94
0.385456767,77.96,193.846,428.22,24.94
0.385085301,77.96,193.846,392.1,24.94
0.386057166,77.96,193.846,388.2,24.94
0.331353454,77.96,193.846,377.4,24.94
0.33194514,77.96,193.846,385.09,24.94
0.332424247,77.96,193.846,398.9,24.94
0.332158297,77.96,193.846,437.25,24.94
0.429557908,77.96,193.846,461.06,24.94
0.431986311,77.96,193.846,510.66,24.94
0.435391513,77.96,193.846,530.88,24.94
0.341504838,77.96,193.846,524.33,24.94
0.341321342,77.96,193.846,509.33,24.94
0.335670906,77.96,193.846,469.58,24.94
0.3303385,77.96,193.846,440.98,24.94
0.324577671,77.96,200.291,390.1,24.94
0.320077907,77.96,200.291,382.1,24.94
0.321173445,77.96,200.291,359.89,24.94
0.322960143,77.96,200.291,352.69,24.94
0.326648905,77.96,200.291,393.03,24.94
0.331943501,77.96,200.291,457.04,24.94
0.376803003,77.96,200.291,479.9,24.94
0.380473555,77.96,200.291,478.9,24.94
0.3805994,77.96,200.291,397.91,24.94
0.338624058,77.96,200.291,328.26,24.94
0.394118394,77.96,200.291,307.77,24.94
0.3945798,77.96,200.291,234.87,24.94
0.397064863,77.96,200.291,227.41,24.94
0.33851663,77.96,200.291,198.39,24.94
0.340206752,77.96,200.291,219,24.94
0.339654932,77.96,200.291,274.71,24.94
0.341462734,77.96,200.291,324.11,24.94
0.439418314,77.96,200.291,435.36,24.94
0.442283904,77.96,200.291,499.47,24.94
0.444105984,77.96,200.291,511.07,24.94
0.344852473,77.96,200.291,513.17,24.94
0.3448922,77.96,200.291,484.91,24.94
0.343837755,77.96,200.291,441.26,24.94
0.34584192,77.96,200.291,383.95,24.94
0.341861564,77.96,205.316,368.07,24.94
0.345728513,77.96,205.316,340.14,24.94
0.352981829,77.96,205.316,326.3,24.94
0.354052343,77.96,205.316,329.96,24.94
0.349220684,77.96,205.316,368.76,24.94
0.344429867,77.96,205.316,440.47,24.94
0.383458212,77.96,205.316,453.86,24.94
0.382894651,77.96,205.316,444.21,24.94
0.381135727,77.96,205.316,370.24,24.94
0.347613836,77.96,205.316,317.82,24.94
0.407569906,77.96,205.316,244.61,24.94
0.408059838,77.96,205.316,243.56,24.94
0.404317353,77.96,205.316,182.52,24.94
0.344201458,77.96,205.316,199.08,24.94
0.344157225,77.96,205.316,291.92,24.94
0.345109901,77.96,205.316,361.59,24.94
0.344605999,77.96,205.316,438.52,24.94
0.445921198,77.96,205.316,500.35,24.94
0.446666229,77.96,205.316,550.06,24.94
0.450696633,77.96,205.316,566.89,24.94
0.352779042,77.96,205.316,560.76,24.94
0.350754682,77.96,205.316,500.02,24.94
0.350343944,77.96,205.316,452.18,24.94
0.35104674,77.96,205.316,450.3,24.94
0.349137673,77.96,202.24,414.26,24.94
0.344399177,77.96,202.24,375.07,24.94
0.341212155,77.96,202.24,348.49,24.94
0.338440723,77.96,202.24,345.3,24.94
0.335636536,77.96,202.24,375.07,24.94
0.333814418,77.96,202.24,452.27,24.94
0.371433186,77.96,202.24,480.1,24.94
0.376803082,77.96,202.24,479.79,24.94
0.38480274,77.96,202.24,449.9,24.94
0.352503799,77.96,202.24,408.25,24.94
0.411107261,77.96,202.24,370.91,24.94
0.408451828,77.96,202.24,344.28,24.94
0.404271774,77.96,202.24,284.02,24.94
0.347687255,77.96,202.24,319.51,24.94
0.343908974,77.96,202.24,342.64,24.94
0.346792488,77.96,202.24,366.51,24.94
0.343052357,77.96,202.24,416.97,24.94
0.437630458,77.96,202.24,492.73,24.94
0.439705574,77.96,202.24,513.74,24.94
0.440116352,77.96,202.24,504.33,24.94
0.349686077,77.96,202.24,499.83,24.94
0.339909462,77.96,202.24,480.6,24.94
0.337190853,77.96,202.24,424.96,24.94
0.338695005,77.96,202.24,406.06,24.94
0.340640602,77.96,196.406,358.18,24.94
0.347101744,77.96,196.406,337.64,24.94
0.351685125,77.96,196.406,339.17,24.94
0.353694011,77.96,196.406,338.52,24.94
0.35094974,77.96,196.406,390.05,24.94
0.345444147,77.96,196.406,449.91,24.94
0.379177655,77.96,196.406,468,24.94
0.380018239,77.96,196.406,483.91,24.94
0.386452418,77.96,196.406,447.14,24.94
0.354159905,77.96,196.406,428.44,24.94
0.416391291,82.86,196.406,405.1,24.94
0.414951403,84.5,196.406,394.2,24.94
0.41288556,84.5,196.406,331.05,24.94
0.352425972,84.5,196.406,297.06,24.94
0.351033227,84.5,196.406,256.21,24.94
0.351585565,84.5,196.406,252.44,24.94
0.352028844,84.5,196.406,291.18,24.94
0.4403109,84.5,196.406,355.02,24.94
0.436954467,84.5,196.406,419.54,24.94
0.434798695,84.5,196.406,424.89,24.94
0.345878016,84.5,196.406,437.3,24.94
0.347178534,84.5,196.406,429.91,24.94
0.346669744,84.5,196.406,386.55,24.94
0.344239962,84.5,196.406,361.76,24.94
0.349077932,84.5,196.133,315.05,24.94
0.354619908,84.5,196.133,308.59,24.94
0.361416972,84.5,196.133,276.45,24.94
0.359881338,84.5,196.133,267.76,24.94
0.356790549,84.5,196.133,261.14,24.94
0.357220535,84.5,196.133,290.83,24.94
0.394200373,84.5,196.133,315.03,24.94
0.393056997,84.5,196.133,309.56,24.94
0.386793049,84.5,196.133,273.36,24.94
0.352681201,84.5,196.133,238.11,24.94
0.409909839,84.5,196.133,202.19,24.94
0.408813017,84.5,196.133,170.12,24.94
0.403658548,84.5,196.133,149.31,24.94
0.341656114,84.5,196.133,116.02,24.94
0.340836402,84.5,196.133,139.77,24.94
0.345084294,84.5,196.133,175.16,24.94
0.350318823,84.5,196.133,239.05,24.94
0.445059099,84.5,196.133,318.16,24.94
0.445193985,84.5,196.133,372.49,24.94
0.444079738,84.5,196.133,396.81,24.94
0.341981529,84.5,196.133,380.64,24.94
0.340471812,84.5,196.133,369.08,24.94
0.336970149,84.5,196.133,324.98,24.94
0.334377419,84.5,196.133,277.89,24.94
0.329891605,84.5,196.133,232.85,24.94
0.32843867,84.5,196.133,218.28,24.94
0.328651804,84.5,196.133,206.4,24.94
0.332210707,84.5,196.133,200.47,24.94
0.336462867,84.5,196.133,205.23,24.94
0.342067403,84.5,196.133,205,24.94
0.384693152,84.5,196.133,206.29,24.94
0.380127329,84.5,196.133,162.27,24.94
0.378871486,84.5,196.133,142.7,24.94
0.345982754,84.5,196.133,100,24.94
0.408274138,84.5,196.133,87.69,24.94
0.406503396,84.5,196.133,86.82,24.94
0.400350788,84.5,196.133,69.74,24.94
0.341201671,84.5,196.133,70.02,24.94
0.340069911,84.5,196.133,86.15,24.94
0.342319376,84.5,196.133,102.82,24.94
0.346893011,84.5,196.133,199.42,24.94
0.441467712,84.5,196.133,301.67,24.94
0.446853772,84.5,196.133,393.3,24.94
0.443322314,84.5,196.133,421.99,24.94
0.349628969,84.5,196.133,419.92,24.94
0.34310987,84.5,196.133,401.86,24.94
0.340696302,84.5,196.133,359.42,24.94
0.33435281,84.5,196.133,310.08,24.94
0.334875355,84.5,195.67,271.57,24.94
0.331488351,84.5,195.67,281.49,24.94
0.33074532,84.5,195.67,278.39,24.94
0.329660194,84.5,195.67,272.89,24.94
0.334121113,84.5,195.67,310.38,24.94
0.341335477,84.5,195.67,408.54,24.94
0.385644015,84.5,195.67,419.99,24.94
0.384799333,84.5,195.67,414.68,24.94
0.382344761,84.5,195.67,384.55,24.94
0.345179023,84.5,195.67,339.44,24.94
0.402367391,84.5,195.67,307.07,24.94
0.398714875,84.5,195.67,292.66,24.94
0.396286408,84.5,195.67,294.01,24.94
0.33458141,84.5,195.67,294.68,24.94
0.332743611,84.5,195.67,307.77,24.94
0.338651695,84.5,195.67,329.86,24.94
0.343196241,84.5,195.67,406.02,24.94
0.446749058,84.5,195.67,439.98,24.94
0.446679623,84.5,195.67,495.9,24.94
0.447331099,84.5,195.67,493.85,24.94
0.349324456,84.5,195.67,455,24.94
0.345902897,84.5,195.67,429.15,24.94
0.340315964,84.5,195.67,391.2,24.94
0.334596079,84.5,195.67,330.76,24.94
0.334425696,84.5,195.46,298.92,24.94
0.33230545,84.5,195.46,298.95,24.94
0.332352645,84.5,195.46,289.2,24.94
0.331641588,84.5,195.46,295.75,24.94
0.337873489,84.5,195.46,320.01,24.94
0.347146972,84.5,195.46,382.92,24.94
0.395243799,84.5,195.46,414.98,24.94
0.395460025,84.5,195.46,426.22,24.94
0.389299444,84.5,195.46,383.99,24.94
0.352352606,84.5,195.46,310.09,24.94
0.403471416,84.5,195.46,282.44,24.94
0.401878111,84.5,195.46,277.57,24.94
0.400111185,84.5,195.46,258.94,24.94
0.344337511,84.5,195.46,260.64,24.94
0.346026306,84.5,195.46,266.89,24.94
0.345872919,84.5,195.46,289.37,24.94
0.346401504,84.5,195.46,351.34,24.94
0.441068061,84.5,195.46,420,24.94
0.445401298,84.5,195.46,469.8,24.94
0.448570141,84.5,195.46,469.72,24.94
0.353648474,84.5,195.46,428.67,24.94
0.346561032,84.5,195.46,406.45,24.94
0.342467834,84.5,195.46,343.31,24.94
0.334957834,84.5,195.46,297.01,24.94
0.329552881,84.5,190.161,286.98,24.94
0.328700868,84.5,190.161,298.71,24.94
0.328091442,84.5,190.161,285.6,24.94
0.32970857,84.5,190.161,293.99,24.94
0.333584145,84.5,190.161,297.74,24.94
0.342017053,84.5,190.161,343.67,24.94
0.390920891,84.5,190.161,392.98,24.94
0.391179719,84.5,190.161,395.51,24.94
0.390686839,84.5,190.161,356.26,24.94
0.351940447,84.5,190.161,302.9,24.94
0.40586403,84.5,190.161,284.9,24.94
0.405078478,84.5,190.161,274.76,24.94
0.406368172,84.5,190.161,253,24.94
0.351434788,84.5,190.161,253.96,24.94
0.357115617,84.5,190.161,272.34,24.94
0.357055718,84.5,190.161,303.1,24.94
0.357673509,84.5,190.161,353,24.94
0.449316787,84.5,190.161,409.93,24.94
0.450210286,84.5,190.161,449,24.94
0.447184143,84.5,190.161,454.73,24.94
0.348128363,84.5,190.161,420,24.94
0.345129573,84.5,190.161,406.84,24.94
0.342156025,84.5,190.161,355.01,24.94
0.33962773,84.5,190.161,309.92,24.94
0.337928656,84.5,202.467,300.03,24.94
0.33463457,84.5,202.467,310,24.94
0.332915618,84.5,202.467,306.3,24.94
0.332130243,84.5,202.467,312,24.94
0.334259226,84.5,202.467,347.06,24.94
0.339050621,84.5,202.467,406.65,24.94
0.381149859,84.5,202.467,419.97,24.94
0.386408446,84.5,202.467,414.9,24.94
0.394588741,84.5,202.467,397.16,24.94
0.361025196,84.5,202.467,355.1,24.94
0.420993883,84.5,202.467,313.97,24.94
0.416913046,84.5,202.467,298.97,24.94
0.416823627,84.5,202.467,269.86,24.94
0.356806232,84.5,202.467,267.86,24.94
0.350939896,84.5,202.467,294,24.94
0.349074276,84.5,202.467,334.8,24.94
0.348141134,84.5,202.467,401.31,24.94
0.44823373,84.5,202.467,450,24.94
0.445371749,84.5,202.467,539.9,24.94
0.442599049,84.5,202.467,534.75,24.94
0.346674776,84.5,202.467,446,24.94
0.345006794,84.5,202.467,414.99,24.94
0.343530735,84.5,202.467,390,24.94
0.339336842,84.5,202.467,422.1,24.94
0.336515487,84.5,210.885,405,24.94
0.336533718,84.5,210.885,395.69,24.94
0.339541106,84.5,210.885,391.95,24.94
0.344543082,84.5,210.885,402.56,24.94
0.342965052,84.5,210.885,408,24.94
0.339839377,84.5,210.885,469.21,24.94
0.379337448,84.5,210.885,513.31,24.94
0.388595796,84.5,210.885,508,24.94
0.398232811,84.5,210.885,472.56,24.94
0.368840202,84.5,210.885,419.9,24.94
0.425975412,86.6,210.885,405.6,24.94
0.426453908,87.3,210.885,376.39,24.94
0.42482243,87.3,210.885,328.45,24.94
0.364030072,87.3,210.885,334.37,24.94
0.355947036,87.3,210.885,372.09,24.94
0.355063765,87.3,210.885,393.24,24.94
0.358155614,87.3,210.885,448.08,24.94
0.455213209,87.3,210.885,489.99,24.94
0.459359423,87.3,210.885,560,24.94
0.462302851,87.3,210.885,565.4,24.94
0.374466835,87.3,210.885,507.78,24.94
0.364446107,87.3,210.885,469.47,24.94
0.35544065,87.3,210.885,424.02,24.94
0.343811418,87.3,210.885,427.23,24.94
0.340794013,87.3,203.648,400.71,24.94
0.343700029,87.3,203.648,387.87,24.94
0.342689278,87.3,203.648,374.09,24.94
0.344506108,87.3,203.648,375.79,24.94
0.353227791,87.3,203.648,382.76,24.94
0.37103916,87.3,203.648,379.9,24.94
0.412288989,87.3,203.648,388.74,24.94
0.395574377,87.3,203.648,399.9,24.94
0.38360329,87.3,203.648,374.5,24.94
0.345546445,87.3,203.648,333.41,24.94
0.403241884,87.3,203.648,300.02,24.94
0.406418617,87.3,203.648,247.22,24.94
0.409659478,87.3,203.648,192.11,24.94
0.352967691,87.3,203.648,213.62,24.94
0.34451048,87.3,203.648,292.05,24.94
0.340336007,87.3,203.648,341.76,24.94
0.34498751,87.3,203.648,412.3,24.94
0.43798625,87.3,203.648,466.2,24.94
0.451188267,87.3,203.648,503.26,24.94
0.453851399,87.3,203.648,504.7,24.94
0.359355177,87.3,203.648,479.94,24.94
0.353899623,87.3,203.648,461.91,24.94
0.343673971,87.3,203.648,425.89,24.94
0.346149296,87.3,203.648,416.3,24.94
0.340725145,87.3,203.648,397.2,24.94
0.341055888,87.3,203.648,377.9,24.94
0.337002853,87.3,203.648,354,24.94
0.341108859,87.3,203.648,350.06,24.94
0.347979048,87.3,203.648,351.01,24.94
0.361414049,87.3,203.648,352.77,24.94
0.398016191,87.3,203.648,350.05,24.94
0.394346592,87.3,203.648,355.17,24.94
0.383145902,87.3,203.648,339.94,24.94
0.342421348,87.3,203.648,309,24.94
0.396610989,87.3,203.648,249.58,24.94
0.39761558,87.3,203.648,136.72,24.94
0.396446319,87.3,203.648,84.93,24.94
0.338804837,87.3,203.648,74.02,24.94
0.338167943,87.3,203.648,164.37,24.94
0.343725777,87.3,203.648,268.13,24.94
0.350498679,87.3,203.648,343.52,24.94
0.446120239,87.3,203.648,415.9,24.94
0.445805237,87.3,203.648,454.91,24.94
0.445870741,87.3,203.648,459.96,24.94
0.349092312,87.3,203.648,462.6,24.94
0.344138847,87.3,203.648,455.42,24.94
0.337676006,87.3,203.648,407.48,24.94
0.335863066,87.3,203.648,375.03,24.94
0.33385746,87.3,203.639,361.09,24.94
0.337123079,87.3,203.639,360.64,24.94
0.341773161,87.3,203.639,350,24.94
0.340141422,87.3,203.639,352.99,24.94
0.345866739,87.3,203.639,363.59,24.94
0.358494507,87.3,203.639,381.41,24.94
0.397190331,87.3,203.639,429.12,24.94
0.391177487,87.3,203.639,467.34,24.94
0.382658374,87.3,203.639,452.8,24.94
0.346727061,87.3,203.639,431.41,24.94
0.399875225,87.3,203.639,407.06,24.94
0.398605334,87.3,203.639,402.31,24.94
0.40168125,87.3,203.639,392.13,24.94
0.340312708,87.3,203.639,392.77,24.94
0.338819107,87.3,203.639,380.09,24.94
0.338270903,87.3,203.639,400.05,24.94
0.345612373,87.3,203.639,448.84,24.94
0.44793125,87.3,203.639,495,24.94
0.453017876,87.3,203.639,520.01,24.94
0.452321974,87.3,203.639,555.72,24.94
0.356271353,87.3,203.639,536.69,24.94
0.35172906,87.3,203.639,507,24.94
0.342585145,87.3,203.639,475.42,24.94
0.33573856,87.3,203.639,465.26,24.94
0.337019637,87.3,212.846,430.65,24.94
0.335465786,87.3,212.846,430.94,24.94
0.336648064,87.3,212.846,416.42,24.94
0.338973056,87.3,212.846,422.59,24.94
0.351566496,87.3,212.846,440.99,24.94
0.365104557,87.3,212.846,502.52,24.94
0.407876019,87.3,212.846,517.99,24.94
0.402040059,87.3,212.846,514.9,24.94
0.39012386,87.3,212.846,488.44,24.94
0.350964374,87.3,212.846,450,24.94
0.412067414,87.3,212.846,424.95,24.94
0.412346904,87.3,212.846,417.08,24.94
0.408784203,87.3,212.846,410.06,24.94
0.346987566,87.3,212.846,410.09,24.94
0.34571868,87.3,212.846,418.06,24.94
0.351244365,87.3,212.846,442.53,24.94
0.355187199,87.3,212.846,506.91,24.94
0.46321346,87.3,212.846,600.05,24.94
0.464385957,87.3,212.846,664.89,24.94
0.462725246,87.3,212.846,662.05,24.94
0.359549498,87.3,212.846,648.38,24.94
0.352965488,87.3,212.846,580,24.94
0.348273222,87.3,212.846,513.28,24.94
0.341289281,87.3,212.846,523.94,24.94
0.335192109,87.3,235.643,483.88,24.94
0.332228828,87.3,235.643,472.13,24.94
0.332429038,87.3,235.643,459.22,24.94
0.334365579,87.3,235.643,463.42,24.94
0.342408547,87.3,235.643,489.64,24.94
0.35551979,87.3,235.643,547.74,24.94
0.403211857,87.3,235.643,597.04,24.94
0.400358894,87.3,235.643,616.33,24.94
0.394897807,87.3,235.643,575.1,24.94
0.35639035,87.3,235.643,549.97,24.94
0.409429999,87.3,235.643,526.89,24.94
0.411315497,87.3,235.643,509.09,24.94
0.407886241,87.3,235.643,500,24.94
0.352716973,87.3,235.643,493.09,24.94
0.35176435,87.3,235.643,509.47,24.94
0.35146114,87.3,235.643,541.6,24.94
0.347531882,87.3,235.643,593.3,24.94
0.447957541,87.3,235.643,676.04,24.94
0.451301204,87.3,235.643,747.93,24.94
0.459038993,87.3,235.643,681,24.94
0.364356255,87.3,235.643,629.09,24.94
0.355354909,87.3,235.643,552.03,24.94
0.345394428,87.3,235.643,508.92,24.94
0.344556942,87.3,235.643,523.92,24.94
0.34609044,87.3,231.385,479.9,24.94
0.349249047,87.3,231.385,480,24.94
0.350971642,87.3,231.385,474.46,24.94
0.351350166,87.3,231.385,478.13,24.94
0.353507481,87.3,231.385,499.24,24.94
0.35480755,87.3,231.385,550,24.94
0.398373484,87.3,231.385,598.9,24.94
0.404447286,87.3,231.385,620.1,24.94
0.411190793,87.3,231.385,613.59,24.94
0.382421491,87.3,231.385,610.19,24.94
0.440620157,87.3,231.385,577.65,24.94
0.440621784,87.3,231.385,559.87,24.94
0.43552389,87.3,231.385,563.11,24.94
0.370919496,87.3,231.385,543.34,24.94
0.366859011,87.3,231.385,541.9,24.94
0.363743499,87.3,231.385,586.23,24.94
0.36558307,87.3,231.385,593.97,24.94
0.459730947,87.3,231.385,642.99,24.94
0.461119977,87.3,231.385,657.98,24.94
0.456961594,87.3,231.385,646.96,24.94
0.360093834,87.3,231.385,600.06,24.94
0.357697704,87.3,231.385,562.82,24.94
0.360060184,87.3,231.385,524.93,24.94
0.355437659,87.3,231.385,510.09,24.94
0.35103498,87.3,234.537,467.63,24.94
0.34568739,87.3,234.537,450.1,24.94
0.347360112,87.3,234.537,434.14,24.94
0.348645102,87.3,234.537,439.39,24.94
0.355831684,87.3,234.537,469.62,24.94
0.363760149,87.3,234.537,528.21,24.94
0.409376617,87.3,234.537,571.24,24.94
0.412492294,87.3,234.537,587.56,24.94
0.415638247,87.3,234.537,575,24.94
0.376559851,87.3,234.537,566,24.94
0.436381383,94.48,234.537,547.26,24.94
0.435658649,96.87,234.537,527.8,24.94
0.433612572,96.87,234.537,488.24,24.94
0.375306992,96.87,234.537,461.14,24.94
0.372731715,96.87,234.537,461.17,24.94
0.371818893,96.87,234.537,490.86,24.94
0.3669475,96.87,234.537,517.42,24.94
0.47586069,96.87,234.537,545.56,24.94
0.486717553,96.87,234.537,568.99,24.94
0.483939825,96.87,234.537,569.4,24.94
0.374161429,96.87,234.537,550,24.94
0.359721131,96.87,234.537,530.58,24.94
0.344565311,96.87,234.537,504.93,24.94
0.341733411,96.87,234.537,512.09,24.94
0.342354435,96.87,243.841,500.05,24.94
0.34484761,96.87,243.841,480.09,24.94
0.347413591,96.87,243.841,460.04,24.94
0.352124391,96.87,243.841,452.61,24.94
0.364161313,96.87,243.841,452.15,24.94
0.381625497,96.87,243.841,471.69,24.94
0.422024039,96.87,243.841,475.03,24.94
0.404475592,96.87,243.841,484.93,24.94
0.396025214,96.87,243.841,480.02,24.94
0.353611214,96.87,243.841,464.5,24.94
0.407731805,96.87,243.841,443.19,24.94
0.405988707,96.87,243.841,432.48,24.94
0.409001739,96.87,243.841,364.68,24.94
0.35113036,96.87,243.841,344.13,24.94
0.351719144,96.87,243.841,339.28,24.94
0.35445965,96.87,243.841,361.23,24.94
0.362383802,96.87,243.841,402.56,24.94
0.456051083,96.87,243.841,475.06,24.94
0.455961357,96.87,243.841,529.91,24.94
0.454787421,96.87,243.841,552.48,24.94
0.356893361,96.87,243.841,540.09,24.94
0.361259409,96.87,243.841,514.12,24.94
0.363347103,96.87,243.841,458.96,24.94
0.36431918,96.87,243.841,430.27,24.94
0.361272754,96.87,243.841,381,24.94
0.358769512,96.87,243.841,374.94,24.94
0.358403736,96.87,243.841,344.27,24.94
0.366300023,96.87,243.841,323,24.94
0.381416175,96.87,243.841,324.07,24.94
0.392489255,96.87,243.841,365.99,24.94
0.433369296,96.87,243.841,348.35,24.94
0.415365098,96.87,243.841,332,24.94
0.400137447,96.87,243.841,317.26,24.94
0.353001023,96.87,243.841,254.52,24.94
0.408508065,96.87,243.841,176.88,24.94
0.407068788,96.87,243.841,97.31,24.94
0.406449268,96.87,243.841,77.46,24.94
0.346462928,96.87,243.841,97.34,24.94
0.346737595,96.87,243.841,204.21,24.94
0.34946402,96.87,243.841,313.88,24.94
0.356869069,96.87,243.841,455,24.94
0.463288178,96.87,243.841,530,24.94
0.471542234,96.87,243.841,592,24.94
0.47627375,96.87,243.841,623.89,24.94
0.382807905,96.87,243.841,609.96,24.94
0.391385121,96.87,243.841,595.46,24.94
0.392972941,96.87,243.841,570.11,24.94
0.387789965,96.87,243.841,504.25,24.94
0.392016747,96.87,244.68,477.42,24.94
0.39678491,96.87,244.68,467.94,24.94
0.400343283,96.87,244.68,447.93,24.94
0.404368578,96.87,244.68,450.02,24.94
0.415266781,96.87,244.68,497.08,24.94
0.419492856,96.87,244.68,561.74,24.94
0.450032673,96.87,244.68,599.9,24.94
0.420525259,96.87,244.68,610,24.94
0.403772806,96.87,244.68,595.59,24.94
0.357128167,96.87,244.68,583.46,24.94
0.411600717,96.87,244.68,567.5,24.94
0.410118619,96.87,244.68,534.3,24.94
0.410820361,96.87,244.68,540.91,24.94
0.351144752,96.87,244.68,557.06,24.94
0.34997474,96.87,244.68,577.2,24.94
0.353940068,96.87,244.68,586.67,24.94
0.36013096,96.87,244.68,613.55,24.94
0.465609111,96.87,244.68,640,24.94
0.467815925,96.87,244.68,675.55,24.94
0.469754872,96.87,244.68,679.97,24.94
0.363501199,96.87,244.68,629.63,24.94
0.361115014,96.87,244.68,588.86,24.94
0.354620856,96.87,244.68,545,24.94
0.356600875,96.87,244.68,550,24.94
0.356629311,96.87,282.309,504.73,24.94
0.356690889,96.87,282.309,507,24.94
0.360268662,96.87,282.309,500.57,24.94
0.364874234,96.87,282.309,503.32,24.94
0.382238091,96.87,282.309,531.02,24.94
0.399576371,96.87,282.309,627.95,24.94
0.433275959,96.87,282.309,668.21,24.94
0.412561242,96.87,282.309,680,24.94
0.393713687,96.87,282.309,640.1,24.94
0.355961503,96.87,282.309,614.01,24.94
0.410118371,96.87,282.309,551.4,24.94
0.411582086,96.87,282.309,518.71,24.94
0.411370211,96.87,282.309,518.46,24.94
0.358127959,96.87,282.309,549.81,24.94
0.360072561,96.87,282.309,572.78,24.94
0.363999265,96.87,282.309,604.43,24.94
0.365804187,96.87,282.309,648.15,24.94
0.468826254,96.87,282.309,713.65,24.94
0.471286128,96.87,282.309,794.95,24.94
0.479851693,96.87,282.309,771,24.94
0.37991163,96.87,282.309,708.83,24.94
0.379532839,96.87,282.309,644,24.94
0.375030194,96.87,282.309,599.99,24.94
0.378342129,96.87,282.309,581.8,24.94
0.381701683,96.87,272.212,550,24.94
0.384656275,96.87,272.212,550.19,24.94
0.386532177,96.87,272.212,535.98,24.94
0.386341455,96.87,272.212,539.01,24.94
0.399999432,96.87,272.212,574.18,24.94
0.406990227,96.87,272.212,648,24.94
0.443346298,96.87,272.212,683.25,24.94
0.419381376,96.87,272.212,694.26,24.94
0.406381493,96.87,272.212,649.92,24.94
0.366003068,96.87,272.212,588.06,24.94
0.419492546,96.87,272.212,576.89,24.94
0.418101652,96.87,272.212,516.12,24.94
0.417741801,96.87,272.212,541.97,24.94
0.361013167,96.87,272.212,545.11,24.94
0.363073525,96.87,272.212,577.34,24.94
0.363141481,96.87,272.212,613.48,24.94
0.367748944,96.87,272.212,672.33,24.94
0.467756677,96.87,272.212,750,24.94
0.468480171,96.87,272.212,850,24.94
0.464027855,96.87,272.212,783.56,24.94
0.365297446,96.87,272.212,724.96,24.94
0.363177212,96.87,272.212,659.37,24.94
0.362805312,96.87,272.212,578.42,24.94
0.363160332,96.87,272.212,535.2,24.94
0.363024361,96.87,283.492,522.92,24.94
0.358452143,96.87,283.492,520.07,24.94
0.360424718,96.87,283.492,513.06,24.94
0.359618967,96.87,283.492,518.6,24.94
0.364960796,96.87,283.492,530.07,24.94
0.365708349,96.87,283.492,606.61,24.94
0.410803555,96.87,283.492,668.24,24.94
0.412869496,96.87,283.492,689.87,24.94
0.413906186,96.87,283.492,639.34,24.94
0.379543247,96.87,283.492,576.99,24.94
0.432495254,96.87,283.492,535.04,24.94
0.429723456,96.87,283.492,505.88,24.94
0.425195088,96.87,283.492,504.19,24.94
0.368785491,96.87,283.492,502.59,24.94
0.367289413,96.87,283.492,524.96,24.94
0.371171932,96.87,283.492,564.35,24.94
0.380824744,96.87,283.492,686.8,24.94
0.476169181,96.87,283.492,714.23,24.94
0.47929989,96.87,283.492,766.79,24.94
0.478025298,96.87,283.492,760,24.94
0.394427513,96.87,283.492,710,24.94
0.393511471,96.87,283.492,673.4,24.94
0.39048621,96.87,283.492,626.73,24.94
0.3837272,96.87,283.492,607.15,24.94
0.382826898,96.87,312.156,580.07,24.94
0.380976548,96.87,312.156,572.53,24.94
0.373548067,96.87,312.156,571.04,24.94
0.366028293,96.87,312.156,569.21,24.94
0.366821879,96.87,312.156,598.99,24.94
0.372588888,96.87,312.156,750,24.94
0.413762171,96.87,312.156,769.23,24.94
0.418454113,96.87,312.156,802.99,24.94
0.424445998,96.87,312.156,781.62,24.94
0.385875179,96.87,312.156,763.2,24.94
0.440563518,91.39,312.156,750.03,24.94
0.436190442,89.56,312.156,702.33,24.94
0.431890975,89.56,312.156,676.88,24.94
0.370508962,89.56,312.156,643.55,24.94
0.371910466,89.56,312.156,665.93,24.94
0.3853244,89.56,312.156,685.56,24.94
0.395509145,89.56,312.156,750.01,24.94
0.505894871,89.56,312.156,770,24.94
0.506526622,89.56,312.156,780,24.94
0.503022593,89.56,312.156,778.54,24.94
0.398941296,89.56,312.156,770,24.94
0.388484175,89.56,312.156,747.74,24.94
0.379663324,89.56,312.156,700,24.94
0.373575355,89.56,312.156,685.14,24.94
0.373926046,89.56,312.137,644.2,24.94
0.374637316,89.56,312.137,636.8,24.94
0.375498964,89.56,312.137,587.9,24.94
0.377257008,89.56,312.137,563.47,24.94
0.39510695,89.56,312.137,573.1,24.94
0.413904357,89.56,312.137,580.9,24.94
0.454106854,89.56,312.137,636,24.94
0.433058596,89.56,312.137,682.59,24.94
0.413063378,89.56,312.137,685.95,24.94
0.369770176,89.56,312.137,660.75,24.94
0.423175397,89.56,312.137,601.84,24.94
0.424762636,89.56,312.137,578.03,24.94
0.425430535,89.56,312.137,488.82,24.94
0.366813984,89.56,312.137,500.16,24.94
0.362035292,89.56,312.137,461.73,24.94
0.367545656,89.56,312.137,489.19,24.94
0.373009579,89.56,312.137,554.67,24.94
0.476900788,89.56,312.137,669.91,24.94
0.484701198,89.56,312.137,704.62,24.94
0.48749895,89.56,312.137,700.06,24.94
0.395880017,89.56,312.137,665.98,24.94
0.386192905,89.56,312.137,659.94,24.94
0.375878934,89.56,312.137,576.39,24.94
0.365722898,89.56,312.137,585.03,24.94
0.362117679,89.56,312.137,491.4,24.94
0.359073472,89.56,312.137,467.7,24.94
0.358800993,89.56,312.137,430,24.94
0.35700842,89.56,312.137,425.97,24.94
0.366720044,89.56,312.137,409.92,24.94
0.378883444,89.56,312.137,427.29,24.94
0.419748475,89.56,312.137,441.91,24.94
0.404757997,89.56,312.137,467.45,24.94
0.400239481,89.56,312.137,437.62,24.94
0.361845919,89.56,312.137,275.09,24.94
0.416074037,89.56,312.137,256.88,24.94
0.411111506,89.56,312.137,115.98,24.94
0.412183134,89.56,312.137,75.8,24.94
0.354754989,89.56,312.137,13.29,24.94
0.357013608,89.56,312.137,62.16,24.94
0.360416137,89.56,312.137,105.92,24.94
0.361880451,89.56,312.137,336.2,24.94
0.465182885,89.56,312.137,579.24,24.94
0.472561525,89.56,312.137,676.4,24.94
0.476045272,89.56,312.137,700.75,24.94
0.378918708,89.56,312.137,646.06,24.94
0.371219091,89.56,312.137,606.7,24.94
0.359848952,89.56,312.137,590.03,24.94
0.354526847,89.56,312.137,590.85,24.94
0.354986444,89.56,312.137,544.14,24.94
0.355252762,89.56,312.137,523.3,24.94
0.357645235,89.56,312.137,521.03,24.94
0.357597073,89.56,312.137,516.07,24.94
0.367492949,89.56,312.137,582.36,24.94
0.375878443,89.56,312.137,696.75,24.94
0.416820378,89.56,312.137,769.92,24.94
0.394436669,89.56,312.137,793.99,24.94
0.386648052,89.56,312.137,668.06,24.94
0.344211576,89.56,312.137,661.36,24.94
0.400209725,89.56,312.137,574.27,24.94
0.401469459,89.56,312.137,548.77,24.94
0.402304435,89.56,312.137,553.42,24.94
0.343843945,89.56,312.137,541.57,24.94
0.342189228,89.56,312.137,548.41,24.94
0.348194387,89.56,312.137,645.73,24.94
0.3527743,89.56,312.137,773.91,24.94
0.466157272,89.56,312.137,837.66,24.94
0.471928247,89.56,312.137,871,24.94
0.476615441,89.56,312.137,860.89,24.94
0.377382048,89.56,312.137,800,24.94
0.378949865,89.56,312.137,762.48,24.94
0.377787768,89.56,312.137,615.91,24.94
0.374933925,89.56,312.137,617.49,24.94
0.375589486,89.56,313.553,595.07,24.94
0.373820839,89.56,313.553,585.01,24.94
0.376062832,89.56,313.553,584.96,24.94
0.379739499,89.56,313.553,594.99,24.94
0.389031646,89.56,313.553,612.55,24.94
0.397956804,89.56,313.553,763.3,24.94
0.430103727,89.56,313.553,778.06,24.94
0.413906165,89.56,313.553,791.31,24.94
0.40196807,89.56,313.553,759.95,24.94
0.358659619,89.56,313.553,664.79,24.94
0.410846327,89.56,313.553,580.26,24.94
0.408439499,89.56,313.553,569.34,24.94
0.412165747,89.56,313.553,571.95,24.94
0.352900168,89.56,313.553,553.98,24.94
0.358839894,89.56,313.553,581.3,24.94
0.360514086,89.56,313.553,573.89,24.94
0.366538124,89.56,313.553,746.77,24.94
0.464794015,89.56,313.553,793.71,24.94
0.471401992,89.56,313.553,855.46,24.94
0.472620978,89.56,313.553,765.99,24.94
0.381059018,89.56,313.553,705,24.94
0.385326733,89.56,313.553,626.74,24.94
0.385859421,89.56,313.553,573.8,24.94
0.379863099,89.56,313.553,531.48,24.94
0.378888146,89.56,262.711,523.31,24.94
0.377921518,89.56,262.711,541.87,24.94
0.376403474,89.56,262.711,498.16,24.94
0.376634574,89.56,262.711,541.83,24.94
0.387397227,89.56,262.711,543.26,24.94
0.399590272,89.56,262.711,649.99,24.94
0.438503215,89.56,262.711,724.46,24.94
0.418519187,89.56,262.711,736.97,24.94
0.406296149,89.56,262.711,697.72,24.94
0.360347405,89.56,262.711,633.31,24.94
0.419049852,89.56,262.711,644.83,24.94
0.411873062,89.56,262.711,552.93,24.94
0.413412213,89.56,262.711,529.08,24.94
0.356879849,89.56,262.711,496.98,24.94
0.360843601,89.56,262.711,519.64,24.94
0.359423175,89.56,262.711,541.81,24.94
0.363147375,89.56,262.711,641.74,24.94
0.461530509,89.56,262.711,720.67,24.94
0.470737577,89.56,262.711,750,24.94
0.472778001,89.56,262.711,714.45,24.94
0.380204258,89.56,262.711,677.26,24.94
0.377893444,89.56,262.711,563.52,24.94
0.367602021,89.56,262.711,532.51,24.94
0.357018271,89.56,262.711,490.77,24.94
0.353110544,89.56,244.325,484.36,24.94
0.362535952,89.56,244.325,486.34,24.94
0.366776527,89.56,244.325,480.02,24.94
0.37450376,89.56,244.325,495.18,24.94
0.377371911,89.56,244.325,532.8,24.94
0.380392689,89.56,244.325,644.71,24.94
0.418139109,89.56,244.325,669.21,24.94
0.420953812,89.56,244.325,665.46,24.94
0.428403417,89.56,244.325,614.15,24.94
0.390486588,89.56,244.325,567.93,24.94
0.44136586,89.56,244.325,522.02,24.94
0.436104772,89.56,244.325,495.26,24.94
0.438341882,89.56,244.325,491.55,24.94
0.383188515,89.56,244.325,511.25,24.94
0.382440381,89.56,244.325,539.65,24.94
0.378938029,89.56,244.325,559.97,24.94
0.376407634,89.56,244.325,631.45,24.94
0.464668034,89.56,244.325,686.23,24.94
0.459454383,89.56,244.325,729.9,24.94
0.461887797,89.56,244.325,702.09,24.94
0.381229785,89.56,244.325,640.72,24.94
0.388441177,89.56,244.325,572.54,24.94
0.391115295,89.56,244.325,495.19,24.94
0.3965613,89.56,244.325,456.05,24.94
0.400689413,89.56,229.117,418.74,24.94
0.411262566,89.56,229.117,395.35,24.94
0.413516374,89.56,229.117,362.68,24.94
0.421765443,89.56,229.117,391.73,24.94
0.426707942,89.56,229.117,445.42,24.94
0.427645578,89.56,229.117,532.08,24.94
0.455214858,89.56,229.117,566.1,24.94
0.44043278,89.56,229.117,581.97,24.94
0.431474471,89.56,229.117,529.89,24.94
0.392341247,89.56,229.117,497.53,24.94
0.451086449,81.2,229.117,404.22,24.94
0.441997771,78.41,229.117,260.08,24.94
0.432128463,78.41,229.117,238.59,24.94
0.369531508,78.41,229.117,244.16,24.94
0.366468805,78.41,229.117,309.98,24.94
0.371624694,78.41,229.117,367.53,24.94
0.372721433,78.41,229.117,489.39,24.94
0.47165723,78.41,229.117,550.1,24.94
0.476186323,78.41,229.117,574.34,24.94
0.477551331,78.41,229.117,562.86,24.94
0.380557247,78.41,229.117,401.96,24.94
0.376423907,78.41,229.117,343.25,24.94
0.370185895,78.41,229.117,210.06,24.94
0.369571642,78.41,229.117,230.18,24.94
0.368116211,78.41,194.61,244.97,24.94
0.370911873,78.41,194.61,262.46,24.94
0.371147455,78.41,194.61,249.99,24.94
0.378943516,78.41,194.61,235.3,24.94
0.396698019,78.41,194.61,291.67,24.94
0.422635154,78.41,194.61,275,24.94
0.460632762,78.41,194.61,370.08,24.94
0.428911255,78.41,194.61,400.43,24.94
0.406856205,78.41,194.61,378.67,24.94
0.364332269,78.41,194.61,206.73,24.94
0.418891085,78.41,194.61,128.28,24.94
0.421177075,78.41,194.61,75.27,24.94
0.424428033,78.41,194.61,51.01,24.94
0.367151901,78.41,194.61,77.55,24.94
0.361732576,78.41,194.61,165.93,24.94
0.363037156,78.41,194.61,249.98,24.94
0.368569472,78.41,194.61,401.54,24.94
0.485633863,78.41,194.61,453.63,24.94
0.508464132,78.41,194.61,530,24.94
0.525848693,78.41,194.61,514.93,24.94
0.432868696,78.41,194.61,411,24.94
0.432954795,78.41,194.61,381.71,24.94
0.430797928,78.41,194.61,319.72,24.94
0.433104843,78.41,194.61,210.27,24.94
0.433032312,78.41,194.61,204.77,24.94
0.439247752,78.41,194.61,200.05,24.94
0.438478131,78.41,194.61,204.16,24.94
0.444443483,78.41,194.61,220.08,24.94
0.454215349,78.41,194.61,222.72,24.94
0.466780683,78.41,194.61,211.07,24.94
0.501341088,78.41,194.61,226.39,24.94
0.465488786,78.41,194.61,209.95,24.94
0.434681269,78.41,194.61,183.72,24.94
0.379775013,78.41,194.61,125.91,24.94
0.428914528,78.41,194.61,83.97,24.94
0.4257643,78.41,194.61,72.61,24.94
0.422331802,78.41,194.61,52.91,24.94
0.367975213,78.41,194.61,65.48,24.94
0.367613594,78.41,194.61,86.63,24.94
0.373109904,78.41,194.61,204.12,24.94
0.384920742,78.41,194.61,375,24.94
0.493387773,78.41,194.61,455.47,24.94
0.51277836,78.41,194.61,509.93,24.94
0.522832631,78.41,194.61,509.93,24.94
0.442522966,78.41,194.61,445,24.94
0.445805534,78.41,194.61,409.67,24.94
0.450816584,78.41,194.61,335.28,24.94
0.454022732,78.41,194.61,269.25,24.94
0.456760173,78.41,194.04,220,24.94
0.464263142,78.41,194.04,212.45,24.94
0.471244666,78.41,194.04,222.84,24.94
0.47834417,78.41,194.04,239.33,24.94
0.488215759,78.41,194.04,367.52,24.94
0.492473882,78.41,194.04,459.9,24.94
0.516710589,78.41,194.04,506.5,24.94
0.471882266,78.41,194.04,519.93,24.94
0.433355544,78.41,194.04,470.49,24.94
0.373579746,78.41,194.04,400.99,24.94
0.423702248,78.41,194.04,308.08,24.94
0.417045678,78.41,194.04,250.01,24.94
0.41625751,78.41,194.04,182.56,24.94
0.358511454,78.41,194.04,204.1,24.94
0.363528587,78.41,194.04,267.37,24.94
0.367193443,78.41,194.04,346.51,24.94
0.374727606,78.41,194.04,487.05,24.94
0.475956717,78.41,194.04,564.27,24.94
0.478907081,78.41,194.04,601.62,24.94
0.486649976,78.41,194.04,523.03,24.94
0.391602097,78.41,194.04,420.15,24.94
0.390787296,78.41,194.04,309.49,24.94
0.383665186,78.41,194.04,225.45,24.94
0.378560076,78.41,194.04,273.51,24.94
0.376112018,78.41,233.347,298.29,24.94
0.376204459,78.41,233.347,275.68,24.94
0.378101717,78.41,233.347,282.87,24.94
0.388143628,78.41,233.347,286.75,24.94
0.403845746,78.41,233.347,340.91,24.94
0.420347988,78.41,233.347,513.03,24.94
0.454936174,78.41,233.347,553.88,24.94
0.428197887,78.41,233.347,561.75,24.94
0.409348526,78.41,233.347,478.46,24.94
0.365067222,78.41,233.347,431.07,24.94
0.421965512,78.41,233.347,304.49,24.94
0.418831278,78.41,233.347,255.17,24.94
0.417068797,78.41,233.347,267.1,24.94
0.35821294,78.41,233.347,279.92,24.94
0.36064755,78.41,233.347,363.97,24.94
0.361463282,78.41,233.347,443.33,24.94
0.369344044,78.41,233.347,525.81,24.94
0.469987728,78.41,233.347,564.44,24.94
0.471920736,78.41,233.347,633.97,24.94
0.477036028,78.41,233.347,594,24.94
0.383355773,78.41,233.347,530.03,24.94
0.387036526,78.41,233.347,484.81,24.94
0.380023664,78.41,233.347,471.21,24.94
0.373818693,78.41,233.347,415.26,24.94
0.370550214,78.41,212.006,384.07,24.94
0.372090823,78.41,212.006,367.45,24.94
0.375329461,78.41,212.006,366.11,24.94
0.384258935,78.41,212.006,387.67,24.94
0.402336819,78.41,212.006,394.01,24.94
0.415893024,78.41,212.006,484.68,24.94
0.459827738,78.41,212.006,519.9,24.94
0.43174301,78.41,212.006,524.77,24.94
0.41847004,78.41,212.006,501.18,24.94
0.368505612,78.41,212.006,469.94,24.94
0.421988655,78.41,212.006,450.38,24.94
0.415911866,78.41,212.006,392.98,24.94
0.417727487,78.41,212.006,390.39,24.94
0.359878948,78.41,212.006,396.65,24.94
0.359347782,78.41,212.006,399.97,24.94
0.357961243,78.41,212.006,445.33,24.94
0.36443345,78.41,212.006,521.75,24.94
0.466262201,78.41,212.006,576.75,24.94
0.46658398,78.41,212.006,633.49,24.94
0.462645583,78.41,212.006,599.98,24.94
0.364169622,78.41,212.006,551.3,24.94
0.36318242,78.41,212.006,486.44,24.94
0.353948375,78.41,212.006,438.87,24.94
0.345141712,78.41,212.006,442.12,24.94
0.345229146,78.41,215.547,407.83,24.94
0.343821474,78.41,215.547,400.35,24.94
0.344966445,78.41,215.547,382.07,24.94
0.348733525,78.41,215.547,379.29,24.94
0.356107916,78.41,215.547,404.13,24.94
0.363203969,78.41,215.547,500.91,24.94
0.408687936,78.41,215.547,520,24.94
0.416147163,78.41,215.547,524.06,24.94
0.419191135,78.41,215.547,509.98,24.94
0.379942203,78.41,215.547,483.69,24.94
0.436457831,78.41,215.547,455.56,24.94
0.426950651,78.41,215.547,432.9,24.94
0.425687948,78.41,215.547,399.93,24.94
0.36827744,78.41,215.547,392.84,24.94
0.369749889,78.41,215.547,394.96,24.94
0.371198685,78.41,215.547,403.04,24.94
0.370844204,78.41,215.547,450.15,24.94
0.4635681,78.41,215.547,504.91,24.94
0.462795468,78.41,215.547,525.82,24.94
0.459047229,78.41,215.547,510.24,24.94
0.362081097,78.41,215.547,479.91,24.94
0.364202573,78.41,215.547,394.55,24.94
0.364420044,78.41,215.547,345.17,24.94
0.360208,78.41,215.547,300.01,24.94
0.359727231,78.41,198.332,238.2,24.94
0.362872378,78.41,198.332,205.01,24.94
0.364035722,78.41,198.332,192.6,24.94
0.365883999,78.41,198.332,226.87,24.94
0.366612783,78.41,198.332,278.7,24.94
0.371815156,78.41,198.332,375.58,24.94
0.414119203,78.41,198.332,431,24.94
0.419787008,78.41,198.332,431.46,24.94
0.424176426,78.41,198.332,401.74,24.94
0.378444268,78.41,198.332,353.07,24.94
0.433732391,68.51,198.332,329.86,24.94
0.429596228,65.21,198.332,339.76,24.94
0.42912863,65.21,198.332,292.47,24.94
0.363670054,65.21,198.332,293.88,24.94
0.363855141,65.21,198.332,291.02,24.94
0.362694393,65.21,198.332,364.23,24.94
0.373791915,65.21,198.332,390,24.94
0.477806929,65.21,198.332,435.31,24.94
0.478718991,65.21,198.332,467.35,24.94
0.471269521,65.21,198.332,465,24.94
0.367968133,65.21,198.332,419.95,24.94
0.365633651,65.21,198.332,398.29,24.94
0.362761474,65.21,198.332,375.44,24.94
0.357285302,65.21,198.332,400.85,24.94
0.354545264,65.21,193.91,359.09,24.94
0.3573366,65.21,193.91,352.09,24.94
0.358072869,65.21,193.91,348.07,24.94
0.361645673,65.21,193.91,348.09,24.94
0.374874428,65.21,193.91,356.04,24.94
0.391374,65.21,193.91,381.3,24.94
0.434135031,65.21,193.91,411.07,24.94
0.415841538,65.21,193.91,427.72,24.94
0.404552614,65.21,193.91,429.18,24.94
0.364893852,65.21,193.91,419.9,24.94
0.423394143,65.21,193.91,418.36,24.94
0.426430355,65.21,193.91,399.98,24.94
0.423536576,65.21,193.91,355,24.94
0.356863457,65.21,193.91,348.99,24.94
0.352578696,65.21,193.91,353.39,24.94
0.35325006,65.21,193.91,371.98,24.94
0.365182891,65.21,193.91,436.24,24.94
0.464172967,65.21,193.91,469.52,24.94
0.463804267,65.21,193.91,491.86,24.94
0.469524277,65.21,193.91,483.98,24.94
0.374072069,65.21,193.91,459.95,24.94
0.373084906,65.21,193.91,443.97,24.94
0.361373795,65.21,193.91,437.01,24.94
0.350790907,65.21,193.91,421.45,24.94
0.347038749,65.21,193.91,385.07,24.94
0.347053317,65.21,193.91,385.06,24.94
0.348994971,65.21,193.91,369.22,24.94
0.354090468,65.21,193.91,358.54,24.94
0.369920565,65.21,193.91,369.02,24.94
0.385772816,65.21,193.91,379.02,24.94
0.428387838,65.21,193.91,385.01,24.94
0.406520131,65.21,193.91,402.13,24.94
0.394975037,65.21,193.91,402.13,24.94
0.358968311,65.21,193.91,388.5,24.94
0.414962409,65.21,193.91,380.04,24.94
0.413220814,65.21,193.91,360,24.94
0.410833903,65.21,193.91,295,24.94
0.349515082,65.21,193.91,251.8,24.94
0.351896753,65.21,193.91,297,24.94
0.360372769,65.21,193.91,343.1,24.94
0.374176959,65.21,193.91,404.32,24.94
0.48462808,65.21,193.91,459.99,24.94
0.48530169,65.21,193.91,505.94,24.94
0.479942845,65.21,193.91,517.2,24.94
0.370592973,65.21,193.91,484.94,24.94
0.354175261,65.21,193.91,451.26,24.94
0.342836246,65.21,193.91,400,24.94
0.334062896,65.21,193.91,347.09,24.94
0.335023095,65.21,194.45,355.48,24.94
0.336453929,65.21,194.45,355,24.94
0.342635497,65.21,194.45,349.9,24.94
0.348916432,65.21,194.45,353.39,24.94
0.361989483,65.21,194.45,389.05,24.94
0.380266376,65.21,194.45,466.11,24.94
0.422960161,65.21,194.45,502.68,24.94
0.404475374,65.21,194.45,502.29,24.94
0.391445391,65.21,194.45,458.97,24.94
0.348850078,65.21,194.45,405.02,24.94
0.405023096,65.21,194.45,359.35,24.94
0.405262756,65.21,194.45,351.33,24.94
0.404499133,65.21,194.45,329.91,24.94
0.346211628,65.21,194.45,336.94,24.94
0.348084109,65.21,194.45,344.22,24.94
0.35441004,65.21,194.45,385.97,24.94
0.364151571,65.21,194.45,471.71,24.94
0.465997806,65.21,194.45,515,24.94
0.471054098,65.21,194.45,540.64,24.94
0.474588227,65.21,194.45,515.64,24.94
0.379587135,65.21,194.45,443.31,24.94
0.371485837,65.21,194.45,369,24.94
0.363084121,65.21,194.45,344.74,24.94
0.356196566,65.21,194.45,345.06,24.94
0.352174224,65.21,186.644,294.93,24.94
0.353485475,65.21,186.644,282.3,24.94
0.364931798,65.21,186.644,295.04,24.94
0.381261795,65.21,186.644,302.86,24.94
0.407921023,65.21,186.644,338.74,24.94
0.433082016,65.21,186.644,421.1,24.94
0.482380568,65.21,186.644,447.28,24.94
0.451116009,65.21,186.644,461.19,24.94
0.426793452,65.21,186.644,449.78,24.94
0.380572306,65.21,186.644,422.29,24.94
0.426965054,65.21,186.644,429.55,24.94
0.424935457,65.21,186.644,335.95,24.94
0.420579228,65.21,186.644,325.35,24.94
0.367748402,65.21,186.644,331.05,24.94
0.366973831,65.21,186.644,344.96,24.94
0.36432362,65.21,186.644,364.53,24.94
0.370364219,65.21,186.644,450.11,24.94
0.483093198,65.21,186.644,503.46,24.94
0.50670794,65.21,186.644,520.95,24.94
0.525644846,65.21,186.644,521.15,24.94
0.435731572,65.21,186.644,459.13,24.94
0.434077682,65.21,186.644,425.21,24.94
0.439116936,65.21,186.644,344.91,24.94
0.438253458,65.21,186.644,345.08,24.94
0.434508732,65.21,189.042,329.47,24.94
0.43648818,65.21,189.042,339.9,24.94
0.439484291,65.21,189.042,335.64,24.94
0.450902989,65.21,189.042,343.29,24.94
0.460853727,65.21,189.042,377.77,24.94
0.473466376,65.21,189.042,468.6,24.94
0.502594448,65.21,189.042,506.06,24.94
0.468512039,65.21,189.042,571.51,24.94
0.432710738,65.21,189.042,545.08,24.94
0.38318164,65.21,189.042,505.76,24.94
0.438711427,65.21,189.042,503.5,24.94
0.434790123,65.21,189.042,485.02,24.94
0.4342672,65.21,189.042,454.41,24.94
0.370211747,65.21,189.042,435.15,24.94
0.371074669,65.21,189.042,448.28,24.94
0.372213886,65.21,189.042,485.94,24.94
0.380901957,65.21,189.042,502.08,24.94
0.476039848,65.21,189.042,550.97,24.94
0.486136535,65.21,189.042,630.25,24.94
0.481916517,65.21,189.042,540.31,24.94
0.389107048,65.21,189.042,460.34,24.94
0.384218836,65.21,189.042,421.71,24.94
0.380483397,65.21,189.042,353.41,24.94
0.380369465,65.21,189.042,391.63,24.94
0.380055073,65.21,210.517,338.77,24.94
0.387108008,65.21,210.517,317.25,24.94
0.394591928,65.21,210.517,301.87,24.94
0.401716205,65.21,210.517,271.99,24.94
0.408773901,65.21,210.517,322.58,24.94
0.41667517,65.21,210.517,450,24.94
0.462257032,65.21,210.517,465.56,24.94
0.452213295,65.21,210.517,500.1,24.94
0.44161135,65.21,210.517,470.74,24.94
0.394954473,65.21,210.517,420.61,24.94
0.447817676,65.21,210.517,375.02,24.94
0.438839774,65.21,210.517,330.87,24.94
0.431666206,65.21,210.517,302.5,24.94
0.371311279,65.21,210.517,297.03,24.94
0.376953709,65.21,210.517,260.82,24.94
0.378926378,65.21,210.517,274.7,24.94
0.388544987,65.21,210.517,366.08,24.94
0.506081179,65.21,210.517,457.8,24.94
0.518721566,65.21,210.517,464.19,24.94
0.534175829,65.21,210.517,460.33,24.94
0.438101192,65.21,210.517,405.79,24.94
0.449857284,65.21,210.517,364.46,24.94
0.453244516,65.21,210.517,254.09,24.94
0.45472923,65.21,210.517,182.6,24.94
0.453551763,65.21,212.864,163.73,24.94
0.459120639,65.21,212.864,140.92,24.94
0.464806643,65.21,212.864,138.26,24.94
0.469463095,65.21,212.864,142.59,24.94
0.464648376,65.21,212.864,211.52,24.94
0.465879996,65.21,212.864,354.1,24.94
0.501898946,65.21,212.864,421.07,24.94
0.502480692,65.21,212.864,446,24.94
0.488642241,65.21,212.864,333.78,24.94
0.437359116,65.21,212.864,190.32,24.94
0.478056692,69.55,212.864,111.86,24.94
0.46902812,71,212.864,80.95,24.94
0.463154489,71,212.864,67.84,24.94
0.402363568,71,212.864,38.19,24.94
0.401885875,71,212.864,43.97,24.94
0.407760703,71,212.864,83.09,24.94
0.426751342,71,212.864,149.92,24.94
0.533750592,71,212.864,313.75,24.94
0.542081324,71,212.864,363.93,24.94
0.538105885,71,212.864,350,24.94
0.436744051,71,212.864,219.56,24.94
0.425830455,71,212.864,160.86,24.94
0.416982905,71,212.864,119.91,24.94
0.409896507,71,212.864,92.62,24.94
0.409022932,71,170.953,80.24,24.94
0.405268791,71,170.953,71.17,24.94
0.408170099,71,170.953,80.2,24.94
0.413445053,71,170.953,71.11,24.94
0.431934229,71,170.953,72.69,24.94
0.446198043,71,170.953,82.24,24.94
0.497657613,71,170.953,86,24.94
0.477142897,71,170.953,97.88,24.94
0.46005034,71,170.953,74.03,24.94
0.401994863,71,170.953,79.55,24.94
0.454482204,71,170.953,60.06,24.94
0.456188252,71,170.953,43.92,24.94
0.45827592,71,170.953,5.09,24.94
0.399534203,71,170.953,7.13,24.94
0.397622601,71,170.953,2,24.94
0.402545932,71,170.953,35.18,24.94
0.407751001,71,170.953,66.72,24.94
0.521933165,71,170.953,104.5,24.94
0.524965296,71,170.953,144.33,24.94
0.531067421,71,170.953,106.36,24.94
0.437403718,71,170.953,72.68,24.94
0.438703949,71,170.953,70.42,24.94
0.43496912,71,170.953,44.28,24.94
0.426513102,71,170.953,26.62,24.94
0.419067883,71,170.953,27.06,24.94
0.416388955,71,170.953,22.19,24.94
0.413627897,71,170.953,27.17,24.94
0.421856046,71,170.953,34.02,24.94
0.435365711,71,170.953,31.59,24.94
0.448281524,71,170.953,22,24.94
0.480660071,71,170.953,60.05,24.94
0.452168151,71,170.953,74.57,24.94
0.435718358,71,170.953,67.95,24.94
0.390267999,71,170.953,72.55,24.94
0.437715752,71,170.953,72.46,24.94
0.438862248,71,170.953,68.49,24.94
0.43897212,71,170.953,35.37,24.94
0.386284736,71,170.953,20.02,24.94
0.380601445,71,170.953,33.97,24.94
0.387082312,71,170.953,47.93,24.94
0.401914348,71,170.953,81.73,24.94
0.514866029,71,170.953,182.5,24.94
0.523036446,71,170.953,201.92,24.94
0.527789266,71,170.953,214.68,24.94
0.428471441,71,170.953,182.75,24.94
0.424642379,71,170.953,149.5,24.94
0.414413023,71,170.953,113.28,24.94
0.408779227,71,170.953,83.82,24.94
0.405055069,71,171.008,97.02,24.94
0.416349683,71,171.008,84.28,24.94
0.421913961,71,171.008,83.89,24.94
0.427169884,71,171.008,98.33,24.94
0.44064291,71,171.008,169.4,24.94
0.457201785,71,171.008,344.87,24.94
0.485548818,71,171.008,400.03,24.94
0.457298621,71,171.008,415.38,24.94
0.434998911,71,171.008,355,24.94
0.392176782,71,171.008,325.98,24.94
0.443939396,71,171.008,230.69,24.94
0.446822015,71,171.008,190.78,24.94
0.451161606,71,171.008,153.35,24.94
0.395300379,71,171.008,170.13,24.94
0.399763744,71,171.008,215.41,24.94
0.402297055,71,171.008,228.15,24.94
0.419939709,71,171.008,350,24.94
0.526845651,71,171.008,407.43,24.94
0.536305834,71,171.008,442.05,24.94
0.534400844,71,171.008,420.05,24.94
0.435903963,71,171.008,375,24.94
0.432072813,71,171.008,342.68,24.94
0.419760188,71,171.008,296.69,24.94
0.415332881,71,171.008,261.77,24.94
0.413663994,71,164.889,260.1,24.94
0.415202582,71,164.889,275.39,24.94
0.414158828,71,164.889,262.47,24.94
0.418897828,71,164.889,260.1,24.94
0.440030714,71,164.889,278.3,24.94
0.456646046,71,164.889,375,24.94
0.504556759,71,164.889,433,24.94
0.484727991,71,164.889,440.76,24.94
0.475982386,71,164.889,401.65,24.94
0.426723094,71,164.889,364.15,24.94
0.481309947,71,164.889,344.3,24.94
0.472455705,71,164.889,318.48,24.94
0.464604946,71,164.889,306.78,24.94
0.396915014,71,164.889,308.31,24.94
0.399759742,71,164.889,325.61,24.94
0.410985858,71,164.889,355.69,24.94
0.433065421,71,164.889,420.7,24.94
0.544291492,71,164.889,469.05,24.94
0.562289232,71,164.889,580.61,24.94
0.574629479,71,164.889,508.1,24.94
0.489189566,71,164.889,429.9,24.94
0.492038762,71,164.889,388.2,24.94
0.489177782,71,164.889,353.78,24.94
0.491183817,71,164.889,310.3,24.94
0.49939529,71,170.398,299.58,24.94
0.500729924,71,170.398,299.54,24.94
0.501128218,71,170.398,299.58,24.94
0.498427121,71,170.398,297.28,24.94
0.505175022,71,170.398,340.94,24.94
0.507855881,71,170.398,427.01,24.94
0.535895881,71,170.398,534.75,24.94
0.507239742,71,170.398,527.71,24.94
0.48585764,71,170.398,429.07,24.94
0.441406546,71,170.398,358.15,24.94
0.486755105,71,170.398,321.62,24.94
0.475325629,71,170.398,298.37,24.94
0.469841193,71,170.398,302.26,24.94
0.408825849,71,170.398,311.38,24.94
0.41367107,71,170.398,331.88,24.94
0.426551941,71,170.398,364.32,24.94
0.434532401,71,170.398,406.74,24.94
0.533923775,71,170.398,470,24.94
0.537542762,71,170.398,574.51,24.94
0.533034748,71,170.398,490.53,24.94
0.448707431,71,170.398,403.66,24.94
0.444177898,71,170.398,370,24.94
0.443999657,71,170.398,349.39,24.94
0.436420972,71,170.398,373.07,24.94
0.435781748,71,185.602,339.41,24.94
0.434164579,71,185.602,330.08,24.94
0.434089074,71,185.602,310.94,24.94
0.435069727,71,185.602,322.2,24.94
0.442655891,71,185.602,360,24.94
0.444849238,71,185.602,435.1,24.94
0.486819722,71,185.602,536.03,24.94
0.479899213,71,185.602,498.8,24.94
0.47911711,71,185.602,387.88,24.94
0.430885976,71,185.602,333.9,24.94
0.472784023,71,185.602,301,24.94
0.466680817,71,185.602,294.36,24.94
0.466447954,71,185.602,275.84,24.94
0.404445381,71,185.602,288.07,24.94
0.404645569,71,185.602,310.94,24.94
0.402751047,71,185.602,376.92,24.94
0.412517114,71,185.602,437.74,24.94
0.525597272,71,185.602,493.68,24.94
0.537431702,71,185.602,600,24.94
0.537895196,71,185.602,510,24.94
0.431665309,71,185.602,418.38,24.94
0.42098368,71,185.602,396.34,24.94
0.413150498,71,185.602,378.69,24.94
0.408071609,71,185.602,352.56,24.94
0.403493981,71,175.829,320.23,24.94
0.401080487,71,175.829,312.58,24.94
0.397722622,71,175.829,300.48,24.94
0.400405448,71,175.829,303.12,24.94
0.403358355,71,175.829,324.57,24.94
0.416185438,71,175.829,410.66,24.94
0.46638843,71,175.829,455.29,24.94
0.47288201,71,175.829,424.57,24.94
0.471442654,71,175.829,376.02,24.94
0.429869239,71,175.829,350.92,24.94
0.478217139,68.42,175.829,338.56,24.94
0.465393677,67.56,175.829,318.16,24.94
0.460480319,67.56,175.829,295.3,24.94
0.414039342,67.56,175.829,324.92,24.94
0.418388898,67.56,175.829,330.76,24.94
0.423894871,67.56,175.829,372.14,24.94
0.443794658,67.56,175.829,422.09,24.94
0.547618237,67.56,175.829,460.13,24.94
0.559863985,67.56,175.829,473.02,24.94
0.550426951,67.56,175.829,435.61,24.94
0.469317544,67.56,175.829,395.48,24.94
0.466357865,67.56,175.829,381.86,24.94
0.466373919,67.56,175.829,360.93,24.94
0.456402551,67.56,175.829,377.94,24.94
0.454664168,67.56,167.866,344.12,24.94
0.455799669,67.56,167.866,312.03,24.94
0.45959907,67.56,167.866,307.23,24.94
0.469926952,67.56,167.866,306.29,24.94
0.484517392,67.56,167.866,312.74,24.94
0.508922783,67.56,167.866,345.2,24.94
0.552990539,67.56,167.866,371.78,24.94
0.528198061,67.56,167.866,370.66,24.94
0.502073242,67.56,167.866,375.15,24.94
0.45139977,67.56,167.866,369.93,24.94
0.495971931,67.56,167.866,363.49,24.94
0.492636608,67.56,167.866,330,24.94
0.481072161,67.56,167.866,298.29,24.94
0.418679434,67.56,167.866,299,24.94
0.419021675,67.56,167.866,317.11,24.94
0.433516485,67.56,167.866,357,24.94
0.451106402,67.56,167.866,374.47,24.94
0.566434442,67.56,167.866,409.63,24.94
0.577725144,67.56,167.866,427.76,24.94
0.572308873,67.56,167.866,407.68,24.94
0.471042224,67.56,167.866,371.55,24.94
0.460066343,67.56,167.866,362.73,24.94
0.45260024,67.56,167.866,314.97,24.94
0.446826098,67.56,167.866,268.66,24.94
0.443005811,67.56,167.866,230,24.94
0.436053714,67.56,167.866,215.24,24.94
0.436560169,67.56,167.866,215.16,24.94
0.440102163,67.56,167.866,194.4,24.94
0.459570802,67.56,167.866,197.6,24.94
0.480735276,67.56,167.866,228.14,24.94
0.520059552,67.56,167.866,239.9,24.94
0.490635628,67.56,167.866,278.74,24.94
0.467227772,67.56,167.866,291.6,24.94
0.416195405,67.56,167.866,271.97,24.94
0.460182911,67.56,167.866,277,24.94
0.451164715,67.56,167.866,266.48,24.94
0.44376292,67.56,167.866,238.34,24.94
0.386615047,67.56,167.866,211.34,24.94
0.385981607,67.56,167.866,218.59,24.94
0.390575943,67.56,167.866,266.2,24.94
0.400266518,67.56,167.866,328.13,24.94
0.514639515,67.56,167.866,380.09,24.94
0.535493216,67.56,167.866,412.03,24.94
0.55181356,67.56,167.866,393.92,24.94
0.463770916,67.56,167.866,369.97,24.94
0.468730257,67.56,167.866,348.17,24.94
0.459682277,67.56,167.866,294.43,24.94
0.461733631,67.56,167.866,248.77,24.94
0.464699883,67.56,169.689,179.85,24.94
0.46830188,67.56,169.689,156.84,24.94
0.468643098,67.56,169.689,121.24,24.94
0.477733047,67.56,169.689,98.22,24.94
0.493796726,67.56,169.689,155.92,24.94
0.512174191,67.56,169.689,244.59,24.94
0.54019006,67.56,169.689,333.89,24.94
0.495223273,67.56,169.689,329.99,24.94
0.458152675,67.56,169.689,291.5,24.94
0.397788304,67.56,169.689,259.75,24.94
0.445692311,67.56,169.689,217.48,24.94
0.436070594,67.56,169.689,162.98,24.94
0.436259729,67.56,169.689,173.93,24.94
0.369845067,67.56,169.689,154.25,24.94
0.368767154,67.56,169.689,165.24,24.94
0.369925241,67.56,169.689,197.39,24.94
0.393740244,67.56,169.689,309.08,24.94
0.51219011,67.56,169.689,389.01,24.94
0.533134318,67.56,169.689,419.01,24.94
0.535219503,67.56,169.689,396.58,24.94
0.441817451,67.56,169.689,329.7,24.94
0.435842569,67.56,169.689,303.08,24.94
0.433218083,67.56,169.689,263.91,24.94
0.426362584,67.56,169.689,190.95,24.94
0.429099187,67.56,166.093,180.24,24.94
0.434557448,67.56,166.093,169.8,24.94
0.441630838,67.56,166.093,151.3,24.94
0.446793129,67.56,166.093,167.35,24.94
0.462395791,67.56,166.093,209.97,24.94
0.478784112,67.56,166.093,327.48,24.94
0.513426167,67.56,166.093,415.95,24.94
0.479041038,67.56,166.093,443.51,24.94
0.456900694,67.56,166.093,412.29,24.94
0.402518601,67.56,166.093,366.86,24.94
0.447585696,67.56,166.093,351.37,24.94
0.4440642,67.56,166.093,301.37,24.94
0.444085596,67.56,166.093,293.27,24.94
0.391252389,67.56,166.093,288.65,24.94
0.398543035,67.56,166.093,295.21,24.94
0.417150408,67.56,166.093,308.29,24.94
0.432174879,67.56,166.093,365.3,24.94
0.536910337,67.56,166.093,381.5,24.94
0.544024253,67.56,166.093,418.99,24.94
0.554544569,67.56,166.093,400.52,24.94
0.465916065,67.56,166.093,351.43,24.94
0.459850084,67.56,166.093,333.69,24.94
0.450952008,67.56,166.093,319.71,24.94
0.442824195,67.56,166.093,306.42,24.94
0.434871739,67.56,189.562,275.78,24.94
0.429982434,67.56,189.562,245.94,24.94
0.427904734,67.56,189.562,242.98,24.94
0.432486112,67.56,189.562,273.77,24.94
0.446944659,67.56,189.562,307.13,24.94
0.465931344,67.56,189.562,383.17,24.94
0.509780446,67.56,189.562,472.63,24.94
0.488620898,67.56,189.562,500.38,24.94
0.469773553,67.56,189.562,429.91,24.94
0.418328504,67.56,189.562,409.97,24.94
0.47012788,67.56,189.562,394.6,24.94
0.471624282,67.56,189.562,353.76,24.94
0.474037964,67.56,189.562,346.45,24.94
0.420525179,67.56,189.562,331.8,24.94
0.42566282,67.56,189.562,357.91,24.94
0.429910908,67.56,189.562,384.98,24.94
0.441836546,67.56,189.562,435.59,24.94
0.545224963,67.56,189.562,510.79,24.94
0.55109724,67.56,189.562,640.42,24.94
0.54631101,67.56,189.562,510,24.94
0.443401493,67.56,189.562,419.99,24.94
0.442849034,67.56,189.562,372.61,24.94
0.438397404,67.56,189.562,361.8,24.94
0.436209239,67.56,189.562,351.45,24.94
0.436367269,67.56,200.991,336.51,24.94
0.440061901,67.56,200.991,326.14,24.94
0.444388619,67.56,200.991,315.19,24.94
0.454727905,67.56,200.991,320,24.94
0.462966163,67.56,200.991,345.53,24.94
0.470390858,67.56,200.991,440.07,24.94
0.510950244,67.56,200.991,569.93,24.94
0.512671419,67.56,200.991,583.44,24.94
0.509333341,67.56,200.991,478.2,24.94
0.45569226,67.56,200.991,443.38,24.94
0.501681731,67.56,200.991,377.86,24.94
0.491765311,67.56,200.991,394.98,24.94
0.48686877,67.56,200.991,344.25,24.94
0.428028156,67.56,200.991,335.99,24.94
0.427282776,67.56,200.991,368.94,24.94
0.430744206,67.56,200.991,389.75,24.94
0.434813631,67.56,200.991,445.01,24.94
0.538009835,67.56,200.991,523.19,24.94
0.542662297,67.56,200.991,605,24.94
0.548333583,67.56,200.991,520,24.94
0.449773739,67.56,200.991,424.99,24.94
0.450386445,67.56,200.991,397.03,24.94
0.449298577,67.56,200.991,374.46,24.94
0.445081278,67.56,200.991,349.44,24.94
0.440373057,67.56,184.858,336.1,24.94
0.439369289,67.56,184.858,325.03,24.94
0.433022423,67.56,184.858,322.42,24.94
0.428826042,67.56,184.858,324.8,24.94
0.427012039,67.56,184.858,348.44,24.94
0.436840706,67.56,184.858,429.99,24.94
0.481146836,67.56,184.858,524,24.94
0.483567988,67.56,184.858,538.92,24.94
0.47959623,67.56,184.858,431.37,24.94
0.436560475,67.56,184.858,376.35,24.94
0.490721662,67.04,184.858,334.17,24.94
0.490682057,66.87,184.858,279.01,24.94
0.490720903,66.87,184.858,252.2,24.94
0.43628949,66.87,184.858,200.03,24.94
0.445925578,66.87,184.858,195.36,24.94
0.453574269,66.87,184.858,218.23,24.94
0.461375403,66.87,184.858,306.61,24.94
0.556914176,66.87,184.858,365.85,24.94
0.557554736,66.87,184.858,356.73,24.94
0.559301401,66.87,184.858,308.23,24.94
0.461888043,66.87,184.858,192.44,24.94
0.449569759,66.87,184.858,164,24.94
0.437629789,66.87,184.858,91.95,24.94
0.430050345,66.87,184.858,64.41,24.94
0.427005434,66.87,164.578,63.59,24.94
0.421818096,66.87,164.578,50,24.94
0.420113878,66.87,164.578,21.48,24.94
0.427579269,66.87,164.578,16.91,24.94
0.452457548,66.87,164.578,15.03,24.94
0.482926706,66.87,164.578,15.02,24.94
0.524761239,66.87,164.578,23.84,24.94
0.49850229,66.87,164.578,45.02,24.94
0.471681219,66.87,164.578,73.05,24.94
0.424997541,66.87,164.578,109.85,24.94
0.476588408,66.87,164.578,106.77,24.94
0.470832902,66.87,164.578,90,24.94
0.461824395,66.87,164.578,74.04,24.94
0.402584968,66.87,164.578,66.16,24.94
0.404606271,66.87,164.578,66.9,24.94
0.412520558,66.87,164.578,69.82,24.94
0.422835095,66.87,164.578,137.8,24.94
0.532944927,66.87,164.578,169.32,24.94
0.536993305,66.87,164.578,195.77,24.94
0.539237871,66.87,164.578,180.27,24.94
0.442292492,66.87,164.578,144.9,24.94
0.431921369,66.87,164.578,110.29,24.94
0.418064473,66.87,164.578,77.45,24.94
0.408604435,66.87,164.578,64.54,24.94
0.40870813,66.87,164.578,64.04,24.94
0.411224386,66.87,164.578,58.24,24.94
0.413481231,66.87,164.578,61.95,24.94
0.418271497,66.87,164.578,59.19,24.94
0.434371074,66.87,164.578,59.53,24.94
0.456723555,66.87,164.578,59.38,24.94
0.506384702,66.87,164.578,59.17,24.94
0.483024859,66.87,164.578,85.03,24.94
0.46331742,66.87,164.578,92,24.94
0.409232859,66.87,164.578,74.15,24.94
0.461189034,66.87,164.578,62.08,24.94
0.457408511,66.87,164.578,57.47,24.94
0.461174725,66.87,164.578,56.37,24.94
0.405287024,66.87,164.578,64.55,24.94
0.405614257,66.87,164.578,67.01,24.94
0.41156079,66.87,164.578,91.36,24.94
0.429947889,66.87,164.578,192.05,24.94
0.537417395,66.87,164.578,280,24.94
0.548939812,66.87,164.578,311.72,24.94
0.554099001,66.87,164.578,289.98,24.94
0.455611261,66.87,164.578,230.47,24.94
0.442035416,66.87,164.578,162.7,24.94
0.433438685,66.87,164.578,150.92,24.94
0.420698971,66.87,164.578,80.84,24.94
0.411305623,66.87,164.097,94.04,24.94
0.40489063,66.87,164.097,82.92,24.94
0.406247369,66.87,164.097,84.27,24.94
0.416314524,66.87,164.097,95.21,24.94
0.432678963,66.87,164.097,126.95,24.94
0.459840811,66.87,164.097,192.68,24.94
0.504238892,66.87,164.097,279.94,24.94
0.471433483,66.87,164.097,304.1,24.94
0.448653465,66.87,164.097,243.02,24.94
0.400043325,66.87,164.097,193.73,24.94
0.455559081,66.87,164.097,117.1,24.94
0.453847431,66.87,164.097,100,24.94
0.44994627,66.87,164.097,121.96,24.94
0.393611652,66.87,164.097,83.43,24.94
0.398374426,66.87,164.097,140.3,24.94
0.410787841,66.87,164.097,204.07,24.94
0.426670685,66.87,164.097,322.59,24.94
0.539242803,66.87,164.097,391.11,24.94
0.546125912,66.87,164.097,466.62,24.94
0.555427354,66.87,164.097,379.85,24.94
0.453106704,66.87,164.097,321.3,24.94
0.447168308,66.87,164.097,318.42,24.94
0.436049522,66.87,164.097,279.93,24.94
0.427954609,66.87,164.097,205.48,24.94
0.422565299,66.87,140.882,188.59,24.94
0.419411837,66.87,140.882,187.67,24.94
0.417738824,66.87,140.882,169.1,24.94
0.425145676,66.87,140.882,187.69,24.94
0.44453842,66.87,140.882,196.92,24.94
0.469473486,66.87,140.882,329.97,24.94
0.525478213,66.87,140.882,427.5,24.94
0.506533515,66.87,140.882,497.39,24.94
0.48725183,66.87,140.882,317.09,24.94
0.437462138,66.87,140.882,258.9,24.94
0.47996485,66.87,140.882,217.24,24.94
0.474940818,66.87,140.882,161.91,24.94
0.468869403,66.87,140.882,150.69,24.94
0.411110413,66.87,140.882,140.07,24.94
0.410662797,66.87,140.882,144.08,24.94
0.41786889,66.87,140.882,182.98,24.94
0.428730828,66.87,140.882,261.1,24.94
0.535608636,66.87,140.882,376.44,24.94
0.543397703,66.87,140.882,447.11,24.94
0.539142562,66.87,140.882,319.09,24.94
0.432195458,66.87,140.882,229.25,24.94
0.419624452,66.87,140.882,176.97,24.94
0.407677456,66.87,140.882,138.12,24.94
0.402121459,66.87,140.882,139.99,24.94
0.402880517,66.87,107.251,103.36,24.94
0.408425094,66.87,107.251,96.27,24.94
0.413520351,66.87,107.251,89.09,24.94
0.421968909,66.87,107.251,109.9,24.94
0.442534274,66.87,107.251,82.67,24.94
0.465458271,66.87,107.251,178,24.94
0.5068647,66.87,107.251,226.24,24.94
0.484077172,66.87,107.251,225,24.94
0.457009297,66.87,107.251,190.5,24.94
0.404029501,66.87,107.251,107.23,24.94
0.446778721,66.87,107.251,58.01,24.94
0.442970389,66.87,107.251,36.23,24.94
0.440456174,66.87,107.251,3.91,24.94
0.390721949,66.87,107.251,0.38,24.94
0.397844249,66.87,107.251,12.46,24.94
0.412521721,66.87,107.251,59.83,24.94
0.424213156,66.87,107.251,112.43,24.94
0.526055931,66.87,107.251,183.75,24.94
0.526641011,66.87,107.251,170.06,24.94
0.530189553,66.87,107.251,108.51,24.94
0.439143932,66.87,107.251,63.84,24.94
0.430660163,66.87,107.251,63.92,24.94
0.422499104,66.87,107.251,54.98,24.94
0.421802814,66.87,107.251,0.93,24.94
0.415892069,66.87,91.862,0.39,24.94
0.409537754,66.87,91.862,0.1,24.94
0.403313468,66.87,91.862,0.49,24.94
0.399437428,66.87,91.862,0.5,24.94
0.404254106,66.87,91.862,36.01,24.94
0.411768322,66.87,91.862,90.1,24.94
0.460909894,66.87,91.862,148.09,24.94
0.473188313,66.87,91.862,149.11,24.94
0.478826863,66.87,91.862,72.97,24.94
0.448077223,66.87,91.862,62.9,24.94
0.500961917,66.87,91.862,9.23,24.94
0.485926508,66.87,91.862,8.54,24.94
0.475486138,66.87,91.862,9.04,24.94
0.410074383,66.87,91.862,33.29,24.94
0.413688234,66.87,91.862,61.25,24.94
0.42523396,66.87,91.862,72.65,24.94
0.433126697,66.87,91.862,190.83,24.94
0.537235078,66.87,91.862,297.27,24.94
0.531449478,66.87,91.862,360.08,24.94
0.529649767,66.87,91.862,274.09,24.94
0.424044656,66.87,91.862,190.56,24.94
0.416069379,66.87,91.862,175.38,24.94
0.411444572,66.87,91.862,175.37,24.94
0.409382098,66.87,91.862,178.95,24.94
0.404588824,66.87,122.21,145.4,24.94
0.400672775,66.87,122.21,145.73,24.94
0.403066316,66.87,122.21,148.52,24.94
0.407561243,66.87,122.21,151,24.94
0.421432727,66.87,122.21,172.83,24.94
0.43544194,66.87,122.21,209.57,24.94
0.491297484,66.87,122.21,301.66,24.94
0.503666637,66.87,122.21,250.11,24.94
0.506185885,66.87,122.21,188.96,24.94
0.468064953,66.87,122.21,160.65,24.94
0.510975418,67.36,122.21,76.4,24.94
0.504737805,67.52,122.21,66.64,24.94
0.495650656,67.52,122.21,64.02,24.94
0.427638946,67.52,122.21,64.9,24.94
0.41782403,67.52,122.21,72.71,24.94
0.422622499,67.52,122.21,143.89,24.94
0.43367296,67.52,122.21,205.28,24.94
0.544398295,67.52,122.21,252.56,24.94
0.56366695,67.52,122.21,289.47,24.94
0.573254378,67.52,122.21,197.57,24.94
0.482218208,67.52,122.21,155.02,24.94
0.4792953,67.52,122.21,169.49,24.94
0.473198492,67.52,122.21,122.03,24.94
0.466814878,67.52,122.21,131.32,24.94
0.46978493,67.52,117.656,114.67,24.94
0.462924363,67.52,117.656,117.62,24.94
0.458262029,67.52,117.656,121.91,24.94
0.458981828,67.52,117.656,119.99,24.94
0.471119399,67.52,117.656,130.05,24.94
0.490936699,67.52,117.656,116.89,24.94
0.53998909,67.52,117.656,142.86,24.94
0.518737184,67.52,117.656,167.72,24.94
0.497511308,67.52,117.656,191.09,24.94
0.441596922,67.52,117.656,165.29,24.94
0.490184766,67.52,117.656,106.03,24.94
0.482070271,67.52,117.656,68.36,24.94
0.470772475,67.52,117.656,49.58,24.94
0.40594294,67.52,117.656,45.91,24.94
0.406104029,67.52,117.656,78.34,24.94
0.410841307,67.52,117.656,76.42,24.94
0.422150006,67.52,117.656,166.4,24.94
0.527998107,67.52,117.656,244.64,24.94
0.52526901,67.52,117.656,302.03,24.94
0.52877532,67.52,117.656,229.95,24.94
0.431555948,67.52,117.656,231.06,24.94
0.417775907,67.52,117.656,189.32,24.94
0.41177764,67.52,117.656,180.66,24.94
0.403577417,67.52,117.656,216.13,24.94
0.395735037,67.52,117.656,195.02,24.94
0.389914591,67.52,117.656,189.41,24.94
0.389139334,67.52,117.656,162.1,24.94
0.390088237,67.52,117.656,141.95,24.94
0.406971692,67.52,117.656,147.12,24.94
0.422353497,67.52,117.656,153,24.94
0.471386383,67.52,117.656,195.68,24.94
0.451025579,67.52,117.656,196.7,24.94
0.433987101,67.52,117.656,150.85,24.94
0.386894453,67.52,117.656,116,24.94
0.438442948,67.52,117.656,87.69,24.94
0.436336347,67.52,117.656,60.1,24.94
0.431438436,67.52,117.656,51.6,24.94
0.372949892,67.52,117.656,56.51,24.94
0.374987763,67.52,117.656,80.09,24.94
0.378663974,67.52,117.656,132.38,24.94
0.386131216,67.52,117.656,183.08,24.94
0.494929304,67.52,117.656,198.84,24.94
0.503795492,67.52,117.656,258.74,24.94
0.506896899,67.52,117.656,178.58,24.94
0.407065756,67.52,117.656,147.61,24.94
0.398075057,67.52,117.656,122.35,24.94
0.391431888,67.52,117.656,99.86,24.94
0.387455396,67.52,117.656,69.37,24.94
0.388315179,67.52,119.323,70.87,24.94
0.386553175,67.52,119.323,70.83,24.94
0.384999557,67.52,119.323,70.89,24.94
0.385561561,67.52,119.323,80.67,24.94
0.405099989,67.52,119.323,141.4,24.94
0.423680348,67.52,119.323,167.79,24.94
0.475263678,67.52,119.323,227.26,24.94
0.453963303,67.52,119.323,266.36,24.94
0.439791544,67.52,119.323,217.18,24.94
0.395002383,67.52,119.323,165.03,24.94
0.443112075,67.52,119.323,160.58,24.94
0.436153241,67.52,119.323,133.46,24.94
0.437375835,67.52,119.323,131.08,24.94
0.383796083,67.52,119.323,131.17,24.94
0.386877624,67.52,119.323,139.37,24.94
0.399575193,67.52,119.323,158.86,24.94
0.417853432,67.52,119.323,210.58,24.94
0.528244932,67.52,119.323,247.81,24.94
0.526049498,67.52,119.323,276.74,24.94
0.522565222,67.52,119.323,227.97,24.94
0.423318005,67.52,119.323,197.78,24.94
0.421688376,67.52,119.323,167.77,24.94
0.413251666,67.52,119.323,159.34,24.94
0.410382283,67.52,119.323,155,24.94
0.412189019,67.52,105.449,174.3,24.94
0.418203213,67.52,105.449,174.3,24.94
0.421837145,67.52,105.449,171.54,24.94
0.436094986,67.52,105.449,170.13,24.94
0.454924703,67.52,105.449,169.2,24.94
0.493407963,67.52,105.449,253.98,24.94
0.549153594,67.52,105.449,299.91,24.94
0.533952773,67.52,105.449,348.98,24.94
0.50391261,67.52,105.449,300.72,24.94
0.444508944,67.52,105.449,258.72,24.94
0.484568004,67.52,105.449,239.35,24.94
0.474904178,67.52,105.449,206.75,24.94
0.467174004,67.52,105.449,203.35,24.94
0.417137137,67.52,105.449,207.92,24.94
0.427180129,67.52,105.449,225.26,24.94
0.444813398,67.52,105.449,258.95,24.94
0.463663509,67.52,105.449,323.9,24.94
0.57650314,67.52,105.449,442.72,24.94
0.594416156,67.52,105.449,484.75,24.94
0.602621301,67.52,105.449,351.65,24.94
0.511735894,67.52,105.449,295.02,24.94
0.505094089,67.52,105.449,262.03,24.94
0.495691461,67.52,105.449,258.54,24.94
0.497100218,67.52,105.449,236.57,24.94
0.500647421,67.52,106.853,222.21,24.94
0.501490895,67.52,106.853,207.56,24.94
0.509705264,67.52,106.853,198.99,24.94
0.515059706,67.52,106.853,219.9,24.94
0.527289674,67.52,106.853,240.68,24.94
0.542480922,67.52,106.853,307.75,24.94
0.58749812,67.52,106.853,480.12,24.94
0.570100193,67.52,106.853,479.3,24.94
0.537241869,67.52,106.853,334.03,24.94
0.473685224,67.52,106.853,283.73,24.94
0.509342443,67.52,106.853,232.08,24.94
0.498188828,67.52,106.853,213.64,24.94
0.485621916,67.52,106.853,217.9,24.94
0.426404312,67.52,106.853,217.58,24.94
0.437341851,67.52,106.853,224.31,24.94
0.456014092,67.52,106.853,241.53,24.94
0.474069186,67.52,106.853,295.09,24.94
0.590867421,67.52,106.853,378.4,24.94
0.594274896,67.52,106.853,479.97,24.94
0.596712332,67.52,106.853,324.38,24.94
0.495631495,67.52,106.853,273.02,24.94
0.489330783,67.52,106.853,243.55,24.94
0.489717042,67.52,106.853,228.57,24.94
0.49593142,67.52,106.853,218.66,24.94
0.505171308,67.52,105.416,210,24.94
0.517697751,67.52,105.416,193.8,24.94
0.519125679,67.52,105.416,182.96,24.94
0.52304139,67.52,105.416,195.02,24.94
0.53350449,67.52,105.416,218.46,24.94
0.542069395,67.52,105.416,257.47,24.94
0.587526752,67.52,105.416,285.81,24.94
0.588672644,67.52,105.416,332.53,24.94
0.574385413,67.52,105.416,301.56,24.94
0.524177506,67.52,105.416,280.05,24.94
0.556131248,67.52,105.416,277.7,24.94
0.539836544,67.52,105.416,262.7,24.94
0.527184602,67.52,105.416,254.99,24.94
0.461749783,67.52,105.416,255,24.94
0.462176901,67.52,105.416,263.58,24.94
0.475435722,67.52,105.416,267.05,24.94
0.495818568,67.52,105.416,292.35,24.94
0.609593513,67.52,105.416,319.66,24.94
0.621271179,67.52,105.416,343.7,24.94
0.63151316,67.52,105.416,290.1,24.94
0.535343977,67.52,105.416,248.54,24.94
0.531726834,67.52,105.416,225.19,24.94
0.529741894,67.52,105.416,202.06,24.94
0.525748501,67.52,105.416,231.32,24.94
0.52299452,67.52,98.389,219.6,24.94
0.513433234,67.52,98.389,212.12,24.94
0.504058698,67.52,98.389,211.62,24.94
0.497372773,67.52,98.389,218.92,24.94
0.49661539,67.52,98.389,229.49,24.94
0.502289182,67.52,98.389,278.37,24.94
0.548724687,67.52,98.389,350,24.94
0.55216784,67.52,98.389,412.65,24.94
0.552641625,67.52,98.389,327.39,24.94
0.496997842,67.52,98.389,297.26,24.94
0.537301013,67.66,98.389,282.41,24.94
0.52233699,67.7,98.389,262.01,24.94
0.512461529,67.7,98.389,238.37,24.94
0.448781764,67.7,98.389,221.42,24.94
0.450552882,67.7,98.389,242.69,24.94
0.459773217,67.7,98.389,258.6,24.94
0.467972665,67.7,98.389,274,24.94
0.573274224,67.7,98.389,290,24.94
0.576926716,67.7,98.389,299.3,24.94
0.578190108,67.7,98.389,266.99,24.94
0.483150728,67.7,98.389,217.94,24.94
0.473715927,67.7,98.389,220.03,24.94
0.457413673,67.7,98.389,193,24.94
0.432983986,67.7,98.389,191.76,24.94
0.428669289,67.7,70.556,174,24.94
0.425542419,67.7,70.556,163.8,24.94
0.425939252,67.7,70.556,144.74,24.94
0.42560375,67.7,70.556,139.9,24.94
0.452828234,67.7,70.556,133.36,24.94
0.48155608,67.7,70.556,147.49,24.94
0.534965235,67.7,70.556,159.44,24.94
0.514180252,67.7,70.556,186.62,24.94
0.487997506,67.7,70.556,199.33,24.94
0.43680405,67.7,70.556,185.09,24.94
0.489947803,67.7,70.556,160,24.94
0.501737295,67.7,70.556,144.91,24.94
0.505822906,67.7,70.556,136.57,24.94
0.45259936,67.7,70.556,118.78,24.94
0.454949151,67.7,70.556,120,24.94
0.476421696,67.7,70.556,133.21,24.94
0.49825892,67.7,70.556,169.45,24.94
0.614136275,67.7,70.556,184.83,24.94
0.608145542,67.7,70.556,195.73,24.94
0.612406118,67.7,70.556,158.04,24.94
0.52315966,67.7,70.556,143.39,24.94
0.518978467,67.7,70.556,140.08,24.94
0.509652901,67.7,70.556,128.71,24.94
0.505832885,67.7,70.556,76.54,24.94
0.510898466,67.7,70.556,67.9,24.94
0.519331665,67.7,70.556,65.99,24.94
0.52203194,67.7,70.556,69.44,24.94
0.528648558,67.7,70.556,79.12,24.94
0.544443187,67.7,70.556,75.55,24.94
0.565165497,67.7,70.556,71.4,24.94
0.606821099,67.7,70.556,75.95,24.94
0.567266671,67.7,70.556,87.58,24.94
0.533851623,67.7,70.556,84.83,24.94
0.469132576,67.7,70.556,75.32,24.94
0.511337535,67.7,70.556,67.51,24.94
0.506383963,67.7,70.556,51.01,24.94
0.496098875,67.7,70.556,12.49,24.94
0.44226002,67.7,70.556,16.74,24.94
0.449924634,67.7,70.556,64.99,24.94
0.465660824,67.7,70.556,75.44,24.94
0.481174275,67.7,70.556,168.01,24.94
0.595389384,67.7,70.556,195.27,24.94
0.601357807,67.7,70.556,222.87,24.94
0.610225127,67.7,70.556,177.16,24.94
0.511073322,67.7,70.556,144.96,24.94
0.517891742,67.7,70.556,140.04,24.94
0.510083833,67.7,70.556,134.55,24.94
0.511960288,67.7,70.556,128.31,24.94
0.512801907,67.7,72.295,114.41,24.94
0.520065095,67.7,72.295,105.65,24.94
0.518654611,67.7,72.295,89.64,24.94
0.516920013,67.7,72.295,86.14,24.94
0.536550558,67.7,72.295,108.44,24.94
0.560255525,67.7,72.295,129.28,24.94
0.606020264,67.7,72.295,158.64,24.94
0.576171665,67.7,72.295,182.42,24.94
0.550365734,67.7,72.295,161.1,24.94
0.493891639,67.7,72.295,128.32,24.94
0.52799477,67.7,72.295,128.92,24.94
0.510335815,67.7,72.295,117.49,24.94
0.501802389,67.7,72.295,117.64,24.94
0.447195408,67.7,72.295,123.27,24.94
0.460182659,67.7,72.295,139.38,24.94
0.475897534,67.7,72.295,169.71,24.94
0.506684312,67.7,72.295,222.32,24.94
0.617201506,67.7,72.295,266.23,24.94
0.624125901,67.7,72.295,272.22,24.94
0.619916686,67.7,72.295,229.93,24.94
0.532720397,67.7,72.295,175.42,24.94
0.52637293,67.7,72.295,162.65,24.94
0.520752179,67.7,72.295,145.02,24.94
0.512789673,67.7,72.295,141.64,24.94
0.509201637,67.7,62.112,135.71,24.94
0.504248364,67.7,62.112,140.35,24.94
0.506953721,67.7,62.112,139.95,24.94
0.515647306,67.7,62.112,150.3,24.94
0.532604676,67.7,62.112,149.51,24.94
0.564568287,67.7,62.112,198.47,24.94
0.61633993,67.7,62.112,258.73,24.94
0.59376927,67.7,62.112,277.3,24.94
0.566308544,67.7,62.112,242.16,24.94
0.513862757,67.7,62.112,201.96,24.94
0.561356322,67.7,62.112,180.01,24.94
0.559064007,67.7,62.112,167.15,24.94
0.551974615,67.7,62.112,152.92,24.94
0.48533773,67.7,62.112,145.93,24.94
0.484626649,67.7,62.112,153.57,24.94
0.506309444,67.7,62.112,158.83,24.94
0.534547934,67.7,62.112,219.78,24.94
0.670647834,67.7,62.112,245.16,24.94
0.69678509,67.7,62.112,251.43,24.94
0.718855004,67.7,62.112,201.05,24.94
0.628864018,67.7,62.112,167.09,24.94
0.624493907,67.7,62.112,163.29,24.94
0.611638252,67.7,62.112,153.92,24.94
0.603654478,67.7,62.112,131.62,24.94
0.60074348,67.7,60.722,125.18,24.94
0.594891932,67.7,60.722,121.42,24.94
0.595302806,67.7,60.722,125.12,24.94
0.601360715,67.7,60.722,133.18,24.94
0.61953513,67.7,60.722,148.6,24.94
0.638592981,67.7,60.722,169.43,24.94
0.677576378,67.7,60.722,240.65,24.94
0.647721933,67.7,60.722,247.74,24.94
0.620059035,67.7,60.722,216.69,24.94
0.564012633,67.7,60.722,187.31,24.94
0.609628325,68.39,60.722,174.76,24.94
0.594479735,68.62,60.722,152.62,24.94
0.589074294,68.62,60.722,148.19,24.94
0.522992836,68.62,60.722,142.48,24.94
0.523436857,68.62,60.722,151.26,24.94
0.533609415,68.62,60.722,168.93,24.94
0.541760488,68.62,60.722,197.84,24.94
0.639370957,68.62,60.722,240.16,24.94
0.638227137,68.62,60.722,226.92,24.94
0.634103407,68.62,60.722,166.5,24.94
0.529071743,68.62,60.722,146.57,24.94
0.514471946,68.62,60.722,148.15,24.94
0.50296443,68.62,60.722,131.57,24.94
0.491579655,68.62,60.722,127.53,24.94
0.483113606,68.62,70.452,114.89,24.94
0.469101116,68.62,70.452,77.39,24.94
0.457614713,68.62,70.452,76.02,24.94
0.45566276,68.62,70.452,71.97,24.94
0.458626639,68.62,70.452,112.34,24.94
0.467404657,68.62,70.452,149.52,24.94
0.514833728,68.62,70.452,172.71,24.94
0.51532883,68.62,70.452,195.81,24.94
0.518870804,68.62,70.452,167.65,24.94
0.483930782,68.62,70.452,167.41,24.94
0.539676049,68.62,70.452,155.51,24.94
0.520164082,68.62,70.452,132.2,24.94
0.500641789,68.62,70.452,129.66,24.94
0.437276141,68.62,70.452,130.3,24.94
0.439150658,68.62,70.452,138.61,24.94
0.449055458,68.62,70.452,149.14,24.94
0.454770152,68.62,70.452,169.34,24.94
0.55947581,68.62,70.452,177.68,24.94
0.560964697,68.62,70.452,184.05,24.94
0.563335146,68.62,70.452,167.18,24.94
0.469599714,68.62,70.452,141.48,24.94
0.461497869,68.62,70.452,132.73,24.94
0.454811733,68.62,70.452,124.11,24.94
0.44817078,68.62,70.452,131.73,24.94
0.455123869,68.62,63.773,118.62,24.94
0.455981778,68.62,63.773,113.36,24.94
0.458560077,68.62,63.773,111.01,24.94
0.458653292,68.62,63.773,115.97,24.94
0.466277098,68.62,63.773,136.36,24.94
0.481767668,68.62,63.773,155.77,24.94
0.535269475,68.62,63.773,180.85,24.94
0.542532571,68.62,63.773,194.58,24.94
0.54536951,68.62,63.773,194.62,24.94
0.497359664,68.62,63.773,181.74,24.94
0.538530612,68.08,63.773,177.96,24.94
0.530470058,67.9,63.773,174.07,24.94
0.523960642,67.9,63.773,166.5,24.94
0.471950358,67.9,63.773,168.96,24.94
0.4776441,67.9,63.773,171.07,24.94
0.4884413,67.9,63.773,178.83,24.94
0.500755642,67.9,63.773,197.18,24.94
0.60452658,67.9,63.773,201.49,24.94
0.607008676,67.9,63.773,209.94,24.94
0.606813691,67.9,63.773,179.04,24.94
0.515379072,67.9,63.773,164.6,24.94
0.508093637,67.9,63.773,155.34,24.94
0.498997884,67.9,63.773,143.21,24.94
0.492839973,67.9,63.773,143.22,24.94
0.495350948,67.9,46.188,132.71,24.94
0.498561627,67.9,46.188,129.03,24.94
0.501505175,67.9,46.188,132.49,24.94
0.513177687,67.9,46.188,132.74,24.94
0.534697214,67.9,46.188,134.9,24.94
0.568371228,67.9,46.188,133.8,24.94
0.626635014,67.9,46.188,141.2,24.94
0.61185844,67.9,46.188,145.49,24.94
0.581859498,67.9,46.188,145.6,24.94
0.527796492,67.9,46.188,140.45,24.94
0.565712391,67.9,46.188,132.35,24.94
0.549410634,67.9,46.188,129.14,24.94
0.528390511,67.9,46.188,121.17,24.94
0.471978269,67.9,46.188,114.85,24.94
0.482104185,67.9,46.188,116.8,24.94
0.510230693,67.9,46.188,132.8,24.94
0.525635571,67.9,46.188,159.12,24.94
0.648552189,67.9,46.188,179.13,24.94
0.645138416,67.9,46.188,183.23,24.94
0.65014088,67.9,46.188,164.16,24.94
0.54474423,67.9,46.188,143,24.94
0.541463893,67.9,46.188,137.01,24.94
0.534616083,67.9,46.188,132.42,24.94
0.525349411,67.9,46.188,110.66,24.94
0.535088479,67.9,46.188,99.15,24.94
0.533171513,67.9,46.188,93.54,24.94
0.545052194,67.9,46.188,90,24.94
0.540451545,67.9,46.188,92.21,24.94
0.569184769,67.9,46.188,88.55,24.94
0.58809434,67.9,46.188,104.8,24.94
0.637358177,67.9,46.188,110,24.94
0.610393072,67.9,46.188,121.46,24.94
0.600404213,67.9,46.188,114.86,24.94
0.552932185,67.9,46.188,96,24.94
0.60348569,67.9,46.188,93.23,24.94
0.591224843,67.9,46.188,83.47,24.94
0.583928119,67.9,46.188,76.17,24.94
0.522029725,67.9,46.188,78.31,24.94
0.526681327,67.9,46.188,80.02,24.94
0.53519699,67.9,46.188,89.23,24.94
0.556045955,67.9,46.188,103.87,24.94
0.668050641,67.9,46.188,112.44,24.94
0.67600533,67.9,46.188,115.49,24.94
0.692842614,67.9,46.188,102.98,24.94
0.598899907,67.9,46.188,87.33,24.94
0.591864074,67.9,46.188,80.71,24.94
0.565716879,67.9,46.188,73.53,24.94
0.554306826,67.9,46.188,52.81,24.94
0.541722816,67.9,48.243,49.82,24.94
0.53559866,67.9,48.243,38.08,24.94
0.527587571,67.9,48.243,25.08,24.94
0.526495717,67.9,48.243,38.07,24.94
0.541947775,67.9,48.243,52.33,24.94
0.554166673,67.9,48.243,68.29,24.94
0.598029582,67.9,48.243,103.69,24.94
0.560508792,67.9,48.243,122.1,24.94
0.542933721,67.9,48.243,108.91,24.94
0.488033523,67.9,48.243,104.75,24.94
0.533109604,67.9,48.243,81.49,24.94
0.518376561,67.9,48.243,68.1,24.94
0.504910325,67.9,48.243,67.82,24.94
0.433449067,67.9,48.243,68.19,24.94
0.431302968,67.9,48.243,76.16,24.94
0.447106638,67.9,48.243,82.5,24.94
0.464566391,67.9,48.243,109.98,24.94
0.570913668,67.9,48.243,122.27,24.94
0.576531705,67.9,48.243,134.3,24.94
0.57231603,67.9,48.243,109.23,24.94
0.464693474,67.9,48.243,86.73,24.94
0.452529326,67.9,48.243,85.67,24.94
0.438395479,67.9,48.243,78.4,24.94
0.43241522,67.9,48.243,56.93,24.94
0.426399743,67.9,32.476,50.59,24.94
0.427544433,67.9,32.476,56.49,24.94
0.437048449,67.9,32.476,56.19,24.94
0.45215523,67.9,32.476,67.4,24.94
0.484812166,67.9,32.476,70.67,24.94
0.519060322,67.9,32.476,86.88,24.94
0.584407011,67.9,32.476,118.65,24.94
0.560437542,67.9,32.476,139.43,24.94
0.5399533,67.9,32.476,126.17,24.94
0.48143725,67.9,32.476,102.21,24.94
0.516196536,67.9,32.476,100.1,24.94
0.515252342,67.9,32.476,93.81,24.94
0.514488755,67.9,32.476,78.72,24.94
0.464272756,67.9,32.476,79.98,24.94
0.466602277,67.9,32.476,92.11,24.94
0.47632363,67.9,32.476,115.6,24.94
0.495202482,67.9,32.476,154.83,24.94
0.606567505,67.9,32.476,180.31,24.94
0.603561379,67.9,32.476,186.33,24.94
0.602497421,67.9,32.476,152.7,24.94
0.502392383,67.9,32.476,130.43,24.94
0.496574276,67.9,32.476,120.67,24.94
0.486760668,67.9,32.476,112.33,24.94
0.475716434,67.9,32.476,97.6,24.94
0.472082988,67.9,39.904,91.39,24.94
0.469379461,67.9,39.904,88.23,24.94
0.472648254,67.9,39.904,88.69,24.94
0.478490903,67.9,39.904,96.53,24.94
0.489864806,67.9,39.904,107.51,24.94
0.518373576,67.9,39.904,128.04,24.94
0.562980264,67.9,39.904,154.98,24.94
0.54732341,67.9,39.904,162.1,24.94
0.526427201,67.9,39.904,150.06,24.94
0.471073084,67.9,39.904,133.31,24.94
0.511269062,67.9,39.904,118.58,24.94
0.500659763,67.9,39.904,112.49,24.94
0.500460341,67.9,39.904,115.93,24.94
0.445714245,67.9,39.904,118.53,24.94
0.452704794,67.9,39.904,124.91,24.94
0.46658089,67.9,39.904,146.98,24.94
0.485317664,67.9,39.904,144.72,24.94
0.601165084,67.9,39.904,154.9,24.94
0.611116533,67.9,39.904,151.81,24.94
0.613059486,67.9,39.904,127.65,24.94
0.515004166,67.9,39.904,109.99,24.94
0.508704221,67.9,39.904,98.47,24.94
0.504315618,67.9,39.904,90.1,24.94
0.499472779,67.9,39.904,91.91,24.94
0.496977925,67.9,49.657,96.11,24.94
0.49443315,67.9,49.657,98.14,24.94
0.4916296,67.9,49.657,96.01,24.94
0.48578778,67.9,49.657,98.34,24.94
0.487069355,67.9,49.657,114.44,24.94
0.497281844,67.9,49.657,136.72,24.94
0.545396018,67.9,49.657,176.79,24.94
0.558245666,67.9,49.657,177.25,24.94
0.570700801,67.9,49.657,145.1,24.94
0.549914742,67.9,49.657,130.36,24.94
0.60602097,67.9,49.657,118.81,24.94
0.579532336,67.9,49.657,107.59,24.94
0.550795962,67.9,49.657,100.86,24.94
0.480360412,67.9,49.657,105.72,24.94
0.475483162,67.9,49.657,120.06,24.94
0.475646215,67.9,49.657,140.69,24.94
0.477642155,67.9,49.657,159.56,24.94
0.569289035,67.9,49.657,154.95,24.94
0.574818025,67.9,49.657,143.61,24.94
0.575099896,67.9,49.657,131.82,24.94
0.476538517,67.9,49.657,128,24.94
0.471066303,67.9,49.657,121.34,24.94
0.459837701,67.9,49.657,98.29,24.94
0.45248944,67.9,49.657,88.18,24.94
0.454593566,67.9,37.635,87.55,24.94
0.455213909,67.9,37.635,88.18,24.94
0.45279803,67.9,37.635,88.04,24.94
0.448070354,67.9,37.635,89.21,24.94
0.443817024,67.9,37.635,92.85,24.94
0.457985057,67.9,37.635,114.91,24.94
0.503805861,67.9,37.635,127.59,24.94
0.515633425,67.9,37.635,133.94,24.94
0.516864586,67.9,37.635,123.58,24.94
0.484110144,67.9,37.635,119.6,24.94
0.529881089,77.54,37.635,104.99,24.94
0.509936644,80.76,37.635,99.95,24.94
0.501620158,80.76,37.635,88.9,24.94
0.444743267,80.76,37.635,92.18,24.94
0.453080632,80.76,37.635,96.17,24.94
0.453536922,80.76,37.635,105.92,24.94
0.458218173,80.76,37.635,125.18,24.94
0.561706237,80.76,37.635,129.08,24.94
0.552907444,80.76,37.635,127.67,24.94
0.561382058,80.76,37.635,112.9,24.94
0.455669796,80.76,37.635,102.21,24.94
0.463493144,80.76,37.635,101.61,24.94
0.460030361,80.76,37.635,92.03,24.94
0.459054738,80.76,37.635,93.31,24.94
0.456056975,80.76,31.835,92.77,24.94
0.456522182,80.76,31.835,90.41,24.94
0.455690519,80.76,31.835,87.98,24.94
0.460696172,80.76,31.835,87,24.94
0.469494732,80.76,31.835,86.67,24.94
0.486509693,80.76,31.835,91.39,24.94
0.554517288,80.76,31.835,101.32,24.94
0.565945942,80.76,31.835,115.04,24.94
0.542555404,80.76,31.835,109,24.94
0.484011519,80.76,31.835,95.48,24.94
0.533249264,80.76,31.835,87,24.94
0.523623996,80.76,31.835,84.85,24.94
0.51533429,80.76,31.835,81.46,24.94
0.455738973,80.76,31.835,84.51,24.94
0.453403914,80.76,31.835,89.96,24.94
0.461123403,80.76,31.835,112.92,24.94
0.471001359,80.76,31.835,123.01,24.94
0.57623607,80.76,31.835,139.91,24.94
0.595880851,80.76,31.835,138.24,24.94
0.590978702,80.76,31.835,121.85,24.94
0.496544371,80.76,31.835,109.9,24.94
0.485331595,80.76,31.835,104.04,24.94
0.472598947,80.76,31.835,97.49,24.94
0.458121659,80.76,31.835,103.01,24.94
0.456544493,80.76,31.835,100.49,24.94
0.455154993,80.76,31.835,100.2,24.94
0.455671915,80.76,31.835,99.92,24.94
0.455913307,80.76,31.835,98.31,24.94
0.460848137,80.76,31.835,98.46,24.94
0.474573104,80.76,31.835,98.98,24.94
0.538018894,80.76,31.835,100.55,24.94
0.543626059,80.76,31.835,110.04,24.94
0.532417591,80.76,31.835,113.33,24.94
0.472945269,80.76,31.835,104.18,24.94
0.515106405,80.76,31.835,97.81,24.94
0.499227207,80.76,31.835,100.03,24.94
0.498823328,80.76,31.835,100,24.94
0.441701696,80.76,31.835,100,24.94
0.447574602,80.76,31.835,109.43,24.94
0.460352893,80.76,31.835,124.61,24.94
0.474813237,80.76,31.835,140.15,24.94
0.573505493,80.76,31.835,156,24.94
0.580020178,80.76,31.835,170.38,24.94
0.58341572,80.76,31.835,165,24.94
0.494133265,80.76,31.835,147.52,24.94
0.480108751,80.76,31.835,138.96,24.94
0.470949663,80.76,31.835,127,24.94
0.45329085,80.76,31.835,109.26,24.94
0.447030381,80.76,35.011,129.38,24.94
0.441262688,80.76,35.011,119.09,24.94
0.439801252,80.76,35.011,116.32,24.94
0.434794793,80.76,35.011,114.6,24.94
0.436814906,80.76,35.011,115.07,24.94
0.448611723,80.76,35.011,123.45,24.94
0.511140503,80.76,35.011,145.62,24.94
0.51975004,80.76,35.011,166.39,24.94
0.508015596,80.76,35.011,168,24.94
0.455474007,80.76,35.011,153.3,24.94
0.507445204,80.76,35.011,143.35,24.94
0.500715351,80.76,35.011,141.95,24.94
0.495333732,80.76,35.011,141.96,24.94
0.429215921,80.76,35.011,145.96,24.94
0.428742926,80.76,35.011,155,24.94
0.433732096,80.76,35.011,169.15,24.94
0.44559445,80.76,35.011,179.48,24.94
0.553643653,80.76,35.011,201.51,24.94
0.565401807,80.76,35.011,182.84,24.94
0.575987131,80.76,35.011,167.81,24.94
0.484784577,80.76,35.011,147.09,24.94
0.485686689,80.76,35.011,136.78,24.94
0.482158543,80.76,35.011,120.51,24.94
0.473176508,80.76,35.011,100.73,24.94
0.462764459,80.76,39.241,80.65,24.94
0.451563783,80.76,39.241,76.68,24.94
0.439096991,80.76,39.241,55.26,24.94
0.429541032,80.76,39.241,37,24.94
0.431262433,80.76,39.241,38.76,24.94
0.446184946,80.76,39.241,54.63,24.94
0.512555527,80.76,39.241,59.95,24.94
0.526996562,80.76,39.241,77.99,24.94
0.505575483,80.76,39.241,84.4,24.94
0.441504149,80.76,39.241,67.65,24.94
0.486585636,80.76,39.241,57.18,24.94
0.487765444,80.76,39.241,48.91,24.94
0.489647796,80.76,39.241,38.59,24.94
0.435386615,80.76,39.241,41.24,24.94
0.438555385,80.76,39.241,68.89,24.94
0.44155345,80.76,39.241,80,24.94
0.449914202,80.76,39.241,89.39,24.94
0.55216941,80.76,39.241,114.5,24.94
0.558470137,80.76,39.241,125.63,24.94
0.554822383,80.76,39.241,102.08,24.94
0.454932109,80.76,39.241,84.19,24.94
0.444866104,80.76,39.241,71.67,24.94
0.436185333,80.76,39.241,69.57,24.94
0.420108814,80.76,39.241,27.71,24.94
0.410478879,80.76,29.463,54.92,24.94
0.413657976,80.76,29.463,24.34,24.94
0.423322203,80.76,29.463,17.38,24.94
0.428518318,80.76,29.463,15.28,24.94
0.431174215,80.76,29.463,20.2,24.94
0.441565746,80.76,29.463,30.01,24.94
0.495836839,80.76,29.463,69.71,24.94
0.512107095,80.76,29.463,97.19,24.94
0.509816576,80.76,29.463,97.12,24.94
0.465536073,80.76,29.463,73.03,24.94
0.513868123,80.76,29.463,47.08,24.94
0.50467059,80.76,29.463,42.58,24.94
0.50297573,80.76,29.463,39.94,24.94
0.450644038,80.76,29.463,52.66,24.94
0.462944392,80.76,29.463,72.17,24.94
0.476410624,80.76,29.463,91.3,24.94
0.484059386,80.76,29.463,105.36,24.94
0.590056935,80.76,29.463,146.89,24.94
0.583197106,80.76,29.463,148.93,24.94
0.582001183,80.76,29.463,130,24.94
0.477919402,80.76,29.463,97.19,24.94
0.475077573,80.76,29.463,83.72,24.94
0.46225351,80.76,29.463,88.66,24.94
0.457848585,80.76,29.463,81.66,24.94
0.442560239,80.76,44.915,75.73,24.94
0.437012391,80.76,44.915,71.79,24.94
0.432407506,80.76,44.915,46.42,24.94
0.434955102,80.76,44.915,45.09,24.94
0.432670514,80.76,44.915,43.83,24.94
0.435485727,80.76,44.915,71.58,24.94
0.485145626,80.76,44.915,87.67,24.94
0.50406291,80.76,44.915,99.77,24.94
0.517129256,80.76,44.915,112.99,24.94
0.484896975,80.76,44.915,106.7,24.94
0.551796234,80.76,44.915,94.15,24.94
0.561829493,80.76,44.915,108.25,24.94
0.562255928,80.76,44.915,110.43,24.94
0.497589728,80.76,44.915,128.94,24.94
0.492741558,80.76,44.915,125.26,24.94
0.485948018,80.76,44.915,136.3,24.94
0.487956435,80.76,44.915,133.62,24.94
0.581264199,80.76,44.915,137.46,24.94
0.585935811,80.76,44.915,128.71,24.94
0.582962973,80.76,44.915,132.21,24.94
0.491717622,80.76,44.915,128.28,24.94
0.484549825,80.76,44.915,109.08,24.94
0.472888249,80.76,44.915,124.39,24.94
0.46222505,80.76,44.915,113.5,24.94
0.453475381,80.76,76.072,88.11,24.94
0.458880559,80.76,76.072,93.04,24.94
0.463020709,80.76,76.072,89.06,24.94
0.461722867,80.76,76.072,94.22,24.94
0.462067125,80.76,76.072,114.49,24.94
0.462714532,80.76,76.072,129.47,24.94
0.512122941,80.76,76.072,174.79,24.94
0.526027828,80.76,76.072,206.05,24.94
0.544031854,80.76,76.072,215.15,24.94
0.515955571,80.76,76.072,209.9,24.94
0.575555225,80.76,76.072,204.96,24.94
0.571518379,78.8,76.072,202.78,24.94
0.561107012,78.14,76.072,203.05,24.94
0.488961785,78.14,76.072,189.01,24.94
0.492362225,78.14,76.072,207.56,24.94
0.498532004,78.14,76.072,212.96,24.94
0.507544545,78.14,76.072,217.42,24.94
0.610732193,78.14,76.072,239.99,24.94
0.625405849,78.14,76.072,240.55,24.94
0.63587025,78.14,76.072,217.74,24.94
0.526203198,78.14,76.072,195.58,24.94
0.516475415,78.14,76.072,187,24.94
0.493394708,78.14,76.072,179.8,24.94
0.482070672,78.14,76.072,172.21,24.94
0.472216166,78.14,57.647,150.59,24.94
0.478243791,78.14,57.647,136.89,24.94
0.478319321,78.14,57.647,132.54,24.94
0.480508091,78.14,57.647,130.65,24.94
0.47963843,78.14,57.647,130.65,24.94
0.494332827,78.14,57.647,135,24.94
0.563631074,78.14,57.647,135.99,24.94
0.572497662,78.14,57.647,142.2,24.94
0.558098987,78.14,57.647,142.82,24.94
0.502064215,78.14,57.647,144.35,24.94
0.554680933,78.14,57.647,137.12,24.94
0.548148091,78.14,57.647,128.4,24.94
0.541931888,78.14,57.647,125.56,24.94
0.48508516,78.14,57.647,115.03,24.94
0.489092635,78.14,57.647,126.63,24.94
0.495907257,78.14,57.647,138.03,24.94
0.504049294,78.14,57.647,151.05,24.94
0.616996638,78.14,57.647,166.93,24.94
0.630957935,78.14,57.647,170,24.94
0.637087275,78.14,57.647,163.29,24.94
0.54442567,78.14,57.647,112.98,24.94
0.547624148,78.14,57.647,94.06,24.94
0.540949678,78.14,57.647,91.28,24.94
0.527549836,78.14,57.647,72.85,24.94
0.514927509,78.14,57.647,57.85,24.94
0.512107705,78.14,57.647,23.7,24.94
0.510638646,78.14,57.647,35.03,24.94
0.5111506,78.14,57.647,21.66,24.94
0.512408326,78.14,57.647,64.53,24.94
0.528016172,78.14,57.647,27.14,24.94
0.594734614,78.14,57.647,53.5,24.94
0.59789559,78.14,57.647,31.3,24.94
0.574109124,78.14,57.647,37.44,24.94
0.512296547,78.14,57.647,44.91,24.94
0.558512545,78.14,57.647,59.51,24.94
0.544790738,78.14,57.647,50.47,24.94
0.536502523,78.14,57.647,64.05,24.94
0.478407731,78.14,57.647,39.46,24.94
0.479748296,78.14,57.647,82.07,24.94
0.490551695,78.14,57.647,84.97,24.94
0.509042716,78.14,57.647,85.05,24.94
0.625650166,78.14,57.647,100.81,24.94
0.643712837,78.14,57.647,77.54,24.94
0.648926932,78.14,57.647,73.7,24.94
0.548165804,78.14,57.647,36.97,24.94
0.541673717,78.14,57.647,27.15,24.94
0.533534333,78.14,57.647,27.59,24.94
0.519083019,78.14,57.647,19.85,24.94
0.512082945,78.14,60.249,0.09,24.94
0.502657841,78.14,60.249,0.09,24.94
0.495143248,78.14,60.249,0.09,24.94
0.491566714,78.14,60.249,0.3,24.94
0.494489907,78.14,60.249,5,24.94
0.508880165,78.14,60.249,9.07,24.94
0.574291102,78.14,60.249,54.32,24.94
0.584981027,78.14,60.249,99.52,24.94
0.563303901,78.14,60.249,105.04,24.94
0.509520404,78.14,60.249,84.4,24.94
0.559643416,78.14,60.249,67.14,24.94
0.557743,78.14,60.249,68.86,24.94
0.555693185,78.14,60.249,70.46,24.94
0.506059219,78.14,60.249,84.35,24.94
0.510563366,78.14,60.249,98.87,24.94
0.51451619,78.14,60.249,151.61,24.94
0.52317345,78.14,60.249,149.05,24.94
0.632460439,78.14,60.249,155.57,24.94
0.641073454,78.14,60.249,156.49,24.94
0.64310883,78.14,60.249,140.15,24.94
0.543272597,78.14,60.249,110.07,24.94
0.541690837,78.14,60.249,84.33,24.94
0.536646346,78.14,60.249,77.06,24.94
0.53920187,78.14,60.249,54.36,24.94
0.534133203,78.14,58.408,77.58,24.94
0.529093509,78.14,58.408,79.51,24.94
0.528519218,78.14,58.408,73.45,24.94
0.52819824,78.14,58.408,71.22,24.94
0.539484915,78.14,58.408,62.99,24.94
0.561428076,78.14,58.408,76.77,24.94
0.63417435,78.14,58.408,85.41,24.94
0.657010991,78.14,58.408,129.24,24.94
0.635244454,78.14,58.408,135.49,24.94
0.574552135,78.14,58.408,91.3,24.94
0.618423721,78.14,58.408,71.38,24.94
0.617313701,78.14,58.408,75.62,24.94
0.614911098,78.14,58.408,72.86,24.94
0.55958548,78.14,58.408,91.23,24.94
0.561902467,78.14,58.408,93.46,24.94
0.580062477,78.14,58.408,121.03,24.94
0.598184725,78.14,58.408,123.3,24.94
0.705094357,78.14,58.408,135.27,24.94
0.70259814,78.14,58.408,142.1,24.94
0.713285532,78.14,58.408,119.78,24.94
0.628691944,78.14,58.408,98.6,24.94
0.621351372,78.14,58.408,84.98,24.94
0.612756509,78.14,58.408,99.77,24.94
0.59825341,78.14,58.408,71.37,24.94
0.585578844,78.14,84.444,74.42,24.94
0.579572084,78.14,84.444,74.41,24.94
0.578499512,78.14,84.444,64.97,24.94
0.57646432,78.14,84.444,68.06,24.94
0.569971998,78.14,84.444,68.38,24.94
0.580278765,78.14,84.444,87.3,24.94
0.643542023,78.14,84.444,117.05,24.94
0.65183075,78.14,84.444,148.63,24.94
0.627674427,78.14,84.444,160.58,24.94
0.574062967,78.14,84.444,147.2,24.94
0.629294279,78.14,84.444,129.13,24.94
0.631869386,78.14,84.444,117.83,24.94
0.617843508,78.14,84.444,114.07,24.94
0.54974325,78.14,84.444,119.49,24.94
0.536103526,78.14,84.444,144.36,24.94
0.530952561,78.14,84.444,149.07,24.94
0.531090133,78.14,84.444,159.06,24.94
0.620111809,78.14,84.444,192.11,24.94
0.611715332,78.14,84.444,199.96,24.94
0.598501121,78.14,84.444,168.84,24.94
0.49930526,78.14,84.444,149.1,24.94
0.488080403,78.14,84.444,140.69,24.94
0.470752288,78.14,84.444,127.73,24.94
0.454098832,78.14,84.444,118.81,24.94
0.441930189,78.14,93.987,114.54,24.94
0.434575703,78.14,93.987,110,24.94
0.427074468,78.14,93.987,99.8,24.94
0.426389606,78.14,93.987,102.14,24.94
0.426426434,78.14,93.987,99.77,24.94
0.429766944,78.14,93.987,112.55,24.94
0.470623239,78.14,93.987,153.19,24.94
0.478681082,78.14,93.987,182.06,24.94
0.489598084,78.14,93.987,199.12,24.94
0.469349953,78.14,93.987,167.52,24.94
0.528669376,78.14,93.987,124.34,24.94
0.5343687,78.14,93.987,123.34,24.94
0.528344605,78.14,93.987,89.52,24.94
0.466136219,78.14,93.987,101.24,24.94
0.467833058,78.14,93.987,126.98,24.94
0.46788426,78.14,93.987,153.24,24.94
0.470094958,78.14,93.987,184.65,24.94
0.575695045,78.14,93.987,197.44,24.94
0.583667689,78.14,93.987,198.24,24.94
0.58748023,78.14,93.987,181.95,24.94
0.494558076,78.14,93.987,145.07,24.94
0.500990342,78.14,93.987,125.35,24.94
0.493902329,78.14,93.987,121.98,24.94
0.491651053,78.14,93.987,79.99,24.94
0.489180781,78.14,85.324,70.25,24.94
0.491051419,78.14,85.324,67.97,24.94
0.490971364,78.14,85.324,67.97,24.94
0.491737565,78.14,85.324,68.19,24.94
0.500628566,78.14,85.324,75.77,24.94
0.510913842,78.14,85.324,81.26,24.94
0.555600299,78.14,85.324,109,24.94
0.565095827,78.14,85.324,134.81,24.94
0.568524439,78.14,85.324,149.07,24.94
0.53381928,78.14,85.324,125.52,24.94
0.594349364,78.14,85.324,111.32,24.94
0.592447297,74.53,85.324,109.45,24.94
0.589542846,73.33,85.324,104.49,24.94
0.521792647,73.33,85.324,114.22,24.94
0.51822964,73.33,85.324,134.74,24.94
0.520198395,73.33,85.324,174.1,24.94
0.519841828,73.33,85.324,179.61,24.94
0.622000555,73.33,85.324,208.51,24.94
0.626159204,73.33,85.324,206.79,24.94
0.637987529,73.33,85.324,177.37,24.94
0.526393963,73.33,85.324,156.21,24.94
0.521567212,73.33,85.324,133.13,24.94
0.508882936,73.33,85.324,128.23,24.94
0.504517593,73.33,85.324,121.04,24.94
0.502326977,73.33,69.845,137.41,24.94
0.502052902,73.33,69.845,134.21,24.94
0.501806128,73.33,69.845,130.01,24.94
0.497630134,73.33,69.845,126.8,24.94
0.507831351,73.33,69.845,129.44,24.94
0.527702436,73.33,69.845,129.68,24.94
0.599198905,73.33,69.845,158,24.94
0.605681455,73.33,69.845,172.29,24.94
0.595281591,73.33,69.845,171.72,24.94
0.524029737,73.33,69.845,166.93,24.94
0.567784033,73.33,69.845,141.85,24.94
0.552274454,73.33,69.845,130.89,24.94
0.548839025,73.33,69.845,134.16,24.94
0.495309589,73.33,69.845,138.03,24.94
0.513627354,73.33,69.845,148.94,24.94
0.539515522,73.33,69.845,206.97,24.94
0.560555363,73.33,69.845,194.53,24.94
0.672552524,73.33,69.845,240.7,24.94
0.688002709,73.33,69.845,238,24.94
0.686843155,73.33,69.845,199.71,24.94
0.59464056,73.33,69.845,177.44,24.94
0.580772537,73.33,69.845,166.84,24.94
0.573959809,73.33,69.845,160.86,24.94
0.564682241,73.33,69.845,158.69,24.94
0.564853136,73.33,69.845,168.8,24.94
0.558774287,73.33,69.845,152.21,24.94
0.553316863,73.33,69.845,143,24.94
0.547077409,73.33,69.845,127,24.94
0.547779486,73.33,69.845,134.07,24.94
0.565653669,73.33,69.845,135.29,24.94
0.621389218,73.33,69.845,135.29,24.94
0.629129397,73.33,69.845,150.75,24.94
0.60356428,73.33,69.845,155.96,24.94
0.552227422,73.33,69.845,131.57,24.94
0.594315583,73.33,69.845,120.31,24.94
0.573416593,73.33,69.845,133,24.94
0.554374234,73.33,69.845,130.13,24.94
0.497167066,73.33,69.845,125,24.94
0.500309481,73.33,69.845,137.4,24.94
0.513632603,73.33,69.845,141.87,24.94
0.520529089,73.33,69.845,150.38,24.94
0.626807229,73.33,69.845,187.61,24.94
0.645305562,73.33,69.845,197.86,24.94
0.642232696,73.33,69.845,165.12,24.94
0.556245616,73.33,69.845,150.04,24.94
0.550606514,73.33,69.845,141.04,24.94
0.547626643,73.33,69.845,141.39,24.94
0.535986887,73.33,69.845,122.11,24.94
0.528597988,73.33,75.351,100.01,24.94
0.520555503,73.33,75.351,101.43,24.94
0.517816319,73.33,75.351,93.88,24.94
0.513707494,73.33,75.351,107.13,24.94
0.519633294,73.33,75.351,108.75,24.94
0.52617459,73.33,75.351,121.88,24.94
0.583193346,73.33,75.351,167.38,24.94
0.584240434,73.33,75.351,205.1,24.94
0.568699657,73.33,75.351,208.9,24.94
0.5172331,73.33,75.351,166.45,24.94
0.573139891,73.33,75.351,142.4,24.94
0.567225587,73.33,75.351,129.9,24.94
0.566705365,73.33,75.351,143.33,24.94
0.509828687,73.33,75.351,165.69,24.94
0.514032784,73.33,75.351,207.32,24.94
0.526064551,73.33,75.351,212.28,24.94
0.539242057,73.33,75.351,212.44,24.94
0.647177649,73.33,75.351,254.18,24.94
0.652334419,73.33,75.351,217.88,24.94
0.658788733,73.33,75.351,187.44,24.94
0.570966064,73.33,75.351,160.49,24.94
0.570905419,73.33,75.351,139.71,24.94
0.553475357,73.33,75.351,157.58,24.94
0.532489036,73.33,75.351,147.57,24.94
0.522945472,73.33,104.726,136.2,24.94
0.518287486,73.33,104.726,129.31,24.94
0.511287201,73.33,104.726,128.85,24.94
0.507330303,73.33,104.726,110.15,24.94
0.510731727,73.33,104.726,111.17,24.94
0.531295818,73.33,104.726,129.92,24.94
0.591645226,73.33,104.726,163.62,24.94
0.592301032,73.33,104.726,211.53,24.94
0.569800955,73.33,104.726,222.74,24.94
0.511657979,73.33,104.726,210,24.94
0.559278896,73.33,104.726,199.92,24.94
0.5536071,73.33,104.726,198.81,24.94
0.558670298,73.33,104.726,189.84,24.94
0.516659211,73.33,104.726,205.65,24.94
0.527761958,73.33,104.726,222.18,24.94
0.53210789,73.33,104.726,224.08,24.94
0.540765312,73.33,104.726,217.35,24.94
0.647183043,73.33,104.726,220,24.94
0.654284556,73.33,104.726,214.24,24.94
0.653894866,73.33,104.726,220.69,24.94
0.54829789,73.33,104.726,174.98,24.94
0.548320893,73.33,104.726,153.52,24.94
0.531364152,73.33,104.726,137.91,24.94
0.518178086,73.33,104.726,122.27,24.94
0.503766752,73.33,118.513,79.17,24.94
0.493903019,73.33,118.513,79.18,24.94
0.483065836,73.33,118.513,79.15,24.94
0.483237758,73.33,118.513,70.49,24.94
0.487861902,73.33,118.513,70.49,24.94
0.512101183,73.33,118.513,79.18,24.94
0.570399368,73.33,118.513,120.01,24.94
0.58982148,73.33,118.513,151.33,24.94
0.573800401,73.33,118.513,168.15,24.94
0.517644883,73.33,118.513,176.09,24.94
0.570050147,73.33,118.513,174.42,24.94
0.561946635,73.33,118.513,163.78,24.94
0.567916054,73.33,118.513,180.48,24.94
0.511076039,73.33,118.513,184.01,24.94
0.517490927,73.33,118.513,201.07,24.94
0.523308617,73.33,118.513,220.58,24.94
0.529868082,73.33,118.513,236.1,24.94
0.627116094,73.33,118.513,241.41,24.94
0.62252535,73.33,118.513,202.94,24.94
0.620006226,73.33,118.513,163.72,24.94
0.52531347,73.33,118.513,146.08,24.94
0.523332828,73.33,118.513,114.1,24.94
0.519622784,73.33,118.513,83.32,24.94
0.510920217,73.33,118.513,64.91,24.94
0.499418765,73.33,108.676,47.95,24.94
0.496125815,73.33,108.676,23.92,24.94
0.488905815,73.33,108.676,16.45,24.94
0.485860659,73.33,108.676,10.39,24.94
0.489892381,73.33,108.676,5.88,24.94
0.496332138,73.33,108.676,11.06,24.94
0.546879402,73.33,108.676,66.55,24.94
0.567346366,73.33,108.676,84.84,24.94
0.583692359,73.33,108.676,96.08,24.94
0.555695079,73.33,108.676,89.9,24.94
0.618407017,73.33,108.676,83.65,24.94
0.621517349,73.33,108.676,86.78,24.94
0.620572814,73.33,108.676,112.44,24.94
0.558760324,73.33,108.676,119.83,24.94
0.550653888,73.33,108.676,143.17,24.94
0.548072571,73.33,108.676,153.4,24.94
0.552147376,73.33,108.676,152.65,24.94
0.651835209,73.33,108.676,194.93,24.94
0.655067511,73.33,108.676,181.8,24.94
0.642933149,73.33,108.676,153.63,24.94
0.531489533,73.33,108.676,136.68,24.94
0.525067302,73.33,108.676,146.84,24.94
0.517927256,73.33,108.676,149.8,24.94
0.509861229,73.33,108.676,128.91,24.94
0.505885583,73.33,102.749,113.02,24.94
0.50461168,73.33,102.749,119.67,24.94
0.511686036,73.33,102.749,126.83,24.94
0.518080623,73.33,102.749,115.82,24.94
0.524784937,73.33,102.749,120.05,24.94
0.536318354,73.33,102.749,129.97,24.94
0.590202568,73.33,102.749,150.05,24.94
0.609764448,73.33,102.749,227.79,24.94
0.617167161,73.33,102.749,227.23,24.94
0.587918504,73.33,102.749,228.56,24.94
0.652625645,73.33,102.749,228.56,24.94
0.652449926,72.5,102.749,226.43,24.94
0.64511672,72.22,102.749,197.37,24.94
0.582626008,72.22,102.749,194.91,24.94
0.587269304,72.22,102.749,206.91,24.94
0.590532086,72.22,102.749,214.98,24.94
0.592146286,72.22,102.749,202.98,24.94
0.690081106,72.22,102.749,211.8,24.94
0.68515683,72.22,102.749,172.76,24.94
0.688563828,72.22,102.749,158.17,24.94
0.581316574,72.22,102.749,135.61,24.94
0.575233848,72.22,102.749,118.35,24.94
0.555589898,72.22,102.749,153.33,24.94
0.545790527,72.22,102.749,123.65,24.94
0.535342749,72.22,108.688,144.47,24.94
0.530425984,72.22,108.688,146.48,24.94
0.527861169,72.22,108.688,148.4,24.94
0.529111555,72.22,108.688,140.67,24.94
0.53796458,72.22,108.688,143.98,24.94
0.557872586,72.22,108.688,150,24.94
0.626400525,72.22,108.688,138.98,24.94
0.636934171,72.22,108.688,159.93,24.94
0.625464404,72.22,108.688,205.7,24.94
0.567388118,72.22,108.688,215.07,24.94
0.613473118,72.22,108.688,180.78,24.94
0.596860756,72.22,108.688,203.91,24.94
0.575176969,72.22,108.688,186.74,24.94
0.501723644,72.22,108.688,192.02,24.94
0.488161776,72.22,108.688,213.34,24.94
0.484759359,72.22,108.688,227.11,24.94
0.491931215,72.22,108.688,243.39,24.94
0.592149518,72.22,108.688,281.98,24.94
0.604236419,72.22,108.688,287.29,24.94
0.607706605,72.22,108.688,260.7,24.94
0.516745662,72.22,108.688,240,24.94
0.505548727,72.22,108.688,232.09,24.94
0.499534547,72.22,108.688,219.05,24.94
0.494299307,72.22,108.688,204.82,24.94
0.4992702,72.22,108.688,200.74,24.94
0.500753156,72.22,108.688,183.92,24.94
0.50465743,72.22,108.688,187.42,24.94
0.511457468,72.22,108.688,180,24.94
0.522577188,72.22,108.688,170.59,24.94
0.535075991,72.22,108.688,175.88,24.94
0.599051937,72.22,108.688,180.08,24.94
0.609879745,72.22,108.688,194.19,24.94
0.598390817,72.22,108.688,200.03,24.94
0.542474557,72.22,108.688,215.03,24.94
0.588266849,72.22,108.688,212.03,24.94
0.578392442,72.22,108.688,217.99,24.94
0.578508479,72.22,108.688,210.05,24.94
0.528710134,72.22,108.688,198.85,24.94
0.53273889,72.22,108.688,205.15,24.94
0.540629229,72.22,108.688,224.6,24.94
0.548628569,72.22,108.688,241.95,24.94
0.655270055,72.22,108.688,267.37,24.94
0.671672254,72.22,108.688,273,24.94
0.68080099,72.22,108.688,266.44,24.94
0.597061999,72.22,108.688,244.9,24.94
0.60049932,72.22,108.688,215.1,24.94
0.609799008,72.22,108.688,212.03,24.94
0.621943414,72.22,108.688,169.45,24.94
0.62280863,72.22,109.754,139.35,24.94
0.617872484,72.22,109.754,140.38,24.94
0.61752019,72.22,109.754,149.49,24.94
0.620527335,72.22,109.754,144.98,24.94
0.629809009,72.22,109.754,154.8,24.94
0.6491998,72.22,109.754,167.52,24.94
0.709401523,72.22,109.754,270.4,24.94
0.715576791,72.22,109.754,316.94,24.94
0.685347158,72.22,109.754,324.05,24.94
0.635077928,72.22,109.754,308.15,24.94
0.681160587,72.22,109.754,296.18,24.94
0.672040737,72.22,109.754,307.53,24.94
0.669711753,72.22,109.754,299.82,24.94
0.620727547,72.22,109.754,302.32,24.94
0.630794086,72.22,109.754,332.02,24.94
0.647813426,72.22,109.754,333.69,24.94
0.659714189,72.22,109.754,334.68,24.94
0.78180734,72.22,109.754,335.39,24.94
0.792102985,72.22,109.754,315.41,24.94
0.797336921,72.22,109.754,291.43,24.94
0.674214868,72.22,109.754,252.17,24.94
0.666157837,72.22,109.754,220,24.94
0.648367022,72.22,109.754,199.93,24.94
0.637143424,72.22,109.754,155.03,24.94
0.628612648,72.22,115.413,113.67,24.94
0.646689389,72.22,115.413,112.45,24.94
0.658317235,72.22,115.413,99.97,24.94
0.671661882,72.22,115.413,82.15,24.94
0.672604568,72.22,115.413,87.9,24.94
0.6930885,72.22,115.413,103.72,24.94
0.749832628,72.22,115.413,152.18,24.94
0.760325314,72.22,115.413,229.91,24.94
0.733132668,72.22,115.413,248.97,24.94
0.682780778,72.22,115.413,236.51,24.94
0.730763663,72.22,115.413,242.2,24.94
0.718264212,72.22,115.413,244.41,24.94
0.70913417,72.22,115.413,245.18,24.94
0.640059932,72.22,115.413,251.76,24.94
0.630994792,72.22,115.413,258.96,24.94
0.628951158,72.22,115.413,259.97,24.94
0.633769806,72.22,115.413,255.54,24.94
0.731666511,72.22,115.413,284.96,24.94
0.736004099,72.22,115.413,294.9,24.94
0.731979349,72.22,115.413,272.49,24.94
0.636474362,72.22,115.413,248.95,24.94
0.627760109,72.22,115.413,199.13,24.94
0.6120307,72.22,115.413,199.53,24.94
0.591926581,72.22,115.413,167.68,24.94
0.588101437,72.22,116.079,152.89,24.94
0.586640296,72.22,116.079,137.44,24.94
0.592535698,72.22,116.079,123.98,24.94
0.59400749,72.22,116.079,119.94,24.94
0.607307632,72.22,116.079,123.91,24.94
0.633784619,72.22,116.079,149.78,24.94
0.708355317,72.22,116.079,209.19,24.94
0.730765237,72.22,116.079,258.46,24.94
0.716571172,72.22,116.079,268.55,24.94
0.661277931,72.22,116.079,229.95,24.94
0.703596759,72.22,116.079,197.41,24.94
0.689851332,72.22,116.079,172.42,24.94
0.684194971,72.22,116.079,166.64,24.94
0.625096362,72.22,116.079,165.11,24.94
0.630705019,72.22,116.079,180.08,24.94
0.629815173,72.22,116.079,186.68,24.94
0.630755131,72.22,116.079,206.22,24.94
0.728887591,72.22,116.079,223.49,24.94
0.734451033,72.22,116.079,219.51,24.94
0.73006805,72.22,116.079,209.92,24.94
0.621226627,72.22,116.079,153.73,24.94
0.605389804,72.22,116.079,149.77,24.94
0.593676147,72.22,116.079,142.24,24.94
0.585796832,72.22,116.079,124.22,24.94
0.583521541,72.22,125.364,141.63,24.94
0.57362883,72.22,125.364,127.37,24.94
0.569896588,72.22,125.364,122.17,24.94
0.560055483,72.22,125.364,117.73,24.94
0.563792633,72.22,125.364,126.18,24.94
0.570869551,72.22,125.364,153.56,24.94
0.626906481,72.22,125.364,207.39,24.94
0.639212426,72.22,125.364,293.16,24.94
0.660992826,72.22,125.364,309.09,24.94
0.629756898,72.22,125.364,294.94,24.94
0.700406935,72.22,125.364,295.02,24.94
0.685323304,72.22,125.364,289.9,24.94
0.680728125,72.22,125.364,272.93,24.94
0.624598773,72.22,125.364,269.92,24.94
0.627352652,72.22,125.364,272.24,24.94
0.629964613,72.22,125.364,300.36,24.94
0.62604968,72.22,125.364,315.05,24.94
0.709203184,72.22,125.364,322.72,24.94
0.694029117,72.22,125.364,299.59,24.94
0.678976998,72.22,125.364,285.91,24.94
0.571657404,72.22,125.364,261.56,24.94
0.563402997,72.22,125.364,229.94,24.94
0.556789586,72.22,125.364,217.1,24.94
0.550567169,72.22,125.364,173.64,24.94
0.535788437,72.22,122.855,187.29,24.94
0.520440802,72.22,122.855,175.19,24.94
0.510026841,72.22,122.855,163.07,24.94
0.512317199,72.22,122.855,151.82,24.94
0.513214045,72.22,122.855,159.15,24.94
0.523436554,72.22,122.855,181.64,24.94
0.5707169,72.22,122.855,230.6,24.94
0.590863784,72.22,122.855,297.07,24.94
0.610136802,72.22,122.855,307.65,24.94
0.584706088,72.22,122.855,289.85,24.94
0.654448092,72.22,122.855,280.45,24.94
0.661777682,77.58,122.855,263.47,24.94
0.664818024,79.36,122.855,256.03,24.94
0.622551929,79.36,122.855,272.43,24.94
0.632403645,79.36,122.855,290.17,24.94
0.632207451,79.36,122.855,318.36,24.94
0.627031821,79.36,122.855,327.36,24.94
0.741825255,79.36,122.855,349.9,24.94
0.760341629,79.36,122.855,337.95,24.94
0.780242484,79.36,122.855,314.37,24.94
0.681484335,79.36,122.855,274.15,24.94
0.676882078,79.36,122.855,266.32,24.94
0.669325644,79.36,122.855,269.92,24.94
0.662826155,79.36,122.855,226.03,24.94
0.647700121,79.36,121.46,212.77,24.94
0.643059675,79.36,121.46,210.7,24.94
0.640185431,79.36,121.46,199.13,24.94
0.647591542,79.36,121.46,200,24.94
0.648866953,79.36,121.46,197.99,24.94
0.669360996,79.36,121.46,211.94,24.94
0.738462806,79.36,121.46,214.94,24.94
0.753461726,79.36,121.46,228.07,24.94
0.735545708,79.36,121.46,264.96,24.94
0.677231078,79.36,121.46,279.9,24.94
0.728474953,79.36,121.46,257.83,24.94
0.727005157,79.36,121.46,253.32,24.94
0.729485985,79.36,121.46,249.99,24.94
0.673589529,79.36,121.46,237.41,24.94
0.669816106,79.36,121.46,257.61,24.94
0.676031709,79.36,121.46,264.02,24.94
0.690423598,79.36,121.46,288.2,24.94
0.800008232,79.36,121.46,315.92,24.94
0.819000273,79.36,121.46,306.1,24.94
0.821501155,79.36,121.46,270.08,24.94
0.734775986,79.36,121.46,232.22,24.94
0.722101645,79.36,121.46,213.37,24.94
0.714291063,79.36,121.46,200,24.94
0.695544142,79.36,121.46,173.69,24.94
0.692672834,79.36,121.46,144.88,24.94
0.688482235,79.36,121.46,135,24.94
0.685190121,79.36,121.46,122.01,24.94
0.675101092,79.36,121.46,99.4,24.94
0.676444422,79.36,121.46,99.4,24.94
0.690978287,79.36,121.46,105.64,24.94
0.748670193,79.36,121.46,129,24.94
0.753971763,79.36,121.46,136.76,24.94
0.737864654,79.36,121.46,141.34,24.94
0.685928516,79.36,121.46,151.77,24.94
0.734188981,79.36,121.46,153.5,24.94
0.706696826,79.36,121.46,163.53,24.94
0.714220381,79.36,121.46,159.62,24.94
0.660218803,79.36,121.46,151.84,24.94
0.669978945,79.36,121.46,157.13,24.94
0.679416533,79.36,121.46,158,24.94
0.695715581,79.36,121.46,170.89,24.94
0.79125775,79.36,121.46,180.1,24.94
0.79564077,79.36,121.46,180.4,24.94
0.787664941,79.36,121.46,181.88,24.94
0.697812401,79.36,121.46,157.28,24.94
0.700758246,79.36,121.46,135.1,24.94
0.689166826,79.36,121.46,155.04,24.94
0.66856395,79.36,121.46,150.07,24.94
0.656933126,79.36,123.29,129.22,24.94
0.657452918,79.36,123.29,130.46,24.94
0.663653205,79.36,123.29,127.7,24.94
0.667416234,79.36,123.29,119.58,24.94
0.671994619,79.36,123.29,120.07,24.94
0.692543638,79.36,123.29,129.5,24.94
0.763510168,79.36,123.29,193.09,24.94
0.77683069,79.36,123.29,304.17,24.94
0.75676706,79.36,123.29,354.63,24.94
0.70694891,79.36,123.29,367.7,24.94
0.750339141,79.36,123.29,370,24.94
0.725242144,79.36,123.29,365.91,24.94
0.716413454,79.36,123.29,360.1,24.94
0.667083189,79.36,123.29,367.2,24.94
0.68022381,79.36,123.29,383.91,24.94
0.692080833,79.36,123.29,397.91,24.94
0.706280583,79.36,123.29,392.6,24.94
0.820133825,79.36,123.29,415.58,24.94
0.836405966,79.36,123.29,398.97,24.94
0.844052134,79.36,123.29,374.7,24.94
0.756039138,79.36,123.29,329.04,24.94
0.763519872,79.36,123.29,312,24.94
0.753154669,79.36,123.29,294.98,24.94
0.735884229,79.36,123.29,260.26,24.94
0.716723861,79.36,123.668,271.88,24.94
0.69866147,79.36,123.668,250.09,24.94
0.690893251,79.36,123.668,228.17,24.94
0.687202254,79.36,123.668,226.24,24.94
0.692386246,79.36,123.668,235.17,24.94
0.716259099,79.36,123.668,271.89,24.94
0.792135867,79.36,123.668,303.99,24.94
0.798711137,79.36,123.668,396.22,24.94
0.774570635,79.36,123.668,444.92,24.94
0.71768046,79.36,123.668,445.32,24.94
0.752160766,79.36,123.668,445.91,24.94
0.743568131,79.36,123.668,435.6,24.94
0.741150147,79.36,123.668,418.05,24.94
0.687925581,79.36,123.668,424.26,24.94
0.696124691,79.36,123.668,446.38,24.94
0.702598756,79.36,123.668,450.7,24.94
0.716013835,79.36,123.668,460.04,24.94
0.818610655,79.36,123.668,501.1,24.94
0.836554883,79.36,123.668,486.86,24.94
0.836637624,79.36,123.668,463.82,24.94
0.741533361,79.36,123.668,400,24.94
0.725010195,79.36,123.668,334.9,24.94
0.716593951,79.36,123.668,297.66,24.94
0.700973687,79.36,123.668,280.25,24.94
0.699192506,79.36,132.707,288.45,24.94
0.692876812,79.36,132.707,279.18,24.94
0.692467586,79.36,132.707,264.27,24.94
0.693820162,79.36,132.707,260.79,24.94
0.699321638,79.36,132.707,267.63,24.94
0.724818422,79.36,132.707,290,24.94
0.796864656,79.36,132.707,332.28,24.94
0.823191736,79.36,132.707,434.43,24.94
0.81106135,79.36,132.707,478.1,24.94
0.742119045,79.36,132.707,478.6,24.94
0.779484608,79.36,132.707,474.71,24.94
0.762098185,79.36,132.707,482.52,24.94
0.765083075,79.36,132.707,449.99,24.94
0.714101397,79.36,132.707,450.47,24.94
0.722156879,79.36,132.707,464.24,24.94
0.724850551,79.36,132.707,458.76,24.94
0.733626459,79.36,132.707,478.4,24.94
0.836164589,79.36,132.707,503.55,24.94
0.853106785,79.36,132.707,495.2,24.94
0.849857841,79.36,132.707,465.14,24.94
0.756153661,79.36,132.707,413.9,24.94
0.752810553,79.36,132.707,344.2,24.94
0.741075887,79.36,132.707,316.86,24.94
0.732845794,79.36,132.707,277.18,24.94
0.716038092,79.36,143.955,292.06,24.94
0.705393303,79.36,143.955,291.43,24.94
0.690149441,79.36,143.955,284.76,24.94
0.680890008,79.36,143.955,274.8,24.94
0.697069253,79.36,143.955,271.91,24.94
0.714716361,79.36,143.955,283.49,24.94
0.775777708,79.36,143.955,353.18,24.94
0.789847912,79.36,143.955,450.84,24.94
0.819201989,79.36,143.955,463.55,24.94
0.796751966,79.36,143.955,462.15,24.94
0.870881207,79.36,143.955,453.07,24.94
0.863761878,79.36,143.955,446.43,24.94
0.875246438,79.36,143.955,437.88,24.94
0.802826513,79.36,143.955,446.54,24.94
0.803300639,79.36,143.955,464.07,24.94
0.792390014,79.36,143.955,463.1,24.94
0.781485954,79.36,143.955,458.04,24.94
0.853434062,79.36,143.955,484.07,24.94
0.831943826,79.36,143.955,469.79,24.94
0.821360626,79.36,143.955,457.89,24.94
0.712319724,79.36,143.955,430.8,24.94
0.696152581,79.36,143.955,379.49,24.94
0.673048996,79.36,143.955,340.63,24.94
0.65553605,79.36,143.955,304.55,24.94
0.647358632,79.36,145.223,306.33,24.94
0.646668633,79.36,145.223,294.19,24.94
0.64663963,79.36,145.223,299.1,24.94
0.638980477,79.36,145.223,298.97,24.94
0.635972684,79.36,145.223,300.72,24.94
0.636634387,79.36,145.223,313.82,24.94
0.686360167,79.36,145.223,361.55,24.94
0.70997962,79.36,145.223,413.6,24.94
0.732763671,79.36,145.223,442.66,24.94
0.716973568,79.36,145.223,433.19,24.94
0.780508717,79.36,145.223,427.34,24.94
0.786168682,83.75,145.223,409.66,24.94
0.786251843,85.21,145.223,403.96,24.94
0.727281695,85.21,145.223,384.3,24.94
0.721077376,85.21,145.223,307.58,24.94
0.707903458,85.21,145.223,288,24.94
0.706097912,85.21,145.223,281.82,24.94
0.798653103,85.21,145.223,379.14,24.94
0.799587685,85.21,145.223,334.02,24.94
0.798701924,85.21,145.223,340.04,24.94
0.698417697,85.21,145.223,252.46,24.94
0.678916039,85.21,145.223,333.53,24.94
0.667027312,85.21,145.223,278.62,24.94
0.656012149,85.21,145.223,256.24,24.94
0.647277437,85.21,133.086,238.15,24.94
0.639322734,85.21,133.086,235.6,24.94
0.640758702,85.21,133.086,231.77,24.94
0.645845574,85.21,133.086,223.94,24.94
0.656258533,85.21,133.086,230.64,24.94
0.682668654,85.21,133.086,245,24.94
0.759925413,85.21,133.086,252.06,24.94
0.783615857,85.21,133.086,253.05,24.94
0.769116915,85.21,133.086,256.93,24.94
0.719242173,85.21,133.086,281.67,24.94
0.775561429,85.21,133.086,311.3,24.94
0.766136723,85.21,133.086,316.09,24.94
0.757369077,85.21,133.086,307.44,24.94
0.687864616,85.21,133.086,302.5,24.94
0.701728801,85.21,133.086,315.91,24.94
0.719519899,85.21,133.086,315.91,24.94
0.734646358,85.21,133.086,330.92,24.94
0.840016862,85.21,133.086,358.73,24.94
0.842633821,85.21,133.086,343.1,24.94
0.827860219,85.21,133.086,311.74,24.94
0.72083914,85.21,133.086,290.55,24.94
0.704921018,85.21,133.086,289.9,24.94
0.692640244,85.21,133.086,278.7,24.94
0.670495204,85.21,133.086,244.49,24.94
0.664695702,85.21,133.086,230.7,24.94
0.659570268,85.21,133.086,219.92,24.94
0.665647984,85.21,133.086,231.19,24.94
0.670822755,85.21,133.086,208.81,24.94
0.68352343,85.21,133.086,208.52,24.94
0.713033161,85.21,133.086,213.08,24.94
0.791603073,85.21,133.086,211.84,24.94
0.789011637,85.21,133.086,218.86,24.94
0.764392359,85.21,133.086,255.3,24.94
0.68445478,85.21,133.086,288.83,24.94
0.745649485,85.21,133.086,300.73,24.94
0.734494126,85.21,133.086,306.57,24.94
0.735117995,85.21,133.086,304.85,24.94
0.677312073,85.21,133.086,301.53,24.94
0.691591732,85.21,133.086,306.07,24.94
0.700139476,85.21,133.086,308.24,24.94
0.704964256,85.21,133.086,324.9,24.94
0.804893976,85.21,133.086,347.42,24.94
0.818208528,85.21,133.086,304.86,24.94
0.82666982,85.21,133.086,302,24.94
0.720174053,85.21,133.086,261.63,24.94
0.694506475,85.21,133.086,279.2,24.94
0.674314124,85.21,133.086,265.9,24.94
0.652510812,85.21,133.086,243.17,24.94
0.638784343,85.21,134.079,205.16,24.94
0.645651217,85.21,134.079,195.89,24.94
0.65895557,85.21,134.079,183.22,24.94
0.67291363,85.21,134.079,181.68,24.94
0.679576568,85.21,134.079,163.66,24.94
0.701527828,85.21,134.079,250.61,24.94
0.765062788,85.21,134.079,292,24.94
0.774772841,85.21,134.079,368.99,24.94
0.76053193,85.21,134.079,406.33,24.94
0.714359889,85.21,134.079,400.49,24.94
0.766976038,85.21,134.079,399.65,24.94
0.761066665,85.21,134.079,421.93,24.94
0.760926876,85.21,134.079,404.91,24.94
0.713967664,85.21,134.079,392.96,24.94
0.722912939,85.21,134.079,413.46,24.94
0.734751886,85.21,134.079,429.91,24.94
0.759429976,85.21,134.079,430.73,24.94
0.856475881,85.21,134.079,444.98,24.94
0.870630068,85.21,134.079,433.15,24.94
0.868951299,85.21,134.079,427.92,24.94
0.789051345,85.21,134.079,392.3,24.94
0.781856637,85.21,134.079,333.11,24.94
0.787978604,85.21,134.079,324.56,24.94
0.783629944,85.21,134.079,292.62,24.94
0.781142534,85.21,136.706,298.1,24.94
0.77547793,85.21,136.706,277.91,24.94
0.771237419,85.21,136.706,275.9,24.94
0.771685883,85.21,136.706,277.69,24.94
0.776559282,85.21,136.706,287.38,24.94
0.808560675,85.21,136.706,309.23,24.94
0.890664281,85.21,136.706,370.99,24.94
0.90945044,85.21,136.706,454.93,24.94
0.885633875,85.21,136.706,455.68,24.94
0.816524093,85.21,136.706,459.95,24.94
0.861302835,85.21,136.706,453.2,24.94
0.854671859,85.21,136.706,460.17,24.94
0.853476892,85.21,136.706,453.97,24.94
0.795987345,85.21,136.706,446.1,24.94
0.813569284,85.21,136.706,459.29,24.94
0.824846771,85.21,136.706,453.84,24.94
0.842738218,85.21,136.706,461.53,24.94
0.955261999,85.21,136.706,479.4,24.94
0.966713099,85.21,136.706,453.93,24.94
0.962995392,85.21,136.706,418.26,24.94
0.849141464,85.21,136.706,368.95,24.94
0.846901125,85.21,136.706,319,24.94
0.82884184,85.21,136.706,304.98,24.94
0.818920698,85.21,136.706,274.28,24.94
0.798628462,85.21,138.43,264.59,24.94
0.79577266,85.21,138.43,235.72,24.94
0.7914028,85.21,138.43,203.91,24.94
0.79301363,85.21,138.43,199.96,24.94
0.796093951,85.21,138.43,230.18,24.94
0.816636746,85.21,138.43,259.4,24.94
0.901190682,85.21,138.43,254.05,24.94
0.931226843,85.21,138.43,345.01,24.94
0.913438375,85.21,138.43,383.29,24.94
0.839771322,85.21,138.43,345.7,24.94
0.873534036,85.21,138.43,325.23,24.94
0.861838722,85.21,138.43,305.01,24.94
0.855329993,85.21,138.43,296.85,24.94
0.809700617,85.21,138.43,323.15,24.94
0.815030578,85.21,138.43,408.06,24.94
0.82904099,85.21,138.43,436.74,24.94
0.834702558,85.21,138.43,454.07,24.94
0.936938389,85.21,138.43,419.26,24.94
0.93020871,85.21,138.43,400,24.94
0.92243531,85.21,138.43,388.38,24.94
0.824074223,85.21,138.43,408.82,24.94
0.81071276,85.21,138.43,327.15,24.94
0.799224691,85.21,138.43,300.72,24.94
0.781318551,85.21,138.43,280.56,24.94
0.776104582,85.21,147.545,286.56,24.94
0.757591523,85.21,147.545,280.78,24.94
0.739519257,85.21,147.545,269.67,24.94
0.717705858,85.21,147.545,269.91,24.94
0.696205291,85.21,147.545,275.49,24.94
0.686942892,85.21,147.545,299.79,24.94
0.724311679,85.21,147.545,326,24.94
0.726006493,85.21,147.545,400.09,24.94
0.735193787,85.21,147.545,447.43,24.94
0.705315794,85.21,147.545,454.09,24.94
0.764312919,85.21,147.545,447.85,24.94
0.754534918,85.21,147.545,446.22,24.94
0.748553668,85.21,147.545,448.47,24.94
0.67917027,85.21,147.545,448.26,24.94
0.681034842,85.21,147.545,454.05,24.94
0.677204124,85.21,147.545,456.99,24.94
0.676315991,85.21,147.545,462.92,24.94
0.778166784,85.21,147.545,498.21,24.94
0.780019493,85.21,147.545,459.27,24.94
0.771296618,85.21,147.545,454.02,24.94
0.660751427,85.21,147.545,433.91,24.94
0.653418514,85.21,147.545,353.13,24.94
0.645302672,85.21,147.545,328.31,24.94
0.636029393,85.21,147.545,299.24,24.94
0.626345707,85.21,147.682,334.01,24.94
0.621076178,85.21,147.682,306.42,24.94
0.616479518,85.21,147.682,302.38,24.94
0.616459019,85.21,147.682,298.49,24.94
0.6176307,85.21,147.682,304.04,24.94
0.623339089,85.21,147.682,317.66,24.94
0.667874692,85.21,147.682,358.77,24.94
0.682441097,85.21,147.682,455.38,24.94
0.693710753,85.21,147.682,474.29,24.94
0.668251026,85.21,147.682,474.7,24.94
0.733213238,85.21,147.682,471.33,24.94
0.732127908,87.5,147.682,484.16,24.94
0.726582687,88.26,147.682,481.1,24.94
0.66333615,88.26,147.682,470,24.94
0.661094549,88.26,147.682,476.44,24.94
0.654897545,88.26,147.682,473.91,24.94
0.655219018,88.26,147.682,474.88,24.94
0.753305898,88.26,147.682,507.91,24.94
0.754592548,88.26,147.682,477.37,24.94
0.753837372,88.26,147.682,451.51,24.94
0.645615292,88.26,147.682,440,24.94
0.630389118,88.26,147.682,376,24.94
0.606597442,88.26,147.682,338.04,24.94
0.596513685,88.26,147.682,316.22,24.94
0.590325359,88.26,139.917,312.48,24.94
0.583770458,88.26,139.917,306,24.94
0.585910719,88.26,139.917,290.79,24.94
0.588644448,88.26,139.917,287.26,24.94
0.596881217,88.26,139.917,284.9,24.94
0.622799605,88.26,139.917,287.15,24.94
0.691970501,88.26,139.917,295.35,24.94
0.706102502,88.26,139.917,313.58,24.94
0.685979663,88.26,139.917,346.14,24.94
0.641230642,88.26,139.917,396.61,24.94
0.699862356,88.26,139.917,419.33,24.94
0.695784392,88.26,139.917,412.38,24.94
0.696856027,88.26,139.917,398.1,24.94
0.635738779,88.26,139.917,375.9,24.94
0.638000697,88.26,139.917,377.07,24.94
0.633913626,88.26,139.917,393.5,24.94
0.624635616,88.26,139.917,420.59,24.94
0.718074298,88.26,139.917,449.92,24.94
0.712215826,88.26,139.917,442.7,24.94
0.693360306,88.26,139.917,420.72,24.94
0.594232444,88.26,139.917,361.15,24.94
0.594703573,88.26,139.917,323.88,24.94
0.586257548,88.26,139.917,307.65,24.94
0.573219151,88.26,139.917,288.27,24.94
0.566892045,88.26,139.917,300.65,24.94
0.57183915,88.26,139.917,292.8,24.94
0.577266452,88.26,139.917,288.08,24.94
0.583427499,88.26,139.917,272.52,24.94
0.585273323,88.26,139.917,268.42,24.94
0.602611215,88.26,139.917,269.24,24.94
0.655346001,88.26,139.917,280.98,24.94
0.66038154,88.26,139.917,279.73,24.94
0.636589104,88.26,139.917,293.09,24.94
0.59742144,88.26,139.917,320.09,24.94
0.655339262,88.26,139.917,326.55,24.94
0.653677245,88.26,139.917,345.19,24.94
0.653192066,88.26,139.917,347.71,24.94
0.601312603,88.26,139.917,324.74,24.94
0.598933994,88.26,139.917,328.31,24.94
0.589516736,88.26,139.917,336.51,24.94
0.593256457,88.26,139.917,361.6,24.94
0.692952484,88.26,139.917,413.94,24.94
0.700793842,88.26,139.917,430.05,24.94
0.708927645,88.26,139.917,412.74,24.94
0.628656875,88.26,139.917,383.98,24.94
0.628054398,88.26,139.917,335.35,24.94
0.626363576,88.26,139.917,323.85,24.94
0.604759299,88.26,139.917,306.25,24.94
0.596913897,88.26,141.226,280.18,24.94
0.587378247,88.26,141.226,277.68,24.94
0.586315041,88.26,141.226,274.31,24.94
0.589516355,88.26,141.226,269.79,24.94
0.589018307,88.26,141.226,267.92,24.94
0.608652169,88.26,141.226,283.71,24.94
0.68155249,88.26,141.226,392.24,24.94
0.703686681,88.26,141.226,505,24.94
0.68539717,88.26,141.226,545.22,24.94
0.628203555,88.26,141.226,513.99,24.94
0.680615548,88.26,141.226,505.47,24.94
0.680268214,88.26,141.226,497.62,24.94
0.677111794,88.26,141.226,489.95,24.94
0.615312035,88.26,141.226,482.8,24.94
0.619914271,88.26,141.226,506.04,24.94
0.621257458,88.26,141.226,535.73,24.94
0.627757986,88.26,141.226,558.54,24.94
0.731330472,88.26,141.226,588.09,24.94
0.73966795,88.26,141.226,558.66,24.94
0.740727034,88.26,141.226,508.04,24.94
0.649820503,88.26,141.226,490,24.94
0.644329496,88.26,141.226,408.9,24.94
0.63380623,88.26,141.226,361.32,24.94
0.613035054,88.26,141.226,313.2,24.94
0.601189747,88.26,138.104,306.14,24.94
0.594446524,88.26,138.104,288.11,24.94
0.602770852,88.26,138.104,285.28,24.94
0.611218739,88.26,138.104,276.98,24.94
0.621532782,88.26,138.104,282.3,24.94
0.645131399,88.26,138.104,316.07,24.94
0.70883434,88.26,138.104,368.9,24.94
0.723582505,88.26,138.104,499.7,24.94
0.694536854,88.26,138.104,571.76,24.94
0.650021366,88.26,138.104,553.29,24.94
0.712406004,88.26,138.104,518.08,24.94
0.7026471,88.26,138.104,505.16,24.94
0.700943859,88.26,138.104,482.78,24.94
0.647662695,88.26,138.104,506.03,24.94
0.654130394,88.26,138.104,552.71,24.94
0.647345041,88.26,138.104,570.25,24.94
0.638211901,88.26,138.104,590,24.94
0.728263235,88.26,138.104,665.01,24.94
0.735710492,88.26,138.104,595.94,24.94
0.745821911,88.26,138.104,522.58,24.94
0.653673936,88.26,138.104,452.47,24.94
0.629630438,88.26,138.104,353.79,24.94
0.612000144,88.26,138.104,321.03,24.94
0.597473207,88.26,138.104,283.08,24.94
0.592745006,88.26,139.911,274.82,24.94
0.584736737,88.26,139.911,270.47,24.94
0.574558996,88.26,139.911,268.69,24.94
0.568392398,88.26,139.911,278.2,24.94
0.576610143,88.26,139.911,280.21,24.94
0.596744478,88.26,139.911,311.11,24.94
0.661759658,88.26,139.911,368.82,24.94
0.678688303,88.26,139.911,494.97,24.94
0.668362328,88.26,139.911,539.99,24.94
0.621557915,88.26,139.911,569.72,24.94
0.676892648,88.26,139.911,565.18,24.94
0.668060957,88.26,139.911,568.01,24.94
0.672471166,88.26,139.911,526.07,24.94
0.620392388,88.26,139.911,515.48,24.94
0.632259467,88.26,139.911,514.95,24.94
0.643266243,88.26,139.911,528.53,24.94
0.652908085,88.26,139.911,545,24.94
0.748157766,88.26,139.911,590,24.94
0.748889761,88.26,139.911,557,24.94
0.732620108,88.26,139.911,520.57,24.94
0.635910377,88.26,139.911,487.9,24.94
0.62879501,88.26,139.911,396.67,24.94
0.611891975,88.26,139.911,351.72,24.94
0.592400132,88.26,139.911,328.94,24.94
0.578995631,88.26,133.026,300,24.94
0.569173082,88.26,133.026,290.74,24.94
0.560770369,88.26,133.026,279.46,24.94
0.555798819,88.26,133.026,270.19,24.94
0.554470546,88.26,133.026,274.14,24.94
0.557413951,88.26,133.026,289.63,24.94
0.606321507,88.26,133.026,336.73,24.94
0.618097276,88.26,133.026,432.74,24.94
0.633353379,88.26,133.026,490.03,24.94
0.607404355,88.26,133.026,489.66,24.94
0.674104278,88.26,133.026,474.55,24.94
0.686187712,88.26,133.026,450.72,24.94
0.670209148,88.26,133.026,406.56,24.94
0.603548239,88.26,133.026,396.53,24.94
0.586165001,88.26,133.026,455.05,24.94
0.592777373,88.26,133.026,469.93,24.94
0.592607722,88.26,133.026,485.03,24.94
0.697897699,88.26,133.026,500,24.94
0.692391838,88.26,133.026,499.91,24.94
0.69533721,88.26,133.026,485.53,24.94
0.587903124,88.26,133.026,439.9,24.94
0.571069755,88.26,133.026,367.72,24.94
0.548969118,88.26,133.026,336.29,24.94
0.538976729,88.26,133.026,306.06,24.94
0.538198126,88.26,135.863,296.3,24.94
0.538864162,88.26,135.863,288.12,24.94
0.539676346,88.26,135.863,280.19,24.94
0.53731615,88.26,135.863,270.33,24.94
0.547341532,88.26,135.863,282.55,24.94
0.558494593,88.26,135.863,296.35,24.94
0.61972946,88.26,135.863,344.51,24.94
0.634066871,88.26,135.863,458.94,24.94
0.649504831,88.26,135.863,543.49,24.94
0.623217467,88.26,135.863,561.72,24.94
0.686040883,88.26,135.863,543.49,24.94
0.683362394,84.62,135.863,540.83,24.94
0.668831766,83.41,135.863,492.26,24.94
0.608370848,83.41,135.863,469.12,24.94
0.604422896,83.41,135.863,465.8,24.94
0.609630258,83.41,135.863,465.14,24.94
0.619500527,83.41,135.863,478.55,24.94
0.721991963,83.41,135.863,505,24.94
0.730755442,83.41,135.863,490.17,24.94
0.729888318,83.41,135.863,467.8,24.94
0.619665723,83.41,135.863,401.93,24.94
0.612514121,83.41,135.863,335.11,24.94
0.602220213,83.41,135.863,308.56,24.94
0.598584535,83.41,135.863,285.27,24.94
0.587992407,83.41,121.903,283.9,24.94
0.578563227,83.41,121.903,271.08,24.94
0.570245336,83.41,121.903,259.95,24.94
0.569899873,83.41,121.903,246.13,24.94
0.584127849,83.41,121.903,238.73,24.94
0.620977252,83.41,121.903,237.36,24.94
0.696926102,83.41,121.903,237.51,24.94
0.712702838,83.41,121.903,248.77,24.94
0.687344815,83.41,121.903,291.05,24.94
0.630039085,83.41,121.903,299.81,24.94
0.668602651,83.41,121.903,302.13,24.94
0.656891135,83.41,121.903,281.16,24.94
0.65377102,83.41,121.903,270.07,24.94
0.605116269,83.41,121.903,254.75,24.94
0.625197885,83.41,121.903,266.87,24.94
0.637270334,83.41,121.903,283.5,24.94
0.640075182,83.41,121.903,305.13,24.94
0.731526914,83.41,121.903,335.42,24.94
0.734096358,83.41,121.903,324.01,24.94
0.733625626,83.41,121.903,291.99,24.94
0.639359029,83.41,121.903,264.07,24.94
0.622083161,83.41,121.903,245.93,24.94
0.601427008,83.41,121.903,216.08,24.94
0.5815883,83.41,121.903,199.86,24.94
0.560239997,83.41,121.903,176.27,24.94
0.550708403,83.41,121.903,168.67,24.94
0.542257643,83.41,121.903,170.28,24.94
0.537514149,83.41,121.903,172.11,24.94
0.538673791,83.41,121.903,172.43,24.94
0.558575742,83.41,121.903,169.49,24.94
0.615608807,83.41,121.903,168.3,24.94
0.615422543,83.41,121.903,177.22,24.94
0.58914997,83.41,121.903,209.72,24.94
0.538532895,83.41,121.903,209.65,24.94
0.588907383,83.41,121.903,218.09,24.94
0.583661891,83.41,121.903,216.12,24.94
0.581009692,83.41,121.903,185.8,24.94
0.529607472,83.41,121.903,224.43,24.94
0.541872343,83.41,121.903,229.5,24.94
0.555942,83.41,121.903,239.86,24.94
0.570436553,83.41,121.903,233.57,24.94
0.674967204,83.41,121.903,229.47,24.94
0.667164742,83.41,121.903,220.65,24.94
0.662101651,83.41,121.903,208.29,24.94
0.561929577,83.41,121.903,130.02,24.94
0.565893537,83.41,121.903,163.08,24.94
0.562552475,83.41,121.903,145.93,24.94
0.555808077,83.41,121.903,115.28,24.94
0.55933516,83.41,121.81,120.1,24.94
0.556659182,83.41,121.81,105.84,24.94
0.560359183,83.41,121.81,92.36,24.94
0.562618618,83.41,121.81,76.1,24.94
0.568916574,83.41,121.81,77.72,24.94
0.587472589,83.41,121.81,109.11,24.94
0.646734723,83.41,121.81,175.36,24.94
0.651725772,83.41,121.81,240.03,24.94
0.647014523,83.41,121.81,249.57,24.94
0.600913358,83.41,121.81,248.85,24.94
0.652204394,83.41,121.81,248.85,24.94
0.65428092,83.41,121.81,247.05,24.94
0.643779701,83.41,121.81,248.7,24.94
0.593990517,83.41,121.81,245.8,24.94
0.598034834,83.41,121.81,249.43,24.94
0.605956784,83.41,121.81,248.81,24.94
0.610033774,83.41,121.81,249.02,24.94
0.707670271,83.41,121.81,248.85,24.94
0.720681723,83.41,121.81,248.85,24.94
0.726983846,83.41,121.81,227.11,24.94
0.630602178,83.41,121.81,187.71,24.94
0.622772214,83.41,121.81,174.65,24.94
0.612850005,83.41,121.81,166.33,24.94
0.604911581,83.41,121.81,120.06,24.94
0.601856918,83.41,107.677,108.19,24.94
0.602482493,83.41,107.677,92.41,24.94
0.609271645,83.41,107.677,92.45,24.94
0.618176835,83.41,107.677,76.35,24.94
0.63934268,83.41,107.677,81.94,24.94
0.658798023,83.41,107.677,99.21,24.94
0.731530909,83.41,107.677,149.99,24.94
0.755021385,83.41,107.677,199.68,24.94
0.746675948,83.41,107.677,223.4,24.94
0.695010308,83.41,107.677,225.14,24.94
0.743421454,83.41,107.677,220.37,24.94
0.742412716,83.41,107.677,227.34,24.94
0.742587174,83.41,107.677,219.23,24.94
0.698967453,83.41,107.677,216.22,24.94
0.70742187,83.41,107.677,228.18,24.94
0.712692178,83.41,107.677,225.01,24.94
0.71964463,83.41,107.677,227.65,24.94
0.831813082,83.41,107.677,228.99,24.94
0.847151029,83.41,107.677,234.43,24.94
0.851541441,83.41,107.677,230,24.94
0.758725483,83.41,107.677,228.24,24.94
0.752062926,83.41,107.677,229.49,24.94
0.739816346,83.41,107.677,211.16,24.94
0.723888871,83.41,107.677,184.65,24.94
0.706302292,83.41,105.144,182.11,24.94
0.697753446,83.41,105.144,174.76,24.94
0.701763086,83.41,105.144,178.93,24.94
0.703519725,83.41,105.144,167.93,24.94
0.71258708,83.41,105.144,168.96,24.94
0.724092068,83.41,105.144,180,24.94
0.801163355,83.41,105.144,218.57,24.94
0.822132984,83.41,105.144,253.16,24.94
0.840528658,83.41,105.144,273,24.94
0.784631445,83.41,105.144,269.84,24.94
0.83465048,83.41,105.144,251.71,24.94
0.821026507,83.41,105.144,248.24,24.94
0.814198818,83.41,105.144,238.96,24.94
0.761826927,83.41,105.144,232.89,24.94
0.760662854,83.41,105.144,241.02,24.94
0.763096835,83.41,105.144,228.96,24.94
0.765789279,83.41,105.144,224.79,24.94
0.856574042,83.41,105.144,246.01,24.94
0.868718063,83.41,105.144,234.99,24.94
0.861851944,83.41,105.144,225.81,24.94
0.773339761,83.41,105.144,211.19,24.94
0.780198659,83.41,105.144,187.91,24.94
0.783444237,83.41,105.144,170.58,24.94
0.776375519,83.41,105.144,140.09,24.94
0.773610935,83.41,97.092,158.9,24.94
0.768066021,83.41,97.092,145.6,24.94
0.768889497,83.41,97.092,140.19,24.94
0.766594872,83.41,97.092,132.41,24.94
0.771980385,83.41,97.092,128.22,24.94
0.775235425,83.41,97.092,155.92,24.94
0.816769568,83.41,97.092,183.86,24.94
0.827251908,83.41,97.092,224.72,24.94
0.831688308,83.41,97.092,224.4,24.94
0.816181457,83.41,97.092,223.72,24.94
0.874573339,83.41,97.092,225.4,24.94
0.864987195,83.41,97.092,224.4,24.94
0.841166671,83.41,97.092,224.04,24.94
0.778372892,83.41,97.092,216.82,24.94
0.769639836,83.41,97.092,213.29,24.94
0.769395228,83.41,97.092,210.39,24.94
0.759628171,83.41,97.092,213.19,24.94
0.853630896,83.41,97.092,214.19,24.94
0.844594008,83.41,97.092,224.4,24.94
0.837313682,83.41,97.092,221.82,24.94
0.735957233,83.41,97.092,201.07,24.94
0.724963632,83.41,97.092,183.71,24.94
0.71467182,83.41,97.092,170.96,24.94
0.707338604,83.41,97.092,161.67,24.94
0.695222596,83.41,90.979,148.72,24.94
0.685967464,83.41,90.979,148.72,24.94
0.676717496,83.41,90.979,146.39,24.94
0.673889117,83.41,90.979,137.87,24.94
0.671313115,83.41,90.979,141,24.94
0.677651744,83.41,90.979,148.55,24.94
0.719691786,83.41,90.979,169.45,24.94
0.734598148,83.41,90.979,189.19,24.94
0.744868337,83.41,90.979,217,24.94
0.729991592,83.41,90.979,222.2,24.94
0.802522992,83.41,90.979,225.09,24.94
0.803071347,83.41,90.979,221.93,24.94
0.796232601,83.41,90.979,223.91,24.94
0.71949997,83.41,90.979,228.91,24.94
0.723555011,83.41,90.979,225.92,24.94
0.725551947,83.41,90.979,220.05,24.94
0.731932474,83.41,90.979,222.06,24.94
0.823858865,83.41,90.979,214.02,24.94
0.816090812,83.41,90.979,209.93,24.94
0.806543567,83.41,90.979,198.44,24.94
0.707801675,83.41,90.979,181.34,24.94
0.702312558,83.41,90.979,152,24.94
0.696750099,83.41,90.979,148.74,24.94
0.690403009,83.41,90.979,119.9,24.94
0.695339659,83.41,82.686,81.2,24.94
0.699504256,83.41,82.686,50.4,24.94
0.714798502,83.41,82.686,50,24.94
0.722396125,83.41,82.686,32.52,24.94
0.741624065,83.41,82.686,36,24.94
0.756099538,83.41,82.686,48.48,24.94
0.813636826,83.41,82.686,57.53,24.94
0.824839858,83.41,82.686,98.2,24.94
0.848324017,83.41,82.686,122.2,24.94
0.842908727,83.41,82.686,145.87,24.94
0.918413137,83.41,82.686,138.67,24.94
0.923321789,83.41,82.686,140.04,24.94
0.894057016,83.41,82.686,137.78,24.94
0.825679445,83.41,82.686,139.96,24.94
0.810362802,83.41,82.686,150.99,24.94
0.807418511,83.41,82.686,159.89,24.94
0.809871947,83.41,82.686,163.05,24.94
0.889596271,83.41,82.686,166.34,24.94
0.885692394,83.41,82.686,149.74,24.94
0.864850396,83.41,82.686,138.79,24.94
0.767377661,83.41,82.686,129.67,24.94
0.751373341,83.41,82.686,120,24.94
0.749554699,83.41,82.686,116.7,24.94
0.741230448,83.41,82.686,110.78,24.94
0.739462569,83.41,82.686,120.28,24.94
0.73763067,83.41,82.686,112.11,24.94
0.736590548,83.41,82.686,106.65,24.94
0.738670425,83.41,82.686,90.84,24.94
0.73014234,83.41,82.686,85.7,24.94
0.726192566,83.41,82.686,85.65,24.94
0.756864091,83.41,82.686,85.64,24.94
0.761965273,83.41,82.686,92.7,24.94
0.771051231,83.41,82.686,110.1,24.94
0.738143576,83.41,82.686,113.28,24.94
0.792332477,83.41,82.686,119.6,24.94
0.781291817,83.41,82.686,121.36,24.94
0.78247281,83.41,82.686,101.01,24.94
0.720620076,83.41,82.686,95.6,24.94
0.729475014,83.41,82.686,92.89,24.94
0.720292215,83.41,82.686,110.08,24.94
0.710623523,83.41,82.686,112.91,24.94
0.792629305,83.41,82.686,130.42,24.94
0.782598811,83.41,82.686,120.38,24.94
0.781608513,83.41,82.686,110.09,24.94
0.677450877,83.41,82.686,118.21,24.94
0.666924966,83.41,82.686,106.52,24.94
0.660218652,83.41,82.686,102.25,24.94
0.649842344,83.41,82.686,100,24.94
0.653710565,83.41,82.686,50.3,24.94
0.645555999,83.41,82.686,36.98,24.94
0.651245434,83.41,82.686,27.02,24.94
0.654329038,83.41,82.686,21.3,24.94
0.668620831,83.41,82.686,17.9,24.94
0.672429402,83.41,82.686,16.33,24.94
0.727069608,83.41,82.686,18.11,24.94
0.74418728,83.41,82.686,23.29,24.94
0.759491018,83.41,82.686,38.68,24.94
0.731280445,83.41,82.686,53.57,24.94
0.804260634,83.41,82.686,59.3,24.94
0.806310723,83.41,82.686,59,24.94
0.808086738,83.41,82.686,54.9,24.94
0.738742335,83.41,82.686,29.99,24.94
0.734614085,83.41,82.686,32.64,24.94
0.728249237,83.41,82.686,33.99,24.94
0.7327219,83.41,82.686,47.63,24.94
0.82900723,83.41,82.686,54.98,24.94
0.838188393,83.41,82.686,52.2,24.94
0.8405409,83.41,82.686,59.17,24.94
0.747186205,83.41,82.686,58.43,24.94
0.730337361,83.41,82.686,59.04,24.94
0.715347083,83.41,82.686,48.55,24.94
0.698974983,83.41,82.686,19.48,24.94
0.693685226,83.41,82.686,23.36,24.94
0.699494097,83.41,82.686,9.98,24.94
0.698635516,83.41,82.686,5.69,24.94
0.696883028,83.41,82.686,5,24.94
0.697947472,83.41,82.686,11.46,24.94
0.711768798,83.41,82.686,19.59,24.94
0.772032649,83.41,82.686,30.42,24.94
0.793549138,83.41,82.686,80.96,24.94
0.810344681,83.41,82.686,95.9,24.94
0.777573636,83.41,82.686,100.08,24.94
0.822743279,83.41,82.686,95.93,24.94
0.813891937,83.41,82.686,108.42,24.94
0.801716713,83.41,82.686,110.38,24.94
0.73427688,83.41,82.686,124.36,24.94
0.72841999,83.41,82.686,139.08,24.94
0.726959701,83.41,82.686,143.32,24.94
0.72048208,83.41,82.686,147.56,24.94
0.805422396,83.41,82.686,158.69,24.94
0.797981261,83.41,82.686,164.69,24.94
0.79251868,83.41,82.686,156.93,24.94
0.692959305,83.41,82.686,147.56,24.94
0.685565417,83.41,82.686,128.8,24.94
0.680725302,83.41,82.686,107.84,24.94
0.675557273,83.41,82.686,85.62,24.94
0.672744788,83.41,83.301,40.28,24.94
0.66988409,83.41,83.301,33.13,24.94
0.670514563,83.41,83.301,10.31,24.94
0.666840635,83.41,83.301,0.05,24.94
0.668583117,83.41,83.301,0.03,24.94
0.667800662,83.41,83.301,0.1,24.94
0.715575549,83.41,83.301,16.97,24.94
0.721296248,83.41,83.301,31.41,24.94
0.727713114,83.41,83.301,43.24,24.94
0.687747353,83.41,83.301,63.63,24.94
0.7410493,83.41,83.301,68.38,24.94
0.726364598,83.41,83.301,59.95,24.94
0.721922155,83.41,83.301,52.08,24.94
0.65482167,83.41,83.301,47.09,24.94
0.658544159,83.41,83.301,71.1,24.94
0.656496502,83.41,83.301,71.08,24.94
0.661146008,83.41,83.301,85.77,24.94
0.754395095,83.41,83.301,89.71,24.94
0.757196611,83.41,83.301,87.43,24.94
0.751728756,83.41,83.301,71.77,24.94
0.647246441,83.41,83.301,55.1,24.94
0.640192491,83.41,83.301,46.42,24.94
0.631603056,83.41,83.301,35.45,24.94
0.624002221,83.41,83.301,21.05,24.94
0.612967195,83.41,77.09,-1.01,24.94
0.616406185,83.41,77.09,-1.05,24.94
0.618943865,83.41,77.09,-1.1,24.94
0.620427837,83.41,77.09,-2.18,24.94
0.619852322,83.41,77.09,-2.05,24.94
0.61936154,83.41,77.09,-0.98,24.94
0.670688772,83.41,77.09,-0.05,24.94
0.682858381,83.41,77.09,0.09,24.94
0.695331853,83.41,77.09,8.98,24.94
0.667707539,83.41,77.09,5.97,24.94
0.743616244,83.41,77.09,5.28,24.94
0.747170841,83.41,77.09,4.01,24.94
0.741268431,83.41,77.09,1.99,24.94
0.676402521,83.41,77.09,3.4,24.94
0.677096198,83.41,77.09,19.95,24.94
0.67510911,83.41,77.09,24.54,24.94
0.663450817,83.41,77.09,27.2,24.94
0.757358116,83.41,77.09,34.54,24.94
0.746295593,83.41,77.09,51.41,24.94
0.73936043,83.41,77.09,47.94,24.94
0.628159076,83.41,77.09,26.62,24.94
0.629118021,83.41,77.09,25.01,24.94
0.634814034,83.41,77.09,26.31,24.94
0.634932531,83.41,77.09,21.07,24.94
0.627483437,83.41,81.045,11.17,24.94
0.616075153,83.41,81.045,5.09,24.94
0.612306442,83.41,81.045,3.09,24.94
0.616042952,83.41,81.045,0.65,24.94
0.614789116,83.41,81.045,0.57,24.94
0.610442925,83.41,81.045,4.88,24.94
0.642412465,83.41,81.045,10.93,24.94
0.651928263,83.41,81.045,24.13,24.94
0.668767911,83.41,81.045,27.69,24.94
0.64550704,83.41,81.045,29.08,24.94
0.702730223,83.41,81.045,26.09,24.94
0.708118338,83.41,81.045,24.72,24.94
0.718392526,83.41,81.045,17.74,24.94
0.65648567,83.41,81.045,19.87,24.94
0.653217418,83.41,81.045,25.64,24.94
0.642315682,83.41,81.045,27.97,24.94
0.633298082,83.41,81.045,21.01,24.94
0.719401056,83.41,81.045,30.78,24.94
0.713372063,83.41,81.045,22.4,24.94
0.702659315,83.41,81.045,13.79,24.94
0.593548716,83.41,81.045,2.63,24.94
0.580598487,83.41,81.045,0.69,24.94
0.571299595,83.41,81.045,0.4,24.94
0.564975123,83.41,81.045,0,24.94
0.559426542,83.41,75.07,-0.03,24.94
0.54550532,83.41,75.07,-0.07,24.94
0.542894556,83.41,75.07,-0.03,24.94
0.542533763,83.41,75.07,-0.04,24.94
0.552311898,83.41,75.07,-0.03,24.94
0.560751188,83.41,75.07,-0.02,24.94
0.605653995,83.41,75.07,-0.01,24.94
0.609040024,83.41,75.07,-0.05,24.94
0.610051082,83.41,75.07,0.63,24.94
0.572535059,83.41,75.07,-0.03,24.94
0.622557595,83.41,75.07,-0.3,24.94
0.621925127,83.41,75.07,-1.66,24.94
0.622219178,83.41,75.07,-3.78,24.94
0.555232631,83.41,75.07,-3.44,24.94
0.551709978,83.41,75.07,-2.07,24.94
0.551710597,83.41,75.07,-1.98,24.94
0.552890112,83.41,75.07,-0.9,24.94
0.652298429,83.41,75.07,0,24.94
0.652772941,83.41,75.07,-0.01,24.94
0.650489007,83.41,75.07,-1.01,24.94
0.560393577,83.41,75.07,-1.39,24.94
0.567783657,83.41,75.07,-1.04,24.94
0.568218055,83.41,75.07,-1.07,24.94
0.56727523,83.41,75.07,-0.68,24.94
