timestep,0,1,2,3,4
0,32,119.6,418.42,411.99,179.36
1,31,120.3,420.67,413.8,177.57
2,28,121.2,413.59,422.1,176.95
3,27,120.5,412.5,417.78,178.2
4,23,120.5,409.8,416.61,179
5,18,121.5,417.96,410.3,177.87
6,17,121.1,436.5,417.43,181.67
7,17,121.5,443.15,423.86,185.07
8,18,123.1,456.16,427.17,186.55
9,23,124.6,444.94,433.61,190.03
10,23,126.1,439.56,439.09,186.55
11,24,126.6,429.96,440.99,186.19
12,26,126.6,427.52,435.05,186.2
13,26,126.9,426.4,433.06,184.54
14,25,127.7,422.91,427.91,184.43
15,24,128.7,418.94,431.86,182.96
16,24,128.1,422.15,433.47,182.72
17,21,127.9,424.29,451.8,181.09
18,22,128.2,425.08,464.1,180.96
19,22,127.2,423.63,458.44,180.8
20,22,126.4,422.06,441.36,179.67
21,22,126.1,423.4,431.29,176.49
22,24,125.3,420.91,439.74,176.14
23,28,125,416.04,449.5,175.94
24,22,125.5,409.75,442.64,177.63
25,22,125.2,407.52,433.11,176.58
26,20,124.2,407.15,427.9,177.19
27,20,123.4,416.32,433.47,178.4
28,18,122.5,424.75,434.8,180.09
29,17,122.5,435.13,428.69,183.23
30,18,122.9,428.44,429.48,183.63
31,23,122.5,430.51,430.33,185.24
32,23,122,437.7,427.36,188.6
33,25,122,450.54,427.35,189.37
34,28,121.7,449.98,430.37,190.62
35,26,121.4,443.54,430.16,193.61
36,23,121.1,447.95,427.11,192.6
37,24,120.5,446.54,421.53,192.99
38,24,120.1,448.53,427,193.97
39,23,119.9,447.22,429.35,194.61
40,24,120.1,453.51,426.56,192.64
41,18,120.7,449.91,431.07,190.58
42,20,120.9,439.25,414.77,189.92
43,23,121.4,437.92,420.4,188.47
44,23,121.5,437,418.02,186.47
45,23,121.2,431.69,434.01,185.46
46,20,120.6,421.05,423.88,183.71
47,19,120,412.58,421.42,183.15
48,16,119.1,421.27,418.28,181.91
49,17,119,427.12,418.74,181.49
50,17,119.3,438.09,419.65,181.17
51,17,119.6,430.47,418.43,181.26
52,17,120,427.63,416.97,180.39
53,17,122.1,416.42,419.62,181.73
54,22,123.8,421.45,422.67,185.84
55,27,125.7,423.69,427.45,188.73
56,30,126.7,437.26,428.16,190.47
57,30,125.3,450.54,426.78,191.01
58,29,123.6,464.16,440.38,191.74
59,28,123.7,455.12,438.21,192.87
60,28,124,444.56,441.9,192.58
61,26,123.6,440.13,433.95,192.92
62,29,123,445.98,436.79,193.96
63,29,123.2,442.08,429.97,195.99
64,29,123.8,435.65,429.67,194.9
65,27,123.9,446.44,431.04,194.67
66,29,123.9,458.44,437.55,193.51
67,24,123.7,463.19,437.26,193.47
68,23,123.4,450.51,428.81,192.12
69,25,123.1,443.79,423.46,190.35
70,26,122.7,438.19,428.7,188.37
71,26,122.8,441.48,422.94,186.12
72,28,122,441.89,425.81,184.8
73,24,121.3,441.59,421.33,188.09
74,19,120.4,445.01,428.21,189.01
75,17,119.6,445.67,432.64,187.8
76,18,120.6,443.03,434.4,190.03
77,20,123.2,444.93,440.58,194.06
78,21,126.1,455.75,440.46,202.67
79,25,128.1,483.89,446.33,210.81
80,27,130.8,489.76,455.31,212.99
81,27,133.2,489.38,459.71,213.35
82,28,132.4,476.65,460.1,213.98
83,29,133,471.45,450.97,213.37
84,27,132.7,473.68,451.53,212.3
85,26,132.1,479.88,441.94,213.99
86,25,130.1,491.51,443.06,216.66
87,23,130.6,489.32,430.15,217.52
88,23,131.1,479.66,441.17,213.22
89,26,130.7,463.9,453.73,211.3
90,28,130.1,455.84,463.8,207.64
91,24,129.9,452.72,468.52,204.24
92,25,130.9,451.8,464.6,201.56
93,26,131,452.18,465.52,201.08
94,26,129.1,456.44,453.54,200.15
95,24,127.9,462.73,443.01,197.25
96,20,128.3,462.35,440.77,193.2
97,19,126.7,461.47,438.84,195.38
98,18,126.2,454.72,440.59,194.22
99,17,126.2,457.85,441.69,194.5
100,15,127.4,462.89,444.17,195.7
101,17,128.8,472.32,448.52,198.88
102,23,127.9,473.85,448.54,206.73
103,28,128.8,468.32,451.17,215.3
104,26,130.2,459.12,443.16,212.17
105,28,129,468.25,440.63,208.98
106,29,128.7,484.11,452.38,224.67
107,30,129,501,452.76,223.28
108,31,129.1,500.55,455.36,218.29
109,32,128.2,503.95,438.97,218.65
110,35,127.8,504.47,432.33,219.79
111,32,128.2,498.8,434.02,220.47
112,33,129.2,481.78,436.64,215.08
113,34,130.7,473.1,456.72,210.87
114,35,131.2,474.19,460.18,208.17
115,36,130.6,479.7,463.65,204.82
116,38,130.6,479.75,457,203.07
117,35,130.2,473.75,448.67,201.45
118,36,130.6,465.36,452.23,198.87
119,34,131.9,448.97,451.51,196.64
120,33,131.7,442.1,447.89,193.54
121,33,132.1,428.89,447.88,193.18
122,33,131.4,434.62,453.34,192.39
123,34,131.2,433.64,467.42,185.72
124,37,130.5,437.71,473.31,193
125,38,131.2,439.55,472.72,198.19
126,37,132.1,457.25,475.8,202.47
127,36,135.2,461.22,476.49,205.22
128,42,136.2,466.52,474.41,207.64
129,47,137.3,457.5,463.92,208.28
130,48,137.1,466.76,460.19,209.41
131,48,136.5,472.52,468.69,208.29
132,50,135.8,469.87,470.46,206.92
133,48,134.3,474.15,468.61,206.47
134,47,133.8,481.21,463.34,207.41
135,48,134,487.83,468.91,210.06
136,47,135.6,473.68,462.6,208.33
137,49,135.5,458.15,469.54,199.44
138,50,136.2,450.36,466.51,201.61
139,50,135.7,448.03,480.52,199.31
140,51,135.6,445.35,478.23,198.13
141,51,135.9,433.95,478.48,196.61
142,51,135.8,443.28,478.17,194.31
143,51,135.1,442.35,472.9,192.65
144,47,134.5,449.94,466.06,191.67
145,45,135,443,456.72,190.5
146,45,134.4,435.97,463.02,194.12
147,44,134.8,440.12,466.76,194.39
148,42,134.8,442.21,466.9,194.41
149,44,134.5,454.79,453.61,199.57
150,43,135.4,460.8,456.45,207.75
151,42,137.2,467.35,455.89,214.52
152,48,137.4,473.52,457.51,217.6
153,51,136.4,475.25,457.55,217.43
154,54,136.7,474.39,471.97,215.07
155,50,136.3,478.74,475.7,214.52
156,47,134.7,484.52,478.65,212.49
157,46,133.4,495.49,468.18,212.53
158,44,132.8,491.27,461.34,215.08
159,45,132.9,482.77,453.4,213.5
160,42,132.9,457.68,452.26,207.28
161,39,133.1,450.48,459.13,204.33
162,38,132.1,447.42,463.97,200.8
163,36,130.9,454.11,464.79,201.71
164,37,130.1,449.77,453.3,199.89
165,37,129.9,452.4,446.01,197.87
166,39,128.5,446.11,435.6,196.75
167,40,128.2,445.17,437.24,193.99
168,41,127.5,435.33,434.45,191.88
169,40,126.9,443.81,431.34,191.65
170,38,126.5,439.85,432.41,191.09
171,33,126.4,439.15,435.58,191
172,33,126.7,449.27,442.34,193.63
173,32,126.9,458.05,444.84,197.84
174,39,128.8,466.18,453.7,198.66
175,42,128.9,462.14,450.56,205.42
176,44,130.4,465.57,447.22,207.45
177,46,130.7,458.95,440.95,207.98
178,43,131.2,460.2,448.9,200.07
179,41,130.3,461.36,456.94,201.16
180,37,129.6,467.33,462.77,200.69
181,35,129.3,471.47,457.55,204.52
182,30,129.3,469.19,458.22,207.3
183,33,130.6,466.53,459.33,202.48
184,34,130.6,453.42,455.03,193.71
185,35,129.7,443.5,454.05,188.47
186,38,128.5,437.06,458.68,186.6
187,38,129.1,435.25,464.54,189.33
188,39,128.3,438.1,461.5,190.4
189,38,127.8,441.65,451.33,192.13
190,40,127.4,436.57,440.39,188.9
191,36,127.1,437.46,434.75,187.11
192,33,127.3,430.5,427.41,186.35
193,30,128.4,433.1,435.55,180.76
194,23,127.5,428.06,436.59,180.19
195,24,127.1,429.22,440.02,180.75
196,28,127,423.99,436.29,181.39
197,31,127,425.78,431.21,184.74
198,29,127.5,429.75,438.77,185.52
199,44,128.6,437.55,434.98,187.1
200,41,129.5,441.63,442.06,190.66
201,41,130.5,447.24,431.2,193.1
202,40,129.8,447.06,436.57,193.9
203,36,127.8,448.35,439.11,193.68
204,29,129.1,441.38,448.99,194.7
205,28,128.5,439.91,442.25,193.15
206,30,127.3,441.1,438.23,194.72
207,34,128.2,441.65,425.94,195.25
208,36,129,453.2,432.77,195.29
209,35,129.4,450.84,441.73,194.5
210,37,128.5,453.72,452.89,193.01
211,39,129,448.15,447.4,187.72
212,44,130.9,441.04,447.33,185.31
213,44,131.9,433.38,439.97,183.51
214,45,129.5,421.34,441.44,181.69
215,48,128.4,415.64,435.48,180.04
216,48,128.4,419.29,440.59,180.15
217,43,127.7,414.69,444.51,181.02
218,42,127.5,406.99,438.4,179.04
219,42,127.5,400.21,434.74,179.18
220,39,127.3,400.58,432,178.09
221,43,127.6,409.76,440.32,179.19
222,48,128.4,409.92,451.13,181.6
223,53,130.4,416.58,463.8,183.83
224,55,132.2,419.56,466.47,186.53
225,56,133.5,428.66,467.23,187.34
226,54,133,429.42,460.42,187.64
227,52,131.4,434.41,465.92,189.37
228,50,131,441.23,454.51,189.89
229,41,131.5,445.5,445.31,190.63
230,44,130.1,442.97,444.9,191.7
231,37,132.4,435.45,449.33,194.55
232,39,134.4,438.59,463.8,195.77
233,41,134.6,448.27,458.56,195.69
234,41,132.5,449.53,472.18,194.98
235,40,133.6,443.78,479.05,194
236,32,133.4,441.41,485.5,192.73
237,43,132.3,438.71,472.87,192.1
238,38,131.4,440.1,467.14,190.53
239,39,131.5,431.13,458.94,189.48
240,35,131.4,441.71,463.48,189.53
241,31,131.2,436.54,459.15,189.04
242,30,133.4,442.95,469.94,188.89
243,30,134.4,439.7,466.82,188.86
244,30,135.1,442.98,471.5,192.84
245,31,137.6,452.4,467.43,196.11
246,36,139.7,459.12,478.28,205.81
247,37,140.5,475.35,478.78,215.79
248,40,138.5,472.7,483.5,213.49
249,37,140,476.1,477.98,213.54
250,38,140.6,476.89,487.23,214.14
251,34,138.8,483.94,486.4,215.15
252,32,135,477.99,481.59,215.58
253,29,133.8,481.17,478.04,215.47
254,28,132.9,476.77,475.13,216.98
255,31,134.1,477.5,488.11,216.57
256,27,136.9,466.94,482.79,210.84
257,34,137.7,458.54,477.46,206.99
258,35,136.3,461.34,463.04,202.44
259,35,135.9,460.51,457,200.01
260,34,134.4,453.81,452.58,196.96
261,29,134,444.92,443.07,195.39
262,30,133.4,435.93,448.09,192.13
263,29,132.2,437.38,439.8,192.3
264,24,130,434.75,451.11,191.02
265,24,130.7,435.11,454.43,187.87
266,24,130.5,441.31,458.41,187.97
267,24,129.2,435.8,453.4,186.7
268,25,128.3,441.14,439.78,188.11
269,26,128.5,440.73,448.29,190.09
270,32,130.3,456.78,448.48,199.65
271,34,133,463.74,459.09,208.19
272,36,137.1,473.55,465.71,211.77
273,38,134.7,471.52,470.12,211.56
274,36,133.9,467.34,461.93,211.95
275,37,132.6,476.27,459.06,212
276,38,131.5,478.7,450.36,213.16
277,36,130.9,492.11,453.65,213.54
278,31,131.2,482.73,448.73,214.62
279,31,129.5,476.06,453.67,215.35
280,31,129.3,465.1,463.4,211.4
281,36,129.8,458.73,468.84,206.23
282,36,128.6,465.06,465.97,203.64
283,37,128,462.86,455.04,202.3
284,37,127.8,455.69,444.77,200.34
285,37,126.6,447.25,442.07,197.66
286,38,124.5,444.7,435.48,195.61
287,37,123.2,444.49,426.62,192.08
288,35,120.9,442.82,425.17,189
289,33,122.5,439.14,421.22,186.76
290,30,122.5,435.26,415.99,186.63
291,25,121.9,429.85,418.69,186.75
292,31,121.5,433.33,417.45,188.49
293,25,121.7,443.3,426.35,192.24
294,30,122.1,464.71,423.15,201.75
295,29,123.8,478.4,426.05,212.53
296,27,125,491.2,423.92,217.37
297,43,125.1,490.5,429.76,217.74
298,40,125,483.93,439.44,218.24
299,40,123.7,479.82,441.12,219.22
300,38,122.7,470.96,431.9,219.32
301,39,122.4,480.86,414.25,221.22
302,39,121.8,491.68,416.89,223.51
303,33,122,498.91,417.12,214.7
304,41,123.1,494.53,421.16,216.38
305,38,123.3,487.08,425.37,211.61
306,39,123.7,488.74,427.25,210.16
307,38,123.5,485.23,425.14,208.84
308,37,122.9,472.28,412.71,207.78
309,35,122.9,467.94,414.35,203.89
310,33,122.3,461.78,416.19,201.38
311,26,121.1,469.58,420.93,198.74
312,32,119.8,453.23,416.83,194
313,28,119.2,450.15,422.06,192.02
314,21,119.3,441.63,416.13,191.57
315,30,119.4,446.49,415.09,190.51
316,28,117.8,444.78,411.3,192.71
317,29,117.3,443.57,410,193.42
318,30,117.3,461.08,417.31,197.37
319,24,119,470.79,413.09,203.25
320,31,122.4,476.29,419.42,207.38
321,33,124.2,469.08,410.19,210.03
322,36,123.7,476.99,418.74,209.91
323,35,123.6,489.34,421.16,212.92
324,37,123.6,494.26,432.62,213.34
325,35,123.9,487.93,433.29,213.94
326,37,124.6,487.63,433.42,215.5
327,38,125.2,484.06,425.95,214.2
328,39,126.5,482.4,424.21,208.99
329,33,127.2,473.99,435.45,206.58
330,41,126.5,466.66,445.86,203.35
331,39,126,462.87,448.38,200.75
332,41,126.1,466.04,446.13,205.25
333,40,125.9,471.92,437.98,204.73
334,40,125.8,471.02,436.91,202.39
335,43,124.8,467.48,428.85,202.26
336,42,124.3,468.17,439.2,203.97
337,43,125.1,462.79,440.96,201.32
338,38,124.2,455,434.42,196.44
339,35,124.3,457.3,432.2,199.72
340,35,125.5,476.54,442.45,203.87
341,34,126.8,489.51,452.23,209.85
342,41,127.2,503.24,448.29,220.25
343,41,127.3,508.47,446.51,227.11
344,43,128.9,520.2,460.12,232.05
345,43,130.3,524.85,468.55,232.1
346,39,129.8,531.21,459.87,230.57
347,38,128.4,532.18,450.71,228.61
348,38,127.4,517.13,444.99,226.27
349,39,126.9,506.55,442.99,223.52
350,37,127.1,498.39,444.92,221.52
351,38,127.3,492.94,446.31,220.98
352,41,128.2,484.08,458.62,214.99
353,43,129.2,474.47,455.6,208.85
354,44,129.1,471.37,455.7,205.26
355,43,128.3,460.56,444.59,200.4
356,32,127.9,452.8,443.39,198.45
357,45,127.5,445.11,447.42,196.84
358,40,127.6,442.75,443.99,192.12
359,40,126.9,434.02,436.58,189.59
360,36,127.4,435.35,432.6,186.88
361,32,126.3,434.6,435.95,186.58
362,31,124.4,434.24,442.64,185.54
363,29,123.4,430.93,431.4,186.14
364,21,123,436.06,429.98,185.52
365,32,122.9,452.2,427.76,188.88
366,36,123.4,459.99,434.94,191.84
367,37,123.7,469.74,427.88,197.25
368,39,123.8,462.05,437,200.21
369,38,123.5,470.15,435.76,201.01
370,38,124.8,465.96,441.75,202.19
371,40,124.9,465.76,432.29,203.7
372,40,124.9,461.54,433.41,202.7
373,39,125.1,454.01,440.13,201.88
374,36,124.8,458.66,442.88,202.81
375,35,125,460.54,439.6,204.57
376,34,124.6,459.35,427.18,204.84
377,33,124.1,457.8,428.82,199.12
378,37,123.1,441.76,421.17,193.4
379,30,123.1,443.89,434.17,190.51
380,42,124.4,435.25,425.41,186.14
381,38,125,432.53,437.44,185.48
382,40,125.2,428.65,429.29,183.95
383,35,124.3,418.84,428.45,181.83
384,35,123.2,424.61,421.29,179.1
385,35,124.3,418.99,425.8,182.45
386,33,123,428.84,426.44,180.7
387,34,124.3,425.14,437.27,181.6
388,32,128,427.38,437.5,180.79
389,34,128.5,419.37,444.42,181.87
390,41,129.2,414,447.07,182.61
391,44,131.4,411.25,455.41,182.19
392,46,133.2,418.61,456.19,183.96
393,46,133,435.45,456.68,185.31
394,47,131.2,446.71,454.35,188.67
395,46,129.8,451.42,456.88,192.21
396,46,129.2,450.83,450.79,191.36
397,47,128.6,449.5,450.99,191.83
398,46,129.5,454.96,447.71,191.94
399,41,130.1,453.01,447.75,193.94
400,40,131.9,444.68,451.61,194.78
401,40,133.7,437.36,460.13,196.05
402,41,133.3,428.98,471.03,192.33
403,43,132.5,437.21,466.59,192.28
404,43,131.1,431.78,454.46,191.74
405,46,130.8,442.18,442.59,189.59
406,43,130.1,434.32,436.52,189.88
407,45,129.9,435.01,446.13,187.53
408,44,129.5,428.47,451.02,183.84
409,43,129,420.29,454.9,184.31
410,40,129.6,421.65,451.28,183.46
411,40,129.4,417.69,447.93,177.89
412,39,129.5,436.47,453.41,185.26
413,39,130.9,443.91,457.82,189.58
414,44,132.6,460.64,470.2,200.78
415,48,135.6,464.06,470.48,213.31
416,45,135.7,476.28,469.34,216.11
417,45,136.6,489.3,467.03,216.45
418,44,135.8,498.85,474.81,213.87
419,42,132.3,502.1,476.32,215.64
420,40,130.6,497.67,472.65,215.07
421,42,128.7,496.37,458.93,216.66
422,38,128.7,488.76,447.5,215.43
423,38,128.6,478.64,438.43,219.8
424,33,130.5,472.27,447.29,213.36
425,36,131.8,469.84,449.43,210.24
426,40,129.4,464.74,457.28,204.32
427,42,127.9,461.53,443.51,204.68
428,42,128,458.03,454.03,201.66
429,43,128.4,459.38,448.83,198.24
430,46,129.5,451.6,455.13,196.21
431,45,127.6,448.79,456.45,194.84
432,40,127.7,441.12,451.86,188.63
433,40,126.2,433.77,444.54,188.83
434,37,125.1,439.49,426.92,188.83
435,36,123.8,443.03,420.19,192.12
436,36,122.5,458.66,418.71,194.59
437,38,123.6,449.43,419.23,195.88
438,45,123.7,457.53,422.81,201.53
439,48,124.9,467.85,427.37,208.54
440,50,127.4,489.13,436.71,216.04
441,49,128.4,493.89,439.51,216.13
442,44,128.3,496.96,443.61,215.31
443,45,128.1,488.07,447.01,213.49
444,42,127.8,490.57,443.56,212.89
445,40,127.3,483.85,447.26,215.63
446,35,126.2,486.88,436.34,213.9
447,41,126.2,483.87,443.29,213.53
448,47,127.2,483.08,442.01,208.09
449,50,127.6,481.88,459.27,204.4
450,50,127.5,473.69,461.05,204.43
451,49,127.6,464.72,452.57,201.14
452,46,127.7,454.49,436.9,199.25
453,46,128.1,443.26,432.31,194.39
454,46,127.7,432.59,442.14,188.95
455,42,126.4,426.27,440.25,187.35
456,41,124.7,426.72,442.1,186.34
457,41,125.8,430.3,431.72,187.01
458,42,128.8,427.12,434.02,185.83
459,39,130.2,423.71,437.5,182.71
460,39,130.3,422.04,443.4,183.28
461,39,131.4,436.13,449.96,186.85
462,41,132.6,454.47,450.49,195.06
463,44,135.4,473.98,458.2,205.47
464,51,137.6,480.49,472.19,209.35
465,51,137.8,492.28,474.1,215.2
466,49,136.5,490.73,479.58,214.61
467,44,135.3,494.05,452.9,213.52
468,39,134.7,482.81,450.44,211.79
469,36,133.9,474.85,431.95,210.78
470,38,133.3,465.87,454.15,209.09
471,44,135.1,461.29,464.43,210.46
472,47,136.2,456.15,472.1,203.08
473,48,136.8,461.33,474.36,200.05
474,48,136,457.27,474.24,196.16
475,52,134.7,454.32,482.38,195.74
476,52,134,440.55,470.02,191.76
477,53,132.7,431.52,451.14,190.35
478,55,131.6,427.53,438.03,186.73
479,56,131.4,414.7,441.14,184.48
480,56,130.7,410.18,458.11,181.19
481,53,129.4,405.75,459.21,180.1
482,53,128.9,404.77,451.19,176.83
483,51,129,408.33,452.63,170.67
484,53,129.6,416.89,455.73,176.18
485,52,130,433.31,456.1,183.52
486,54,132.2,450.29,453.12,192.49
487,54,135.4,460.09,461.79,202.72
488,60,135.6,467.79,470.99,208.16
489,59,136,466.6,472.89,207.65
490,56,135.4,479.11,462.91,208.79
491,53,134.6,478.01,452.46,209.49
492,47,132,477.76,441,210.77
493,45,131.2,467.32,439.13,209.9
494,44,130.1,464.41,444.28,209.94
495,50,129.4,463.22,449.01,209.45
496,51,129.9,459.34,463.83,202.77
497,54,132.3,461.67,467.83,197.67
498,54,132.5,457.63,466.33,194.6
499,51,132.4,457.71,451.83,192.56
500,50,132.1,445.39,454.58,188.94
501,47,132.3,428.44,461.08,185.41
502,46,132.2,416.14,461.55,181.74
503,49,131.4,408.91,465.4,180.59
504,51,131.8,415.77,456.03,173.47
505,52,131.3,415.45,462.7,172.98
506,49,131.4,412.22,459.97,174.13
507,46,131.8,406.1,457.69,175.87
508,46,131.9,406.2,457.02,173.86
509,49,132.6,417.49,440.01,176.35
510,55,133.7,427.8,455,186.57
511,61,134.4,444.16,449.79,195.76
512,58,135,454.92,467.68,199.22
513,58,136.4,469.62,466.83,200.56
514,55,136.2,460.71,480.28,201.53
515,50,134.8,460.63,479.11,201.5
516,47,134,444,474,199.02
517,48,134.6,450.55,461.14,196.51
518,45,132.7,444.55,453.99,194.32
519,49,131.6,444.94,446.31,194.05
520,45,132.2,431.02,446.81,189.79
521,47,132.2,425.03,451.61,186.52
522,52,131.6,426,452.7,184.78
523,51,131.8,430.91,444.53,183.84
524,51,131,430.1,433.42,182.18
525,52,130.6,426.83,419.89,180.28
526,50,129,419.13,422.76,176.95
527,50,127.7,410.79,427.91,173.68
528,50,128.6,405.74,430.15,171.04
529,46,129.2,400.93,433.05,168.03
530,42,128.2,401.14,429.58,169.33
531,40,127.4,399.75,434.66,169.32
532,38,127.7,399.2,430.62,170.4
533,41,127.2,406.14,436.86,170.53
534,47,128.4,409.63,441,172.72
535,50,128.7,420.66,445.99,175.94
536,50,129.8,417.51,446.21,177.52
537,48,131.5,414.39,448.19,179.4
538,46,132.1,415.8,456.11,182.19
539,42,130.1,416.75,452.35,181.31
540,41,127.8,427.94,449.73,180.02
541,42,127.2,425.22,448.39,180.34
542,40,126.6,426.29,449.81,180.76
543,42,126.5,421.1,443.09,181.63
544,43,126.5,419.61,433.3,183.51
545,43,128.4,421.85,450.56,180.57
546,40,130.6,422.88,457.87,181.03
547,42,130.5,418.5,461.3,178.15
548,39,129.7,410.38,446.68,176.66
549,33,127.8,403.97,449.89,174.08
550,39,126.6,398.09,448.63,173.19
551,37,125.4,398.15,440.19,171.6
552,29,121.9,401.18,432.27,170.09
553,29,121.6,410.93,421.56,171.26
554,25,121.6,414.49,421.22,171.02
555,26,122.6,413.48,419.99,171.8
556,26,122,420.27,421.91,174.62
557,28,122.1,426.53,426.12,175.04
558,33,122.3,428.3,430.12,180.34
559,33,123.5,432.02,443.04,182.78
560,32,125.2,436.91,440.96,182.1
561,29,125.2,440.12,440.56,183.28
562,26,124.5,435.06,427.49,185.58
563,26,124.6,436.04,434.33,187.28
564,23,124.4,434.39,435.31,188.78
565,20,125,437.48,430.87,189.52
566,17,125.3,435.68,426.55,190.95
567,20,124.8,440.9,425.98,188.88
568,24,124.5,437.37,431.77,192.03
569,25,125.2,437.88,436.99,190.29
570,22,124.5,445.33,425,189.23
571,20,123.2,443.87,424.2,190.68
572,24,123.4,435.92,413.49,187.97
573,16,124.7,420.87,429.38,188.04
574,16,124.5,418.72,441.81,184.86
575,19,123.4,421.39,439.55,183.48
576,8,122.5,424.93,435.56,183.13
577,8,122.4,425.45,436.21,176.53
578,9,122.1,417.3,436.2,176.98
579,9,121.5,409.7,435.03,172.55
580,10,121.3,416.9,417.87,175.11
581,12,121.8,424.74,428.18,181.71
582,21,123.4,431.6,430.64,190.5
583,21,126.4,436.21,445.93,198.67
584,20,130.2,449.9,445.53,205.13
585,19,129.9,467.12,451.03,203.69
586,21,130.3,466.7,448.78,203.48
587,14,127.8,470.6,445.61,204.37
588,10,126.8,473.25,448.65,207.83
589,5,126.2,467.37,454.33,206.54
590,5,125.1,473.29,451.92,206.31
591,5,126.2,463.51,445.17,208.6
592,9,128.9,473.55,439.86,201.17
593,10,132.8,458.3,467.25,197.18
594,14,133.8,450.45,476.24,192.7
595,14,134.8,440.67,486.87,190.07
596,16,134.4,431.23,471.85,188.12
597,14,133.9,426.94,480.17,186.32
598,22,133.5,418.38,472.98,183.99
599,23,133.4,417.52,462.92,182.9
600,23,132.1,417.7,460.26,180.75
601,16,132.5,418.67,463.14,179.17
602,15,131.2,425.73,467.22,181.04
603,14,129.3,423.94,460.59,181.22
604,17,127.9,435.1,456.12,182.74
605,22,128.7,435.14,460.43,189.01
606,28,128.7,461.24,459.45,200.27
607,30,130.2,469.15,462.84,212.75
608,29,130.2,471.47,459.92,215.3
609,28,130.3,472.37,452.33,209.79
610,25,127.6,464.47,446.92,209.15
611,28,126.7,479.01,437.64,209.88
612,20,125.5,481.46,436.51,207.74
613,21,124.2,494.13,429.06,210.76
614,17,123.9,487.73,432,210.43
615,19,124.9,474.89,433.16,208.81
616,21,124.7,466.66,438.75,202.78
617,22,126.4,449.77,446.95,201.1
618,21,128.1,453.81,445.75,198.15
619,23,127.5,448.2,444.05,198.28
620,18,126.8,458.02,429.42,196.55
621,21,127.5,442.89,432.04,193.9
622,22,128.1,439.88,429.4,194.33
623,19,127.2,424.68,435.8,190.62
624,18,126.1,431.23,429.72,187.13
625,18,124.7,423.29,421.54,187.01
626,17,123.6,423.56,427.3,182.92
627,18,122.8,418.41,427.01,183.83
628,22,122.4,436.76,441.83,185.57
629,22,123.4,462.61,430.96,190.21
630,22,123.7,477.13,444.3,200.74
631,26,124.8,476.53,436.48,212.24
632,30,126.5,479.64,442.87,215.76
633,34,126.7,484.7,429.63,212.85
634,35,125.9,481.96,446.48,213.2
635,33,123.7,481.19,439.25,212.68
636,36,121.8,473.05,443.02,207.5
637,25,121.8,485.2,428.18,204.22
638,28,121.9,481.94,430,206.16
639,32,122.4,486.63,431.61,207.46
640,35,124.1,476.48,439.42,201.74
641,37,125,473.38,451.42,199.81
642,37,125.1,457.78,450.9,196.15
643,39,124.8,460.7,446.78,197.95
644,40,124.4,451.64,444.98,194.28
645,35,123.6,459.29,440.9,192.97
646,42,123.2,457.68,429.01,193.8
647,35,122.9,457.96,416.39,194.56
648,34,124.2,447.32,415.37,189.64
649,29,125.1,437.4,420.83,183.56
650,25,124.4,430.92,420.85,184
651,23,123.4,434.42,423.21,182.3
652,21,123.4,440.15,426.86,185.58
653,22,123.4,458.75,433.3,192.96
654,23,125.2,471.38,435.83,203.72
655,24,126.8,487.16,443.98,214.11
656,28,128.1,496.28,450.1,222.54
657,29,129.9,497.83,461.03,224.26
658,30,129.7,492.9,464.4,225.11
659,30,128.9,493.6,458.94,225.67
660,29,128.7,510.01,455.42,226.19
661,28,127.8,514.27,446.88,226.81
662,29,126.6,510.69,450.2,225.58
663,25,127.1,501.99,447.17,224.67
664,26,127.4,490.38,448.29,220.84
665,27,129.3,489.81,454.71,214.21
666,27,130.7,480.41,454.06,212.05
667,29,130.3,481.08,453.11,209.91
668,29,131.5,476.17,438.01,207.76
669,31,131.3,470.45,435.43,204.34
670,33,130.2,469.24,437.03,199.54
671,32,128.5,457.52,447.24,195.75
672,34,127.2,444.64,450.58,194.4
673,32,127,438.32,447.1,191.14
674,28,127.1,433.05,438.17,191.43
675,26,126,443.47,432.05,194.5
676,24,125.2,450.71,427.14,196.2
677,25,125.2,468.77,420.9,200.72
678,31,125.9,479.72,419.07,212.29
679,34,127,487.94,430.54,222.74
680,32,126.2,500.05,447.71,222.11
681,32,125.6,502.39,454.4,221.94
682,33,125.7,501.4,451.74,223.72
683,31,126.4,483.86,436.82,221.31
684,31,124.9,484.21,430.48,220.85
685,25,123.6,481.55,425.88,214.41
686,25,122.7,485.99,431.97,213.34
687,24,121.8,489.17,432.92,212.77
688,27,121.2,492.71,433.47,211.56
689,34,120.9,488.59,442.91,209.77
690,34,120.7,480.7,437.52,205.73
691,34,120.4,469.44,444.23,203.18
692,35,120.8,460.59,421.95,201.9
693,33,120.9,452.24,420.22,199.58
694,34,120.1,448.14,409.1,194.27
695,30,120.5,441.12,421.28,192.49
696,20,122,441.17,426.31,192.06
697,31,122.4,445.38,425.39,191.49
698,28,122.3,448.54,433.19,187.33
699,23,122.5,454.2,432.34,187.69
700,26,122.8,434.11,431.47,191.09
701,31,123.3,430.83,432.95,189.57
702,38,125.4,418.87,446.93,190.94
703,40,127.7,431.98,460.35,193.08
704,40,127,440.5,455.2,193.38
705,41,126.6,440.86,440.52,196.1
706,41,125.3,443.77,434.37,197.55
707,42,122.5,441.04,425.83,196.46
708,43,125.9,450.73,433.71,195.35
709,37,126.3,446.52,435.42,194.87
710,36,125,452.26,445.98,195.37
711,36,125.1,451.99,444.25,193.35
712,34,125.8,455.02,446.48,195.72
713,37,126.4,450.96,443.6,195.9
714,35,125.2,449.56,449.16,196.52
715,37,126.5,443.88,450.54,190.27
716,38,127.8,450.85,448.64,190.02
717,38,128,445.77,448.28,188.72
718,37,128,449.76,449.68,188.21
719,39,127.7,433.12,453.97,187.42
720,32,128.7,433.84,448.39,185.37
721,32,128.5,432.67,445.59,184.71
722,30,128.6,429.6,448.56,185.8
723,31,129.1,419.39,450.31,186.08
724,31,129.9,421.61,447.5,187.64
725,32,130.8,433.21,450.99,186.84
726,40,132.3,442.31,468.28,190.48
727,39,136.7,437.4,489.78,192.23
728,36,137.1,442.4,494.56,193.25
729,34,136.4,441.97,479.97,195.11
730,33,134.7,451.39,478.54,196.82
731,31,133.9,445.95,474.48,196.52
732,31,131.7,452.6,467.14,195.07
733,31,131.6,446.73,446.75,194.51
734,32,131.6,454.57,439.49,194.36
735,33,131.4,452.95,453.85,195.67
736,32,132.5,453.58,450.67,195.78
737,34,134.2,442.61,461.97,195.38
738,33,134.9,439.24,465.12,195.16
739,32,135.4,435.49,464.78,194.71
740,34,135.8,441.8,466.76,193.39
741,32,138,432.35,471.57,192.5
742,35,139.6,426.1,482.43,190.37
743,36,137.6,419.93,471.61,188.18
744,33,136.6,422.96,459.91,187.37
745,25,136.4,427.01,450.64,188.22
746,21,136.8,428.5,455.05,190.09
747,19,137,431.85,460.63,191.53
748,18,136.8,431.42,469.34,191.27
749,19,138.5,439.92,476.47,194.38
750,30,137.6,447.85,480.19,199.79
751,35,138.4,459.8,489.02,208.79
752,34,140,465.93,485.48,211.47
753,31,140.6,467.96,486.03,210.84
754,30,138.5,473.49,490.38,211.4
755,29,136.8,470.13,485.87,207.5
756,27,136.8,470.24,482.66,208.34
757,29,135.8,472.29,474.6,208.08
758,29,134.9,474.64,476.97,207.7
759,29,135.2,472.85,481.18,208.76
760,31,135.4,461.86,475.66,203.43
761,30,136.1,455.77,478.02,201
762,32,135.9,451.55,465.41,197.33
763,33,134.4,453.53,469.9,196.52
764,30,133.9,454.29,463.81,198.15
765,31,134.5,458.53,464.46,196.15
766,31,134.4,449.59,468.69,198.14
767,27,133.5,443.73,477.82,193.9
768,28,133.7,441.45,478.35,192.3
769,27,133,434.8,462.36,193.93
770,29,131.4,432.73,459.4,192.52
771,29,130.8,432.03,460.28,192.23
772,30,130.5,448.2,467.94,195.41
773,31,131.2,458.98,459.1,201.82
774,37,130.4,473.8,457.93,207.59
775,41,133.3,482.34,459.18,215.04
776,42,136.6,497.38,466.66,217.38
777,43,135.6,494.24,468.33,215.87
778,41,136.1,491.85,474.68,218.79
779,41,136.1,473.41,472.7,215.31
780,40,136.9,466.53,470.79,212.89
781,39,137.1,469.09,471.97,216.68
782,38,135.2,479.3,472.49,221.96
783,38,134.8,483.51,477.27,223.27
784,38,135.4,479.81,476.15,212.68
785,40,138.7,470.1,475.92,207.17
786,42,140.3,467.23,475.17,204
787,41,138.3,463.23,464.21,203.52
788,43,137.6,458.81,465.64,200.4
789,40,137.8,449.64,468.83,197.99
790,42,137.5,456.58,473.52,197.41
791,42,134.5,456.35,474.85,198.2
792,41,134.4,454.46,464.55,194.89
793,38,135.8,436.8,462.09,191.08
794,37,136.2,445.5,458.26,191.05
795,38,133.9,452.37,464.36,196.15
796,35,133.5,466.6,458.84,197.73
797,35,132.9,465.22,463.44,202.71
798,34,134.6,470.73,475.39,210.66
799,35,136.7,480,489.84,218.93
800,41,138.8,488.14,480.6,222.68
801,44,137.9,496.29,471.25,223.3
802,44,136.4,496.47,469.84,223.23
803,45,134.9,492.35,470.71,221.2
804,45,133.3,485.92,470.62,219.47
805,43,131.3,479.79,461.74,218.45
806,37,131.7,485.05,471.8,218.51
807,47,132.4,486.19,471.26,218.47
808,46,133,482.07,474.56,214.29
809,44,133,479.29,474.57,211.24
810,44,132.1,474.44,475.35,207.41
811,42,130.6,466.39,475.55,205.23
812,42,130.5,459.9,463.24,201.54
813,42,130.1,447.03,451.14,197.85
814,40,128.4,443.85,438.93,194.54
815,40,127.4,431.71,424.94,191.25
816,41,126.6,431.1,424.64,188.42
817,40,124.5,428.75,424.72,186.43
818,41,124.4,422.87,431.52,183.91
819,40,124.4,426.05,435.01,184.22
820,41,124.4,431.63,436.47,187.38
821,43,124.6,447.25,447.32,192.4
822,41,125.3,466.93,445.73,203.08
823,43,127.4,481.78,445.75,212.23
824,47,128.3,490.76,434.09,215.47
825,53,127.5,486.51,437.73,216.18
826,49,127.6,487.96,449.3,217.66
827,45,127.2,484.79,451.45,215.78
828,40,126.9,485.8,442.54,210.62
829,39,126.8,473.49,438.14,209.1
830,42,124.9,471.52,431.91,210.3
831,42,124.4,461.2,438.03,210.15
832,47,123.9,458.76,428.22,206.89
833,49,124.2,452.57,441.39,200.26
834,48,123.9,455.22,441.89,198.32
835,50,124,457.97,446.17,196.59
836,53,123.8,456.71,437.13,193.46
837,50,123.4,446.17,436.9,191.88
838,53,122.5,437.9,434.67,187.71
839,54,122.5,425.4,454.59,185.76
840,54,125.8,422.36,443.75,182.53
841,53,125,414.94,437.52,179.77
842,46,124.9,419.86,424.09,181.22
843,45,124.3,431.11,430.39,182.11
844,42,124,446.24,440.9,182.14
845,44,124.5,454.43,433.37,187.56
846,49,125.8,456,438.99,197.08
847,53,126.8,456.21,440.46,204.63
848,55,127.1,468.9,444.95,208.06
849,51,127.9,470.09,443.52,208.47
850,52,127.2,468.33,436.74,208.59
851,51,125.7,458.3,436.55,206.15
852,49,124.2,457.13,437.94,203.67
853,42,123.8,471.25,432.83,202.34
854,36,123.3,464.1,425.36,201.22
855,39,123.8,461.17,425.52,200.96
856,45,124.5,450.78,427.07,197.78
857,47,124.8,449.14,444.6,194.4
858,53,126,444.74,442.04,193.14
859,54,126.7,433.6,447.79,191.84
860,58,126.5,445.32,445.07,189.94
861,59,126.3,444.62,447.2,187.99
862,60,125.1,447.45,448.16,186.23
863,61,124.6,439.58,430.22,184.16
864,55,124.1,433.27,427.85,188.27
865,54,123.6,433.31,420.49,186.66
866,53,122.9,428.38,427.57,186.09
867,52,122.6,430.48,424.13,187.45
868,51,123,438.6,438.2,187.63
869,52,123.9,431.72,438.82,187.66
870,56,123.5,442.29,435,190.91
871,58,123.6,435.04,432.31,192.85
872,57,123.5,442.79,436.76,192.38
873,57,123.9,442.99,445.37,190.41
874,57,124.9,444.2,450.52,190.24
875,52,125.2,447.56,455.53,191.08
876,48,124.8,442.5,447.38,191.79
877,45,124.3,439.79,429.08,191.6
878,44,123.1,435.8,423.44,190.66
879,43,123.1,436.22,425.45,189.23
880,44,123.5,439.05,431.84,190.63
881,45,124.1,439.8,432.11,191.2
882,51,126.3,434.86,439.53,188.13
883,54,127,424.35,445.49,189.11
884,54,127.3,415.08,447.64,187.03
885,56,129.4,407.71,443.65,184.77
886,53,131.6,409.59,452.57,184.6
887,52,132,421.43,456.99,184.52
888,49,131.5,433.76,467.71,189.79
889,48,130.6,451.18,450.03,190.3
890,48,129.2,444.39,447.45,190.51
891,48,129.6,448.08,438.89,190.13
892,50,130,441.38,450.87,191.14
893,51,131.2,443.49,458.81,193.97
894,60,133.4,445.67,469.81,196.36
895,62,133.9,448.37,474.24,198.65
896,62,135.9,460.08,470.12,201.44
897,59,133.9,459.18,456.67,203.25
898,59,132.1,461.03,448.73,204.41
899,57,129.6,469.29,446.84,202.84
900,53,127.7,465.11,445.11,202.07
901,53,125.9,467.94,445.46,202.2
902,48,124.5,463.48,441.01,202.75
903,45,124.7,475.35,447.85,203.02
904,48,126.3,480.01,449.42,204.74
905,46,128.8,468.12,455.72,205.69
906,44,130.3,470.7,455.04,202.48
907,47,129.9,461.59,457.76,202.64
908,48,130.1,463.27,445.89,200.8
909,50,131.8,452.71,454.35,198.5
910,47,131.8,448.8,449.55,197.2
911,50,130.4,450.2,458.71,195.09
912,52,131.6,438.38,453.39,192
913,49,132.6,440.85,457.33,190.86
914,42,132.1,445.19,450.31,192.24
915,42,130.1,460.73,447.83,191.31
916,43,129.2,463.27,446.42,193.84
917,44,128.1,466.68,440.68,198.95
918,50,127.7,479.65,436.2,209.64
919,52,129.2,489.84,441.33,220.33
920,54,131.7,492.27,456.58,225.92
921,51,130.7,485.72,461.09,219.63
922,43,129,489.78,451.51,218.94
923,40,126.7,501.67,443.15,218.33
924,34,123.4,498.96,429.13,215.82
925,30,122.2,495.56,423,212.26
926,21,121.9,485.07,413.66,211.26
927,28,122.6,484.68,419.9,210.71
928,33,123.5,475.11,418.9,203.38
929,40,124,463.93,436.41,201.4
930,41,124.8,456.73,442.7,198.3
931,42,126.5,447.63,448.02,195.24
932,39,126.8,443.19,446.39,192.88
933,39,126.9,438.8,440.69,192.82
934,38,126.7,439.33,442.12,194.86
935,36,125.8,434.39,434.34,193.05
936,31,126.5,429.12,442.16,187.12
937,30,126.8,423.62,445.75,189.83
938,28,126.2,435.02,452.86,184.94
939,28,125.2,447.65,448.4,186.38
940,30,125.3,448.22,432.84,190.47
941,32,126.5,447.52,428.18,191.42
942,42,127.9,447.99,442.21,198.56
943,46,129.9,472.01,459.61,212.87
944,47,132,482.49,456.29,213.79
945,45,131.6,488.92,445.72,216.77
946,40,127.7,486.26,444.82,217.6
947,35,125.3,488.01,440.47,211.64
948,31,122.9,485.4,431.94,209.97
949,31,123,486.52,420.04,210.92
950,22,123,476.02,425.48,213.46
951,25,122.8,473.39,426.91,208.62
952,33,122.6,462.07,426.83,206.5
953,35,123.6,459.55,433.96,200.61
954,36,125.7,455.08,435.06,195.7
955,41,126.4,450.71,449.97,195.07
956,42,126.4,446.71,450.01,191.12
957,41,126.9,439.05,453.05,192.32
958,43,126.4,441.37,447.27,192.68
959,42,126.4,436.63,447.53,185.37
960,43,126.4,434.23,447.1,181.55
961,42,126,428.18,449.89,181.52
962,44,126,430.38,451.27,178.7
963,43,125.6,434.96,448.98,181.21
964,44,125,434.22,451.54,186.77
965,45,124.8,450.65,452.12,189.78
966,48,126.9,462.44,462.58,199.77
967,50,130.1,479.79,460.28,210.05
968,52,131.9,474.63,459.62,208.55
969,49,131.5,477.1,452.3,210.85
970,48,128.1,467.32,447.52,210.71
971,43,126.4,469.57,440.26,207.52
972,39,124.2,461.46,433.13,208.49
973,32,125,473.45,429.62,207.4
974,40,124.5,469.37,426.49,208.19
975,40,124.8,470.31,426.32,208.81
976,43,126.2,462.61,435.87,204.97
977,46,129.2,456.95,448.37,203.5
978,45,130.9,451.12,463.58,200.1
979,43,129.5,449.15,459.71,198.24
980,41,129.5,452.91,451.16,195.87
981,38,128.9,455.64,439.88,195.75
982,37,128.1,457.89,438.84,192.56
983,38,127,452.22,438.96,191.59
984,38,126.5,449.32,443.27,189.75
985,38,124.7,431.8,441.23,187.04
986,36,124.6,435.71,448.05,188.01
987,35,124.4,436.04,446.54,189.06
988,35,124.4,444.96,444.5,190.14
989,34,127,450.22,436.42,193.29
990,36,129.9,459.96,447.87,200.55
991,36,132.6,472.92,453.64,207.92
992,39,132.9,485.31,463.2,209.07
993,42,132,487.12,458.67,209.69
994,42,129.3,483.93,466.08,209.45
995,42,128.6,476,455.88,207.08
996,42,128.8,476.49,454.91,206.27
997,42,128.5,473.34,447.26,205.36
998,42,127.3,466.02,445.74,206.81
999,43,126.3,469.95,439.16,204.92
1000,43,126.7,470.18,441.14,200.71
1001,43,128.4,471.49,450.88,200.78
1002,42,130.5,456.47,457.88,197.91
1003,42,131.1,448.78,466.23,195.91
1004,42,131.7,444.73,468.87,194.45
1005,42,130.9,443.66,467.7,194.67
1006,43,130.7,443.75,461.42,191.75
1007,42,130.8,449.64,454.21,191.46
1008,41,130.3,442.51,450.86,191.39
1009,41,129.9,432.1,440.88,185.36
1010,40,128.8,408.19,442.49,182.47
1011,40,128.5,408.26,445.4,182.97
1012,33,127.8,419.13,450.6,184.79
1013,32,127.8,432.47,444.25,190.95
1014,38,127.6,456.98,443.76,198.11
1015,37,128.3,467.93,451.66,206.72
1016,37,129.7,477.49,460.99,207.12
1017,36,129.4,469.87,456.82,211.47
1018,33,127.4,465.6,459.66,203.99
1019,32,126.8,464.01,464.45,199.95
1020,31,127.1,462.9,461.79,198.43
1021,30,127.2,460.77,448.51,198.03
1022,28,127.4,455.54,439.98,195.88
1023,31,127.4,454.91,438.21,193.91
1024,32,127.1,447.45,443.09,193.64
1025,32,127.2,449.59,447.21,191.04
1026,31,128.3,435.48,453.53,192.94
1027,33,127.7,435.12,447.37,190.94
1028,32,127.3,434.76,436.69,186.79
1029,32,127.1,444.11,425.3,186.73
1030,31,126.5,440.68,433.06,185.39
1031,32,125.8,437.77,439.59,183.28
1032,33,125.8,427.56,450.56,181.68
1033,27,125.6,424.5,445.73,180.14
1034,25,125.7,417.94,431.91,178.16
1035,25,125.9,417.3,425.75,177.39
1036,23,125.4,413.54,423.59,175.91
1037,25,126,416.56,429.74,178.76
1038,32,126.6,422.18,428.81,184.03
1039,35,126.4,426.33,426.22,184.92
1040,34,126.7,426.97,430.75,183.94
1041,34,126.6,415.23,435.52,185.98
1042,33,126.4,420.47,445.83,189.2
1043,33,126.1,411.34,452.97,188.55
1044,34,125.7,414.91,454.21,184.25
1045,33,125.4,407.64,444.54,183.54
1046,35,124.9,416.07,442.41,182.27
1047,37,124.8,422.85,432.8,182.38
1048,37,125.4,428.52,425.48,185.01
1049,36,125.5,427.1,419.49,183.48
1050,35,124.7,429.65,430.52,182.88
1051,35,125.8,423.69,442.05,179.97
1052,35,127,426.98,438.64,178.27
1053,36,127.6,417.55,435.21,177.39
1054,34,128.9,419.67,429.86,176.63
1055,39,127.9,411.23,428.64,172.59
1056,32,127,411.89,435.2,171.73
1057,32,125.8,402.24,436.32,170.7
1058,32,124.5,403.84,448.15,169.8
1059,32,125.9,406.92,437.81,169.53
1060,32,126.2,414.23,443.61,168.45
1061,31,127.4,414.71,439.8,169.31
1062,38,128.6,404.56,453.01,172.41
1063,40,129.1,404.82,454.84,173.44
1064,38,130.1,404.21,459.05,175.48
1065,36,129.5,410.47,453.75,177.55
1066,33,127.9,415.61,447.16,176.4
1067,31,126.6,412.15,440.8,177.16
1068,30,124.8,412.31,433.3,176.09
1069,33,123.6,413.04,427.78,174.89
1070,28,123.1,419.82,425.64,176.79
1071,26,122.9,427.78,429.75,179.89
1072,32,123.1,427.72,433.3,179.88
1073,38,125,428.38,437.06,178.49
1074,40,125.2,426.63,428.89,183.2
1075,41,124.6,431.5,421.92,180.31
1076,42,123.5,436.15,415,182.43
1077,41,123,445.71,423.04,180.65
1078,42,122.8,437.25,426.93,180.7
1079,40,121.7,430.21,432.21,180.25
1080,38,121.1,416.78,426.01,179.35
1081,36,121,422.85,428.85,179.11
1082,37,123.1,425.27,424.1,181.22
1083,36,123.7,432.29,431.24,182.76
1084,38,123.1,440.24,428.45,185.51
1085,38,123.6,446.12,429.04,190.39
1086,45,123.5,458.85,427.11,202.19
1087,44,125.1,463.93,432.07,209.49
1088,43,126.5,481.47,436.57,214.1
1089,38,127.1,482.41,434.78,214.97
1090,34,124.1,484.22,440.84,212.46
1091,30,122.9,467.06,435.42,211.61
1092,30,122.6,474.31,436.03,209.61
1093,31,122.3,476.64,427.24,207.37
1094,33,121.5,488.2,433.23,206
1095,37,122.4,469.09,431.49,205.9
1096,36,123.6,459.43,434.23,203.23
1097,37,125.2,452.81,442.36,201.39
1098,40,126.5,456.37,445.79,200.05
1099,39,126.3,460.69,451.9,198.34
1100,39,127.3,457.38,454.86,197.16
1101,39,127.7,453.99,452.56,194.94
1102,39,126.8,445.46,454.3,192.83
1103,38,124.7,438.64,438.25,191.18
1104,35,124.4,430.07,446.39,187.7
1105,31,124.8,421.12,442.59,182.05
1106,29,124.5,414.59,446.54,180.9
1107,23,123.7,422.97,437.86,182.25
1108,26,122.9,437.67,432.48,184.54
1109,25,123.6,460.51,428.36,190.04
1110,36,125.4,464.46,436.14,197.28
1111,38,127.5,467.21,442.45,203.96
1112,38,129.3,472.07,450.25,205.88
1113,36,129.3,482.52,441.26,211.33
1114,37,127.7,481.79,441.05,211.24
1115,37,125.8,475.58,440.58,209.3
1116,34,125.1,473.66,447.56,206.42
1117,35,125,482.37,443.26,210.35
1118,32,125.2,479.24,449.31,211.52
1119,35,125.6,473.36,444.39,210.29
1120,36,126.6,466.49,448.13,207.71
1121,37,129.1,461.95,440.35,198.92
1122,36,129.8,455.6,442.56,197.55
1123,37,128,444.88,448.74,196.4
1124,36,127.2,441.06,444.85,195.58
1125,37,126.6,438.23,437.65,192.14
1126,38,125.8,439.64,431.55,188.34
1127,37,125.3,431.92,432.96,183.53
1128,37,124.8,430.57,441.63,180.03
1129,32,124.3,421.62,436.21,178.15
1130,30,124.9,419.98,429.95,178.58
1131,29,124.5,420.97,425.56,180.14
1132,29,124.2,428.11,429.11,183.68
1133,29,124.7,440.17,436.32,187.05
1134,28,127.3,451.37,449.87,196.76
1135,33,132.2,471.63,453.32,209.41
1136,38,132.4,480.47,459.59,211
1137,37,131.2,483.96,454.18,210.71
1138,35,131.1,477.2,453.25,211.79
1139,35,129.2,475.19,448.59,207.31
1140,32,128.1,470.84,443.8,204.41
1141,32,128.2,461.22,444.79,205.74
1142,30,127.7,456.03,447.74,205.65
1143,31,127.8,449.68,450.65,206.24
1144,35,127.2,449.12,441.48,204.55
1145,36,128.4,449.02,440.93,201.09
1146,38,129.8,442.71,438.3,200.76
1147,38,129.4,442.71,442.35,197.21
1148,38,128.6,444.77,437.18,198.27
1149,32,128.1,443.41,443.05,193.25
1150,42,128.2,438.65,449.48,188.11
1151,39,128.2,431.86,448.47,187.81
1152,40,126.5,434.62,444.33,184.07
1153,39,125.7,438.07,439.32,185.81
1154,39,125.1,444.26,439.62,185.78
1155,36,125.2,449.73,441.35,186.39
1156,33,125.1,445.15,436.44,186.49
1157,32,124.6,442.33,438.09,189.27
1158,33,126.5,457.44,434.46,200.68
1159,32,128.9,471.14,439.5,209.92
1160,39,131.1,486.22,434.58,212.62
1161,39,128,488.47,429.4,212.12
1162,39,126,491.26,429.82,212.51
1163,38,124,490.78,430.17,213.7
1164,35,124.1,481.39,430.65,210.66
1165,34,123.6,491.31,425.11,209.58
1166,34,123.5,480.22,433.1,213.64
1167,37,123.2,475.15,430,212.24
1168,37,124.1,455.09,427.36,201.46
1169,38,124.8,455.32,426.21,194.62
1170,37,127.6,454.31,432.82,197.08
1171,37,126,458.93,441.82,197.18
1172,38,126.1,449.13,442.24,194.66
1173,37,127.1,443.69,449.08,189.17
1174,30,128.3,437.11,447.57,188.5
1175,43,127.4,441.7,442.1,185
1176,39,126.3,438.85,440.96,183.67
1177,38,124.7,418.88,425.04,180.06
1178,40,123.3,409.47,423.84,178.36
1179,36,123.4,410.05,417.06,178.28
1180,33,123.3,421.21,437.31,179.38
1181,32,123.7,427.17,431.7,181.62
1182,39,125.2,424.39,432.54,192.12
1183,43,125.5,440.44,420.72,200.16
1184,44,125.7,455.94,422.01,202.36
1185,43,127.1,476.77,422.67,204.2
1186,44,127.4,469.66,436.14,203.87
1187,46,126.3,460.28,447.43,202.72
1188,46,125.5,446.32,443.69,200.56
1189,44,125.3,451.12,438.18,202.55
1190,45,125.1,451.05,431.36,199.3
1191,43,124.8,445.22,435.24,194.49
1192,44,124.5,442.65,437.51,192.16
1193,49,125.2,445.89,445.76,193.91
1194,47,127.3,448.16,452.97,188.96
1195,49,129,435.61,447.58,186.1
1196,50,129.9,416.04,446.65,182.03
1197,51,128.1,407.68,443.17,179.68
1198,51,126,416.12,446.97,175.86
1199,47,124.6,420.37,435.55,176.21
1200,44,124.9,421.32,428.13,175.46
1201,43,124.1,406.05,424.67,174.43
1202,41,123.9,408.17,430.6,173.43
1203,41,123.9,407.78,432.16,172.93
1204,41,124.3,417.56,437.93,171.69
1205,43,124.8,414.51,432.26,174.4
1206,49,125.7,415.62,434.79,176.7
1207,53,126.1,416.87,422.93,179.83
1208,51,126.4,419.27,432.06,177.9
1209,49,126.5,419.74,432.99,181.27
1210,47,125.9,426.31,458.02,181.69
1211,45,126,426.96,457.45,182.4
1212,42,124.5,433.43,454.01,181.8
1213,40,123.7,425.44,433.72,183.13
1214,44,123.1,425.59,426.47,183.02
1215,42,123.1,424.77,426.05,181.01
1216,43,124.1,427.37,427.78,182.05
1217,47,124.6,429.15,427.76,183.84
1218,52,124.8,419.93,430.06,181.04
1219,54,126,405.07,431.17,179.3
1220,55,126.4,400.87,445.52,176.26
1221,57,128.1,402.5,448.48,176.06
1222,56,130.2,405.08,445.79,173.67
1223,54,127.5,399.11,437.05,172.4
1224,49,126.1,399.27,432.2,171.76
1225,48,124.8,406.82,431.67,171.75
1226,44,124.3,412.27,421.38,172.31
1227,45,122.5,406.8,416.54,172.32
1228,43,121.1,401.61,411.83,168.16
1229,45,121.6,392.26,415.21,168.16
1230,51,121.4,394.46,421.72,170.95
1231,54,121.5,396.03,423.41,171.36
1232,53,123.6,406.7,426.99,171.1
1233,50,124.9,407.75,426.07,174.37
1234,49,123.7,417.12,431.18,175.34
1235,45,123.9,415.58,443.92,176.85
1236,39,125.6,423.66,444.61,178.72
1237,37,125.7,416.97,440.56,182.6
1238,30,127.3,421.57,428.09,182.21
1239,39,127.9,425.48,427.15,182.92
1240,38,129.6,435.86,433.38,183.61
1241,44,131.4,432.55,450.52,184.01
1242,47,132.8,424.67,450.41,183.85
1243,49,130.2,409.74,451.37,184.88
1244,53,130.2,406.26,445.48,179.86
1245,51,130.1,405.6,449.5,178.42
1246,50,131.5,409.08,454.09,177.17
1247,56,130.2,413.24,440.3,175.08
1248,57,128.8,404.58,439.63,175.61
1249,52,130.1,403.96,432.84,174.59
1250,48,130.3,405.95,442.48,175.7
1251,46,129.6,407.85,439.83,176.52
1252,45,130.4,409.15,453.22,179.03
1253,45,130.4,412.42,447.09,183.01
1254,51,132,432.32,464.65,194.32
1255,53,135.3,452.49,467.64,204.01
1256,51,137.9,464.05,481.42,205.67
1257,47,136.5,466.51,475.54,206.81
1258,46,136.6,466.13,479.65,197.86
1259,41,134.3,464.63,486.61,203.97
1260,39,133.8,471.1,481.26,205.84
1261,36,132.8,463.53,466.83,206.51
1262,34,131.5,460.49,449.46,207.16
1263,36,130.5,457.4,444.88,207.59
1264,39,132.6,472.72,448.65,202.83
1265,46,133.7,462.86,462.76,200.58
1266,44,135,458.28,462.37,196.52
1267,43,134.1,435.89,462.9,193.9
1268,42,134.1,425.43,456.47,190.66
1269,42,134,419.8,460.13,187.55
1270,43,133.1,429.48,451.81,184.5
1271,41,131.1,437.44,447.34,184.14
1272,39,129.3,429,451.55,181.19
1273,37,127.9,418.18,451.87,181.53
1274,35,127,421.83,451.34,178.2
1275,36,127.4,423.07,439.98,178.29
1276,36,127.3,426.48,437.29,181.9
1277,37,127.8,437.48,438.94,185.11
1278,43,129.6,447.69,444.11,193.25
1279,48,132.5,453.56,452.71,201.43
1280,50,133.3,451.91,455.77,207.37
1281,47,133,450.54,460.41,207.74
1282,47,133.4,457.39,461.71,204.7
1283,44,131.1,461.93,457.15,205.92
1284,44,130.8,481.01,450.05,203.74
1285,46,129.3,478.11,438.78,201.61
1286,46,130.1,480.4,434.53,201.64
1287,46,127.5,463.79,440.85,198.95
1288,47,127.3,459.49,448.08,195.23
1289,52,127.7,448.56,454.66,192.34
1290,54,129.5,444,449.75,189.97
1291,56,129.4,436.54,444.98,191.4
1292,57,129,430.25,437.47,189.56
1293,57,127.7,423.56,437.34,185.21
1294,57,126.4,423.55,440.35,182.29
1295,53,125.6,421.21,449.34,179.19
1296,52,125.1,420.73,441.73,178.57
1297,52,123.7,418.06,436.98,177.89
1298,51,122.8,414.68,426.83,176.25
1299,53,122.6,414.33,427.33,176.85
1300,53,122.2,418.05,420.71,179.01
1301,56,123.4,433.39,420.93,182.52
1302,55,124,452.71,436.33,193.8
1303,58,124.8,463.05,445.84,202.3
1304,58,127.4,465.02,444.29,205.88
1305,55,127.2,469.25,431.2,204.39
1306,50,124.3,480.45,423.8,204.87
1307,49,123.4,491.27,422.71,203.36
1308,45,123.2,478.68,423.62,203.05
1309,47,122.1,469.12,419.68,202.16
1310,48,121.1,458.1,404.83,201.02
1311,50,122.3,457.76,403.65,200.74
1312,51,122.6,447.87,406.91,196.43
1313,56,123.4,447.74,424.66,190.01
1314,55,123.9,444.17,422.47,188.5
1315,58,124.6,444.62,427.65,188.54
1316,58,124.6,440.3,423.89,184.52
1317,59,124.1,437.3,430.03,183.23
1318,60,123.6,428.99,430.45,181.44
1319,65,122.8,412.66,429.26,175.74
1320,61,122.4,403.3,420.72,175.08
1321,61,121.3,402.17,416.14,168.25
1322,60,121.8,396.91,420.33,164.4
1323,60,125.9,389.47,420.78,165.05
1324,60,126.9,379.49,433.08,165.28
1325,65,126.1,384.99,436.36,169.08
1326,61,125.5,412.24,444.68,179.06
1327,64,127.4,440.32,431.39,187.04
1328,64,129.4,459.59,431.35,187.39
1329,62,129.2,446.86,428.54,186.4
1330,57,127.5,440.08,435.36,180.02
1331,54,125.1,433.49,421.49,186.61
1332,45,124.2,441.49,417.65,185.45
1333,47,123.4,434.82,410.22,184.71
1334,48,122.6,431.44,417.1,183.12
1335,46,122.7,419.84,418,184.25
1336,45,123.2,414.7,420.72,181.57
1337,51,123.2,418.02,435.75,179.8
1338,48,124.3,422.81,436.65,179.93
1339,49,125,425.22,435.83,178.43
1340,48,126.2,415.85,418.89,176.25
1341,45,126.9,413.73,419.7,174.12
1342,46,125.6,411.82,417.66,171.1
1343,45,126.1,405.87,428.43,169.85
1344,46,125.8,405.63,430.22,167.16
1345,44,125.3,405.74,439.61,170.19
1346,44,125.1,408.52,441.39,173.71
1347,46,125.2,410.05,438.48,173.31
1348,45,125.6,417.67,435.22,174.15
1349,50,127.2,425.89,437.65,178.86
1350,55,127.9,433.88,447.94,189.25
1351,56,128.9,436.41,454.33,196.99
1352,57,129.9,436.07,454.25,199.91
1353,52,129.5,435.11,453.37,198.07
1354,49,127.9,433.49,451.5,196.49
1355,43,126,447.73,446.86,196.28
1356,47,124.3,447.94,437.68,194.21
1357,40,123.5,446.4,431.89,193.93
1358,38,123.5,437.94,424.58,190.96
1359,38,123.7,434.5,430.87,185.16
1360,40,124.9,433.37,427.89,181.37
1361,48,125.3,429.21,430.75,183
1362,49,127.2,423.09,435.7,181.97
1363,51,130.5,425.39,440.39,175.74
1364,55,130.8,417.97,440.6,176.37
1365,60,129.9,414.31,442.76,171.88
1366,61,129.7,407.8,450.98,169.34
1367,58,129.9,409.41,455,169.64
1368,57,130.2,410.4,435.82,172.32
1369,56,129.5,403.01,434.1,171.42
1370,58,129.9,394.55,438.93,171.9
1371,60,130.3,389.59,456.41,169.61
1372,60,130.8,393.12,457.34,170.81
1373,61,130.9,403.02,454.42,172.98
1374,68,131,403.3,453.18,173.34
1375,71,131.5,405.36,447.06,178.13
1376,72,132.1,417.31,443.18,178.63
1377,71,130,428.02,438.45,179.65
1378,66,126.7,438.35,438.71,178.56
1379,64,123.7,426.16,436.42,179.19
1380,59,122.2,422.1,423.68,179.46
1381,58,121.7,411.94,408.86,180.25
1382,59,120.7,415.53,402.27,178.05
1383,62,120.5,420.65,402.55,179.83
1384,63,120.3,424.52,411.94,179.63
1385,70,122.1,420.9,418.22,182.07
1386,71,124.9,414.98,437.02,180.28
1387,72,128.8,402.81,441.72,176.39
1388,72,130.5,396.1,456.56,171.67
1389,69,131.6,387.51,459.09,165.93
1390,71,133.6,394.62,460.51,163.18
1391,68,132.7,391.42,463.49,161.84
1392,68,132.2,375.03,460.52,160.41
1393,65,132,370.32,465.16,159.61
1394,66,131.9,373.23,454.43,159.03
1395,63,131.4,386.83,455.71,159.69
1396,64,132.4,385.54,459.3,160.02
1397,64,134,385.26,458.92,160.95
1398,68,134.8,384.73,464.6,163.14
1399,74,138.9,388.28,468.72,164.84
1400,71,139.8,388.83,476,165.32
1401,65,135.6,395.53,469.49,165.89
1402,59,131.7,389.31,460.03,166.31
1403,62,128,388.9,443.7,167.6
1404,67,125.5,386.75,429.54,168.46
1405,66,123.8,389.4,415.94,166.02
1406,58,124.1,389.93,418.98,163.79
1407,56,123.8,394.11,419.42,166.75
1408,60,124,402.08,425.6,168.24
1409,68,125.3,405.64,435.35,167.76
1410,69,128.3,405.71,445.69,169.12
1411,70,130.5,401.38,452.95,168.35
1412,71,130.8,398.28,446.77,166.95
1413,69,132.1,389.15,449.26,165.85
1414,70,131.3,383.27,448.41,163.01
1415,67,131,374.46,451.56,161.69
1416,66,131.4,377.97,454.07,159.61
1417,65,129.9,382.86,456.37,158.79
1418,63,129.8,387.46,451.41,158.44
1419,62,128.9,381.36,444.29,158.16
1420,62,128.8,381.97,449.35,159.98
1421,63,130,390.38,453.04,167.36
1422,67,131.3,406.81,462.98,178.78
1423,70,135.3,415.98,464.14,185.7
1424,72,135.1,420.05,466.91,187.16
1425,66,132.1,424.63,455.4,187.31
1426,60,128.8,430.78,443.04,187.36
1427,54,127,438.08,434.27,188.74
1428,49,125.4,438.06,433.08,188.82
1429,50,124,438.11,434.37,188.45
1430,44,123.3,442.29,426.52,187.5
1431,47,123.9,436.36,431.2,186.96
1432,51,123.8,430.34,426.99,184.61
1433,60,125.3,419.63,447.44,182.35
1434,62,127.6,423.01,442.58,180.06
1435,59,129.1,426.66,440.85,181.14
1436,58,129.2,419.06,426.58,178.3
1437,59,128.9,410.25,428.55,175.71
1438,64,129.3,400.14,438.12,171.68
1439,58,129.3,394.79,443.98,168.33
1440,60,128.7,392.08,443.38,164.05
1441,57,128.2,380.52,445.02,162.22
1442,56,128.2,374.6,445.47,160.91
1443,56,129.1,369.85,450.05,158.44
1444,57,130.2,378.6,463.31,158.52
1445,56,131.9,392.55,467.3,162.12
1446,62,132.7,409.94,470.61,170.24
1447,67,135.4,407.72,463.76,179.99
1448,67,136.7,412.68,467.09,181.73
1449,60,133.1,412.02,462.31,181.84
1450,55,129.2,416.06,452.59,180.84
1451,47,126.4,420.21,444.96,179.71
1452,43,123.5,420.9,440.91,178.64
1453,46,121.5,426.97,429.68,177.13
1454,44,120.2,429.05,416.49,176.44
1455,39,119.5,430.36,411.12,177.52
1456,46,119.9,426.88,410.24,173.7
1457,53,120.8,420.4,427.25,172.12
1458,54,123.2,409.38,435.15,170.58
1459,54,126.4,404.27,458.44,169.33
1460,50,128.5,392.69,462.06,166.74
1461,52,129.1,393.54,457.98,163.71
1462,52,128.7,389.9,443.45,163.13
1463,55,128.2,383.5,427.32,160.82
1464,56,128.2,379.84,421.15,158.14
1465,54,127.4,377.07,422.43,156.26
1466,56,126.9,380.09,423.95,156.92
1467,57,126.7,371.1,439.62,157.61
1468,57,126.6,373.52,445.95,158.97
1469,59,128.4,384.24,452.76,163.86
1470,61,129.2,409.28,451.06,173.7
1471,63,131,427.97,457.24,180.15
1472,62,132.9,437.74,465.56,183.45
1473,54,129.2,423.33,455.81,182.91
1474,49,127,417.84,438.14,181.74
1475,46,124.5,411.94,423.11,181.51
1476,39,123.9,425.17,426.28,180.88
1477,36,124.6,423.07,426.16,178.97
1478,35,125.2,420.82,430.85,178.39
1479,34,125,408.48,439.18,177.97
1480,35,125.9,404.34,436.72,174.5
1481,42,126.1,391.27,439.77,174.54
1482,44,126,388.97,427.79,175.32
1483,47,128.2,392.12,433.71,174.03
1484,46,129.4,403.83,433.04,172.63
1485,44,130,403.36,437.99,171.62
1486,45,130,393.22,444.89,167.76
1487,46,130,391.54,446.68,164.63
1488,49,129.5,396.31,452.16,163.72
1489,49,130.5,397.87,448.97,163.92
1490,48,130.2,399.64,448.16,164.64
1491,49,130,393.75,444.72,164.12
1492,52,129.8,403.33,446.13,165.46
1493,50,131.1,405.63,452.8,169.84
1494,51,133.4,425.41,452.69,179.45
1495,50,134.6,422.36,459.88,185.65
1496,48,135.8,428.73,454.86,186.28
1497,47,134.7,420.96,457.07,185.45
1498,44,132.2,432.83,444.75,185.02
1499,43,129.4,435.58,439.7,186.42
1500,41,128,441.23,437.13,186.81
1501,41,127.4,446.97,440.73,187.18
1502,39,127.4,443.57,437.52,188.94
1503,29,128.2,444.48,439.1,189.38
1504,48,128,433.76,443.68,185.99
1505,46,128.3,432.8,454.91,185.1
1506,50,130.3,426.38,457.38,185.46
1507,50,131.7,418.89,447.27,181.79
1508,54,132.3,415.58,440.53,180.57
1509,53,130.7,412.18,440.92,180.95
1510,56,130.7,413.66,453.21,177.04
1511,54,130.7,410.29,454.77,175.28
1512,56,130.8,402.95,464.63,172.23
1513,49,129.8,398.62,461.6,170.2
1514,45,130.6,394.4,458.85,168.75
1515,45,131.1,397.11,454.1,166.1
1516,44,131.1,400.17,448.37,167.58
1517,43,131.9,414.31,457.23,173.21
1518,51,132.6,425.67,451.62,183.02
1519,53,133.4,439.8,451.79,192.03
1520,51,132.8,443.17,451.84,192.39
1521,48,130.4,446.98,446.53,193.52
1522,45,127.9,436.44,456.01,195.02
1523,43,125.8,426.45,441.13,193.29
1524,36,124.8,417.84,431.07,189.86
1525,34,123.8,423.04,414.91,181.77
1526,31,123,426,429.65,181.72
1527,32,123,424.69,440.19,179.64
1528,31,124,421.02,446.28,175.46
1529,38,124.2,413.89,445.71,176.5
1530,41,125.8,407.66,445.69,174.44
1531,42,128.9,396.86,460.93,170.08
1532,43,129.1,389.04,458.5,166.19
1533,43,129.3,386.22,462.53,165.72
1534,43,129.2,383.17,454.58,162.42
1535,43,129,387.41,446.83,160.41
1536,31,129.3,381.03,440.62,160.42
1537,39,128.6,383.75,434.01,159.71
1538,35,128.1,376.76,442.19,159
1539,35,127.8,375.66,438.47,157.71
1540,33,127.1,372.05,437.9,159.49
1541,36,127.1,379.55,433.36,160.78
1542,44,128.7,388.2,436.87,163.63
1543,45,129.8,386.49,436.44,167.99
1544,42,128.7,392.95,437.1,169.7
1545,42,126.5,398.63,431.08,169.73
1546,33,125.9,404.27,436.74,167.9
1547,32,123.3,393.57,430.42,169.11
1548,31,121.2,389.64,432.24,168.55
1549,32,120.4,396.09,418.95,168.87
1550,36,119.8,405.57,410.57,167.83
1551,36,119.4,401.48,405.77,167.82
1552,36,119.7,400.96,407.84,167.8
1553,27,120.3,394.03,418.46,167.94
1554,43,122.5,402.97,427.77,167.2
1555,40,125,406.78,428.93,167.35
1556,40,126.1,400.14,435.9,166.24
1557,41,129.4,394.77,446.17,162.8
1558,38,132.8,381.76,447.25,160.41
1559,39,130.1,390.2,444.28,158.96
1560,33,128,388.64,428.63,160.36
1561,32,126.5,390.89,424.02,159.69
1562,31,126.5,380.58,420.72,159.81
1563,31,127.5,379.34,441.48,160.57
1564,30,128,383.42,455.74,161
1565,32,128.9,388.83,467.3,161.8
1566,40,130,385.46,464.79,164.28
1567,42,132.5,382.62,466.55,164.46
1568,39,132.9,387.13,462.94,164.99
1569,35,128.8,396.82,449.13,164.59
1570,32,127,403.77,444.43,164.85
1571,31,124.4,397.59,438.91,164.96
1572,27,122.8,394.88,441.12,163.89
1573,25,123.8,390.17,439.85,164.4
1574,25,123.5,395.57,436.45,165.16
1575,27,123.7,391.43,441.17,162.94
1576,33,124.3,390.46,435.83,163.69
1577,39,124.3,385.58,453.37,165.2
1578,36,126.6,389.84,455.2,165.3
1579,40,130.3,379.67,461.73,163.3
1580,40,131,381.34,445.68,162.34
1581,35,130.6,377.28,439.97,164.55
1582,34,130.7,380.44,436.33,163.68
1583,33,130,378.31,440.75,160.13
1584,31,130.1,372.83,437.8,160.93
1585,30,129.8,382.02,447.09,160.4
1586,31,129.2,385.88,446.95,160.8
1587,30,129,387.59,451.91,161.77
1588,32,128.6,389.5,442.04,163.65
1589,33,130,404.53,441.19,169.45
1590,38,131.7,422.59,438.05,180.17
1591,41,133.5,432.01,453.78,188.13
1592,34,133.1,436.23,446.61,191.52
1593,41,128,439.7,439.58,191.55
1594,38,125.2,443.79,430.71,182.37
1595,36,123.2,443.86,431.88,187.61
1596,35,122,446.09,432.27,190.29
1597,33,119.9,446.79,419.73,190.07
1598,34,119.2,452.7,418.44,189.55
1599,33,118.7,443.08,419.39,189.47
1600,35,120.7,439.07,415.6,184.9
1601,33,122.7,417.26,427.19,182.69
1602,34,124.4,416.53,436.74,181.94
1603,33,127.9,408.36,457.09,179.25
1604,35,130.5,410.65,451.11,177.87
1605,31,132.4,406.64,448.18,175.73
1606,32,129.9,402,442.18,172.49
1607,28,128.1,395.55,439.54,170.14
1608,27,128.4,394.31,431.08,167.72
1609,24,128.6,396.34,431.72,165.65
1610,24,129.4,408.52,440.84,165.91
1611,23,129.2,410.09,451.53,167.48
1612,23,129.3,406.51,454.64,169.23
1613,23,130.8,407.14,455.66,171.31
1614,31,132.3,415.48,463.26,181.74
1615,34,134,426.97,464.6,189.98
1616,34,134.1,424.74,466.87,190.52
1617,33,130.7,426.15,452.36,191.67
1618,32,126.7,423.51,447.81,192.57
1619,32,124.3,430.55,428.82,192.17
1620,31,123.5,437.08,425.81,191.87
1621,31,123.1,449.61,422.96,192.11
1622,30,123.1,451.78,423.68,192.57
1623,31,124.1,455.23,427.41,191.92
1624,33,124.2,446.34,434.06,187.58
1625,32,124.4,442.95,452.7,185.29
1626,33,127,425.1,455.5,183.97
1627,31,128.9,416.65,446.71,181.87
1628,31,128,408.34,436.65,180.32
1629,30,127.8,405.34,444.01,177.21
1630,31,127.2,409.95,439.44,172.02
1631,27,125.3,398.09,432.09,169.94
1632,25,124.3,401.41,426.23,166.96
1633,25,124,396.01,422.4,166.46
1634,27,124.2,404.88,423.34,165.43
1635,28,124.4,400.69,420.4,165.94
1636,29,124.3,405.44,428.06,169.76
1637,30,124.6,418.38,428.13,175.36
1638,33,126.3,436.92,435.85,185.76
1639,37,127.6,447.92,443.01,195.35
1640,41,128.9,453.23,449.44,197.63
1641,42,129.6,446.46,453.16,196.62
1642,42,127.9,440.98,453.33,194.74
1643,42,126.9,440.57,447.61,196.52
1644,41,125.6,454.68,442.87,194.98
1645,42,123.9,464.68,431.39,193.29
1646,41,122.9,455.5,434.09,193.67
1647,41,123.4,444.81,426.03,192.44
1648,40,124.9,436.6,434.36,189.17
1649,40,126,443.9,441.68,187.87
1650,41,127.7,433.02,447.55,186.76
1651,39,130,424.07,451.07,184.94
1652,40,132.4,414.9,450.22,181.49
1653,39,132.1,416.64,459.86,179.29
1654,39,132.6,415.77,454.89,176.38
1655,40,132.4,418.68,456.28,174.36
1656,41,131.4,418.42,451.46,170.98
1657,37,132.3,422.11,456.72,169.73
1658,33,132.5,410.48,462.1,167.63
1659,32,132.2,404.93,455.03,167.07
1660,32,132.7,393.65,458.65,168.88
1661,29,133.2,402.44,451.75,173.46
1662,31,135.7,419.04,463.32,184.25
1663,24,137.7,437.87,458.46,192.39
1664,38,137.5,441.26,460.03,192.78
1665,32,133.6,443.31,448.51,194.4
1666,34,129.5,443.78,453.39,193.35
1667,28,126.4,443.33,445.18,192.54
1668,27,123.7,442.52,441.87,191.73
1669,28,122.3,438.2,421.36,192.53
1670,30,121.5,433.62,421.26,193.38
1671,31,121.4,426.82,424.96,192.54
1672,33,120.8,422.65,433.77,187.35
1673,36,121.7,431.55,432.93,186.57
1674,37,123.7,425.35,430.56,185.08
1675,35,126.9,430.09,435.77,181.64
1676,36,129.6,421.61,440.61,180.32
1677,34,130.5,422.39,457.59,177.25
1678,34,130.3,407.51,454.39,174.43
1679,34,129.1,397.87,455.06,168.76
1680,34,128.9,394.07,438.98,164.32
1681,34,128.4,405.02,442.04,164.78
1682,31,129,402.87,448.14,164.93
1683,26,128.7,408.03,453.52,165.68
1684,24,130.5,402.39,452.75,166.56
1685,24,130.2,416.17,444.59,170.67
1686,32,131.4,416.27,453.18,179.09
1687,33,131.8,423.32,454.46,186.63
1688,34,131.2,419.72,454.32,188.93
1689,33,127.6,427.74,428.82,190.49
1690,33,124.7,430.88,422.13,181.7
1691,33,121.7,442.23,413.71,187.62
1692,29,120.5,440.8,410.94,189.46
1693,29,119.8,437.22,408.9,189.24
1694,27,118.7,430.68,406.04,185.28
1695,26,118.4,430.97,420.06,182.62
1696,21,118.6,430.91,423.4,177.33
1697,20,120.1,424.16,432.41,175.81
1698,26,122.4,417.25,437.92,174.92
1699,28,125.4,407.98,448.59,172.89
1700,30,128.9,404.19,450.68,170.96
1701,30,129.1,390.17,443.61,167.86
1702,31,128.8,394.68,426.39,165.77
1703,25,128.5,387.76,430.1,164.22
1704,24,128.7,399.67,430.08,162.22
1705,22,128.5,385.43,442,162.42
1706,22,129,389.86,438.7,159.81
1707,21,129.5,377.9,441.32,159.24
1708,21,130.1,379.86,439.36,158.89
1709,22,131.1,378.79,437.62,160.32
1710,30,130.9,385.63,441.51,162.86
1711,34,130.8,398.87,440.57,165.98
1712,35,131.1,407.43,442.11,170.1
1713,34,127.1,414.02,435.42,171.92
1714,32,124,418.44,427.88,174.22
1715,33,122.3,413.17,427.4,173.59
1716,31,122.5,415.88,422.43,172.49
1717,31,120.6,416.57,426.68,171
1718,32,119.4,421.22,419.35,171.16
1719,35,119,414.91,418.21,171.67
1720,35,118.5,403.49,410.25,171.62
1721,36,119.4,389.27,421.31,168.49
1722,38,122.2,384.01,428.84,167.02
1723,38,125.4,379.34,445.4,166.2
1724,33,129.3,380.21,453.35,164.21
1725,37,130.6,374.65,456.62,161.46
1726,37,131.6,372.39,457.22,160.33
1727,37,130.7,375.55,453.12,158.53
1728,34,130.9,374.1,458.39,157.82
1729,32,131.4,373.25,453.12,158.18
1730,33,130.1,374.21,447.56,158.19
1731,32,129.8,384.14,442.61,157.84
1732,32,131.1,394.64,443.98,158.57
1733,36,132.1,397.07,445.4,158.85
1734,43,133,393.16,453.43,160.93
1735,46,134.6,395.78,453.87,161.5
1736,47,133.4,398.67,454.95,164.49
1737,46,128.9,396.35,442.29,165.58
1738,44,124.5,391.9,438.59,168.97
1739,44,123.2,392.23,428.29,168.1
1740,36,122.5,387.71,424.7,165.77
1741,34,121.4,387.14,417.07,164.78
1742,30,121,385.13,419.47,164.5
1743,30,120.6,395.63,418.22,165.44
1744,38,122.1,395.18,424.35,165.62
1745,44,124,396.91,425.9,166.58
1746,46,125,401.89,437.46,167.64
1747,47,127.9,396.69,438.01,166.64
1748,49,128.1,398.09,438.77,164.97
1749,49,129.1,385.23,432.05,163.31
1750,52,129.2,386.37,429.93,161.01
1751,49,128.8,383.14,431.46,160.67
1752,51,128.7,389.46,443.18,160.01
1753,48,129.1,388.49,445.5,159.71
1754,48,128.5,383.98,438.93,159.92
1755,49,129.7,382.08,434.95,159.73
1756,48,130,386.08,435.01,160.73
1757,51,130.5,394.13,450.96,166.31
1758,56,131.9,399.12,454.05,174.7
1759,59,134.3,412.88,461.21,181.98
1760,55,134,421.39,462.75,184.52
1761,45,132.3,432.34,458,185.06
1762,44,128.2,429.68,447.98,184.14
1763,40,126,432.09,428.05,183.2
1764,41,123.4,434.62,411.79,183.02
1765,37,122.6,430.17,421.13,182.49
1766,39,122.3,427.4,421.33,182.56
1767,38,122.4,423.35,433.95,181.92
1768,45,122.5,426.78,422.97,177.76
1769,49,124.1,417.61,430.07,176.07
1770,52,124.4,409.55,428.26,175.8
1771,55,124.8,403.88,430.77,174.84
1772,55,125.2,407.17,435.75,173.24
1773,56,126.2,408.02,441.09,170.85
1774,56,126.4,405.64,440.66,168.16
1775,59,125.8,400.07,429.31,166.48
1776,60,124.6,393.07,418.56,163.1
1777,63,124.4,391.51,410.88,163.53
1778,62,125.4,393.1,417.14,164.8
1779,63,125.8,391.41,423.41,165.92
1780,64,125.5,397.41,429.81,166.87
1781,63,126.8,407.54,427.58,172.46
1782,64,127.8,420.78,434.45,180.56
1783,68,130.1,427.27,442.18,189.84
1784,59,132.6,420.59,450.3,190.1
1785,50,131.8,433.4,445.72,190.61
1786,41,130,445.58,448.46,188.43
1787,43,128.7,457.41,442.45,187.29
1788,42,127.8,447.1,439.21,187.21
1789,36,127.5,437.93,424.84,186.84
1790,35,127.1,426.59,426.72,186.12
1791,37,127.4,418.89,431.44,183.66
1792,39,129.4,415.05,443.42,179.78
1793,43,131.1,414.98,460.56,177.69
1794,50,129.3,424.38,460.86,178.54
1795,51,128.9,417.39,459.11,180.13
1796,53,129,417.12,446.1,176.62
1797,53,128.4,406.16,453.5,173.52
1798,56,127.8,398.31,453.56,170.09
1799,56,127.3,390.5,440.38,166.32
1800,51,127.1,390.28,431.99,163.29
1801,53,126.7,399.86,425.54,161.22
1802,50,125.8,404.66,425.45,162.4
1803,52,125.7,404.53,430.02,163.13
1804,51,125.9,407.28,440.85,167.45
1805,52,126.3,414.59,447.36,173.92
1806,55,127.7,418.25,442.14,180.57
1807,54,129.7,426.5,441.67,183
1808,53,131.5,426.92,444.93,191.31
1809,46,131,426.93,444.81,189.95
1810,42,128.6,423.16,440.47,189.02
1811,37,128,421.76,438.47,189.48
1812,33,127.1,430.63,429.72,188.75
1813,36,125.6,431.48,428.31,186.72
1814,32,123.6,439.79,431.87,185.2
1815,32,124.1,439.23,436.92,185.66
1816,29,125.1,428.72,435.26,184.02
1817,37,125.3,417.17,441.69,181.03
1818,39,126.5,414.43,444.48,179.18
1819,40,126.7,419.27,452.53,178.34
1820,39,125.2,418.59,435.69,175.26
1821,42,123.7,410.03,435.5,171.62
1822,42,123,399.95,425,167.14
1823,43,123,393.88,424.3,167.28
1824,44,122.3,391.63,427.7,164.83
1825,45,120.8,389.92,436.15,162.77
1826,43,120.9,391.58,438.45,161.46
1827,46,120.7,394.03,430.86,161.65
1828,46,120.7,399.69,420.35,163.43
1829,48,122.3,412.3,422.38,168.52
1830,48,123.2,424.92,422.38,177.71
1831,48,125.4,436.4,422.92,185.12
1832,48,126.7,442.79,433.85,184.66
1833,43,125.3,440.26,431.43,188.68
1834,38,121.1,444.28,433.31,188.68
1835,33,120.1,441.37,416.72,186.78
1836,30,120.3,437.72,416.03,182.39
1837,25,119.5,439.21,404.19,182.82
1838,18,117.9,442.02,401.22,184.26
1839,23,117.2,445.02,392.35,186.71
1840,14,116.2,430.54,402.64,181.95
1841,18,116.6,428.83,405.23,180.68
1842,25,117.7,429.32,408.76,180.8
1843,32,119.3,431,399.03,179.43
1844,33,120.2,419.28,399.43,177.19
1845,33,120,410.11,404.08,173.91
1846,34,120.7,398.21,417.37,171.65
1847,32,120.6,391.12,421.85,171.2
1848,30,121.5,385.43,423.07,168.51
1849,28,121.6,393.7,421.92,168.06
1850,27,122.1,395.01,422.16,168.65
1851,23,122.5,393.2,435.69,166.84
1852,29,122.9,395.38,433.33,172.64
1853,30,123.5,408.56,438.57,175.8
1854,30,124.1,428.68,435.66,184.47
1855,42,124.6,433.95,434.68,187.86
1856,35,123,439.04,428.76,188.9
1857,33,119.9,442.46,413.53,189.77
1858,21,118,452.3,415.62,190.53
1859,20,118.5,449.35,413.63,188.88
1860,22,118.5,442.79,414.6,186.93
1861,28,117.7,441.08,403.81,186.32
1862,26,117.1,437.32,409,185.87
1863,24,116.7,438.51,410.74,182.95
1864,23,116.5,434.64,408.36,179.01
1865,24,116.3,437.19,405.72,176.1
1866,34,117.5,423.07,401.26,175.23
1867,36,120.5,411.79,418.46,173.18
1868,36,123.2,400.3,421.96,170.94
1869,37,124.4,397.32,432.52,168.3
1870,35,124.2,396.04,427.2,164.42
1871,39,124.7,397.96,427.4,159.31
1872,39,125.8,400.47,432.54,158.94
1873,34,125.9,390.82,441.48,159.46
1874,31,125.5,377.67,447.06,157.82
1875,30,126.4,374.09,437.74,156.37
1876,32,126.8,374.12,434.49,157.06
1877,33,127.5,374.88,434.76,158.83
1878,33,129.1,375.62,443.06,159.96
1879,45,129.4,389.25,435.43,163.73
1880,40,126.7,401.4,420.93,164.48
1881,37,122,404.16,416.4,165.94
1882,36,118.8,398.17,413.53,167.07
1883,33,119.2,400.9,415.19,167.31
1884,28,118.8,394.06,406.64,167.69
1885,22,117.5,399.24,404.97,167.12
1886,21,116.9,398.32,401.58,166.34
1887,18,117.1,408.28,405.49,166.16
1888,26,117.5,407.78,408.02,165.89
1889,26,118.4,402.34,416.06,166.46
1890,34,120.5,395.22,419.7,165.49
1891,39,123.5,390.29,421.02,163.33
1892,30,124.7,387.9,428.19,162.81
1893,43,127.8,395.37,432.58,159.93
1894,42,130.6,387.2,441.82,158.56
1895,42,130.8,385.16,443.62,159.13
1896,42,129.3,378.54,443.69,157.64
1897,40,129.5,376.46,445.08,158.97
1898,39,130.9,376.03,449.38,159.23
1899,38,130.4,371.53,448.94,158.08
1900,35,131.3,381.86,454.32,159.4
1901,37,132.2,387.55,456.04,161.15
1902,43,132.8,389.25,470.77,161.32
1903,41,133.9,390.68,480.86,162.18
1904,37,134.6,389.52,470.27,162.9
1905,27,129.9,386.96,449.96,164.7
1906,28,125.8,385.57,434.47,166.44
1907,18,123.2,387.37,432.62,166.75
1908,15,121.9,400.36,426.33,166.94
1909,14,119.5,405.58,415,166.36
1910,14,117.2,406.85,417.31,166.87
1911,11,117.3,402.22,419.21,166.59
1912,9,117.7,398.82,422.49,166.23
1913,14,118.4,396.2,427.57,167.78
1914,14,120.6,410.27,444.31,167.48
1915,22,123.5,407.18,448.56,166.32
1916,27,124.6,404.79,448.46,164.82
1917,30,126.7,390.54,440.94,162.84
1918,24,129.6,383.08,446.53,160.51
1919,24,130.7,378.71,443.36,157.7
1920,23,130.7,368.86,440.24,157.45
1921,23,131.3,378.74,432.42,157.46
1922,24,130.1,378.1,436.53,157.21
1923,24,130.8,382.92,447.59,156.97
1924,25,131.8,379.81,451.64,158.53
1925,26,131.7,386.36,458.05,163.79
1926,32,132.2,400.74,454.29,172.02
1927,32,133.2,410.08,461.94,181.04
1928,31,133.7,418.75,448.1,183.33
1929,27,128,414.26,440.91,183.01
1930,26,123.8,415.52,432.72,172.04
1931,16,121,425.24,426.12,180.21
1932,14,117.7,426.73,418.91,180.27
1933,15,115.2,426.58,406.26,180.9
1934,14,113.9,419.43,393.45,180.63
1935,11,113.3,423.13,393.17,180.29
1936,10,113.3,422.23,387.71,175.84
1937,12,114.6,415.45,400.76,173.53
1938,12,115.7,409.43,399.85,172.84
1939,8,117.6,406.64,411.77,171.75
1940,16,120.2,403.67,409.86,169.98
1941,22,120.5,406.81,415.3,167.42
1942,19,121.9,398.77,423.69,164.37
1943,19,122.8,392.48,423.83,162.43
1944,18,123.6,389.39,426.24,161.67
1945,18,123.3,387.19,417.51,159.75
1946,18,125.4,386.38,429.71,158.5
1947,20,127,381.57,431.12,160.03
1948,23,127.3,394.78,438.17,164.42
1949,28,127,413.18,429.86,168.38
1950,33,127.3,429.73,441.73,183.01
1951,30,128.3,434.2,441.18,187.63
1952,24,127.1,432.52,441.57,188.67
1953,24,122.6,426.81,426.81,187.96
1954,17,119.6,425.34,414.56,187.83
1955,16,118.3,438.18,404.97,187.15
1956,14,116.8,444.47,398.26,187.79
1957,15,116,449.8,388.52,187.75
1958,14,113.9,439.46,381.11,187.09
1959,14,113.6,436.38,374.46,186.57
1960,14,113.4,423.98,378.28,181.68
1961,13,115.1,423.72,390.78,179.25
1962,17,115,416,400.76,177.09
1963,22,117.3,422.42,413.62,173.7
1964,20,119.6,408.26,424.38,171.88
1965,26,121.6,406.59,427.14,171.71
1966,28,121.7,401.34,426.84,169.14
1967,25,121.4,405.85,419.34,166.22
1968,23,121.5,403.19,421.91,165.39
1969,24,122.5,399.84,423.71,165.89
1970,23,122,400.02,429.26,165.64
1971,23,123,404.57,433.34,166.24
1972,24,124.1,410.89,436.09,169.15
1973,24,124.2,418.51,437.62,173.13
1974,26,122.2,424.86,435.19,182.2
1975,26,123.3,420.38,431.61,186.77
1976,29,125.4,418.15,421.74,184.88
1977,23,120.7,418.81,411.81,183.81
1978,25,116.8,427.39,402.45,182.9
1979,24,115.6,423.67,394.79,181.75
1980,21,114.6,419.95,386.54,182.04
1981,25,113.3,425.77,385.01,181.65
1982,12,112.1,421.07,385.77,182.21
1983,15,111.7,425.74,381.4,181.54
1984,14,111.2,418.84,376.15,178.12
1985,14,110.5,422.45,387.68,176.11
1986,23,111.4,423.57,399.94,176.04
1987,20,113.7,423.41,409.86,176.01
1988,22,115.5,432.99,399.6,174.25
1989,17,116.2,421.31,402.02,172.68
1990,16,117.1,413.33,401.77,170.34
1991,14,116.9,398.29,402.11,168.68
1992,15,116.9,400.31,400.06,166.62
1993,15,118,394.48,400.51,164.88
1994,14,119,396.19,400.54,163.7
1995,15,119.6,398.36,398.45,164.7
1996,14,119.1,409.55,399.79,166.53
1997,17,119,419.81,402.85,171.7
1998,15,119.9,424.53,411.54,179.33
1999,20,121.4,426.99,406.8,184.57
2000,25,120.4,424.94,409.63,181.54
2001,20,116.7,424.51,408.27,179.13
2002,14,113.8,419.33,413.65,178.88
2003,15,112.6,415.41,409.75,176.96
2004,13,112.3,410.73,401.81,175.88
2005,12,112,414.25,393.41,175.13
2006,13,110.9,418.76,387.2,174.96
2007,15,110.3,413.4,379.65,173.32
2008,13,110.3,417.61,381.31,171.22
2009,14,110.6,416.65,390.87,171.67
2010,13,111.5,423.51,395.33,171.74
2011,14,112.5,412.98,398.18,169.88
2012,14,113.5,405.07,389.4,168.46
2013,15,113.2,393.52,390.13,165.11
2014,29,113.6,387.71,391.4,162.46
2015,29,113.5,380.77,396.62,160.33
2016,27,113.7,387.5,398.53,160.57
2017,23,113.7,392.93,394.68,158.71
2018,23,113.9,393.13,394.8,157.39
2019,25,114.7,394.79,389.32,158.61
2020,28,114.6,396.34,388.8,160.79
2021,36,115.1,407.58,384.19,164.39
2022,38,116,416.1,395.49,171.91
2023,38,116.5,420.42,404.08,178.01
2024,37,116.6,419.57,411.01,178.45
2025,34,116.4,411.75,407.15,177.83
2026,32,117.3,407.72,403.27,170.53
2027,32,117,415.97,397.69,176.36
2028,23,116.2,404.83,405.47,175.56
2029,21,115.7,413.56,403.08,173.29
2030,17,115.2,405.67,405.35,172.41
2031,15,114.8,417.33,388.24,171.64
2032,18,114.8,411.42,383.42,169.77
2033,21,115.1,413.31,389.9,167
2034,27,116.2,405.79,400.48,166.32
2035,32,118.4,399.5,411.78,165.96
2036,37,120.5,387.68,411.77,162.35
2037,39,120.6,387.48,419.66,162.23
2038,35,121.4,384.33,411.8,160.64
2039,40,120.8,384.16,406.67,159.14
2040,37,120.4,379.05,403.27,157.38
2041,37,120.7,383.55,410.31,156.59
2042,39,122.4,383.84,417.12,156.39
2043,38,123.5,389.18,419.81,156.17
2044,41,122.3,372.49,418.81,155.7
2045,46,121.9,376.59,419.16,156.44
2046,48,122,372.2,422.52,157.39
2047,46,122,380.98,425.4,158.43
2048,41,121.9,376.45,427.26,161.07
2049,35,122.3,385.55,410.94,164.9
2050,36,120,393.53,407.15,165.72
2051,28,118.2,404.03,401.62,166.49
2052,24,116.8,403.05,402.12,166.17
2053,18,115.3,404.32,392.7,165.32
2054,17,113.9,395.77,384.88,163.71
2055,15,113.2,405.98,386.79,161.67
2056,15,113.7,410.16,389.39,163.97
2057,21,114.2,414.25,405.6,162.75
2058,31,115,402.34,410.66,160.2
2059,33,116.8,398.37,412.95,159.12
2060,35,117.4,390.87,397.12,156.37
2061,31,117.8,378.95,398.86,155.84
2062,44,117.8,361.74,398.54,153.72
2063,39,117.1,365.77,412.12,154.14
2064,38,116.8,372.57,411.17,151.36
2065,39,116.8,377.08,417.62,151.13
2066,40,117.5,367.61,410.97,151.24
2067,41,117.8,366.33,414.3,152.11
2068,42,117.3,371.58,402.99,152.21
2069,47,118.2,379.33,399.65,154.1
2070,51,120.3,388.59,405.75,154.71
2071,46,121,386.2,423.36,158.37
2072,39,119.6,393,421.14,159.95
2073,33,118.2,387.05,402.66,160.86
2074,28,116.8,388.71,395.28,161.54
2075,28,114.8,390.66,397.76,160.67
2076,25,114.1,398.37,401.35,161.95
2077,11,112.8,403.35,394.35,160.83
2078,12,112.2,405.93,384.27,162.38
2079,15,113.2,398.16,384.01,160.6
2080,14,114.5,398.07,386.72,159.81
2081,14,115.5,387.45,399.47,161.12
2082,29,115.4,384.33,395.04,161.81
2083,31,116.2,390.17,400.67,161.86
2084,33,117.7,398.03,404.56,159.74
2085,36,118.8,401.23,411.6,158.54
2086,36,118.7,388.42,410.22,157.97
2087,37,119.4,380.97,407.79,157.82
2088,36,121.8,373.56,412.44,155.85
2089,37,121.9,371.76,418.4,156.38
2090,38,122.3,374.13,425.12,156.41
2091,39,124.1,382.57,434.7,157.91
2092,41,124.7,398.79,441.17,161.66
2093,45,126.1,406.79,444.72,171.22
2094,48,130.3,413.75,462.34,180.7
2095,45,131.4,410.7,465.91,184.11
2096,39,127.6,416.04,458.38,185.51
2097,30,125.4,415.59,435.08,180.62
2098,31,123.4,422.98,417.9,185.51
2099,21,122.8,418.17,417.73,184.21
2100,16,122.6,421.96,424.39,184.92
2101,22,123.8,424.34,442.93,182.99
2102,17,124.5,426.7,443.49,180.81
2103,15,124,415.53,440.91,176.06
2104,11,126.8,407.12,434.79,170.52
2105,11,127.4,395,453.46,168.84
2106,28,127.3,397.93,447.5,168.82
2107,34,126.5,391.57,455.83,167.45
2108,29,126.8,387.62,439.31,164.78
2109,31,126.6,379.08,438.67,162.06
2110,29,126.5,370.85,425.51,159.96
2111,31,126.4,375.24,424.73,157.6
2112,30,127.8,365.69,433.88,156.89
2113,30,128.5,368.88,429.57,157.24
2114,30,127.8,365.2,433.5,159.47
2115,31,127.5,379.57,434.26,160.54
2116,34,128.1,389.69,449.71,164.09
2117,35,129.3,395.54,458.29,171.67
2118,35,133.3,397.12,472.72,178.45
2119,31,136.2,398.68,466.45,180.18
2120,30,132.4,402.12,461.62,179.34
2121,24,130.3,415.78,434.8,178.12
2122,23,128.9,420.85,435,177.44
2123,22,127.6,428.5,431.01,180.28
2124,13,126.8,428.13,438.83,181.37
2125,19,125.2,420.17,425.47,180.72
2126,18,124,413.46,419.16,181.07
2127,31,124,394.91,415.3,175.31
2128,12,124.5,388.15,421.32,169.24
2129,14,125.1,390.4,432.74,168.07
2130,24,124.9,411.35,437.53,170.43
2131,23,128.8,423.51,445.91,169.34
2132,23,130.6,413.62,442.27,166.56
2133,27,131.5,385.62,450.82,163.73
2134,28,131.2,370.12,456.24,160.53
2135,28,131.2,368.56,457.08,158.13
2136,29,131.5,376.36,465.94,158.3
2137,29,131.9,373.67,458.29,156
2138,29,132,375.01,465.06,156.15
2139,29,132,382.3,448.34,158.05
2140,30,131.9,392.41,456.89,162.79
2141,32,133.1,404.16,459.93,170.32
2142,32,135.9,403.58,466.74,178.06
2143,32,136.6,412.92,461.32,179.61
2144,32,131.8,414.37,458.25,180.09
2145,22,128.3,423.04,446.84,181.16
2146,22,126.8,424.35,446.93,180.14
2147,16,126.5,425.52,438,181.2
2148,11,126.3,427.47,440.5,181.42
2149,7,126.1,411.6,427.66,179.8
2150,6,126.5,409.05,428.95,178.75
2151,6,125.7,406.69,428.76,174.9
2152,4,125.8,406.26,440.23,172.64
2153,10,125.7,398.79,444.26,171.01
2154,10,126.4,399.53,447.04,169.42
2155,28,127.9,411.27,449.57,173.52
2156,24,130.7,408.78,444.53,171.16
2157,25,131.9,398.62,455.16,167.21
2158,27,131.4,393.49,453.06,166.82
2159,26,131.7,386.2,456.98,163.27
2160,26,132.6,385.82,457.63,161.02
2161,24,132.7,384.19,461.11,160.7
2162,23,132,389.45,461.35,159.55
2163,24,132.1,390.96,456.85,160.27
2164,22,132.1,397.74,459.49,166.72
2165,25,132.8,405.09,464.16,173.58
2166,24,136.2,409.86,472.59,179.97
2167,32,136.1,409.63,463.09,182.25
2168,32,132.7,415.35,458.34,183.24
2169,28,130.8,407.48,448.57,179.55
2170,29,130.3,405.44,455.81,176.82
2171,26,128.7,394.78,441.34,175.67
2172,21,127.8,396.4,433.17,174.32
2173,24,126.7,400.35,418.47,171.45
2174,23,125.7,396.76,431.73,169.69
2175,24,125.9,399.74,429.34,167.69
2176,24,125.5,392.39,439.89,168.27
2177,29,125.8,395.77,435.65,167.1
2178,30,126.6,390.84,442.16,165.38
2179,30,128,385.3,440.36,166.51
2180,31,128.4,380.45,454.68,163.3
2181,27,128.3,379.55,458.33,161.97
2182,26,127.8,379.38,461.83,159.14
2183,25,126.9,377.2,456.61,157.77
2184,25,126.4,380.07,451.64,158.47
2185,25,126.7,374.73,446.99,154.56
2186,25,127.5,373.8,438.68,154.02
2187,25,127.8,370.77,440.21,157.78
2188,25,128,374.7,430.04,159.44
2189,26,129.1,382.54,432.32,162.17
2190,26,129.3,385.8,434.71,163.93
2191,30,128.9,391.18,443.49,162.68
2192,30,126.9,383.93,432.56,160.78
2193,29,125.6,381.26,424.48,160.18
2194,23,125.3,381.19,419.56,160.41
2195,22,125.1,386.49,432.07,159.32
2196,23,124.2,390.06,430.35,158.55
2197,16,123.9,390.4,425,158.92
2198,15,124.9,387.7,416.33,158.27
2199,14,123.8,379.82,421.14,157.99
2200,14,123.8,373.46,430.24,156.7
2201,14,124.4,377.49,432.68,155.28
2202,29,123.6,390.75,428.34,155.63
2203,27,125.9,390.43,432.58,155.52
2204,29,130.1,383.89,435.49,154.49
2205,31,129.5,367.73,436.35,152.85
2206,33,129.1,364.2,435.99,151.6
2207,36,128.8,362.08,431.57,150.52
2208,30,129,364.62,442.06,150.09
2209,32,129.6,367.34,447.29,148.73
2210,32,128.8,361.35,449.26,148.35
2211,32,129.3,363.27,441.58,149.4
2212,36,129.2,359.59,435.2,150.37
2213,38,128.9,364.34,439.59,150.69
2214,41,129.3,361.4,445.54,151.6
2215,36,128.7,366.05,444.98,153.23
2216,30,125,367.53,439.15,154.9
2217,29,122.4,369.6,433.5,155.83
2218,17,120.9,374.99,429.22,155.17
2219,14,119.8,368.04,418.21,153.65
2220,14,119.1,370.35,402.29,153.89
2221,11,118.5,365.8,402.94,153.53
2222,9,117.9,383.14,408.6,153.31
2223,8,117.7,382.44,416.23,152.38
2224,12,118.8,376.35,412.85,151.87
2225,12,119.1,367.47,420.4,151.14
2226,15,120.6,366.65,425.77,151.66
2227,24,122.7,369.89,428.42,151.61
2228,32,124.6,372.57,432.79,150.53
2229,27,126.1,362.5,433.62,149.19
2230,24,127.1,356.66,433.45,147.69
2231,22,126.4,352.58,421.97,146.87
2232,22,126.3,360.57,421.47,147.2
2233,19,125.2,363.24,430.39,146.52
2234,16,125.7,368.92,435.16,146.96
2235,16,125.5,366.46,430.32,148.08
2236,18,125.1,362.75,424.86,148.55
2237,24,124.5,353.85,423.44,149.29
2238,26,125.1,358.66,440.33,149.81
2239,25,127.2,368.33,444.53,152.68
2240,22,125.8,376.96,440.76,152.57
2241,22,124.6,371.89,428.24,153.07
2242,25,125.2,363.14,422.95,155.67
2243,18,125.6,363.93,424.14,153.54
2244,21,125.7,374.13,424.55,154.35
2245,21,125.5,380.17,427.76,154.75
2246,23,125.6,374.53,434.26,154.52
2247,17,127.5,361.37,436.08,154.22
2248,14,129,368.06,427.67,153.85
2249,19,130,367.97,431.67,153.69
2250,14,128.3,372.14,433.39,154.48
2251,16,126,364.44,432.56,155.34
2252,23,125.2,368.96,432.62,153.95
2253,19,125.3,368.68,427.3,153.13
2254,18,125.3,365.75,434.11,151.5
2255,19,125.1,360.53,426.74,149.75
2256,14,124.9,358.47,424.54,152.82
2257,13,125.5,361.93,427.37,150.69
2258,12,126.7,365.06,429.86,150.77
2259,12,127.8,370.21,434.93,152.14
2260,14,128.5,375.56,425.2,154.08
2261,22,128.7,379.77,436.89,158.31
2262,24,130.5,384.44,446.1,159.52
2263,24,131.3,388.08,463.17,159.94
2264,23,130,390.6,457.86,161.27
2265,24,128.4,389.59,456.35,160.86
2266,23,127.5,385.76,448.36,160.94
2267,21,126.5,389.04,436.21,159.82
2268,19,125.4,391.17,430.42,159.86
2269,14,123.9,397.26,425.93,161.33
2270,8,122.9,393.73,427.67,160.49
2271,11,123.6,395.03,428.76,158.11
2272,15,125.2,387.03,430.37,157.66
2273,14,123.7,381.76,440.81,157.19
2274,15,123.4,378.64,432.64,158.32
2275,14,124.3,379.1,438.94,161.07
2276,14,126.6,371.33,436.41,157.98
2277,23,128.8,364.08,448.99,155.82
2278,22,127.4,369.75,449.54,155.52
2279,9,126.9,376.03,454.05,155.27
2280,9,129.9,373.07,452.93,155.12
2281,9,131.1,357.04,455.32,154.41
2282,10,130.1,361.91,457.64,154.86
2283,20,130.3,366.84,459.94,156.73
2284,21,130.3,378.62,458.08,158.38
2285,30,130.6,388.93,458.05,167.38
2286,31,132.1,405.09,457.73,176.97
2287,31,133,423.76,463.78,180.02
2288,28,131.1,426.07,448.4,180.31
2289,26,128.2,437.02,440.75,179.33
2290,25,126,434.67,428.37,178.28
2291,24,124.8,431.44,427.75,179.23
2292,25,123.5,417.86,427.31,177.55
2293,20,124.8,415.69,426.13,176.19
2294,11,130.1,412.95,447.18,174.85
2295,17,131.7,406.95,446.58,170.97
2296,13,131.1,403.96,448.06,168.86
2297,13,130.6,405.41,436.47,166.97
2298,14,128.9,408.74,440.69,167.08
2299,21,128.3,403.8,446.62,166.88
2300,20,127.8,397.94,445.8,165.17
2301,18,126.5,390.32,448.54,162.47
2302,20,125.4,384.41,436.97,160.03
2303,22,124.1,383.52,435.45,158.71
2304,25,124.3,385.24,426.99,157.07
2305,26,124.5,382.55,429.83,156.27
2306,36,122.4,382.45,428.14,156.31
2307,34,120.9,382.34,418.93,158.5
2308,28,121.2,392.03,425.09,162.79
2309,29,121.3,404.26,421.56,171.52
2310,26,122.7,411.93,426.42,178.23
2311,26,123.8,421.85,416.68,179.25
2312,26,123.1,414.59,416.87,179.01
2313,12,122.2,421.51,417.31,169.24
2314,13,122.8,429.8,412.69,177.3
2315,13,121.3,434.41,411.41,177.3
2316,12,121.3,429.27,409.97,177.21
2317,12,121.8,416.48,417.66,175.44
2318,17,121.1,414.35,412.13,173.63
2319,20,120.7,416.23,424.15,171.76
2320,13,121.3,407.42,424.37,169.38
2321,14,121.6,405.08,437.1,167.72
2322,15,121.9,398.81,431.73,167.28
2323,14,121.9,398.69,424.78,167.62
2324,21,123.6,398.76,418.5,166.19
2325,20,123.5,393.54,424.56,164.21
2326,13,122.6,380.21,428.93,161.75
2327,12,121.4,375.51,428.62,159.26
2328,11,121.2,368.98,418.42,158.24
2329,11,121.8,378.52,426.26,157.87
2330,13,121.6,368.9,424.99,158.04
2331,13,120.7,375.6,420.77,159.38
2332,15,120.9,386.04,426,164.43
2333,15,122.1,402.69,424.75,172.22
2334,15,124.5,408.76,440.47,178.35
2335,19,129.7,417,433.02,178.77
2336,14,129.7,423.85,440.6,179.78
2337,15,129.7,423.61,432.84,177.08
2338,13,129.1,418.96,434.27,175.94
2339,14,127.1,410.72,437.78,174.84
2340,13,126.4,418.76,429.92,174.08
2341,9,125.1,416.37,431.3,174.88
2342,6,124.2,416.09,428.72,174.65
2343,10,123.5,409.47,437.11,172.68
2344,12,123.2,401.39,432.14,169.13
2345,11,124,398.55,437.33,167.4
2346,13,126.1,390.15,446.93,167.7
2347,15,128.1,387.53,442.59,168.5
2348,14,127.3,379.64,439.74,169.13
2349,15,126.6,382.33,427.73,163.92
2350,26,125.5,382.05,436.3,161.28
2351,15,124.7,382.54,428.39,157.55
2352,13,124.6,377.73,434.71,155.98
2353,14,125.4,371.27,425.82,154.89
2354,15,125.8,380.38,422.77,155.38
2355,16,126,382.65,419.34,159.77
2356,17,125.6,388.33,431.51,161.41
2357,23,125.4,389,440.14,170.22
2358,24,125.4,405.58,443.99,178.74
2359,21,124.8,423.8,438.93,184.01
2360,20,123.2,436.92,431.19,184.84
2361,13,122,438,425.74,183.53
2362,10,121.7,434.48,420.37,183.88
2363,7,121,428.74,417.83,181.94
2364,10,119.3,430.24,412.84,179.33
2365,10,120.1,429.17,409.37,176.33
2366,14,120.8,422.07,410.91,173.55
2367,14,120,403.86,409.6,168.58
2368,14,119,394.32,410.9,166.24
2369,12,122.1,390.87,419.55,163.9
2370,27,122.6,389.32,427.32,162.98
2371,19,124.4,396.63,428.58,163.56
2372,22,124.9,397.85,427.15,163.31
2373,27,124.3,397.75,423.68,163.16
2374,24,123.7,379.64,426.78,162.51
2375,22,122.4,372.71,420.11,159.48
2376,20,122.1,370.98,425.08,161.37
2377,18,122,373.8,427.96,159.06
2378,19,122,368.06,426.29,156.4
2379,19,122,366.52,423.9,158.58
2380,22,121.9,371.4,426.3,157.46
2381,29,122.4,375.36,427.11,159.71
2382,30,122.5,379.44,423.52,160.21
2383,26,122.2,380.3,418.31,162.47
2384,26,120.7,387.66,413.21,164.41
2385,13,119.4,395.46,407.36,164.3
2386,14,118.7,392.53,399.36,164.53
2387,13,117.3,396.69,404.55,163.1
2388,14,116.8,385.85,402.44,161.01
2389,10,116.7,395.76,401.99,159.2
2390,7,117.4,391.66,394.22,159.26
2391,7,115.2,392.39,400.98,158.3
2392,12,116.1,376.35,399.38,158.22
2393,10,117.9,371.96,406.19,156.58
2394,14,118.8,378.01,399.27,155.85
2395,18,119,387.73,409.32,155.94
2396,27,120.8,393.49,416.89,155.12
2397,29,122.1,388.16,432.24,155.16
2398,30,122.6,380.64,426.28,153.64
2399,29,122.8,378.79,423.83,153.3
2400,26,123.6,379.56,431.28,153.3
2401,25,124.5,385.96,438.17,153.2
2402,26,125.1,380.26,438.97,153.13
2403,27,125.3,383.64,429.5,155.34
2404,27,125.1,382.77,433.37,154.61
2405,32,125.2,383.22,439.62,156.34
2406,34,127.2,372.66,442.1,156.7
2407,29,128.7,375.15,435.52,157.33
2408,27,124.5,379.2,425.4,156.76
2409,14,121.7,386.7,411.87,158.37
2410,13,118.9,391.88,405.11,158.59
2411,14,117.9,384.66,408.82,158.51
2412,12,117.4,380.69,406.63,158.2
2413,13,115.6,380.7,404.88,160.15
2414,6,115.8,391.22,394.78,160.55
2415,12,115.8,395.01,400.06,160.06
2416,11,119.1,383.53,406.7,161.9
2417,12,118.7,382.42,414.96,161.91
2418,13,118.3,388.3,421.58,162.48
2419,15,119.8,393.29,425.44,164.39
2420,21,121,391.77,424.9,165.32
2421,27,121.7,390.22,420.52,163.88
2422,27,122.7,386.6,425.64,161.35
2423,29,123.8,389.24,428.07,160.7
2424,23,123.9,388.68,427.58,161
2425,23,124.7,397.31,429.62,160.51
2426,22,126,393.95,430.67,160.8
2427,23,127.3,389.72,442.88,163.02
2428,23,127.6,388.2,430.25,167.86
2429,29,128.8,385.87,434.07,177.69
2430,30,129.5,400.07,437.59,186.67
2431,24,127.6,413.77,443.44,191.06
2432,24,123.9,421.11,438.27,192.81
2433,13,120.8,429.28,417.7,183.1
2434,13,118.8,434.25,416.78,189.1
2435,12,118.7,449.24,411.62,191.28
2436,12,118.5,441.45,415.1,190.98
2437,11,117.9,437.42,418.66,190.53
2438,11,118.8,429.81,423.39,189.45
2439,6,118.1,438,425.39,185.45
2440,8,117.8,429.74,420.53,181.94
2441,9,119.1,431.02,417.87,178.34
2442,9,118.9,421.59,415.13,177.83
2443,13,119.9,418.33,407.34,177.11
2444,11,120.7,410.46,402.39,174.88
2445,19,120.7,400.76,402.19,171.62
2446,21,121.2,400.63,410.54,169.84
2447,16,122.5,396.61,414.84,167.71
2448,16,124.5,402.15,423.22,165.43
2449,18,125.6,404.13,426.42,166.41
2450,18,125.8,411.41,429.04,167.6
2451,18,126.5,405.96,436.96,168.77
2452,23,126.5,407.84,432.92,170.67
2453,28,126.8,416.02,444.93,177.38
2454,26,128.7,427.68,432.84,183.93
2455,23,129.2,426.44,436.14,183.91
2456,17,125.5,419.93,420.24,184.23
2457,12,123.5,420.06,417.26,182.77
2458,13,121.8,426.91,425.81,182.35
2459,10,122.6,426.38,428.13,182.85
2460,5,122.5,429.88,425.72,182.17
2461,7,121.5,425.76,414.45,180.64
2462,8,120.7,420.45,413.47,181.88
2463,8,121.5,421.74,419.3,178.05
2464,8,121.9,417.25,413.77,178.66
2465,9,120.8,420.83,417.11,177.14
2466,10,121.2,413.51,413.12,176.9
2467,7,121.3,415.3,421.84,176.49
2468,9,121.7,412.08,419.81,175.92
2469,10,121.5,408.56,418.12,174.3
2470,13,120.5,404.34,414.15,171.76
2471,18,120.4,398.87,415.03,169.54
2472,16,121,390.16,422.7,166.71
2473,14,121.2,392.07,421.06,164.66
2474,15,121.2,396.89,420.38,164.79
2475,16,120.8,403.87,419.49,166.24
2476,19,120.8,408.14,416.42,170.6
2477,20,120.4,417.41,420.59,179.52
2478,18,121.3,426.59,422.57,187.32
2479,21,122.8,442.62,423.77,188.65
2480,12,122.7,444.47,413.69,188.36
2481,12,120.3,450.26,405.94,187.08
2482,11,118.6,440.96,405.63,191.29
2483,11,117.4,443.21,407.84,190.15
2484,10,115.5,434.87,405.28,188.55
2485,8,117,436.45,409.03,184.81
2486,7,120.8,434.25,409.61,185.68
2487,9,122.2,429.99,415.57,181.09
2488,11,121.6,425.64,421.39,178.76
2489,10,122.2,418.12,430.03,177.38
2490,9,122,411.35,428.3,176.83
2491,10,121.4,405.82,419.6,176.18
2492,7,121.8,400.79,415.04,176.05
2493,6,121.7,411.66,423.56,173.65
2494,5,121.2,413.53,420.97,172.19
2495,5,121,410.56,420.11,172.29
2496,4,120.8,405.71,406.36,171.71
2497,4,120.4,406.08,409.87,172.33
2498,4,120.4,403.76,411.07,168.62
2499,4,120.6,397.86,411.86,165.82
2500,4,120.6,402.63,411.98,167.09
2501,13,120.9,418.22,412.59,176.8
2502,11,121.7,431.05,422.95,184.29
2503,12,122.4,431.62,428.36,185.57
2504,10,123.8,429.64,424.22,185.64
2505,11,123.6,431.42,424.98,183.26
2506,11,125.1,425.33,425.18,182.74
2507,11,125,424.15,430.91,181.28
2508,11,122.5,421.82,416.04,181.32
2509,10,121.5,418.53,409.69,178.76
2510,11,120.9,419.01,403.95,177.9
2511,11,119.5,418.17,415.96,175.11
2512,11,118.4,417.26,414.73,172.01
2513,11,118,409.2,420.17,171.15
2514,12,118.5,402.85,418.38,170.19
2515,14,119.8,409.47,427.77,171.42
2516,11,121.5,411.27,424.26,170.57
2517,12,122.1,405.51,421.07,167.82
2518,13,123.4,395.63,412.42,165.97
2519,13,124.4,387.73,419.94,164.27
2520,11,124.7,392.14,428.54,161.72
2521,5,124.8,391.54,434.89,162.63
2522,6,124.9,391.23,429.72,161.29
2523,4,124.9,384.3,429.09,162.14
2524,5,124.4,381.83,429.68,164.39
2525,10,123.8,390.06,432.47,163.77
2526,13,123.8,409.06,425.63,179.08
2527,14,121.9,424.11,411.27,182.28
2528,14,118.9,431.06,398.27,181.49
2529,13,117.9,438.62,390.86,182.44
2530,11,118.5,433.44,395.36,183.13
2531,12,119.2,436.14,405.95,181.6
2532,10,118.6,421.7,400.93,177.14
2533,10,117.3,423.96,402.44,174.43
2534,8,116.5,418.88,396.68,172.3
2535,8,115.7,415.23,407.28,167.31
2536,10,114.8,410.56,405.46,165.96
2537,11,115.2,395.17,412.19,164.53
2538,11,114.6,387.95,417.65,162.77
2539,9,116.3,389.92,419.62,162.93
2540,11,118.6,391.58,416.3,162.71
2541,13,119.5,392.5,417.21,160.8
2542,13,118.5,375.84,414.23,159.49
2543,9,117.6,380.23,409.4,157.03
2544,5,117.4,382.27,399.92,156.4
2545,5,116.7,388.08,404.39,156.59
2546,4,116.6,379.71,397.23,157.02
2547,4,116.9,374.21,406.41,158.01
2548,6,117.4,376.88,407.97,158.6
2549,12,117.9,387.31,419.16,162.95
2550,13,118.3,397.32,405.53,163.82
2551,14,117.9,402.18,395.48,164.04
2552,13,115.3,409.8,394.12,164.66
2553,11,114.7,408.77,396.96,164.45
2554,10,114.9,403.91,396.98,163.56
2555,10,115.3,386.96,393.11,162.05
2556,6,115.9,381.81,397.14,154.11
2557,6,115.5,381.35,401.82,159.66
2558,6,114.3,381.7,398.43,157.18
2559,7,114.1,387.64,398.04,156.81
2560,5,113.5,387.07,392.1,157.91
2561,9,113.2,392.92,400.1,156.56
2562,10,113.4,390.76,398.57,156.35
2563,12,115.1,390.12,406.3,156.3
2564,10,117.6,381.56,403.13,156.6
2565,10,118.5,375.33,405.81,156
2566,12,118.9,378.94,408.95,155.02
2567,10,119.5,381.3,411.55,154.29
2568,5,120.3,375.15,417.92,154.01
2569,4,120.4,366.5,417.04,154.23
2570,4,120.7,370.76,426.06,154.09
2571,4,121.3,379.94,422.2,154.76
2572,4,121.9,391.25,429.32,154.45
2573,10,121.8,387.25,427.12,151.68
2574,11,122.1,384.34,430.08,151.91
2575,10,120.5,380.11,420.59,151.93
2576,12,117.3,384.78,405.42,151.67
2577,11,115.4,384.75,395.07,150.99
2578,12,116.1,376.67,396.29,150.26
2579,10,115,368.15,397.2,148.94
2580,12,113.7,366.73,400.56,149.4
2581,10,113,365.28,392,149.19
2582,11,112.6,371.83,389.16,150.3
2583,10,112.3,380.26,376.86,151.73
2584,12,111.8,397.04,379.93,154.1
2585,9,111.5,409.84,389.07,155.05
2586,9,112,410.97,402.37,156.02
2587,11,114.1,404.75,410.46,156.91
2588,11,116.7,390.01,414.41,158.2
2589,11,119.1,375.64,419.67,156.8
2590,11,118.8,371.59,421.55,156.28
2591,5,119.5,371.36,423.13,154.35
2592,4,120.2,375.04,413.36,154.44
2593,7,119.7,372.03,406.54,154.13
2594,4,119.5,376.5,398.33,154.49
2595,4,120.3,379.72,413.74,156.62
2596,4,121.9,394.55,418.85,159.93
2597,12,123.4,407.77,424.63,169.38
2598,12,123.9,423.2,419.49,174.18
2599,11,121,421.6,410.94,175.68
2600,10,118.1,419.14,406.98,176.52
2601,11,117.2,409.52,391,175.49
2602,12,116.7,406.85,392.16,173.89
2603,9,116,403.6,389.61,172.98
2604,10,115.5,409.99,391.84,170.09
2605,6,115.4,407.9,396.7,173.49
2606,10,114.4,408.69,395.24,172.09
2607,8,114.7,404.42,403.89,167.47
2608,6,114.7,402.57,400.51,165.12
2609,7,114.7,400,406.01,165.67
2610,10,114.7,395.86,399.93,165.74
2611,8,116.5,396.47,407.72,165.07
2612,8,119,396.41,410.82,165.46
2613,7,120.2,397.2,428.41,163.41
2614,8,120.3,391.21,429.63,162.91
2615,8,119.9,387.25,426.11,159.9
2616,4,119.7,391.63,419.26,158.67
2617,4,120.6,385.48,419.03,158.72
2618,4,121,393.1,427.55,158.51
2619,4,121.4,389.38,432.89,159.24
2620,7,121.4,403.21,431.67,161.81
2621,10,122.4,409.29,420.8,170.87
2622,10,121.4,416.14,407.05,177.82
2623,10,120.2,422.02,397.01,178.42
2624,12,118,423.64,394.88,178.26
2625,10,117.7,423.29,401.8,176.81
2626,11,116.2,428.59,412.58,175.48
2627,11,114.9,428.96,414.69,174.78
2628,7,113.9,435.78,411.16,175.55
2629,4,114,428.18,398.86,174.79
2630,4,114.9,413.43,390.68,172.86
2631,10,115.4,401.32,383.15,167.4
2632,9,115.2,395.1,378,164.49
2633,10,115,389.35,385.82,162.99
2634,10,116.2,378.55,390.84,163.01
2635,7,117.8,378.82,405.21,163.87
2636,7,119.8,381.88,410.63,162.82
2637,7,121,386.09,412.61,162.12
2638,5,119.9,380.32,414.32,161.66
2639,5,119.4,382.17,409.66,158.91
2640,3,119.4,378.84,412.71,158.09
2641,3,119.8,368.82,407.2,158.02
2642,3,120.6,366.04,415.58,157.26
2643,4,120.2,363.89,416.53,158.48
2644,4,120.4,381.88,424.63,161.01
2645,8,121.3,393.25,414.9,170.46
2646,7,120.7,411.39,414.68,174.45
2647,10,118.5,416.27,408.41,176.34
2648,11,116.9,413.49,399.79,175.53
2649,10,116.1,413.41,397.62,176.25
2650,10,115.2,420.83,391.55,173.97
2651,11,115,435.25,397.87,176.04
2652,10,113.6,441.42,397.63,177.64
2653,10,112.8,436.69,400.38,178.23
2654,11,112.5,421.23,392.32,174.47
2655,10,112.1,418.05,384.3,169.77
2656,10,112.3,406.11,385.75,168.86
2657,11,112.5,405.48,395.83,166.32
2658,10,113.7,399.03,400.54,166.67
2659,8,117,403.81,402.93,166.96
2660,9,120.4,407.69,409.85,166.24
2661,6,119.7,402.66,406.3,165.38
2662,6,117.7,392.57,406.89,163.87
2663,5,116.6,382.16,398.95,160.15
2664,4,116.7,386.39,405.18,159.77
2665,5,117.8,398.03,403.14,161.29
2666,3,118.1,396.96,409.85,161.81
2667,4,118.3,392.34,411.36,162.91
2668,4,119.1,392.6,420.27,166.53
2669,5,119.7,405.15,424.15,175.43
2670,9,120,416.2,423.34,184.25
2671,11,119,428.8,420.42,185.52
2672,9,117.2,432.99,414.08,183.58
2673,10,116.7,436.52,413.49,178.47
2674,9,116.8,426.9,413.03,179.08
2675,10,115.6,424.32,406.24,177.66
2676,8,115.5,421.24,398.52,176.64
2677,9,115.4,427.01,390.82,176.94
2678,9,114.7,420.65,391.09,174.25
2679,7,114.1,413.09,403.59,169.34
2680,10,114.3,398.35,399.47,167.2
2681,8,113.9,392.98,407.11,164.54
2682,11,113.7,390.73,400.29,162.75
2683,10,114.9,395.27,411.11,163.7
2684,10,116.5,407.02,405.62,163.66
2685,10,117.7,403.82,400.94,164.33
2686,6,117.4,393.57,402.56,160.74
2687,4,117.4,383.25,406.41,160.11
2688,4,117.2,382.2,416.93,158.1
2689,4,117.9,392.12,415.43,158.19
2690,4,117.9,394.53,420.53,159.61
2691,3,118.2,398.85,415.92,160.25
2692,7,118.1,396.14,410.72,161.33
2693,11,118.9,400.43,398.65,170.49
2694,13,118.8,409.59,396.73,177.39
2695,11,116.9,423.56,395.38,180.03
2696,13,115.3,430.07,396.16,179.33
2697,10,114.8,432.62,390.2,178.76
2698,13,114.1,425.39,391.6,178.8
2699,9,113.7,426.51,397.44,177.74
2700,12,112.9,423.33,401.02,177.46
2701,10,113.6,427.03,392.33,172.81
2702,10,113.2,418.05,391.77,168.91
2703,5,112.8,403.73,387.88,164.56
2704,9,112.7,386.56,398.31,163.27
2705,9,113.4,377.96,399.26,160.57
2706,8,113.9,390.83,405.99,160.2
2707,7,115.4,406.38,409.45,163.59
2708,9,115.8,405.74,402.54,162.62
2709,11,116.4,395.2,399.04,160.62
2710,9,116.2,383.72,392.25,159.66
2711,4,116.3,382.38,397.46,158.88
2712,4,116.5,378.69,411.81,154.33
2713,5,115.6,383.99,409.18,155
2714,3,115.8,383.55,404.71,157.11
2715,4,116.6,383.9,391.2,156.95
2716,6,116.3,380.67,396.22,156.45
2717,11,116.3,388.75,403.49,161.03
2718,11,116.8,390.46,406.83,163.15
2719,11,116.8,389.18,405.2,162.36
2720,10,115.8,390,409.46,163.7
2721,11,115.5,396.82,409.6,165.25
2722,10,116.3,405.01,414.52,165.89
2723,10,116.3,405.32,414.43,165.04
2724,6,115.8,409.39,410.42,164.84
2725,9,115.5,398.57,402.18,159.56
2726,7,115.8,395.06,392.77,158.36
2727,6,115.9,385.16,393.45,157.11
2728,9,115.4,380.28,388.25,155.98
2729,8,114.9,377.06,396.08,155.39
2730,10,115.5,375.82,403.01,156
2731,10,118.8,372.66,416.51,155.65
2732,11,121.1,372.43,417.88,154.96
2733,10,121.4,371.89,422.08,152.9
2734,11,122.4,378.46,419.13,151.6
2735,6,122.7,370.24,420.43,151.93
2736,3,122.2,369.36,420.39,151.58
2737,4,121,370.99,417.52,151.82
2738,4,120.9,379.6,420.99,151.79
2739,7,120.8,379.53,412.92,152.69
2740,6,120.5,379.32,414.86,151.46
2741,11,121.1,382.34,411.05,156.51
2742,12,122.5,382.81,421.71,158.46
2743,11,121.8,382.09,427.14,159.86
2744,10,119,383.11,422.61,161.44
2745,11,117,383.18,410.26,162.58
2746,7,116.5,385.59,406.29,159.15
2747,5,114.8,375.51,400.49,160.2
2748,6,115.1,374.16,402.78,158.65
2749,6,116.1,375,399.71,158.58
2750,5,115.2,381.15,399.37,158.04
2751,8,115.3,387.15,396.24,157.16
2752,7,114.9,388.33,388.75,156.49
2753,10,115.2,385.54,398.5,157.12
2754,10,113.9,384.39,401.46,157.71
2755,11,115,378.09,402.22,157.37
2756,10,117.5,373.29,402.14,156.78
2757,10,119,368.5,405.66,156.99
2758,6,119.6,369.51,413.63,157.46
2759,6,119.8,373.49,406.76,155.44
2760,4,119.6,381.56,404.56,157.38
2761,4,120,385.92,406.28,157
2762,4,121.5,390.1,409.38,156.56
2763,6,121.7,385.46,421.43,159.37
2764,5,121.9,395.9,427.91,160.65
2765,11,122.5,410.08,440.27,168.93
2766,13,122.3,424.6,434.7,176
2767,11,120.7,432.31,428.55,178.83
2768,11,116.3,420.12,408.75,178.6
2769,12,115.3,418.17,399.68,168.63
2770,10,116,416.84,399.27,175.23
2771,12,115.4,425.44,405.45,174.41
2772,7,115.6,424.1,406.08,174.49
2773,6,116.3,413.06,405.98,173.42
2774,6,117,411.5,408.51,170.97
2775,7,119.2,399.52,410.76,167
2776,9,119.4,397.61,411.65,165.43
2777,12,120.6,389.6,413.89,163.75
2778,8,119.8,394.6,419.37,162.96
2779,11,118.8,395.89,418.74,163.24
2780,10,119.1,400.93,417.35,164.94
2781,12,119.2,400.01,413.14,162.92
2782,11,119.2,388.87,418.59,160.76
2783,4,118.7,380.97,408.12,157.81
2784,5,118.2,380.49,409.67,157.05
2785,3,118.9,387.94,401.45,156.15
2786,4,120,393.91,412.29,156.14
2787,4,119.1,391.31,410.93,158.16
2788,5,119.3,397.2,409.76,160.85
2789,10,120,395.93,411.61,167.5
2790,12,121.7,413.16,416.36,176.44
2791,11,121.1,421.27,420.67,179.99
2792,11,120,432.32,416.14,178.56
2793,12,119.8,425.3,410.74,177.01
2794,11,118.9,422.35,417.22,176.64
2795,11,117.8,423.14,413.42,176.18
2796,10,117.2,424.12,414.25,176.97
2797,9,116.5,419.09,404.72,178.53
2798,6,116.6,414.65,411.31,178.94
2799,6,117.1,413.04,406.37,173.61
2800,7,116.3,418.88,404.68,171.54
2801,9,117.1,417.1,401.24,166.84
2802,8,117.6,413.55,404.45,166.41
2803,7,118.2,402.58,407.53,166.63
2804,7,120,396.93,416.83,167.7
2805,9,121,386.11,416.23,166.1
2806,6,120.3,385.58,417.52,162.04
2807,5,120.5,378.84,413.56,159.49
2808,4,120.4,379.06,422.13,156.93
2809,4,120.2,373.42,429.1,155.12
2810,4,121.4,373.01,433.11,156.04
2811,4,122.2,378.73,430,158.12
2812,3,122.3,385.66,427.88,162.63
2813,8,122.8,401.57,432.73,171.08
2814,7,123.5,410.69,442.13,177.89
2815,8,122.6,414.97,441.7,178.16
2816,11,120.1,415.09,430.49,178.21
2817,12,117.4,410.37,416.98,177.94
2818,11,115.9,409.98,406.93,176.9
2819,9,115,412.41,398.74,177.18
2820,8,114.1,413.78,398.31,177.56
2821,8,113.4,413.96,399.94,175.91
2822,8,112.5,410.5,397.22,176
2823,7,111.6,413.51,395.45,173.35
2824,7,111.6,417.28,393.5,169.54
2825,8,111.7,413.4,405.58,167.62
2826,11,114.2,414.63,404.77,166.72
2827,11,114.5,408.4,409.53,165.55
2828,9,115.1,401.37,406.22,166.06
2829,6,116.6,390.52,413.93,164.67
2830,6,117.9,386.73,422.02,164.86
2831,6,118.9,387.75,420.7,162.54
2832,4,119.1,390.05,419.03,158.62
2833,4,119.6,393.02,420.74,157.77
2834,4,120.9,401.56,424.42,157.85
2835,4,121.3,395.51,421.18,158.18
2836,7,123.3,394.82,416.12,163.41
2837,4,125.1,404.19,416.01,172.11
2838,7,124.6,421.91,418.19,180.4
2839,8,120.5,423.87,408.56,182.01
2840,8,115.8,419.75,405.61,179.19
2841,11,115.1,414.28,398.19,177.95
2842,10,115.2,423.31,408.04,177.32
2843,12,114.5,421.9,399.39,178.4
2844,12,115,420.88,401.22,177.83
2845,12,117.1,413.01,395.69,173.93
2846,11,116.8,407.7,405.34,173.08
2847,12,116.8,404.85,412.52,169.05
2848,11,118.1,400.31,410.27,165.79
2849,7,117,393.62,417.52,163.73
2850,7,117.3,392.64,406.19,162.78
2851,7,117.9,387.45,414,162.76
2852,7,118.4,388,400.5,163.63
2853,7,118.3,383.71,409.54,161.83
2854,11,117.6,384.52,409.35,159.57
2855,4,116.7,376.14,416.79,157
2856,4,116.3,378.28,406.94,156.08
2857,4,116,376.46,399.92,154.14
2858,4,115.9,378.53,398.61,154.35
2859,4,115.6,383.36,407.47,154.65
2860,5,115.5,393.02,410.33,158.07
2861,9,116.3,409.37,398.89,165.8
2862,12,116.8,409.31,403.76,172.58
2863,12,117,417.83,406.75,173.95
2864,10,115.9,411.55,414.5,173.88
2865,7,115.7,413.14,405.23,163.53
2866,12,114.6,408.67,402.04,169.7
2867,9,113.3,413.22,403.84,169.43
2868,7,112.9,411.43,400.93,167.73
2869,12,111.9,414.15,392.6,166.18
2870,9,111.3,413.08,387.1,165.3
2871,9,111.7,405.22,385.88,162.9
2872,9,111.7,395,388.09,159.42
2873,9,112.6,384.91,387.57,156.6
2874,6,113.9,383.73,393.49,155.05
2875,7,114.8,379.33,401.73,153.72
2876,9,115.3,370.3,410.26,154.07
2877,6,115.9,368.89,413.31,152.34
2878,5,115.6,360.14,408.99,151.58
2879,6,115.5,372.52,406.25,150.26
2880,4,116.2,374.66,409.96,153.6
2881,12,117.6,387.23,416.47,153.16
2882,5,117.6,383.04,424.46,152.95
2883,4,118.2,386.16,418.33,152.72
2884,4,119,380.16,413.67,153.18
2885,5,119.6,380.75,405.52,154.39
2886,7,118.4,381.92,401.63,156.23
2887,11,115.2,389.62,391.57,156.87
2888,11,113.2,394.45,388,157.83
2889,13,112.6,393.64,388.28,159.68
2890,12,112.8,387.22,397.86,161.8
2891,10,113.4,384.54,397.19,160.1
2892,10,112.5,386.19,389.99,159.75
2893,10,113,391.07,383.06,161.64
2894,10,112.8,393.73,380.46,162.88
2895,11,112.5,389,385.47,164.52
2896,12,112.1,388.66,381.09,163.4
2897,9,112,389.7,385.01,161.67
2898,10,113,391.39,386.14,161.82
2899,11,114.5,388.16,401.34,160.16
2900,8,116.5,382.52,406.27,152.17
2901,12,117.9,372.89,417,150.86
2902,7,118.7,368.35,416.21,150.85
2903,6,120.1,368.14,417.33,150.48
2904,5,119.9,375.58,416.18,150.92
2905,4,119.6,379.75,413.94,151.21
2906,4,118.2,380.56,408.26,150.47
2907,4,116.9,377.98,397.68,150.44
2908,5,117.3,372.61,395.98,152.31
2909,12,118.4,372.91,403.39,152.63
2910,12,118.7,375.49,416.53,153.52
2911,11,117.5,377.9,411.51,154.92
2912,12,114.8,374.65,394.82,155.57
2913,10,113.1,367.45,386.18,155.08
2914,11,113.4,371.77,390.14,155.81
2915,10,112.5,373.94,389.43,156.27
2916,10,111,384.6,370.22,156.08
2917,5,109.8,380.36,359.96,155.46
2918,6,109.7,383.89,361.02,155.2
2919,10,108.8,383.42,367.88,155.04
2920,7,109.3,388.34,374.54,155.04
2921,8,109.9,387.4,381.88,154.76
2922,11,111.4,383.82,389.3,154.79
2923,9,111.6,390.06,399.42,155.4
2924,13,112.6,390.88,399.61,155.55
2925,11,113,386.12,400.78,155.33
2926,10,112.8,383.05,392.31,154.94
2927,6,113.3,384.27,395.54,154.59
2928,4,113.5,389.9,400.91,153.55
2929,4,114.9,379.84,399.33,153.17
2930,4,114.9,375.65,397.22,151.56
2931,4,115.3,384.15,393.25,153.17
2932,5,115.7,400.95,396.96,157.96
2933,10,116,408.58,406.81,168.05
2934,12,116.9,419.62,414.97,176.55
2935,11,117.4,424.09,415.09,179.95
2936,11,116.3,423.75,410.6,180.26
2937,12,115.6,420.31,404.15,179.27
2938,9,115.5,421.47,400.84,175.75
2939,7,116.3,419.81,402.67,174.91
2940,4,115.9,411.97,401.49,175.1
2941,4,115.8,403.45,395.11,174.3
2942,8,115.6,406.92,381.17,172.46
2943,6,114.9,398.86,385.38,167.37
2944,11,114.8,398.17,387.9,164.53
2945,13,115.2,396.08,405.27,163.4
2946,12,114.5,401.37,402.22,163.38
2947,13,115.5,398.44,414.24,163.95
2948,11,117.5,390.16,407.1,163.24
2949,13,118.9,390.89,414.86,161.01
2950,14,120.7,391.11,417.44,159.38
2951,13,121.1,390.91,421.94,159.3
2952,6,122,377.87,417.2,156.99
2953,4,122.3,374.29,419.48,154.42
2954,3,122.9,371.68,413.6,156
2955,4,123.5,377.07,424.32,156.35
2956,7,124.4,381.81,425.29,161.28
2957,13,124.6,397.34,433.5,168.43
2958,12,122.5,410.78,415.14,176.31
2959,12,119.6,416.56,400.13,178.1
2960,11,116.1,416.52,387.72,177.1
2961,12,115.1,414.98,393.23,175.7
2962,10,114.6,423.55,394.08,178.61
2963,12,113.4,426.89,403.54,179.44
2964,8,113,426.69,397.48,177.2
2965,7,112.4,423.6,393.08,171.63
2966,6,112.5,424.85,382.02,172.16
2967,7,112.4,424.16,378.95,169.47
2968,6,111.7,411.62,378.16,165.74
2969,9,112,405.61,389.56,165.1
2970,10,112.9,406.15,397.88,164.21
2971,10,113.8,405.83,407.85,161.82
2972,10,114.8,403.3,406.65,163.02
2973,7,115.8,389.96,409.5,161.44
2974,8,116.3,387.71,405.85,158.08
2975,7,117.2,384.69,405.5,158.66
2976,4,117.5,383.63,400.95,159.02
2977,4,118.2,378.41,405.9,156.7
2978,4,119.7,371.12,406.24,156.68
2979,4,120.8,378.22,413.95,156.5
2980,4,121.8,381.83,412.1,160.88
2981,4,123.3,405.31,409.24,170.38
2982,7,121.7,414.87,407.6,177.58
2983,12,117.5,429.61,402.42,177.67
2984,13,113.4,421.79,400.11,176.31
2985,10,111.5,431.36,396.31,176.62
2986,10,111.2,425.54,393.15,175.73
2987,12,109.1,433.62,385.73,174.82
2988,10,108.4,428.55,383.54,176.27
2989,12,108.2,437.23,383.43,175.47
2990,9,108.5,437.41,381.47,175.81
2991,11,108.2,437.92,378.87,173.13
2992,9,108.3,434.42,377.95,169.5
2993,8,108.1,424.84,389.72,166.15
2994,10,107.8,409.5,384.3,164.84
2995,7,108.3,398.69,385.52,162.05
2996,7,109.9,390.1,381.33,163.59
2997,7,110.9,389.38,386.63,162.71
2998,6,110.8,389.21,390.24,160.8
2999,6,111.2,389.29,381.1,159.85
3000,5,112.2,396.73,381.86,155.49
3001,6,113.2,393.9,387.93,155.82
3002,4,114.1,391.01,394.37,156.46
3003,4,114.2,383.2,401.63,155.12
3004,3,116.1,394.74,401.69,158.71
3005,4,116.4,415.44,405.4,169.03
3006,6,115.6,428.73,408.49,175.91
3007,7,114.5,437.6,402.79,178.04
3008,12,113.4,420.99,398.62,178.32
3009,8,112,427.48,386.73,177.27
3010,9,111.4,418.92,388.5,177.78
3011,11,110.4,426.82,389.36,177.74
3012,11,109.1,417.35,381.52,179.38
3013,9,108.5,420.34,379.44,178.33
3014,12,108.8,422.54,375.54,176.85
3015,10,107.9,429.94,382.28,172.96
3016,11,107.6,419.07,386.79,171.9
3017,11,107.6,411.63,390.04,165.96
3018,10,107.7,401.27,383.78,165.51
3019,11,107.9,399.32,376.93,163.69
3020,11,108.8,390.91,377.15,163.34
3021,10,109.9,389.48,387.18,161.62
3022,5,109.8,398.41,385.07,159.65
3023,4,109.4,405.99,380.16,156
3024,3,109.5,400.41,371.01,155.29
3025,4,109.8,387.76,368.43,154.24
3026,3,109.9,385.11,369.53,154.13
3027,4,109,390.82,374,154.88
3028,3,108.9,395.11,386.39,158.31
3029,9,109.3,402.04,382.21,166.62
3030,13,109.8,405.7,387.45,172.71
3031,10,110.2,409.9,376.6,173.83
3032,12,109.2,409.83,383.02,173.52
3033,13,109.1,416.11,376.23,173.45
3034,10,109.3,420.92,386.33,173.59
3035,9,109.3,422.69,388.4,172.21
3036,7,108.3,424.08,388.61,170.53
3037,6,108.1,418.55,384.98,170.67
3038,5,108.1,417.74,383.65,167.46
3039,9,108.3,404.06,389.14,163.23
3040,9,108.1,401.85,383.86,161.02
3041,8,108.3,389.62,393.46,156.76
3042,12,111,387.48,390.46,155.21
3043,8,112.7,386.26,392.61,154.28
3044,10,113,389.72,394.44,154.49
3045,9,113.2,380.11,394.07,154.89
3046,9,113.4,378.61,396.68,154.79
3047,4,113.7,378.47,381.73,155.1
3048,4,114,385.7,383.65,155.15
3049,4,114,378.06,382.08,153.94
3050,3,114.1,372.78,388.3,155.53
3051,3,115.2,368.86,395.03,151.47
3052,5,116.1,380.4,402.57,151.6
3053,10,115.9,394.29,399.33,152.99
3054,10,114.1,398.02,393.06,155.92
3055,12,113,397.58,391.75,156.64
3056,13,113.4,389.12,402.03,157.5
3057,10,114.3,391.1,408.82,157.54
3058,12,114.4,383.62,401.65,157.37
3059,11,114,380.29,398.67,159.04
3060,8,113.6,382.37,398.99,158.83
3061,9,112.5,383.53,394.03,157.57
3062,7,112.4,386.37,392.75,157.35
3063,6,112.8,385.42,387.17,157.15
3064,5,113.3,379.31,393.45,156.13
3065,9,113.3,375.64,395.68,151.73
3066,6,112.8,371.22,397.57,151.4
3067,12,113.5,379.55,407.07,151.3
3068,11,115.9,379.16,411.46,152.01
3069,12,117.8,377.32,408.82,152.23
3070,10,118.2,375.77,404.58,153.12
3071,11,118.5,385.39,402.02,154.98
3072,6,119,387.25,416.73,155.73
3073,4,119.9,391.9,409.55,155.91
3074,4,119.8,379.24,408.42,155.82
3075,3,120.7,372.1,397.75,155.05
3076,4,122.2,368.22,405.59,154.92
3077,10,122.3,367.23,412.17,154.94
3078,12,121.2,375.55,413.86,154.46
3079,11,118.3,372.11,402.53,152.32
3080,12,115.5,379.08,389.93,150.91
3081,12,114.2,382.05,392.84,152.13
3082,10,113.9,384.05,394.9,152
3083,12,112.4,378.96,394.8,152.03
3084,11,111.5,380.3,388.53,153.51
3085,5,109.6,372.28,389.99,152.74
3086,7,110,373.74,394.43,152.61
3087,6,110.4,372.39,386.23,154.45
3088,6,109.7,382.98,391.65,155.56
3089,7,109.7,381.61,394.2,154.81
3090,7,109.9,379.57,397.92,153.86
3091,9,110.9,372.3,390.05,152.69
3092,12,112.9,374.8,380.05,152.17
3093,8,114,369.45,375.5,149.85
3094,4,115.3,365.97,386.59,149.89
3095,5,115.7,365.2,394.54,151.45
3096,4,116,373.9,405.96,152.02
3097,5,117,383.73,404.87,150.51
3098,4,117.4,391.89,411,148.32
3099,4,118.5,386.45,414.5,149.09
3100,4,119.7,387.13,415.79,151.69
3101,4,120.7,391.87,410.74,161.28
3102,9,118.8,410.61,416.41,170.23
3103,13,116.6,420.42,412.92,173.5
3104,13,113.2,415.1,402.23,173.91
3105,13,110.8,407.47,384.56,165.01
3106,11,110.1,406.45,383.13,172.03
3107,11,109.3,413.56,380.49,170.71
3108,8,108.4,422.08,376.73,170.18
3109,6,108.2,424.97,370.04,170.86
3110,6,107.9,420.32,377.08,170.19
3111,6,108.2,402.53,382.38,166.36
3112,10,108.6,399.89,381.63,163.07
3113,10,108.6,399.05,385.38,161.52
3114,11,108.6,408.44,382.44,160.59
3115,9,108.6,410.1,385.38,159.45
3116,6,108.7,403.67,377.55,159.46
3117,7,108.8,399.49,371.5,157.74
3118,7,110.5,390.74,359.97,159.98
3119,8,109.8,386.61,360.32,157.8
3120,4,109,377.64,363.14,156.12
3121,4,108.3,374.71,367.67,155.37
3122,3,108.7,379.04,364.09,155.55
3123,3,109.1,382.21,373,155.89
3124,4,110.3,388.32,381.97,158.96
3125,4,110.3,393.61,390.09,153.42
3126,4,111.5,409.42,391.8,167.27
3127,9,111.8,413.08,387.26,170.12
3128,10,110.8,417.67,385.86,170.43
3129,10,110.2,415.94,381.61,169.13
3130,9,109.5,413.91,385.89,168.39
3131,7,108.8,408.15,381.57,168.64
3132,4,108.7,393.59,380.93,168.06
3133,8,108.2,394.82,374.27,167.78
3134,8,107.9,394.12,377.59,169
3135,6,108.2,411.53,376.52,167.34
3136,6,108,410.67,379.43,173.4
3137,5,108,412.93,386.82,171.19
3138,8,108.1,409.18,380.5,170.25
3139,7,108.6,403.38,381.19,168.62
3140,6,110.3,398,370.25,164.78
3141,5,111.1,390.12,380,156.5
3142,3,111.7,381.58,387.62,154.85
3143,4,111.2,380.68,386.21,151.87
3144,4,110.4,375.08,396.95,151.29
3145,4,110.8,379.59,390.43,152.31
3146,3,111.5,387.37,396.59,154.75
3147,4,111.2,388.02,384.2,155.87
3148,3,111.2,388.93,386,158.56
3149,3,111.2,390.17,382.57,162.73
3150,4,112.8,405.14,390.36,171.09
3151,6,112.9,411.39,387.71,173.18
3152,6,112,416.95,382.21,172.98
3153,9,111.1,417.81,369.43,172.45
3154,10,111,422.25,380.36,173.9
3155,6,110.7,421.96,390.82,174.29
3156,10,110.1,420.86,385.83,172.78
3157,9,109.4,422.23,378.61,169.84
3158,5,109.5,422.33,365.33,167.91
3159,5,109.1,412.73,372.59,166.68
3160,8,109.2,404.03,364.64,163.11
3161,8,109.2,384.62,381.75,159.97
3162,6,109.6,371.61,386.22,157.25
3163,5,111.3,366.64,397.64,155.11
3164,6,112.1,367.91,390.27,154.18
3165,5,112.3,376.37,389.52,154.11
3166,5,113.3,372.04,380.26,151.91
3167,3,112.4,368.76,378.14,150.3
3168,7,113,365.95,382.69,148.97
3169,14,113.4,361.71,391.21,148.32
3170,10,113.6,366.08,396.57,147.36
3171,6,113.8,366.2,398.68,148.03
3172,4,114.2,384.75,392.47,150.48
3173,3,113.9,393.32,395,163
3174,3,114,413.58,387.88,165.51
3175,7,114.5,405.85,398.21,167.29
3176,10,113.4,408.44,396.22,166.53
3177,8,112.8,398.47,400.64,165.35
3178,7,112.8,402.77,394.17,160.49
3179,8,112.2,401.66,399.17,158.45
3180,11,111.6,389.4,401.38,157.66
3181,8,111.2,388.13,401.28,155.98
3182,10,111.1,380.47,394.98,154.68
3183,10,109.4,379.52,383.63,153.9
3184,5,108.8,384.99,375.08,152.7
3185,10,109.1,385.71,380.13,153.13
3186,6,110.1,390.72,379.68,152.9
3187,10,110.6,378.91,391.6,153.45
3188,12,111.1,379.55,388.37,152.3
3189,12,111.5,379.62,392.88,153.03
3190,12,110.7,384.61,387.48,153.44
3191,5,110.1,383.27,385.34,151.61
3192,4,109.7,382.4,384.49,148.32
3193,3,109.6,376.61,382.35,147.42
3194,3,109.9,369.48,373.45,146.97
3195,4,110,370.76,376.42,148.14
3196,5,109.9,381.57,379.39,150.94
3197,11,110.2,395.7,396.29,157.16
3198,12,110.9,411.59,395.77,162.75
3199,12,111.3,409.66,396.06,163.81
3200,12,110.7,400.48,386.45,166.58
3201,7,110.6,388.22,386.33,160.9
3202,4,110.6,394.07,384.64,166.97
3203,5,110.6,406.15,382.14,166.72
3204,4,109.7,408.55,380.96,166
3205,3,108.9,405.64,377.7,164.49
3206,4,108.3,395.59,379.45,163.86
3207,5,108.3,395.3,376.49,161.49
3208,5,108.7,392.12,379.46,159.4
3209,10,108.5,395.02,386.59,158.15
3210,10,108.3,391.45,385.69,159.64
3211,13,108.8,384.62,380.36,159.36
3212,12,109.7,390.26,371.18,158.73
3213,10,109.6,390.38,370.55,156.92
3214,10,110,389.06,368.25,155.49
3215,4,109.7,383.24,369.68,154.15
3216,4,110.2,381.57,374.7,152.64
3217,2,110.9,381.44,388.84,151.13
3218,3,111.6,376.19,386.97,149.95
3219,3,112.2,370.85,388.44,149.91
3220,5,112.7,374.01,389.78,148.72
3221,10,112.5,382.28,391.05,151.21
3222,12,111.4,382.93,392.76,153.57
3223,13,110.7,386.66,391.85,153.17
3224,11,110.2,381.76,385.25,156.07
3225,10,110,385.99,381.51,159.46
3226,8,110.5,386.58,384,158.35
3227,4,111.1,392.35,390.49,158.22
3228,6,111,397.87,394.73,157.46
3229,7,110.8,394.19,388.46,156.99
3230,6,110.6,398.62,395.01,157.5
3231,6,109.7,391.23,389.77,156.41
3232,9,108.8,384.03,392.5,153.84
3233,9,108.9,374.46,392.26,151.1
3234,7,109.4,370.62,386.57,150.16
3235,6,110.3,373.72,380.61,150.41
3236,11,111.9,377.28,382.33,150.68
3237,8,113.3,380.03,397.25,151.13
3238,8,115.4,379.63,402.92,149.54
3239,4,115.9,379.93,409.06,148.88
3240,3,115.9,371.56,404.07,148.04
3241,3,115.7,368.34,407.72,148.21
3242,3,116.4,356.93,402.81,147.77
3243,3,116.4,357.72,399.55,146.48
3244,2,116.3,361.15,396.41,145.76
3245,11,115.6,360.74,402.3,149.12
3246,10,114.8,369.15,403.15,149.73
3247,12,113.6,372.44,403.61,151.01
3248,12,113.5,384.07,388.39,151.8
3249,11,113.8,382.02,386.48,151.23
3250,9,114.2,382.88,382.14,152.73
3251,6,114.2,386.59,389.8,153.13
3252,5,113.5,387.91,387.21,155
3253,4,111.5,391.68,392.1,152.7
3254,3,112,373.32,384.99,152.73
3255,4,112.2,375.55,388.93,152.55
3256,7,111.6,375.42,384.98,152.85
3257,6,111.4,385.78,385.3,152.84
3258,7,111.4,385.67,386.51,152.49
3259,11,112.4,381.25,389.63,151.18
3260,9,114.4,375.32,401.03,152.17
3261,10,116.8,372.98,402.65,150.7
3262,8,118.1,366.64,402.3,149.4
3263,5,118.3,370.58,403.27,148.72
3264,4,119.3,363.67,414.94,146.94
3265,2,119.8,363.78,418.59,147.24
3266,3,120.7,361.18,411.95,146.57
3267,3,120.2,364.49,406.1,147.72
3268,4,120.9,370.21,403.44,150.42
3269,9,119.9,378.35,406.66,158.65
3270,11,117.1,391.71,399.33,168.06
3271,13,115,400.95,399.72,171.13
3272,13,113,406.63,394.45,173.22
3273,10,113.1,414.36,398.91,172.07
3274,11,113.8,418.52,389.46,172.15
3275,6,113.9,415.36,382.67,172.5
3276,6,114.1,414.55,383.47,172.19
3277,6,113.5,408.54,387.14,172.28
3278,6,114,414.02,388.56,171.14
3279,3,114.4,405.73,382.19,167.18
3280,10,113,404.12,385.21,165.1
3281,9,113.3,398.44,394.44,162.18
3282,8,113,397.73,397.16,158.42
3283,7,113.1,382.8,399.38,156.21
3284,10,114.9,373.39,399.94,156.28
3285,9,116.8,364.41,409.47,153.65
3286,11,118.2,374.33,413.41,150.98
3287,6,119.5,371.36,416.26,148.49
3288,4,120.4,366.01,418.1,146.31
3289,4,121.7,358.95,423.62,145.21
3290,4,122.3,353.36,422.31,145.73
3291,3,122.5,352.64,419.33,145.86
3292,5,122.4,366.54,417.17,151.26
3293,7,120.8,389.52,413.63,161.07
3294,12,118,409.88,407.01,168.92
3295,13,116,409.62,391.66,171.71
3296,9,113.5,408.82,376.17,171.79
3297,5,112.1,404.08,369.63,170.86
3298,6,111.7,406.3,375.18,170.86
3299,9,110.3,399.65,378.58,170.43
3300,6,108.8,405.38,381.55,169.76
3301,4,108.3,412.21,371.34,168.88
3302,4,108,412.88,378.22,167.91
3303,8,108.2,407.57,373.99,163.19
3304,7,107.7,400.96,385.45,161.38
3305,10,107.5,395.61,389.09,159
3306,10,107.6,386.32,382.76,156.45
3307,10,108.3,386.53,380.13,154.65
3308,10,108.9,384.37,380.3,157.24
3309,7,108.8,385.55,379.83,157.52
3310,5,108.7,378.1,378.22,155
3311,4,108.4,382.56,375.18,148.61
3312,4,108.6,384.34,382.15,147.2
3313,3,109.5,378.58,372.85,145.7
3314,3,110.4,372.18,370.23,145.16
3315,4,110,363.62,370.02,145.79
3316,4,110.6,370.03,385.27,152.11
3317,4,110.8,377.24,387.15,160.64
3318,6,111.6,392.99,389.99,165.19
3319,8,111.2,404.87,380.73,167.15
3320,11,110.1,416.01,378.83,167.8
3321,11,108.5,414.63,374.8,167.22
3322,10,107.8,413.87,374.49,167.36
3323,13,107.4,411.41,373.19,166.64
3324,12,107.5,410.15,370.06,166.6
3325,13,107,407.04,360,164.21
3326,12,107.3,394.82,361.17,162.09
3327,6,107.2,397.28,365.46,159.94
3328,7,107.1,385.68,375.06,156.98
3329,8,106.6,378.42,375.73,154.76
3330,8,106.5,372.55,372.71,152.65
3331,6,106.5,371.85,375.97,151.18
3332,9,107.5,381.25,371.37,149.23
3333,6,108,378.39,375.74,148.14
3334,6,107.3,379.44,366.58,147.71
3335,4,106.7,374.64,368.9,148.17
3336,4,107.2,365.59,365.94,147.45
3337,3,107.2,367.11,376.03,146.66
3338,4,107.3,363.85,372.67,146.41
3339,2,107.6,379.94,370.99,147.04
3340,3,108.4,391.21,363.57,150.49
3341,3,108.8,402.98,366.15,158.48
3342,5,109,403.98,371.88,162.95
3343,9,108.3,397.01,368.85,165.17
3344,12,107.7,387.62,366.81,166.86
3345,9,106.9,380.73,364.08,157.14
3346,10,106.7,381.83,372.57,158.62
3347,7,106.6,395.87,374.38,163.8
3348,11,106.8,399.67,367.18,163.15
3349,6,107.3,399.39,364.27,163.01
3350,4,107,394.19,365.8,162.34
3351,4,108.4,392.67,372.9,158.81
3352,5,109.3,382.32,375.76,155.62
3353,12,108.8,375.36,380.25,153.89
3354,11,108.6,374.73,379.25,152.18
3355,10,109.4,374.12,375.75,150.95
3356,11,109.7,368.16,377.46,146.69
3357,11,110.6,360.02,375.92,145.99
3358,9,110.3,361.17,382.14,146.09
3359,4,110.7,368.76,386.14,146.89
3360,3,110.8,374.47,396.03,147.58
3361,3,110.9,371.85,398.09,146.95
3362,3,111.3,372.15,393.22,146.32
3363,3,111.9,363.44,389.71,145.15
3364,6,112.2,368.86,385.56,145.64
3365,11,112.8,377.73,383.97,156.05
3366,13,112.7,402.67,389.53,163.5
3367,12,113.3,407.7,395.38,166.08
3368,10,114,406.44,400.71,163.84
3369,9,114.1,405.68,401.83,164.09
3370,7,114.1,405.56,403.02,165.28
3371,7,114,402.26,400.47,164.85
3372,5,113.9,390.77,387.62,163.56
3373,5,113.5,387.83,393.49,160.85
3374,5,113.6,386.82,389.79,158.63
3375,8,112.5,380.62,398.92,154.46
3376,10,112.6,379.05,387.29,152.66
3377,10,112.5,376.46,392.45,150.31
3378,9,112.2,373.96,389.23,148.51
3379,12,112.7,367.54,387.13,147.74
3380,9,113.4,361.52,375.77,146.18
3381,11,114.1,362.31,382.24,145.4
3382,6,113.5,366.41,389.27,144.83
3383,4,113.3,369.12,394.98,144.17
3384,3,113.5,367.84,393.09,142.73
3385,3,114.1,359.3,394.98,140.8
3386,4,113.7,354.19,397.14,139.76
3387,3,114.4,348.55,397.9,140.05
3388,4,114.9,351.49,400.75,141.83
3389,9,116.1,350.78,397.44,144.12
3390,12,114.8,356.6,395.25,146.36
3391,12,111,369.39,386.07,150.5
3392,10,110.3,375.62,393.42,153.96
3393,12,109.8,376.56,390.05,154.63
3394,9,109.9,371.89,390.83,152.22
3395,6,110.7,376.29,383.86,151.34
3396,5,111,378.12,390.66,150.61
3397,6,111,379.47,387.67,150.76
3398,7,110.8,375.83,390.6,151.16
3399,9,110.6,378.89,381.1,149.66
3400,7,110.2,370.76,386.48,150.44
3401,9,110.7,372.56,395.6,148.1
3402,9,111.6,368.25,399.56,147.95
3403,11,112.9,372.7,397.4,148.9
3404,13,113.7,369.55,388.23,148.81
3405,10,113.8,370.25,385.26,148.47
3406,5,116.2,374.48,391.75,147.7
3407,4,117.6,369.96,399.35,146.21
3408,4,118.8,366.05,406.79,144.21
3409,2,119.8,355.24,401.39,144.09
3410,3,120.1,357.87,403.8,144.69
3411,3,120.6,354.82,409.75,144.22
3412,2,120.9,354.11,418.02,144.17
3413,11,119.2,356.72,408.95,145.81
3414,12,116.7,364.92,405.29,147.77
3415,13,115.3,370.1,396.65,149.67
3416,12,113.5,374.57,398.86,150.62
3417,12,112.1,374.71,386.89,152.66
3418,10,111.4,375.8,392.19,151
3419,11,110.6,368.94,392.52,148.7
3420,8,110.2,380.3,394.35,148.92
3421,6,109.1,387.49,386.09,151.28
3422,4,108.6,399.25,381.42,152.09
3423,4,108.3,390.98,376.35,152.15
3424,10,108.3,387.03,372.73,150.68
3425,11,108.3,373.98,376.39,148.4
3426,9,108.5,375.88,389.4,146.47
3427,12,109.5,371.45,389.62,146.11
3428,13,110.9,368.13,393.29,145.56
3429,10,111.7,357.63,388.41,144.4
3430,13,112.7,350.2,395.98,143.93
3431,13,113.7,354.01,396.88,144.62
3432,9,113.9,353.73,407.74,145.51
3433,5,114.6,364.24,410.65,147.13
3434,3,114.7,365.83,410.85,146.47
3435,4,114.3,374.17,398.92,147.47
3436,6,114.4,384.15,394.4,151.83
3437,12,114.1,399.34,383.04,161.84
3438,12,113.1,417.65,383.76,171.87
3439,11,111.7,425.55,383.86,174.61
3440,11,110.5,424.25,385.39,169.64
3441,12,109.2,414.94,387.83,170.1
3442,8,108.5,410.19,394.15,168.25
3443,12,108.2,407.04,391.27,167.62
3444,10,107.9,401.8,381.69,166.25
3445,8,108.1,398.62,374.25,166.09
3446,10,107.8,393.29,379.51,164.5
3447,10,107.9,390.92,384.54,160.77
3448,8,108.8,387.7,385.15,157.55
3449,9,109.9,384.31,390.31,155.28
3450,7,109.9,382.28,386.46,154.25
3451,9,110.2,377.33,380.48,153.53
3452,11,110.9,382.3,373.28,152.65
3453,9,110.3,382.88,375.99,150.95
3454,9,109.7,371.43,380.19,149.85
3455,11,109.4,363.44,379.49,148.02
3456,5,109.9,355.95,374.51,145.52
3457,4,110.4,361.55,367.21,144.92
3458,3,111.1,363.88,371.7,144.45
3459,4,111,365.99,376.66,143.7
3460,6,111.4,379.51,384.14,146.37
3461,9,111.5,392.3,378.53,154.07
3462,10,110.6,407.71,377.81,162.61
3463,11,109.8,402.74,373.03,164.4
3464,8,109.8,398.14,376.5,164.13
3465,10,108.5,398.04,374.96,164.06
3466,10,108.1,397.91,382.17,163.72
3467,9,107.8,395.5,380.25,162.75
3468,10,107.6,394.4,381.14,164.6
3469,10,107,397.29,377.58,161.92
3470,10,107.1,398.72,374.24,159.84
3471,10,107.1,385.88,378.45,156.5
3472,12,107.3,378.04,379.4,153.38
3473,10,107.9,374.83,388.86,151.78
3474,10,107.3,379.52,380.44,151.78
3475,6,107.4,382.2,378.38,150.53
3476,7,107.8,375.12,363.78,149.23
3477,7,108.6,369.9,374.57,147.7
3478,7,109.1,364.86,372.63,145.77
3479,4,109,360.05,378.13,145.11
3480,4,108.9,362.98,367.18,144.85
3481,4,108.5,357.99,369.24,141.69
3482,4,108.8,364.04,370.17,140.42
3483,3,109,362.76,383.16,142.22
3484,4,109.4,373.69,387.65,145.22
3485,4,109.8,386.64,387.54,154.69
3486,4,109.8,393.25,377.45,162.72
3487,8,110.4,398.74,366.81,165.2
3488,9,111.1,397.38,365.31,164.03
3489,9,110.2,406.48,363.52,165.61
3490,9,109.4,404.17,376.01,164.29
3491,8,110.1,399.88,378.04,163.5
3492,9,108.9,394.3,382.28,163.09
3493,9,108.6,395.74,372.49,163.28
3494,8,108.7,395.4,373.11,161.91
3495,5,108.4,394.48,367.37,157.53
3496,11,108.2,389.45,370.39,157.7
3497,9,108.4,386.58,378.65,154.7
3498,7,108.3,378.98,382.91,152.04
3499,6,108.4,380.47,386.09,152.53
3500,5,109.4,376.15,371.93,151.56
3501,8,110.3,374.54,367.67,150.08
3502,5,110.4,365.31,369.07,148.32
3503,6,111,366.64,383.59,146.17
3504,4,112.9,370.87,393.29,144.09
3505,3,112.9,373.11,402.4,144.37
3506,2,112.8,368.93,393.24,144.25
3507,3,113.4,362.85,392.71,146.25
3508,3,114,378.4,386.08,150.31
3509,2,113.9,396.73,393.23,160.01
3510,6,113.1,415.54,394.03,170.52
3511,7,112.3,409.54,387.26,172.91
3512,9,111.9,401.46,386.31,172
3513,10,111.6,394.49,386.31,162.03
3514,8,111.7,399.68,392.09,169.28
3515,9,111.6,400.75,391.57,168.56
3516,8,111.6,404.32,389.53,167.86
3517,9,110.8,396.43,386.42,167.5
3518,9,111.1,401.93,382.35,162.88
3519,8,110.3,404.41,377.6,161.93
3520,9,108.9,404.36,372.98,158.62
3521,6,109.7,389.05,375.18,156.27
3522,7,108.5,376.79,378.59,154.82
3523,8,109.1,368.39,376.11,154.55
3524,8,110.8,373.63,379.35,153.59
3525,9,111.4,371.12,382.1,154.88
3526,8,111.7,377.57,386.09,153.25
3527,7,111.6,375.2,389.26,154.06
3528,4,111.8,377.71,390.98,152.44
3529,4,113.1,372.04,391.9,150.88
3530,5,113.4,370.72,394.25,149.22
3531,4,114,367.67,400.53,152.26
3532,6,114.1,379.56,402.67,154.05
3533,10,113.9,393.51,394.49,160.96
3534,11,113.5,406.1,387.94,167.16
3535,9,113,409.75,382.42,172.6
3536,10,112.9,405.84,383.21,171.49
3537,7,112.5,407.31,385.02,173.89
3538,8,112.4,406.25,397.59,173.61
3539,7,112.3,405.92,394.96,168.54
3540,4,111.1,399.37,393.81,168.72
3541,4,111,400.86,382.01,168.47
3542,4,110.9,403.11,387.61,165.75
3543,7,110,396.41,380.74,161.36
3544,7,110.7,386.08,382.97,158.6
3545,6,111.3,381.56,381.27,153.98
3546,6,111.8,385.04,383.31,153.3
3547,7,112.2,385.29,385.7,153.97
3548,10,111.7,375.18,381.78,149.58
3549,9,111.6,366.37,384.51,149.88
3550,9,111.5,368.68,382.57,150.48
3551,6,111.9,374.3,384.54,148.75
3552,3,112,375.64,380.57,149.49
3553,3,112,371.4,387.3,148.88
3554,3,112.2,371.33,390.11,146.22
3555,3,112.3,374.26,395.35,144.18
3556,3,113.2,377.65,390.18,146.89
3557,8,113,377.86,388.33,148.28
3558,9,112.8,374.82,384.95,147.43
3559,9,111.6,370.12,384.86,148.25
3560,10,110.6,368.24,379.88,149.53
3561,8,109.8,376.02,389.27,150.46
3562,9,109.9,379.75,387.49,149.69
3563,5,110.4,376.52,378.45,150.82
3564,6,110.3,365.89,366.06,151.05
3565,6,109.9,360.21,359.66,148.78
3566,5,109.1,355.41,365.58,147.13
3567,5,108.9,364.29,362.05,145.92
3568,5,108.9,364.63,364.9,144.91
3569,6,108.9,372.46,369.76,143.12
3570,8,109.6,359.03,379.91,142.98
3571,9,110.4,355.97,385.86,142.94
3572,8,111.3,348.22,391.5,141.23
3573,9,111.9,359.34,391.49,141.08
3574,5,113.1,364.15,396.44,141.3
3575,4,111.8,361.66,391.22,140.68
3576,4,111.5,356.51,396.05,140.52
3577,3,111.6,350.64,394.9,140.93
3578,3,112.1,351.85,393.96,140.57
3579,2,112.3,352.63,390.59,140.26
3580,3,112.3,359.37,388.48,139.72
3581,7,112.6,365.84,391.2,140.81
3582,8,113.7,367.62,392.63,143.42
3583,9,114.1,360.34,397.42,144.38
3584,9,114.6,367.3,390.73,145.11
3585,6,114.5,368.13,386.73,145.63
3586,4,114.1,378.44,388.04,146.14
3587,5,112.9,376.53,395.21,146.45
3588,7,112.5,381.75,389.38,148.68
3589,4,111.4,374.77,371.73,149.49
3590,5,110.5,368.99,375.57,149.31
3591,7,110.9,371.56,378.22,149.98
3592,6,110.5,384.9,392.45,149.95
3593,7,110,386.85,394.17,149.2
3594,9,110.4,369.66,391.96,148.13
3595,8,110.6,357.35,378.7,146.14
3596,9,112,353.21,370.29,145.15
3597,8,112.4,363.22,375.41,147.8
3598,10,112.7,360.68,388.41,147.27
3599,6,113.4,366.25,387.62,146.5
3600,3,113.9,358.09,390.3,146.14
3601,3,114.2,356.21,390.3,145.45
3602,3,114.2,359.95,399.61,144.72
3603,4,114.8,367.72,399.5,145.47
3604,3,116,376.73,401.64,148.39
3605,7,115.5,384.54,398.39,156.51
3606,9,114.6,397.11,402.52,164.55
3607,9,113.5,404.87,393.56,167.51
3608,7,111.7,395.12,376.16,167.97
3609,5,110.3,393.09,366.03,167.15
3610,5,110.2,397.7,369.62,168.2
3611,4,109.8,399.62,375.97,167.98
3612,3,109.4,400.11,369.62,166.13
3613,5,108.7,395.02,364.14,165.88
3614,6,109,399.89,367.23,164.37
3615,3,108.6,398.62,372.39,162.11
3616,6,107.9,388.99,365.16,158.8
3617,8,108.2,392.22,363.91,155.9
3618,8,108.2,387.96,368.43,155.34
3619,10,108.5,391.8,377,155.43
3620,9,108.8,385.1,380.19,154.33
3621,9,109.7,381.62,372.95,153.84
3622,9,110,382.7,375.62,153.32
3623,5,110.2,388.4,375.98,153.54
3624,4,111.1,380.98,381.43,151.95
3625,4,112.4,369.34,379.17,150.21
3626,3,113.4,365.32,379.91,149.46
3627,3,113.7,370.5,390.72,150.17
3628,3,113.3,388.92,394.22,152.26
3629,8,113,393.61,398.96,160.81
3630,9,112.6,408.66,391.02,168.34
3631,10,112.1,415.02,388.23,171.73
3632,9,110.4,417.71,379.22,171.52
3633,10,109.3,413.78,378.52,170.52
3634,9,108.1,407.97,382.15,170.03
3635,9,108.2,406.56,380.74,171.68
3636,4,108.5,413.92,374.77,169.14
3637,4,108.6,416.6,374.44,168.13
3638,5,108.6,418.3,366.67,167.84
3639,5,108.4,409.36,369.2,164.61
3640,9,108.5,403.19,366.43,161.37
3641,7,107.9,404.52,379.3,158.6
3642,7,108,402.06,378.5,159.42
3643,9,108.3,398.5,380.2,157.23
3644,8,109.6,392.46,374.94,154.13
3645,6,109.8,382.58,379.67,153.25
3646,6,110,375,379.54,152.3
3647,5,109.8,369.66,383.9,150.98
3648,7,109.7,372.16,381.31,149.66
3649,3,109.9,375.78,383.67,148.56
3650,3,110.3,369.31,394.06,147.83
3651,2,110.5,369.95,396.59,148.07
3652,3,110.7,372.09,397.33,150.57
3653,3,111.2,377.36,390.19,159.03
3654,3,112,388.83,397.11,167.44
3655,8,110.7,405.05,387.41,169.23
3656,9,110.3,424.38,376.73,169.32
3657,10,108.8,436.4,365.34,168.22
3658,9,108.5,426.79,375.22,168.84
3659,6,108.8,417.85,371.88,168.69
3660,9,108.6,397.62,370.76,170.11
3661,6,108,393.49,363.54,168.25
3662,7,108.2,397.25,375.01,167.73
3663,10,107.7,405.86,376.19,164.91
3664,6,107.6,408.37,369.6,161.85
3665,9,107.7,398.41,368.74,159.02
3666,6,108.2,396.54,365.19,159.58
3667,5,108.6,384.23,375.86,158.28
3668,4,108.8,372.62,376.86,155.59
3669,6,109.1,366.22,378.53,155.68
3670,5,109.3,369.32,376.7,153.9
3671,4,108.8,380.32,372.14,151.25
3672,3,109.4,385.32,384.23,150.34
3673,3,110.7,389.12,388.8,150.42
3674,3,111.2,389.46,397.56,150.7
3675,2,110.9,380.28,394.28,152.64
3676,3,110.4,382.99,394.44,155.22
3677,2,110.5,386.41,390.77,163.97
3678,5,110.8,404.84,386.96,171.79
3679,6,110.6,408.8,386.89,176.83
3680,9,109.5,409.62,384.63,175.69
3681,11,108.7,411.96,378.38,175.6
3682,7,108.8,414.06,383.48,174.8
3683,6,108.6,418.39,379.67,172.51
3684,5,108.5,418.37,375.05,171.81
3685,6,107.9,419.2,367.41,171.87
3686,10,108.2,411.1,367.66,169.01
3687,11,108,396.63,375.96,167.97
3688,10,108.1,397.01,378.48,165.83
3689,8,107.7,400.1,380.72,163.84
3690,9,107.3,400.68,378.52,159.7
3691,11,107.7,392.56,377.39,160.01
3692,11,107.8,386.84,380.63,159.15
3693,10,108.2,389.77,380.97,159.32
3694,9,108.5,382.9,385.84,155.42
3695,4,109,384.43,384.56,153.45
3696,2,109.4,376.62,388.87,153.08
3697,3,110,375.07,388.06,151.39
3698,2,110.3,375.48,394.12,151.03
3699,3,111,376.69,398.23,152.57
3700,3,110.8,385.63,388.19,153.87
3701,9,110.6,388.17,387.55,162.42
3702,10,110.1,403.33,383.65,169.96
3703,11,109.4,406.68,381.95,171.68
3704,9,108.4,407.56,376.09,171.87
3705,11,108.2,404.76,372.74,165.9
3706,9,108.3,410.78,386.29,168.87
3707,10,108.6,415.74,386.14,168.23
3708,6,107.5,414.6,381.25,167.77
3709,6,107.1,410.74,365.57,166.03
3710,5,107.3,401.79,364.19,164.3
3711,6,107.7,393.92,362.71,160.56
3712,5,107.7,392.16,363.81,158.21
3713,10,107.3,392.91,367.68,155.98
3714,8,106.8,393.09,369.96,154.04
3715,8,106.6,382.38,374.55,151.58
3716,6,106.6,379.9,367.28,150.53
3717,7,106.9,369.56,361.15,148.83
3718,5,108,366.39,353.68,148.19
3719,4,107.9,357.46,357.71,147.81
3720,3,108,355.67,365.12,146.49
3721,4,108.2,360.46,367.15,144.91
3722,3,108,366.6,375.15,144.31
3723,3,108.4,369.43,380.67,143.54
3724,6,108.6,370.4,385.13,145.48
3725,9,108.4,375.27,378.2,148.12
3726,11,108.3,388.58,375.03,151.42
3727,9,107.4,388.02,369.43,154.82
3728,11,107.3,386.27,370.65,156.93
3729,7,106.7,378.5,371.59,157.12
3730,6,106.5,385.07,371.67,156.13
3731,5,106.9,384.29,368.27,153.38
3732,4,106.3,377.83,365.73,153.96
3733,7,105.9,380.83,367.42,154.55
3734,6,105.7,384.44,373.74,154.47
3735,8,105.8,397.02,379.56,150.81
3736,7,105.7,391.16,379.46,152.37
3737,7,105.8,380.49,376.53,151.57
3738,6,105.8,371.14,368.11,151.52
3739,6,105.8,364.75,367.26,148.9
3740,5,105.8,365.9,359.15,147.31
3741,11,105.8,373.31,362.25,147.58
3742,9,105.8,381.73,371.33,148.11
3743,11,105.5,388.54,380.07,149.48
3744,7,105.5,381.7,380.8,149.75
3745,6,105.4,370.97,365.05,148.65
3746,4,105.5,360.2,352.76,143.46
3747,3,105.6,359,354.4,139.42
3748,3,106.1,362.55,369.58,146.18
3749,4,106.1,376.05,378.62,146.14
3750,7,105.9,378.9,375.71,149.1
3751,10,106,387.27,374.62,151.51
3752,9,106,390.07,375.68,153.03
3753,10,106.2,397.93,379.52,153.1
3754,9,106.7,399.19,371.33,153.53
3755,10,106.4,396.02,369.93,152.99
3756,8,106.3,391.48,371.83,153.71
3757,11,106.3,383.46,377.43,153.1
3758,8,106.4,380.45,379.88,153.19
3759,8,106.5,384.31,373.59,153.18
3760,8,106.4,386.73,372.26,152.66
3761,10,106.6,388.84,380.2,151.47
3762,9,106.9,378.41,378.65,150.24
3763,8,107.4,375.96,376.88,149.55
3764,6,108,367.24,366.63,148.66
3765,9,109.3,365.6,370.26,148.21
3766,6,108.4,365.23,367.83,147.23
3767,5,108.7,370.79,371.74,146.43
3768,3,108.7,370.84,369.98,146.17
3769,4,107.4,373.78,377.69,145.85
3770,3,107.3,370.96,365.9,145.02
3771,4,107.6,368.18,370.68,146.14
3772,6,108.3,376.26,373.91,149.01
3773,9,108.6,381.65,384.82,158.51
3774,11,108.9,407.08,384.5,167.95
3775,8,108.8,408.9,382.95,171.32
3776,11,108.8,419.61,385.3,172.59
3777,10,108.2,413.62,384.16,172.8
3778,10,108.1,426.99,386.03,172.41
3779,9,108.3,435.22,386.8,173
3780,8,107.6,438.43,386.81,172.93
3781,6,107.3,428.76,377.44,171.11
3782,6,107.6,416.15,376.77,167.82
3783,5,108.3,408.57,374.55,164.54
3784,6,108.3,397.97,377.86,162.21
3785,8,107.8,398.68,378.7,159.04
3786,10,107.9,395.1,382.79,159.39
3787,9,108.3,392.87,389.96,157.1
3788,10,108.5,387.47,385.32,154.79
3789,10,109.1,385.58,389.52,154.17
3790,9,109.5,376.89,384.87,153.38
3791,6,109.7,380.49,390.06,147.46
3792,3,109.1,371.46,383.62,149.86
3793,3,108.9,371.96,380.09,149.1
3794,3,108.7,350.28,382.05,147.4
3795,4,109.1,353.74,380.14,138.97
3796,4,109.9,362.71,380.68,151.36
3797,9,109.8,390.43,369.73,160.48
3798,9,110.1,398.47,378.31,168.63
3799,11,109.2,408.77,384.71,170.81
3800,10,108.2,399.23,388.2,170.62
3801,9,107.6,418.57,375.33,163.73
3802,11,107.2,419.98,371.76,170.89
3803,6,107,430.84,368.51,169.86
3804,5,106.9,416.21,367.31,170.28
3805,7,106.2,410.67,361.54,170.6
3806,7,106.4,402.79,364.42,170
3807,7,106.8,400.79,367.13,168.13
3808,6,107.3,399.82,370.65,165.88
3809,5,107,396.38,367.72,162.2
3810,11,107,395.8,375.74,160.98
3811,10,106.9,392.27,373.42,159.64
3812,7,107.2,392.77,378.79,157.97
3813,6,107.8,387.18,374.57,156.35
3814,5,108.1,387.75,378.05,154.87
3815,4,107.7,382.12,371.01,153.02
3816,6,108.2,374.09,367.88,150.69
3817,3,108.5,368.64,365.14,148.75
3818,4,109.1,370.9,370.64,144.29
3819,3,109.3,373.45,380.56,144.38
3820,3,110.4,377.01,386.01,147.63
3821,3,110.1,385.11,383.34,156.78
3822,3,110.1,400.72,380.01,162.73
3823,6,109.6,405.46,376.15,165.9
3824,9,108.3,414.24,375.7,169.06
3825,9,107.7,414.27,370.73,168.08
3826,10,107.4,421.89,376.12,168.48
3827,9,107.2,416.43,373.71,167.4
3828,9,106.7,414.74,371.64,168.33
3829,11,106.6,411.29,368.79,168.1
3830,9,107,410.26,373.72,166.34
3831,11,107.2,413.33,380.37,161.36
3832,7,107.2,409.95,381.72,157.59
3833,8,106.7,397.13,380.1,155.02
3834,9,107,390.36,376.43,152.92
3835,8,107.2,377.81,369.99,151.45
3836,6,107.4,380.82,365.53,151.45
3837,6,107.3,378.37,361.54,149.75
3838,6,107.2,381.74,361.57,149.18
3839,6,106.7,379.95,363.97,147.52
3840,3,106.4,366.28,364.77,146.07
3841,7,107.3,362.38,366.55,145.86
3842,5,107.3,357.36,378.75,144.54
3843,11,108.2,369.35,376,144.95
3844,4,108.7,375.36,381.29,148.38
3845,3,108.3,392.43,372.13,157.29
3846,3,108.3,406.29,378.64,164.75
3847,7,108.2,417.97,365.04,167.04
3848,10,106.5,419.34,366,166.56
3849,8,106.5,420.45,358.31,168.28
3850,11,106.5,423.8,372.56,169.78
3851,10,106.8,420.39,376.61,168.3
3852,12,106.9,415.22,377.09,167.88
3853,11,106.4,406.8,373.8,168.55
3854,10,105.8,404.52,365.97,167.28
3855,10,105.5,397.79,362.09,162.9
3856,9,105.5,398.69,352.99,160.09
3857,11,105.4,402.22,358.96,158.78
3858,11,105.3,403.45,367.42,155.95
3859,9,104.9,396.18,366.05,155.56
3860,11,105.4,386.25,360.85,154.33
3861,11,106.2,379.58,363.59,150.92
3862,8,106,376.32,373.65,150.53
3863,5,106,367.49,371.81,146.3
3864,2,106,371.55,370.83,145.09
3865,3,106.4,366.84,371.76,145.45
3866,3,106.6,375.41,377.38,143.59
3867,3,106.9,369.84,379.7,145.85
3868,5,107,385.64,376.17,147.79
3869,9,106.6,392.99,372.46,157.51
3870,11,106.7,405.91,371.46,165.18
3871,11,106.1,407.77,367.29,167.95
3872,9,105.7,410.16,371.52,167.53
3873,9,106.5,409.73,362.44,167.91
3874,9,105.9,411.68,366.8,167.04
3875,9,105.8,406.95,361.94,168.4
3876,5,105.9,406.33,368.94,165.8
3877,4,105.6,408.85,369.78,165.5
3878,4,105.7,414.01,375.25,166.01
3879,7,105.8,410.69,373.93,164.73
3880,11,105.7,400.38,368.79,162.75
3881,11,105.6,395.47,368.27,157.83
3882,11,105.7,396.03,366.93,159.42
3883,8,105.8,392.48,371.67,154.77
3884,7,105.8,389.62,362.73,154.25
3885,8,105.7,383.73,363.57,153.08
3886,6,106.1,380.74,368.06,151.41
3887,5,106.2,380.38,373.47,151.91
3888,5,106.5,382.62,370.56,151.17
3889,4,106.4,379.29,363.35,149.56
3890,3,106.2,378.72,354.47,147.97
3891,3,106.5,373.38,358.55,147.94
3892,5,106.8,367.16,366.07,145.72
3893,8,106.4,365.31,369.41,147.52
3894,10,106,368.33,365.48,150.18
3895,9,105.9,381.41,356.91,152.3
3896,10,106.3,389.59,364.42,154.38
3897,7,105.8,397.77,374.19,156.34
3898,7,106.2,392.69,381.86,158.11
3899,6,106.5,388.83,374.19,155.59
3900,4,106.2,380.84,368.06,154.75
3901,6,106.4,389.19,369.37,153.56
3902,5,106.3,392.9,372.95,152.98
3903,4,106.2,391.42,373.45,151.26
3904,7,106.3,384.37,367.75,149.4
3905,11,106.3,377.59,369.16,147.35
3906,9,106.8,381.24,373.63,147.04
3907,10,107.5,383.06,377.41,147.24
3908,8,107.7,373.08,371.23,147.29
3909,9,107.6,363.65,362.78,146.44
3910,10,107.6,362.73,355.87,148.13
3911,4,107.4,361.83,367.25,147.26
3912,3,108.5,356.59,369.72,145.24
3913,4,107.8,355.1,375.08,145.01
3914,3,107.6,349.23,371.01,144.17
3915,5,108,355.03,373.71,144.12
3916,2,107.6,351.42,374.36,144.18
3917,7,108.1,357.6,376.01,147.38
3918,11,108.1,354.46,379.13,147.98
3919,9,108.8,359.05,379.15,148.61
3920,10,108.7,367.54,379.26,151.3
3921,9,108.4,379,375.99,151.65
3922,9,108.5,384.3,375.51,154.23
3923,9,107.8,389.46,379.49,154.15
3924,7,106.4,384.92,375.78,153.87
3925,4,105.8,381.87,377.5,153.54
3926,4,106.3,382.71,368.16,152.81
3927,6,106.5,390.45,373.73,152.08
3928,9,106.7,380.38,375.94,150.57
3929,8,106.9,372.91,383.59,150.34
3930,9,107.3,363.97,378.88,149.13
3931,10,107.4,374.88,371.54,147.99
3932,11,107.7,374.25,367.93,149.07
3933,10,108,377.06,372.78,149.3
3934,8,108.5,371.51,375.19,150.49
3935,5,108.6,371.5,374.85,148.6
3936,3,109.1,376.49,382.21,148.97
3937,3,109.6,367.94,382.77,146.77
3938,2,109.7,370,382.44,145.51
3939,3,109.5,362.06,378.73,148.36
3940,3,110.1,376.41,382.26,150.19
3941,7,109.3,381.89,389.49,156.26
3942,9,109.1,394.13,394.67,165.17
3943,10,108.9,407.27,391.71,168.47
3944,8,108.3,415.88,383.3,168.33
3945,9,107.2,418.85,363.82,160.57
3946,5,106.2,415.62,360.63,168.65
3947,5,106.7,415.1,361.93,171.49
3948,5,106.7,416.96,365.4,170.53
3949,5,107,415.98,360.36,169.65
3950,5,107.3,410.69,360.26,168.89
3951,6,107.1,404.27,367.18,167.49
3952,6,106.7,398.72,371.61,164.59
3953,9,106.8,394.58,381.09,164.43
3954,8,107.7,389.87,382.12,161.5
3955,9,108.2,386.67,388.49,158.9
3956,8,107.9,386.16,388.06,159.37
3957,9,108.2,398.35,395.87,159.04
3958,5,108.5,396.93,394.75,158.8
3959,5,108.3,400.21,385.54,156.17
3960,3,108.8,384.9,376.09,153.41
3961,3,108.6,386.64,380.18,154.39
3962,2,109.1,380.89,379.19,152.24
3963,3,109.4,386.3,385.61,153.71
3964,4,109.7,390.79,379.2,155.26
3965,7,109.3,400.61,382.67,164.15
3966,11,108.7,402.39,375.17,171.02
3967,9,108.6,405.82,369.49,169.91
3968,9,108,407.15,365.79,168.32
3969,9,107,410.4,369.86,169.84
3970,5,107.1,405.21,374.63,169.87
3971,7,107.2,406.99,381.29,169.35
3972,6,106.7,408.44,373.3,169.11
3973,7,106.1,411.66,368.15,168.65
3974,5,106.7,414.21,362.81,167.46
3975,4,106.4,402.46,367.19,163.2
3976,9,105.9,404.03,371.5,159.16
3977,11,106.4,392.85,377.27,158.64
3978,8,106.9,395.29,382.22,158.68
3979,8,107.3,383.51,382.41,157.94
3980,8,106.9,379.08,374.71,157.05
3981,9,107.1,375.54,364.57,156.43
3982,6,107.3,376.13,368.62,154.68
3983,4,106.6,373.87,368.34,153.52
3984,4,106.5,376.87,370.68,152.99
3985,3,106.4,380.31,370.67,154.25
3986,3,107,374.35,380.83,154.41
3987,3,107.3,381.06,383.22,155.43
3988,2,106.9,391.1,378.53,158.54
3989,3,107.1,411.52,370.8,168.49
3990,8,107.5,420.96,371.31,176.71
3991,6,107.8,426.23,370.5,166.66
3992,8,107.1,425.75,368.17,179.76
3993,9,106.5,427.43,369.73,180.25
3994,11,106.6,426.96,373.22,181.57
3995,9,106.3,436.22,380.07,179.93
3996,11,107,433.12,375.86,180.21
3997,11,106.2,431.34,372.44,178.31
3998,9,107.2,427.75,372.36,177.42
3999,10,107.2,423.77,372.87,175.22
4000,9,106.2,419.91,373.44,171.74
4001,8,106.9,409.62,374,167.13
4002,6,106.8,405.62,380.2,166.7
4003,7,107,396.65,381.79,165.74
4004,5,106.9,390.7,381.24,163.51
4005,6,107.3,392.5,374.42,160.81
4006,5,106.5,399.31,376.65,161.77
4007,4,106.3,411.36,371.94,162.83
4008,4,106.4,416.73,376.81,161.44
4009,2,107.2,418.25,377.68,161.42
4010,3,107.5,414.2,374.58,159.26
4011,2,107.6,404.06,372.01,159.09
4012,2,107.6,409.58,371.2,157.61
4013,3,106.8,418.11,377.42,164.25
4014,7,106.3,434.15,382.15,171.51
4015,7,105.8,431.26,377.61,170.68
4016,9,105.5,429.48,378.39,170.82
4017,10,105.6,423.39,369.28,171.07
4018,5,106,424.42,367.26,171.77
4019,7,106.1,413.63,361.25,171.75
4020,9,106.2,403.93,367.94,171.39
4021,5,105.9,400.74,366.02,167.11
4022,5,105.9,397.46,361.14,164.68
4023,6,105.7,399.26,350.15,161.48
4024,7,105.6,389.65,356.28,158.77
4025,8,105.4,389.79,361.4,156.46
4026,9,105.4,380.58,369.26,155.53
4027,10,105.2,376.56,365.17,154.7
4028,9,105.2,377.41,362.6,152.78
4029,6,105.7,385.63,357.59,153.14
4030,5,105.8,392.09,359.86,154.78
4031,3,105.5,394.79,359.5,153.47
4032,3,105.3,389.05,362.92,152.13
4033,3,105.6,379.97,363.85,150.19
4034,2,105.7,368.77,369.27,149.69
4035,4,105.7,376.17,372.59,149.69
4036,4,105.5,385.6,371.19,153.28
4037,9,105.2,401.74,365.21,163.33
4038,9,105.8,401.94,366.09,169.68
4039,9,105.8,407.43,368.97,171.06
4040,9,106.2,399.69,373.1,170.45
4041,11,106.7,410.25,368.07,164.34
4042,6,105.8,408.64,378.47,171.37
4043,8,106.3,417.53,373.96,170.31
4044,6,106.3,407.48,376.93,170.13
4045,7,105.9,413.22,367.53,169.19
4046,5,105.8,407.48,370.5,166.87
4047,6,105.8,413.7,368.18,162.16
4048,9,106,409.06,362.56,159.73
4049,9,105.5,409.59,368.87,158.43
4050,9,105.3,394.5,372.13,156.99
4051,11,105.4,386.56,372.77,154.5
4052,9,105.4,380.59,378.98,149.52
4053,10,105.7,368.64,374.89,146.81
4054,7,106.2,362.12,380.96,146.12
4055,4,105.7,358.16,372.12,145.31
4056,4,106.2,368.56,373.65,145.56
4057,2,105.7,371.16,373.88,144.59
4058,3,105.6,368.6,365.39,143.38
4059,3,105.6,361.89,366.55,143.6
4060,3,105.7,357.99,358.25,143.26
4061,8,105.3,357.28,362.4,145.74
4062,11,105.5,360.81,361.28,149.04
4063,9,105.7,367.87,361.31,149.53
4064,10,106.2,380.17,358.49,151.72
4065,11,107.1,383.21,361.41,153.85
4066,9,107.5,382.06,369.65,154.41
4067,11,107.7,374.83,375.08,154.17
4068,8,107.5,380.46,376.02,154.49
4069,5,107.1,380.09,373.73,153.33
4070,7,106.9,382.18,373.01,151.87
4071,4,106.7,375.92,380.1,151.08
4072,10,105.9,377.3,381.53,150.05
4073,10,106.3,371.12,396.85,149.75
4074,6,106.1,372.21,384.37,148.13
4075,7,106.1,369.61,382.08,147.65
4076,5,106.8,373.84,363.18,146.23
4077,9,106.7,377.58,365.6,145.09
4078,6,108.1,377.29,363.98,144.3
4079,5,108.2,373.26,381.23,143.97
4080,3,108.1,367.82,379.77,144.07
4081,3,108,367.06,381.82,143.2
4082,3,108.9,359.82,366.33,142.22
4083,2,109.2,357.66,371.88,140.78
4084,3,108.9,358.65,369.06,140.44
4085,8,108.6,365.94,376.58,142.49
4086,10,107.9,370.23,368.35,144.53
4087,9,107.3,370.09,369.47,146.52
4088,9,106.9,375,358.46,147.92
4089,10,107.2,377.92,360.74,149.45
4090,10,106.9,376.8,363.45,151.12
4091,9,106.9,382.4,367.55,152.47
4092,9,106.7,381.99,367.2,152.68
4093,9,106.6,381.33,368.3,152.53
4094,6,106.7,377.03,378.31,153.16
4095,7,106.5,374.96,381.18,154.14
4096,10,106.4,387.36,374.33,153.87
4097,9,106.6,384.38,372.9,152.9
4098,11,107.2,385.55,370.46,152.59
4099,11,106.5,379.21,377.34,151.6
4100,9,107,372.97,373,150.57
4101,9,107.6,370.23,370.12,149.78
4102,4,108.1,359.73,372.1,147.29
4103,5,108.1,364.6,374.73,143.42
4104,3,107.7,363.66,385.31,142.32
4105,3,107.3,360.77,378.66,142.38
4106,4,107.5,348.7,375.75,139.26
4107,3,107.3,351.16,366.84,129.33
4108,3,108.3,366.53,368.99,143.38
4109,6,107.9,381.36,370.64,151.43
4110,11,108.5,393.48,374.58,160.53
4111,11,108,401.25,375.51,164.59
4112,9,107.4,405.95,373.04,165.57
4113,10,107,408.07,370.39,166.56
4114,11,106.9,405.64,377.35,165.81
4115,11,107,410.93,375.87,165.71
4116,8,107,408.65,377.7,164.66
4117,5,106.6,408.9,364.02,164.92
4118,7,107.4,403.74,366.91,164.78
4119,6,107.1,408.26,364.66,159.95
4120,6,106.6,398.12,372.56,158.75
4121,9,106.4,399.23,370.34,157.44
4122,5,106.3,381.99,373.47,155.98
4123,6,106.4,380.85,362.22,155.15
4124,4,106.7,378.28,364.15,153.61
4125,5,106.5,383.56,362.45,152.72
4126,3,106.9,381.25,372.3,151.3
4127,4,107,371.24,368.87,143.8
4128,3,107.5,365.71,366.11,147.46
4129,3,107,369.57,363.23,147.97
4130,3,107.2,373.63,365.75,145.76
4131,3,107.1,379.39,372.04,146.5
4132,4,107.6,384.42,374.13,151.2
4133,8,106.6,396.18,370.47,158.8
4134,6,107.6,404.3,377.18,167.42
4135,10,107.3,402.02,377.5,168.53
4136,8,106.8,394.51,377.52,168.46
4137,10,106.5,396.42,369.17,170.44
4138,6,106.6,403.28,372.26,170.63
4139,7,106.8,413.83,374.23,169.57
4140,5,106.8,412.66,371.06,169.09
4141,7,106.1,410.14,369.93,169.33
4142,7,106.4,409.5,376.84,166.59
4143,9,106.7,403.27,370.75,162.63
4144,8,106.4,397.15,371.87,159.72
4145,4,106.6,384.09,370.53,156.34
4146,5,106.1,373.04,379,154.44
4147,7,106.5,370.95,379.44,153.12
4148,4,106.6,378.76,364.62,151.83
4149,5,106.7,383.25,367.51,150.34
4150,5,107.2,379.54,367.7,149.06
4151,4,107,365.5,375.68,147.1
4152,4,107.4,361.69,367.81,145.82
4153,3,107.5,363.22,370.02,144.74
4154,4,107.8,366,366.46,143.7
4155,3,107.8,363.5,373.74,143.73
4156,3,108,365.29,371.55,147.65
4157,4,107.9,376.22,380,156.88
4158,3,108.2,392.91,382.38,165.39
4159,6,107.6,401.43,376.74,167.09
4160,11,107.1,408.62,375.36,166.67
4161,11,106.7,416.31,367.52,169.19
4162,9,106.8,417.96,369.13,169.62
4163,8,106.6,419.95,367.34,169.28
4164,7,106.5,416.6,363.77,169.48
4165,3,106.3,412.71,364.62,171.75
4166,9,106.5,406.78,355.75,168.6
4167,6,106.9,399.69,362.96,163.42
4168,9,106.5,395.02,362.19,161.32
4169,7,106.2,388.58,372.95,158.25
4170,5,106,384.94,366.25,157.85
4171,4,105.7,384.04,362.54,159.59
4172,6,105.7,385.4,362.02,155.89
4173,5,105.7,382.59,368.01,152.11
4174,4,105.9,385.81,365.33,150.94
4175,4,105.6,376.77,363.06,150.3
4176,3,105.4,368.58,362.22,149.06
4177,3,105.4,369.35,366.76,146.88
4178,3,105.3,380.88,362.98,147.09
4179,3,105.6,384.67,362.59,148.07
4180,3,105.4,383.47,364.81,151.56
4181,3,105,391.53,369.4,157.8
4182,6,104.7,404.02,371.95,164.51
4183,5,104.8,412.34,374.81,167.83
4184,7,105.2,407.22,374.65,169.16
4185,6,105.8,402.45,369.19,169.61
4186,4,106.1,406.19,364.77,168.57
4187,5,106.5,404.45,365.34,167.69
4188,7,106.3,409.22,363.15,165.91
4189,9,106.1,406.24,360.98,164.84
4190,10,105.7,401.45,361.29,163.17
4191,11,105.6,391.9,369.98,159.76
4192,9,105.3,381.48,365.16,156.57
4193,9,105.4,377.97,368.58,154.25
4194,6,104.8,378.75,363.32,149.63
4195,6,104.6,375.59,368.45,147.55
4196,9,104.8,369.19,363.21,145.98
4197,8,105,355.26,363.66,144.86
4198,7,104.9,355.41,368.58,144.56
4199,4,104.8,358.8,372.36,146.09
4200,3,104.8,370.96,379.92,144.83
4201,3,104.6,361.92,374.72,142.19
4202,3,104.7,359.39,368.72,140.34
4203,3,104.8,348.46,357.56,141.09
4204,4,104.7,359.34,355.4,141.72
4205,9,104.4,362.73,359.26,144.5
4206,8,104.6,375.67,368,147.08
4207,11,104.5,379.76,372.75,149.08
4208,9,104.8,382.66,368.59,149.92
4209,6,105.4,377.32,361.5,149.93
4210,4,105.2,371.76,370.26,149.18
4211,4,105.3,371.46,369.96,150
4212,5,105.7,372.63,377.85,150.38
4213,3,105.5,373.37,368.86,147.96
4214,5,105.5,375.67,369.43,146.42
4215,6,105.9,374.61,359.73,145.25
4216,6,105.3,365.61,355.53,143.61
4217,8,105.3,358.65,364.55,140.81
4218,9,105.1,350.6,366.07,140.08
4219,10,105.8,353.33,374.24,139.44
4220,11,105.3,349.47,366.3,138.19
4221,8,105.1,351.54,371.43,138.22
4222,10,105.1,353.83,367.81,137.96
4223,6,105.1,353.42,374.24,139.33
4224,4,104.9,352,369.89,137.25
4225,3,104.9,349.68,367.92,138.42
4226,3,105,358.72,357.25,139.4
4227,3,105.2,364.09,359.42,138.93
4228,4,105.1,363.8,362.63,138.71
4229,7,104.5,358.43,367.57,140.37
4230,9,104.3,359.81,377.31,142.26
4231,10,104.5,364.17,375.39,143.23
4232,9,104.8,369.42,373.28,144.81
4233,9,104.9,374.96,365.46,145.4
4234,8,105.7,369.23,362.49,146.06
4235,5,105.8,359.75,362.28,146.15
4236,5,105.6,358.31,355.96,146.43
4237,6,105.5,357.26,357.31,146.89
4238,6,105,362.13,359.48,146.21
4239,6,105.1,359.3,367.66,145.26
4240,5,104.9,371,367.24,144.77
4241,10,105,374.37,369.55,146.72
4242,9,105.4,369.82,371.84,146.73
4243,7,105.8,361.75,363.24,146.2
4244,9,106.8,357.16,361.72,144.83
4245,10,105.5,358.07,357.24,141.91
4246,9,106.2,354.29,367.33,143.8
4247,6,106.1,357.1,369.02,143.72
4248,4,105.5,354.15,367.66,141.57
4249,3,105.3,356.18,368.34,138.99
4250,3,105,351.86,363.17,138.96
4251,3,104.4,355.35,356.63,138.92
4252,4,104.5,362.91,354.12,139.96
4253,6,104.5,363.37,352.58,140.06
4254,8,104.4,367.52,358.04,141.41
4255,10,105.1,360.15,363.84,143.66
4256,8,105.8,360.22,374.08,144
4257,6,105.2,364.24,379.25,145.53
4258,4,105.6,373.03,381.62,146.41
4259,6,105.5,374.34,376.28,146.82
4260,5,105.3,376.1,375.48,147.65
4261,3,105.3,374.66,369.51,147.57
4262,5,105.2,376.26,376.39,147.69
4263,5,105.3,376.75,369.76,146.75
4264,6,105.7,376.95,371.35,147.39
4265,8,105.6,376.12,365.23,146.93
4266,9,105.5,370.34,370.85,146.67
4267,7,105.5,367.75,362.41,146.32
4268,5,105.9,378.1,357.42,145.45
4269,8,105.7,384.23,350.88,144.69
4270,7,106.1,385.08,357.35,147.22
4271,6,105.2,375.83,361.58,145.93
4272,3,104.3,366.54,373.22,144.7
4273,2,104.3,359.21,371.01,142.83
4274,3,104.3,361.36,372.96,142.36
4275,3,104.7,356.68,365.22,142.94
4276,3,104.8,366.83,367.93,146.08
4277,8,104.2,368.74,365.33,156.05
4278,10,104.4,388.92,371.38,162.71
4279,11,105.1,403.62,365.71,166.29
4280,8,104.8,406.04,356.44,168.34
4281,10,104.5,407.82,351.33,160.13
4282,8,104.8,406.1,351.67,164.7
4283,4,104.7,427.62,365.49,167.18
4284,4,104.7,432.32,362.2,167.1
4285,7,105,429.47,363.15,167.04
4286,5,106,416.77,369.33,165.95
4287,6,105.7,407.28,371.9,162.83
4288,7,105.6,394.39,374.72,160.38
4289,9,105.8,383.98,373.52,157.31
4290,10,105.9,379.22,376.67,155.96
4291,10,105.7,385.94,381.28,153.22
4292,10,105.5,383.32,367.74,151.64
4293,8,105.7,374.77,367.58,149.89
4294,6,106.5,371.81,362.56,148.26
4295,4,105.7,362.98,364.07,147.6
4296,3,105.7,367.29,361.53,145.57
4297,3,105.8,370.18,355.77,145.03
4298,2,105.5,375.81,362.41,145.08
4299,3,105.6,380.69,361.48,145.65
4300,3,106.1,382.72,366.46,148.78
4301,7,105.6,394.72,362.26,157.57
4302,9,105.3,406.69,364.73,165.53
4303,8,105.9,414.67,370.75,168.61
4304,9,105.7,423.66,367.16,168.82
4305,6,105.2,421.02,363.51,168.19
4306,5,105.3,420.41,361.57,167.25
4307,6,105.4,414.41,361.99,166.56
4308,4,105.5,410.59,364.28,167.06
4309,4,105.6,408.58,360.45,167.57
4310,4,106.7,411.38,359.93,167.26
4311,6,106.2,411.31,361.49,164.38
4312,5,105.8,398.27,368.75,161.09
4313,4,105.7,390.13,378.83,157.99
4314,7,105.4,388.95,376.1,157.88
4315,8,105.4,393.48,369.56,157.01
4316,8,105.3,393.98,362.01,156.61
4317,8,105.5,391.95,367.21,154.06
4318,8,105.9,393.64,368.54,153.8
4319,4,105.8,384,362.87,151.69
4320,3,105.9,376.05,362.97,149.28
4321,3,105.9,371.24,365.9,148.73
4322,3,105.6,377.81,375.76,148.44
4323,4,105.6,386.99,361.27,148.4
4324,4,105.9,382.5,357.14,151.91
4325,4,105,393.74,357.66,160.27
4326,5,105.1,401.2,371.08,166.1
4327,7,105.6,420.29,372.05,167.93
4328,11,105.2,419.04,371.95,169.28
4329,11,105,421.31,368.49,170.37
4330,8,105.3,418.48,376.04,169.12
4331,6,105.6,413.45,374.66,168.75
4332,6,106.2,400.86,374.98,168.4
4333,9,105.8,389.07,370.92,168.73
4334,8,106.1,393.4,368.86,167.37
4335,7,106.2,394.49,365.16,165.1
4336,9,106.4,402.88,361.58,163.91
4337,5,105.8,397.54,370.47,161.69
4338,5,105.8,398.16,377.25,160.51
4339,9,105.8,391.35,380.54,158.52
4340,7,105.7,390.7,372.01,156.38
4341,5,105.4,379.23,367.36,154.54
4342,4,105.2,383.04,361.16,154.37
4343,4,105.1,378.3,362.43,152.83
4344,4,105.5,390.17,357.38,152.35
4345,5,105.5,382.74,360.37,150.09
4346,5,105.8,384.07,369.97,149.36
4347,4,105.6,378.76,370.37,150.11
4348,3,105.4,387.6,369.9,152.91
4349,3,104.9,394.25,360.22,160.62
4350,4,105,414.5,370.69,166.96
4351,6,106.2,411.3,367.13,169.73
4352,9,105.4,407.37,368.28,169.43
4353,10,105.6,394.35,362.5,164.29
4354,8,106.5,395.01,365.25,170.14
4355,9,106.6,400.73,367.5,171.18
4356,8,106.2,416.15,370.94,170.72
4357,6,105.6,423.84,368.19,169.84
4358,6,105.4,429.22,362.07,169.78
4359,4,105.6,410.32,357.2,165.45
4360,5,105.3,407.95,354.53,161.18
4361,7,105.2,396.38,365.03,158.21
4362,6,105.6,395.4,371.04,157.18
4363,7,106.2,387.52,376.23,155.18
4364,10,105.6,384.26,367.09,153.61
4365,8,105.1,393.27,362.86,153.09
4366,9,104.6,389.86,363.79,152.05
4367,4,104.5,388.44,358.58,150.34
4368,4,104.7,379.55,360.26,148.6
4369,4,104.9,375.83,355.68,147.52
4370,4,105,381.25,362.82,145.92
4371,3,104.5,375.49,356.66,146.84
4372,4,104.4,389.18,355.55,149.6
4373,8,104.4,387.38,352.98,157.35
4374,11,104.5,402.34,359.42,164.94
4375,9,104.9,403.7,365.45,168.26
4376,10,105.3,408.22,363.57,159.01
4377,8,105.7,403.9,363.11,167.88
4378,7,105.7,404.06,368.06,166.87
4379,7,106.1,406.13,375.7,165.97
4380,8,105.8,398.09,375.74,164.59
4381,6,105.8,393.84,369.07,162.22
4382,4,106.1,386.63,360.69,159.24
4383,5,106.6,383.67,354.61,156.24
4384,8,106,381.45,356.92,153.58
4385,8,105.1,372.97,368.68,151.39
4386,11,104.9,369.86,369.99,150.1
4387,8,105,360.08,369.53,148.05
4388,9,104.9,368.46,360.4,146.22
4389,8,105,368.17,366.46,144.53
4390,7,105.2,371.41,368.79,143.16
4391,4,105,369.13,361.28,141.75
4392,3,105.1,369.24,362.54,141.13
4393,3,105.3,364.77,360.67,140.72
4394,3,105.3,356.89,367.72,140.26
4395,2,105.8,356.68,363.06,140.9
4396,4,106.2,354.58,362.32,140.05
4397,9,105.4,354.67,360.96,142.81
4398,11,104.4,357.84,359.67,146.79
4399,9,104.4,365.81,356.25,148.21
4400,8,104.7,373.08,355.44,149.08
4401,6,105.5,374.19,362.86,149.46
4402,5,105.6,377.62,369.84,150.19
4403,8,105.5,377.57,381.75,149.31
4404,8,105.4,381.87,378.07,148.68
4405,7,105.5,372.4,376.44,148.05
4406,7,105.3,368.97,364.35,147.61
4407,5,105.4,367.6,362.62,147.27
4408,8,105.9,368.62,361.06,147.23
4409,6,105.6,366.29,368.2,144.75
4410,6,105.5,361.92,367.19,143.5
4411,6,105.8,360.04,368.89,142.58
4412,9,106,362.73,368.42,142.58
4413,6,106.5,360.58,365.02,141.47
4414,9,105.6,357.19,364.42,141.85
4415,6,105.9,356.3,364.29,140.87
4416,3,106,357.11,367.69,141.38
4417,5,106.2,360.6,364.82,140.06
4418,3,106.5,355.96,365.1,139.76
4419,3,106.6,353.28,357.97,137.8
4420,4,106.4,356.61,360.13,139.55
4421,6,106.2,364.54,364.48,144.05
4422,10,106.6,371.58,366.07,143.3
4423,9,106,374.8,369.3,147.49
4424,9,106.4,368.8,365.39,146.08
4425,6,106.7,372.95,367.37,147.72
4426,6,105.8,375.14,369.56,148.07
4427,9,106.3,376.17,370.7,148.33
4428,6,106.2,369.38,371.55,147.72
4429,6,105.7,362.56,362.69,146.64
4430,5,105.4,362.13,358.04,147.3
4431,4,105.2,354.39,365.81,146.83
4432,4,105.6,361.01,366.42,146.57
4433,5,105.4,361.82,371.75,146.7
4434,7,105.2,375.43,365.65,146.08
4435,6,105.5,370.3,368.03,146.49
4436,8,105.7,370.34,367.18,144.9
4437,8,105.9,360.32,370.21,143.72
4438,8,105.7,363.06,368.28,142.41
4439,3,105.2,360.91,364.86,142.48
4440,3,106.4,356.48,361.75,142.38
4441,3,105.9,347.58,360.88,141.6
4442,2,106.6,347.3,365.87,139.77
4443,3,106.8,351.72,376.26,140.57
4444,4,107.2,363.87,372.92,142.66
4445,5,106.2,370.86,369.43,150.94
4446,10,105.7,385.21,368.07,159.4
4447,8,106.5,390.14,369.79,162.72
4448,6,105.8,404.3,366.04,163.97
4449,4,105.8,407.6,358.04,163.76
4450,5,106.1,409.24,373.09,163.37
4451,5,105.9,401.47,381.32,164.14
4452,5,106.2,398.03,379.64,163.91
4453,4,105.7,400.32,363.48,163.53
4454,3,105.6,398.15,359.92,161.69
4455,5,105.9,401.2,365.6,157.09
4456,7,106,396,375.7,158.75
4457,6,105.8,395.07,374.2,156.9
4458,7,105.7,381.7,374.53,152
4459,9,105.7,373.75,367.4,150.23
4460,8,105.9,372.15,368.47,150.44
4461,7,106,374.74,366.22,148.76
4462,7,106.2,377.73,375.97,148.09
4463,4,106,367.09,375.76,145.13
4464,3,106.4,365.77,376.01,143.34
4465,3,107.4,363.25,370.72,139.29
4466,3,107.1,366.79,369.03,141.1
4467,2,106.7,363.9,365.91,143.48
4468,2,107.4,369.79,372.07,143.39
4469,7,106.7,373.32,378.11,149.23
4470,10,106.5,387.65,383.65,155.59
4471,11,107.1,387.29,378.48,158.69
4472,8,106.1,395.55,379.47,159.36
4473,10,105.9,391.15,381.15,159.99
4474,9,105.9,397.84,380.35,160.47
4475,6,105.7,396.57,372.52,161.06
4476,4,105.9,402.02,361.19,160.52
4477,5,105.4,403.74,361.82,160.86
4478,4,105.7,401.29,366.37,158.91
4479,5,105.6,397.51,377.3,156.57
4480,4,105.5,390.64,376.49,155.21
4481,6,105.2,389.19,378.35,152.97
4482,9,105.1,381.76,369.62,152.4
4483,8,105,379.5,368.24,150.01
4484,4,105.2,384.96,359.01,148.9
4485,5,105.1,383.64,364.76,148.68
4486,5,105.2,377.07,360.71,148.71
4487,3,105.1,365.88,365.43,147.01
4488,2,105.6,365.63,369.56,144.89
4489,3,106.3,365.07,375.54,142.96
4490,2,106.8,364.63,377,139.25
4491,3,107.6,358.59,376.04,140.46
4492,2,106.8,366.06,380.06,144
4493,3,105.8,375.75,376.42,151.12
4494,2,105.7,389.87,376.7,158.02
4495,5,106.3,398.31,376.09,162.3
4496,9,106.1,400.63,379.36,165.41
4497,9,106.1,408.56,367.61,165.59
4498,9,106.1,409.98,362.41,165.61
4499,10,105.8,415.74,362.17,166.03
4500,9,105.6,409,367.42,166.01
4501,9,105.5,406.48,371.47,164.69
4502,7,105.3,399.37,375.74,163.04
4503,7,105.8,400.44,376.2,159.45
4504,6,106.6,391.92,368.32,156.77
4505,6,106.4,389.29,366.05,154.61
4506,5,106.1,385.92,366.05,152.83
4507,5,106,389.43,376.16,154.59
4508,5,107,390.49,369.6,156.37
4509,3,107.5,389.77,374.62,156.95
4510,5,106.7,388.28,373.74,152.91
4511,3,106.7,383.08,380.52,151.96
4512,3,107.4,379.11,380.04,150.94
4513,5,107.3,373.39,375.07,147.84
4514,3,107.4,363.88,379.34,145.11
4515,2,107.8,366.12,376.81,141.01
4516,3,107.3,370.41,380.05,142.92
4517,2,106.6,381.43,372.05,150.82
4518,4,107.3,386.69,368.54,158.65
4519,7,107.6,390.56,363.84,160.01
4520,8,106.4,397.09,362.69,160.58
4521,10,106.2,402.99,365.4,163.24
4522,9,106.2,391.66,367.25,164.65
4523,9,106.4,390.55,370.02,164.88
4524,6,106.1,384.34,372.6,163.09
4525,5,105.6,392.41,369.45,163.47
4526,5,105.3,391.48,364.95,162.14
4527,8,105.1,391.82,357.69,159.69
4528,7,104.9,394.06,358.98,156.68
4529,6,104.6,386.13,370.41,154.93
4530,10,104.6,384.62,379.01,154.53
4531,7,104.7,379.89,376.12,151.65
4532,7,104.8,387.72,373.2,149.76
4533,10,105.2,386.65,366.89,147.69
4534,6,104.7,380.3,365.27,146.79
4535,3,104.7,369.8,352.45,145.87
4536,3,104.6,364.5,349.35,144.97
4537,2,104.2,367.49,354.03,144.09
4538,3,104.5,376.19,358.13,143.27
4539,3,104.7,383.55,360.15,144.61
4540,4,104.6,391.85,355.78,147.35
4541,4,104.4,392.69,352.77,154.44
4542,7,104.7,392.3,354.53,160.67
4543,10,105.1,389.5,362.04,163.59
4544,9,105.1,399.95,372.96,164.46
4545,7,105.1,405.58,380.92,163.98
4546,6,105.2,405.17,383.47,163.98
4547,4,105.4,404.49,375.96,162.89
4548,5,105.9,399,367.05,162.92
4549,3,105.5,407.19,363.44,161.19
4550,5,105,403.7,363.5,159.12
4551,5,105.1,407.17,366.69,157.09
4552,5,104.8,402.69,370.84,155.23
4553,8,104.9,394.24,377.73,153.73
4554,8,104.7,384.41,384.04,153.62
4555,5,104.4,378.69,372.42,151.07
4556,5,104.4,378.63,367.2,149.16
4557,7,104.3,380.24,360.1,147.77
4558,5,104.4,382.81,360.72,146.86
4559,4,104.5,383.6,362.65,147.03
4560,4,104.9,375.35,368.05,143.98
4561,2,105.3,363.64,380.15,139.98
4562,3,105,360.18,379.38,139.46
4563,2,105.5,361.22,366.78,141.28
4564,3,105.2,364.3,360.29,141.05
4565,4,104.8,362.35,360.08,141.66
4566,7,104.2,374.35,367.41,145.27
4567,8,104.3,378.14,366.36,147.14
4568,8,104.7,377.76,362.88,148.8
4569,5,105.1,370.3,362.51,150.11
4570,5,105.7,369.83,369.76,150.19
4571,7,105.5,376.28,377.01,150.22
4572,5,105.5,375.51,372.75,151.01
4573,5,105.6,381.35,364.13,151.26
4574,4,105.9,378.71,352.96,151.1
4575,5,105.2,374.99,364.65,150.36
4576,5,105.9,372.39,369.5,149.53
4577,6,105.7,379.35,374.75,148.05
4578,5,106.7,380.1,368.1,146.94
4579,7,106.2,373.48,365.68,146.33
4580,7,107.4,360.8,365.85,145.07
4581,6,107.5,360.23,370.77,144.4
4582,5,107,358.93,376.24,141.68
4583,4,108,358.82,380.05,138.11
4584,3,107.5,360.35,374.89,137.9
4585,3,108,355.49,368.54,138.24
4586,2,107.8,354.65,367.91,137.58
4587,4,107.7,360.74,368.81,137.67
4588,5,108.2,359.21,370.4,137.91
4589,4,107.1,364.38,370.69,139.71
4590,5,106.2,358.17,367.18,141.14
4591,9,106.6,364.71,363.04,142.65
4592,8,105.8,361.06,360.12,144.39
4593,6,105.5,368.72,368.51,145.4
4594,5,105.8,373.81,377.28,145.79
4595,5,105.3,383.08,377.39,146.07
4596,6,105.5,376.88,372.7,146.61
4597,4,105.4,382.67,366.55,148.17
4598,4,106,378.14,370.06,148.9
4599,4,105.1,379.52,370.06,148.83
4600,4,105.3,379.32,374.68,148.02
4601,6,105.6,386.94,371.81,146.46
4602,5,105.7,383.74,367.4,146.16
4603,5,105.4,374.66,364.37,145.65
4604,7,106.2,363.23,366.74,144.52
4605,5,106.6,359.05,380.38,144.2
4606,6,107.1,364.15,373.03,144.11
4607,6,106.5,355.6,371.73,143.63
4608,4,107.2,359.03,362.45,143.66
4609,2,107,359.56,370.84,142.64
4610,2,107.3,362.58,376.94,142.52
4611,3,106.8,363.98,380.36,142.67
4612,2,106.9,366.91,372.21,143.63
4613,4,106,371.95,370.02,150.57
4614,5,105.5,388.09,372.46,155.83
4615,9,104.9,395.29,378.45,158.88
4616,6,105.2,409.38,366.23,160.18
4617,5,104.8,407.06,357.66,161.66
4618,5,104.7,405.86,361.28,161.48
4619,4,104.7,407.02,370.65,160.67
4620,3,104.7,398.2,364.68,160.88
4621,3,104.6,386.59,356.79,160.52
4622,3,104.7,385.55,357.16,159.36
4623,4,104.7,390.73,368.68,157.61
4624,2,104.3,395.78,372.49,155.65
4625,6,104.2,391.25,377.79,152.71
4626,6,104.1,381.66,373.91,151.52
4627,4,104.2,379.03,376.05,151.11
4628,4,104.4,374.56,367.18,149.09
4629,5,104.6,375.53,368.02,146.04
4630,3,104.9,375.82,360.23,145.23
4631,5,104.5,362.93,361.66,144.97
4632,3,104,361.06,354.86,144.13
4633,3,104.4,362.58,361.56,143.26
4634,4,104.2,370.55,357.59,144.11
4635,2,104.2,368.4,363.35,144.89
4636,4,104.3,368.96,357.31,147.08
4637,3,104.2,381.9,357.18,153.27
4638,5,104.3,401,359.44,159.37
4639,6,104.3,409.17,365.27,160.96
4640,7,103.9,402.23,370.93,160.84
4641,5,104.2,398.18,363.08,160.76
4642,4,104.2,394.89,358.47,160.43
4643,4,104.2,401.57,351.11,160.21
4644,5,104.3,399.18,351.52,160.21
4645,5,104.3,398.09,359.27,160.03
4646,5,104.1,397.47,367.53,156.9
4647,4,104.2,395.12,367.67,153.19
4648,5,104.2,393.17,368.19,153.49
4649,5,104.1,384.19,373.78,151.85
4650,4,104.2,376.21,371.5,152.73
4651,5,104.2,374.65,361.92,151.38
4652,9,104.4,382.89,345.61,150.26
4653,5,104.3,389.36,351.18,148.9
4654,5,104.2,381.36,354.97,146.7
4655,3,104.4,369.26,360.7,145.76
4656,3,104,366.9,353.59,144.76
4657,3,104.1,371.73,348.37,144.63
4658,3,104.4,367.38,349.68,143.69
4659,2,104.4,367.72,359.99,144.49
4660,2,104.8,375.38,358.15,146.04
4661,3,104.7,389.11,352.78,152.95
4662,3,104.6,391.85,355.99,159.42
4663,5,104.3,397.07,358.46,161.44
4664,4,104.3,398.63,362.84,163.46
4665,6,104.4,399.25,351.97,163.9
4666,4,104.2,396.5,362.84,163.33
4667,4,104.3,397.64,355.6,162.92
4668,5,104.4,400.26,359.47,161.05
4669,5,104.4,398.65,356.53,159.77
4670,4,104.4,395.23,366.03,160.12
4671,4,104.4,396.32,365.56,156.87
4672,5,104.5,387.99,359.63,155.26
4673,4,104.4,379.99,362.14,147.2
4674,5,104.4,370.38,359.26,142.17
4675,4,104.6,367.14,361.74,143.25
4676,6,104.7,369.29,357.37,145.54
4677,4,105,364.11,361.05,144.12
4678,4,105.1,366.39,365.26,144.07
4679,2,104.9,357.73,361.36,143.86
4680,4,104.7,356.04,356.38,142.28
4681,3,104.8,347.92,350.63,143.53
4682,4,104.7,354.84,355.6,143.61
4683,3,105.3,363.61,362.35,143.01
4684,2,105.7,368.21,364.98,145.55
4685,3,105.9,374.51,361.04,146.87
4686,2,105.9,381.18,359.7,152.76
4687,4,105.4,388.84,357.73,155.21
4688,4,105.2,396.87,358.94,156.73
4689,3,105.1,393.77,364.03,157.9
4690,7,105.1,394.41,369.82,158.66
4691,7,104.9,400.7,369.63,161.21
4692,5,104.8,400.6,369.18,159.78
4693,8,104.7,410.61,365.92,159.53
4694,8,104.4,398.06,362.52,157.14
4695,6,104.4,397.96,346.51,154.9
4696,8,104.4,384.68,340.11,153.2
4697,9,104.4,385.22,352.86,152.11
4698,6,104.4,380.41,367.91,153.43
4699,5,104.5,379.84,366.7,151.68
4700,5,104.4,374.12,361.35,149.91
4701,6,104.5,371.93,360.37,147.48
4702,4,104.5,372.22,371.75,145.95
4703,4,104.7,366.24,373.46,143.51
4704,4,105.1,362.31,376.88,142.74
4705,3,105.2,357.24,374.57,141.66
4706,3,105.6,355.67,373.95,141.1
4707,2,106.2,351.43,369.49,139.32
4708,2,106.8,351.46,371.9,141.79
4709,2,106.7,351.48,365.03,146.82
4710,4,105.9,366.05,366.4,151.05
4711,7,105.3,371.79,363.85,152.24
4712,5,105.3,380.45,373.11,154.59
4713,3,105.2,384.7,369.76,158.16
4714,4,105.4,391.81,374.76,157.69
4715,6,105.3,399.15,369.13,158.03
4716,5,105.4,397.25,374.91,158.48
4717,4,105.8,399.09,364.39,158.61
4718,4,104.7,390.67,367.43,155.76
4719,4,105.1,384.29,362.2,153.29
4720,3,104.6,375.88,360.5,152.67
4721,4,104.4,381.17,361.91,150.83
4722,4,104.2,383.7,366.82,150.58
4723,3,104.4,380.62,367.52,148.13
4724,6,104.5,368.83,357.46,145.14
4725,4,104.5,361.12,354.56,144.32
4726,3,104.8,361.35,352.68,144.82
4727,3,105,365.1,364.15,144.29
4728,3,104.9,365.61,368.95,141.54
4729,2,105.4,361.78,379.59,141.3
4730,3,105.7,356.57,375.05,139.71
4731,2,106,348.7,377.19,138.49
4732,2,106.9,349.49,379.42,138.12
4733,3,106.7,354.89,377.09,140.25
4734,2,105.6,362.44,376.59,139.48
4735,6,105.1,369.82,366.08,143.38
4736,4,104.6,374.6,366.15,145.46
4737,3,104.5,383.18,351.45,147.06
4738,5,104.5,378.52,358.65,147.99
4739,4,104.6,367.43,358.4,147.22
4740,3,104.6,364.65,363.26,146.22
4741,3,104.5,365.32,358.44,146.21
4742,3,104.3,370.53,357.09,146.13
4743,2,104.3,369.05,358.77,145.91
4744,5,104.4,367.32,364.23,145.36
4745,4,104.5,369.69,368,143.36
4746,3,104.4,367.5,370.75,143.02
4747,4,104.2,362.41,366.78,143.23
4748,3,104.4,364.41,366.45,133.28
4749,4,104.3,366.99,363.23,139.78
4750,2,104.2,371.48,359.54,142.58
4751,3,104.1,371.24,359.47,141.79
4752,2,104,368.7,361.13,141.75
4753,2,103.9,365.9,360.52,140.88
4754,2,103.8,356.64,353.99,140.06
4755,2,103.9,357.05,352.65,138.25
4756,2,104.1,348.78,358.57,137.57
4757,3,104.1,351.8,367.33,139.41
4758,2,104.2,341.5,373.9,140.82
4759,4,104.3,348.81,372.63,140.17
4760,5,104.2,353.2,368.16,141.89
4761,3,104.3,355.57,361.59,141.42
4762,3,104.4,361.5,359.2,142.47
4763,3,104.4,364.21,357.79,144.05
4764,2,104.4,374.48,357.6,144.52
4765,3,104.4,375.62,357.69,147.4
4766,2,104.2,381.58,360.39,148.37
4767,3,104.3,376.69,355.51,148.89
4768,2,104.3,374.34,352.52,146.39
4769,3,104.4,363.61,360.82,144.16
4770,3,104.4,366.93,362.98,143.55
4771,5,104.5,362.8,364.7,142.56
4772,4,104.4,357.31,356.63,142.39
4773,3,104.5,351.19,356.06,141.85
4774,3,104.3,356.78,362.18,141.91
4775,3,104.1,364.02,356.77,141.97
4776,2,104,363.57,359.75,140.31
4777,2,103.9,358.96,353.11,139.93
4778,2,104,356.14,358.84,141.54
4779,2,104.4,362.86,357.85,140.88
4780,2,104.7,365.4,360.74,141.84
4781,2,104.4,371.38,364.38,146.85
4782,3,104.4,376.03,365.25,149.71
4783,4,104.1,380.02,362.51,151.1
4784,4,104.1,385.5,356.63,151.45
4785,6,104.1,389.86,362.35,151.87
4786,6,104.2,393.67,367.99,153.17
4787,4,104.2,386.58,373.68,154.55
4788,3,104.2,387.63,367.62,154.6
4789,3,104.1,383.84,368.78,154.38
4790,3,104.1,389.44,365.8,154.34
4791,2,104.2,380,368.54,152.67
4792,5,104.2,385.77,359.18,151.33
4793,4,104.2,378.59,357.42,149.45
4794,3,104.3,379.92,359.39,148.88
4795,4,104.3,375.27,368.5,147.52
4796,4,104.3,376.8,377.64,147.8
4797,5,104.3,376.01,368.41,146.7
4798,6,104.3,367.46,366.02,146.35
4799,2,104,362.53,353.26,145.85
4800,3,104,358.41,355.54,144.62
4801,2,103.9,364.28,351.98,144.15
4802,2,104,370.45,357.15,143.91
4803,2,104.1,374.82,358.16,143.88
4804,2,104.6,381.57,360.52,145.1
4805,3,104.4,382.98,362.36,148.17
4806,3,104.3,389.6,370.72,152.37
4807,6,104.2,389.09,372.77,154.98
4808,8,104.1,390.41,371.08,157.15
4809,5,104,388.59,363.97,156.59
4810,4,104,393.07,362.72,155.99
4811,3,104.1,398.78,363.03,156.28
4812,3,104,400.25,359.76,156.55
4813,4,104,389.55,358.83,156
4814,5,104,384.05,353.02,155.54
4815,5,104,379.99,356.66,154.49
4816,5,104,382.52,352.43,152.04
4817,3,104,373.77,360.39,149.76
4818,5,104,377.75,358,149.15
4819,3,103.9,371.98,359.03,147.4
4820,3,104.1,377.42,354.74,146.58
4821,3,104.1,367.34,348.45,145.8
4822,3,103.9,369.53,344.42,145.09
4823,2,103.7,367.18,347.12,144.8
4824,2,103.5,363.97,356.32,143.66
4825,3,103.6,364.12,360.59,142.25
4826,2,103.8,365.6,361.78,142.07
4827,2,103.9,369.56,359.23,141.82
4828,2,104,371.97,359.77,143.68
4829,2,104.1,377.61,353.05,148.75
4830,2,103.8,383.4,364.24,153.63
4831,3,103.8,388.59,366.86,155.31
4832,4,103.8,386.16,370.38,156.26
4833,6,103.8,393.56,362.95,151.36
4834,6,103.9,394.77,358.61,156.94
4835,5,103.8,395.81,355.77,156.19
4836,6,103.8,386.86,355.4,156.9
4837,3,103.6,383.59,358.88,156.71
4838,4,103.8,383.49,368.83,156.1
4839,4,103.7,388.95,365.49,155.53
4840,3,103.8,385.14,368.9,154.62
4841,4,103.8,385.28,369.92,152.82
4842,6,104,384.68,372.47,151.49
4843,8,103.9,383.45,370.35,150.31
4844,6,103.9,380.15,360.78,149.32
4845,2,104.1,373.34,353.16,147.96
4846,2,103.9,374.37,353.13,147.4
4847,3,103.7,374.92,355.34,145.11
4848,3,103.5,370.92,364.38,143.55
4849,2,103.5,369.56,363.08,142.75
4850,2,103.3,367.53,364.71,142.3
4851,3,103.3,363.55,359.14,142.49
4852,2,103.4,368.38,363.92,143.26
4853,2,103.3,374.9,356.94,148.84
4854,3,103.5,388.02,362.1,154.64
4855,3,103.6,390.31,359.5,156.54
4856,5,103.5,391.22,361.3,156.9
4857,5,103.6,396.33,362.26,157.91
4858,7,103.7,398.85,362.01,159.19
4859,5,103.6,397.44,364.39,158.89
4860,5,103.7,396.09,360.84,158.64
4861,4,103.5,400.57,356.47,155.43
4862,3,103.4,405.28,363.79,159.59
4863,4,103.4,401.7,361.43,158.37
4864,3,103.5,389.47,355.4,157.14
4865,6,103.5,385.72,350.22,155.18
4866,6,103.7,388.73,353.92,154.96
4867,5,103.7,385.5,360.87,154.24
4868,3,103.6,383.96,361.74,152.58
4869,4,103.5,379.16,364.58,150.64
4870,4,103.5,383.32,364.58,149.21
4871,4,103.4,378.39,354.59,148.4
4872,2,103.2,376.9,346.16,146.87
4873,3,103.2,373.61,346.97,146.81
4874,3,103.2,377.07,347.31,148.68
4875,2,103.1,378.1,350.58,149.08
4876,2,103.2,382.66,355.67,149.47
4877,3,103.1,378.14,362.47,151.53
4878,4,103.1,375.24,366.19,155.12
4879,8,103.2,384.49,357.49,157.99
4880,5,103.2,394.62,357.24,159.12
4881,5,103.4,396.72,354.23,160.07
4882,3,103.5,391.22,362.61,159.6
4883,3,103.6,391.2,364.89,159.9
4884,3,103.7,399.94,369.15,160.03
4885,3,103.6,397.27,365.38,160.3
4886,3,103.6,397.9,364.39,159.82
4887,4,103.5,400.46,359.33,158.19
4888,3,103.6,402.78,363.26,156.73
4889,4,103.9,403.94,364.2,153.71
4890,3,104,390.6,365.61,153.34
4891,4,103.9,383.24,365.99,153.11
4892,3,103.9,371.83,361.9,151.75
4893,6,103.9,373.34,357.62,150.25
4894,6,103.7,379.2,351.57,150.26
4895,4,103.7,383.15,358.06,149.6
4896,3,103.5,382.22,354.64,148.27
4897,2,103.4,383.82,356.65,149.37
4898,2,103.7,374.97,349.53,146.04
4899,2,103.6,370.85,357.28,145.14
4900,2,103.8,368.34,355.5,144.72
4901,2,103.8,374.46,360.88,146.69
4902,5,103.5,380.9,363.6,148.87
4903,5,103.5,377.62,368.15,150.7
4904,3,103.5,390.03,369.43,152.85
4905,3,103.6,394.25,367.21,154.13
4906,4,103.6,394.18,365.82,153.84
4907,3,103.7,385.77,362.67,154.1
4908,3,103.7,379.69,364.72,152.47
4909,2,103.7,383.1,358.45,150.97
4910,3,103.6,376.77,357.73,150.37
4911,4,103.5,376.54,354.56,150.01
4912,3,103.5,375.44,357.08,148.92
4913,4,103.5,373.63,359.34,148.01
4914,4,103.6,372.38,358.21,148.42
4915,3,103.7,369.7,364.44,147.57
4916,5,103.7,373.54,360.14,145.61
4917,6,103.6,373.53,366.5,144.32
4918,5,103.7,371.69,362.24,144.15
4919,3,103.5,373.56,359.28,144.58
4920,2,103.4,369.89,355.53,143.68
4921,2,103.4,369.93,350.49,141.94
4922,2,103.2,362.01,356.62,143.82
4923,2,103.3,361.52,354.98,140.99
4924,2,103.2,360.46,362.07,139.9
4925,4,103,354.6,364.92,141.56
4926,5,103.2,365.75,361.68,143.81
4927,8,103.3,368.34,357.4,146.11
4928,6,103.4,374.14,348.15,147.26
4929,3,103.4,367.1,360.31,147.49
4930,4,103.6,355.81,363.9,147.8
4931,3,103.6,355.61,363.73,148.23
4932,4,103.6,356.74,363.91,147.41
4933,3,103.5,367.7,359.47,145.96
4934,3,103.5,372.17,358.37,145.43
4935,5,103.6,374.5,346.28,147.87
4936,4,103.6,373.63,349.51,147.45
4937,5,103.6,374.51,361.09,146.47
4938,5,103.6,376.58,362.46,147.58
4939,4,103.8,376.56,360.41,146.91
4940,4,103.8,369.88,355.16,144.87
4941,6,103.9,367.25,362.81,144.69
4942,10,103.7,371.67,365.43,145.6
4943,5,103.5,376.74,362.69,143.85
4944,3,103.4,374.12,356.69,142.6
4945,2,103.3,372.41,357.93,141.88
4946,2,103.2,374.47,365.86,141.71
4947,4,103.3,378.7,362.72,141.97
4948,2,103.3,375.23,363.95,143.29
4949,3,103.2,379.66,357.03,148.47
4950,4,103.5,384.38,357.6,154.39
4951,5,103.6,384.84,347.6,155.7
4952,8,103.7,391.12,353.73,156.6
4953,4,103.7,381.01,362.76,155.16
4954,5,103.7,391.18,370.56,157.15
4955,3,103.7,388.91,365,160.07
4956,4,103.7,400.06,353.28,158.92
4957,4,103.6,399.87,354.54,158.48
4958,4,103.5,395.86,355.1,158.12
4959,4,103.6,388.81,356.03,156.19
4960,6,103.7,384.21,354.24,155.59
4961,5,103.7,385.44,354.92,152.59
4962,6,103.8,382.75,362.72,150.12
4963,7,103.9,384.15,358.4,150.52
4964,6,104,378.67,359.46,149.78
4965,6,104,373.45,355.32,148.47
4966,4,104.1,364.15,351.19,147.26
4967,4,104.5,360.85,353.89,145.68
4968,2,104.3,361.81,360.37,143.64
4969,3,104.4,364.38,367.25,142.8
4970,2,104.7,364.71,365.28,143.36
4971,3,104.9,372.87,364.15,142.17
4972,2,105.4,378.91,368.83,144.44
4973,2,105.7,393.14,374.99,149.41
4974,3,105.7,401.32,376.53,155.04
4975,4,104.8,401,372.24,157.53
4976,6,104.5,403.63,365.98,159.35
4977,4,104.3,399.99,360.12,160.77
4978,4,104.3,403.77,360.5,162.5
4979,3,104.2,399.14,363.03,161.39
4980,3,104,403.42,366.08,161.32
4981,4,103.9,397.06,359.55,161.39
4982,3,103.8,395.35,352.28,159.61
4983,3,103.6,387.99,353.08,157.71
4984,4,103.9,394.84,354.86,155.97
4985,5,104.5,389.53,360.91,154.01
4986,6,104.4,386.36,368.23,152.99
4987,3,104.3,378.38,372.48,150.28
4988,6,104.3,373.75,373.65,148.96
4989,5,104.4,367.9,369.68,147.87
4990,4,104.5,363.82,367.8,146.64
4991,5,104.5,361.62,364.63,145
4992,3,104.2,363.17,366.43,144.65
4993,2,104.3,366.67,371.7,142.56
4994,2,104.8,369.27,380.07,142.33
4995,3,104.9,369.42,370.75,142.59
4996,2,104.7,368.08,375.61,144.38
4997,2,104.8,373.48,367.61,149
4998,4,105.4,383.61,371.37,153.29
4999,3,105.1,389.21,366.52,156.32
5000,3,104.2,395.14,364.67,157.79
5001,4,104.1,389.73,362.39,157.99
5002,5,104.2,391.28,365.01,158.58
5003,4,104,393.84,358.9,158.86
5004,7,104.1,397.15,356.42,157.75
5005,7,104.3,393.43,353.77,158.9
5006,6,103.9,389.15,363.75,160.14
5007,6,104,390.9,367.6,158.79
5008,6,104,394.05,366.1,156.97
5009,9,104,391.89,369.64,156.48
5010,5,104,389.65,371.69,154.74
5011,4,103.9,383.03,365.56,152.85
5012,5,104,383.95,356.83,151.58
5013,4,104.2,382.63,353.75,149.54
5014,3,104.5,382.02,360.45,148.15
5015,3,104.8,373.59,355.57,146.26
5016,3,105.1,366.84,352.63,144.82
5017,2,105.8,366.18,353.24,143.15
5018,2,106.1,359.77,366.03,142.42
5019,2,106.4,364.54,370.04,142.48
5020,2,106.7,363.57,367.86,143.48
5021,3,106.3,369.36,365.65,148.68
5022,3,106,370.71,366.62,154.06
5023,4,105.2,376.88,370.45,156.77
5024,7,104.6,392.09,365.9,158.68
5025,7,104.3,400.55,359.79,159.6
5026,6,104.2,398.87,364.91,160.3
5027,8,104.3,390.58,370.73,160.16
5028,5,104.8,393.69,372.03,162.16
5029,6,104.9,401.68,365.15,161.05
5030,5,104.6,403.45,359.06,157.84
5031,5,104.4,394.97,364.23,154.91
5032,5,104.4,392.28,359.42,154.34
5033,7,104.4,384.71,369.49,152.84
5034,7,104.4,376.1,371.35,152.19
5035,4,104.2,368.81,371.09,151.04
5036,5,104.4,364.67,362.55,149.6
5037,4,104.5,363.34,363.18,148.28
5038,4,104.7,363.49,363.4,146.66
5039,2,104.8,365.08,361.26,144.59
5040,2,105,369.65,359.79,141.19
5041,3,105.2,365.64,363.58,141.33
5042,2,105.5,362.87,360.8,141.68
5043,2,105.5,360,358.07,141.9
5044,2,106,361.28,365.81,142.45
5045,3,106.2,369.17,379.43,143.75
5046,9,105.8,377.85,379.63,148.68
5047,8,105.2,381.05,368.51,151.8
5048,6,104.9,381.57,358.13,153.15
5049,4,104.7,376.51,364.93,154.56
5050,6,105.3,382.31,374.96,155.1
5051,4,105.1,386.38,381.82,154.81
5052,6,104.6,393.07,378.01,156.19
5053,3,104.5,384.02,365.99,156.08
5054,3,104.4,381.97,356.84,154.61
5055,5,104.2,380.83,350.5,152.32
5056,3,104.3,382.71,353.28,149.66
5057,6,104.3,373.13,359.94,143.74
5058,4,104.4,363.14,360.53,138.7
5059,4,104.4,358.57,365.27,144.06
5060,4,104.8,365.39,363.59,144.07
5061,4,105.2,363.51,370.37,143.13
5062,4,104.7,362.34,368.96,143.09
5063,3,104.8,351.4,366.1,141.19
5064,3,105.3,345.66,363.33,139.65
5065,2,105.6,347.62,358.36,140.47
5066,2,106.2,351.76,353.39,140.33
5067,2,106.3,356.19,356.14,139.52
5068,2,106.6,357.12,366.63,139.09
5069,3,107.3,355.55,375.08,141.12
5070,5,106,361.67,371.9,142.54
5071,5,105.1,360.61,360.59,144.96
5072,4,104.8,368.82,363.06,146.56
5073,4,104.6,372.03,363.63,147.34
5074,4,104.7,379.15,372.72,147.34
5075,6,104.6,370.53,368.27,146.84
5076,3,104.4,369.28,364.47,147.08
5077,5,104.4,356.52,355.79,147.03
5078,4,104.4,362.84,357.15,147.86
5079,4,104.8,362.4,356.79,147.05
5080,6,104.3,372.36,358.87,146.07
5081,7,104,372.69,369.17,144.79
5082,5,104,370.98,370.62,143.99
5083,4,104,370.96,363.6,142.89
5084,7,104.3,376.06,350.55,142.96
5085,5,104.9,372.4,347.74,142.79
5086,3,104.6,367.51,356.31,141.11
5087,3,104.5,360.88,352.77,140.8
5088,2,104.6,356.75,358.51,140.11
5089,2,105.1,352.3,359.74,139.08
5090,2,106.2,348.82,364.54,138.85
5091,2,105.9,348.48,364.47,137.35
5092,2,106,350.22,365.06,137.36
5093,3,106,360.77,366.1,139.55
5094,4,105.7,374.65,366,142.43
5095,5,105.1,375.97,364.71,143.75
5096,3,104.6,364.09,364.95,144.52
5097,4,104.3,358.03,363.48,143.84
5098,4,104.3,362.05,370.44,144.32
5099,5,104,367.78,367.44,144.76
5100,6,104.5,367.94,367.83,145
5101,4,104.6,367.38,369.12,145.03
5102,3,104,363.32,370.31,144.8
5103,5,103.9,360.75,368.69,144.94
5104,6,103.9,367.87,355.23,143.41
5105,5,103.9,375.05,358.49,143.52
5106,5,104.1,377.33,358.22,144.17
5107,6,104,372.92,364.9,143.67
5108,5,104.1,372.1,364.45,142.65
5109,5,104.2,371.95,366.12,144.13
5110,3,104.1,372.61,367.53,143.35
5111,4,104.5,368.88,361.37,142.44
5112,2,104,359.3,362.61,141.96
5113,3,104.7,354.52,360.07,143.81
5114,2,104.8,358.56,365.29,141.62
5115,2,105.1,364.62,363.26,139.99
5116,2,105.7,371.79,361.52,141.29
5117,2,106.5,371.87,358.49,147.42
5118,4,106.9,385.17,363.89,152.23
5119,5,106.3,392.14,367.18,154.41
5120,5,104.6,396.11,368.43,156.03
5121,4,104.3,398.15,362.81,156.64
5122,7,104.3,404.26,361.16,156.94
5123,4,104.1,405.13,363.34,157.78
5124,6,104.2,403.98,363.4,155.72
5125,3,104.1,392.55,361.29,154.63
5126,3,104,386.91,362.16,154
5127,4,103.8,383.32,364.16,151.02
5128,4,104,377.36,360.04,149.79
5129,4,104.1,375.97,362.92,148.72
5130,6,104,374.04,357.25,147.98
5131,7,104.1,371.96,363.4,146.57
5132,5,104.2,364.88,346.28,146.6
5133,4,104,359.22,350.34,145.3
5134,3,103.9,356.1,352.42,143.78
5135,3,104.1,363.64,363.57,143.47
5136,3,104.1,367.87,358.33,141.07
5137,2,103.5,376.74,362.46,140.44
5138,2,103.6,373.86,366.88,142
5139,2,103.7,374.1,369.44,145.27
5140,2,103.7,370.12,361.37,145.09
5141,3,103.8,381,350.6,150.02
5142,4,104.6,380.04,356.87,155.42
5143,5,104.3,384.15,353.08,156.08
5144,5,104,376.72,362.12,157.6
5145,6,104.1,386.85,361.85,157.94
5146,5,104.3,394.63,370.09,158.58
5147,5,104.2,409.77,363.95,158.1
5148,4,104.2,401.3,364.43,158.21
5149,4,104,396.72,361.02,157.42
5150,4,103.9,385.34,365.31,157.17
5151,3,104.3,388.74,357.87,154.28
5152,4,104.4,383.24,359.09,151.69
5153,4,104.4,382.35,363.37,150.32
5154,4,104.1,376.29,361.62,148.73
5155,4,104.1,378.23,365.44,148.22
5156,4,104.1,378.88,367.04,148.64
5157,4,104.1,379.08,375.44,148.74
5158,3,103.9,380.18,373.6,147.55
5159,3,103.8,377.1,373.79,148.22
5160,3,104.1,380.03,365.98,146.68
5161,2,103.5,373.01,358.48,145.3
5162,2,103.3,363.85,350.07,144.7
5163,2,103.6,350.41,355.07,144.01
5164,2,103.7,353.07,358.82,146
5165,3,104.4,366.72,357.98,151.78
5166,2,105.1,381.21,360.19,155.73
5167,3,104.8,391.45,361.33,156.4
5168,5,104.8,386.56,367.45,157.28
5169,5,104.5,383.6,364.39,158.27
5170,5,103.9,385.3,360.18,158.89
5171,6,104,390.41,357.99,159.39
5172,6,104,390.72,363.64,159.34
5173,5,104,393.44,367.55,159.18
5174,8,104.1,387.97,369.71,156.92
5175,10,104,392.01,362.3,155.47
5176,6,104.1,374.97,364.02,153.71
5177,6,103.9,371.71,363.25,152.5
5178,8,104,361.94,364.18,150.91
5179,4,104.1,368.62,361.29,149.06
5180,7,103.9,370.08,360.11,148.62
5181,4,103.9,370.75,357.72,148.34
5182,3,103.8,370.64,353.56,146.6
5183,3,104.1,375.65,353.6,145.78
5184,3,103.8,374.19,358.17,143.54
5185,2,103.6,370.76,363.2,142.58
5186,3,103.2,370.35,364.61,143.61
5187,3,103.3,375.11,362.69,143.77
5188,4,103.9,380.33,363.26,144.55
5189,3,103.5,385.02,359.04,151.44
5190,2,104.1,395.18,361.28,157.39
5191,5,104.4,395.05,362.25,159.78
5192,6,104.2,394.52,371.91,161.23
5193,8,104.3,394.1,373.52,161.74
5194,7,104.6,400.84,378.45,162.08
5195,6,104.9,406.53,373.81,160.26
5196,8,105,402.33,362.92,161.74
5197,5,104.9,398.59,358.46,161.25
5198,3,104.7,392.64,358.3,159.44
5199,5,104.4,392.87,366.49,158.39
5200,6,104.3,391.82,364.65,155.93
5201,8,104.2,387.18,363.29,152.96
5202,6,104.3,381.59,361.63,150.93
5203,7,104.5,371.34,358.99,148.77
5204,6,104.4,372.29,360.56,148.19
5205,7,104.3,364.84,367.47,148.6
5206,4,104.4,365.62,377.54,147.46
5207,4,104.3,358.72,371.49,146.41
5208,2,104.6,361.19,364.38,144.64
5209,3,104.7,357.71,355.67,143.2
5210,2,104.9,360.25,355.86,144.71
5211,2,105.1,359.33,355.53,143.57
5212,2,105.5,373.4,356.67,145.07
5213,4,105.6,380.02,363.28,149.57
5214,8,105.4,393.48,365.59,155.77
5215,10,105.1,394.6,370.79,159.46
5216,7,105.2,400.07,372.26,159.94
5217,8,105.1,405.96,373.4,161.5
5218,7,104.8,406.27,376.96,161.5
5219,7,104.7,402.17,366.53,160.86
5220,5,104.6,385.91,363.05,155.93
5221,5,104.4,385.46,355.37,154.88
5222,6,104.3,385.25,360.79,155.55
5223,4,104.3,392.21,367.75,154.54
5224,5,104.2,384.69,363.36,154.36
5225,7,104.2,381.38,366.01,151.64
5226,5,104.2,377.59,360.44,150.06
5227,7,104.1,369.53,362.38,148.67
5228,7,104.4,366.3,355.36,147.75
5229,7,104.5,365.87,354.47,146.72
5230,3,104.6,378,355.57,145.27
5231,3,104.5,377.52,364.91,145.91
5232,3,104.8,375.99,363.36,144.71
5233,2,105,367.41,368.1,144.48
5234,2,105.3,367.27,368.64,143.83
5235,3,105.8,366.57,372.27,142.54
5236,2,106.7,369.08,372.04,142.52
5237,3,107,374.55,370.28,144.53
5238,9,106.6,374.31,374.55,145.99
5239,9,105.4,378.63,371.87,147.89
5240,9,105.1,376.28,365.57,149.34
5241,8,105,381.68,363.68,150.08
5242,6,104.9,385.59,365.23,151.48
5243,4,105,384.15,367.91,151.59
5244,8,105.1,378.34,366.14,151.35
5245,3,104.9,386.88,366.86,150.37
5246,5,104.6,383.07,373.32,147.44
5247,3,104.7,379.71,369.69,142.85
5248,5,104.6,358.05,366.78,147.37
5249,5,104.6,359.96,359.75,146.35
5250,4,104.7,364.32,368.13,145.33
5251,6,104.9,366.81,368.73,145.26
5252,6,105.2,370.89,368.11,144.88
5253,7,105.1,364.84,363.45,144.61
5254,5,105.4,370.03,363.99,143.66
5255,3,105.5,367.78,362.62,143.06
5256,3,105.3,377.57,366.54,142.44
5257,2,105.2,372.92,367.87,141.62
5258,2,104.9,363.09,373.18,140.4
5259,3,105.1,355.48,366.9,140.77
5260,2,105.7,353.92,363.56,140.46
5261,3,106.5,359.8,362.42,141.6
5262,8,107.1,365.21,370.45,143.1
5263,9,106,370.74,374.46,145.24
5264,8,106,373.58,370.12,146.77
5265,5,105.3,374.49,366.59,147.86
5266,4,105.3,374.88,363.51,148.85
5267,5,105.1,371.08,363.73,150.01
5268,4,105.1,368.15,361.55,149.75
5269,8,105,370.82,357.36,149.82
5270,7,104.9,370.49,355.85,150
5271,5,104.7,372.26,360.47,148.99
5272,7,104.6,366.97,369.57,148.1
5273,4,104.8,371.69,387.68,147.34
5274,5,105,372.29,383.91,146.96
5275,9,104.8,378.37,381.4,146.58
5276,8,104.9,375.62,366.75,146.62
5277,8,105.2,372.79,365.11,145.47
5278,7,106,364.36,367.57,144.8
5279,3,106.4,366.96,373.87,144.55
5280,3,105.9,370.88,377.93,144.16
5281,2,105.9,372.93,371.74,143.31
5282,2,106.5,371.67,369.59,143.5
5283,3,107.2,365.02,364.82,144.64
5284,2,106.8,370.46,367.14,146.28
5285,3,106.9,377.05,371.3,153.79
5286,8,106.8,385.2,371.67,160.01
5287,8,106.6,395.24,379.41,165.44
5288,10,105.6,402.72,373.77,166.33
5289,10,105.3,411.63,373.27,167.2
5290,9,105.6,412.5,368.63,167.82
5291,7,105.3,404.31,363.82,168.53
5292,4,105,401.99,362.69,167.91
5293,5,104.8,400.88,358.49,167.37
5294,5,104.5,404.94,359.26,166.17
5295,5,104.5,403.53,357.75,161.95
5296,7,104.7,392.66,357.22,159.03
5297,7,105,389.63,359.53,156.42
5298,5,105,392.73,358.1,154.66
5299,6,104.5,388.69,353.73,153.82
5300,6,104.5,389.52,358.77,152.25
5301,7,104.6,380.97,365.48,151.18
5302,6,105.1,381.01,373.25,150.72
5303,6,105.4,380.28,367.67,149.16
5304,2,105,371.29,367.93,147.02
5305,3,105,371.69,369.82,145.9
5306,2,105.2,363.03,371.37,145.31
5307,2,105.1,359.85,376.61,146.28
5308,2,106,362.42,372.83,148.4
5309,4,105.8,376.23,374.61,155.84
5310,8,106.1,396.82,373.24,162.6
5311,8,105.8,409.6,369.56,164.74
5312,7,105.4,405.03,366.02,165.46
5313,6,104.7,412.88,353.31,166.36
5314,6,104.7,407.77,359.58,166.93
5315,6,105.4,416.05,359.05,165.69
5316,5,105.3,415.28,364.71,165.6
5317,4,104.9,413.59,359.61,165.43
5318,3,104.7,408.66,361.96,165.25
5319,5,104.8,397.37,359.76,160.74
5320,7,104.7,392.97,368.32,158.01
5321,5,105,388.44,374.21,155.78
5322,9,104.8,385.09,374.51,156.12
5323,6,104.7,382.25,370.21,153.81
5324,5,105.1,379.9,366.4,151.52
5325,6,105.1,370.68,371.08,149.9
5326,7,105.1,372.15,364.65,147.95
5327,4,104.7,367.14,368.26,146.25
5328,3,104.3,375.42,368.38,144.45
5329,2,104.3,370.8,367.5,145.26
5330,2,104.7,375.77,360.61,145.49
5331,2,104.7,371.43,357.82,145.54
5332,3,104.6,378.53,362.47,146.9
5333,2,104.8,390.6,357.59,154.05
5334,5,104.9,396.71,360.72,163.64
5335,5,104.5,402.17,357.68,167.94
5336,7,104.8,403.3,361.17,167.1
5337,8,105.3,411.96,360.46,165.93
5338,9,104.8,411.3,364.94,166.86
5339,6,104.7,406.05,364.53,165.51
5340,8,104.7,396.51,365.88,163.82
5341,10,104.6,404.53,360.87,164.21
5342,5,104.5,398.48,359.26,163.26
5343,6,104.4,396.24,351.54,160.97
5344,9,104.4,381.54,351.78,158.61
5345,8,104.5,380.15,360.31,155.59
5346,6,104.5,379.96,367.16,154.19
5347,4,104.4,380.27,367.32,152.19
5348,5,104.6,383.78,363.55,151.71
5349,4,104.6,386.12,362.19,150.2
5350,4,104.9,381.05,359.57,149.94
5351,3,104,370.45,357.25,147.88
5352,3,103.8,356.21,360.22,145.06
5353,2,103.9,359.37,358.28,144
5354,2,103.8,359.04,365.23,144
5355,2,104,369.72,359.12,144.28
5356,2,104.2,368.8,360.22,146.96
5357,3,104.2,377.46,353.99,153.23
5358,4,104.7,395.91,361.92,159.69
5359,7,104.8,410.04,367.6,164.64
5360,9,104.9,416.49,368.12,166.11
5361,10,104.6,410.35,370.27,166.16
5362,8,104.6,412.55,375.2,168.17
5363,8,104.7,414.16,384.99,168.75
5364,5,104.7,410.32,381.78,168.18
5365,3,104.5,397.16,377.63,167.06
5366,5,104.5,392.19,367.67,167.85
5367,9,104.5,389.07,362.04,165.11
5368,9,104.6,388.81,362.86,162.32
5369,7,104.6,383.83,369.63,158.02
5370,6,104.6,386.95,369.54,155.59
5371,6,104.8,387.85,363.84,154.17
5372,9,104.8,392.17,361.24,153.76
5373,6,104.9,381.95,366.57,152.7
5374,8,105.1,378.94,366.63,150.53
5375,5,105,373.08,362.03,149.3
5376,3,104.5,371.41,361.57,147.28
5377,3,104.5,377.85,369.2,145.99
5378,3,104.2,379.7,366.17,146.08
5379,3,104.6,381.59,366.23,147.17
5380,3,104.7,382.46,363.59,150.85
5381,6,104.8,386.76,367.62,156.95
5382,10,104.7,400.78,362.8,163.46
5383,9,104.6,405.42,347.3,166.04
5384,8,104.8,407.7,344.42,168.17
5385,4,106,403.69,349.58,167.13
5386,4,106.5,398.38,370.05,166.06
5387,3,107.1,406.56,375.71,166.05
5388,5,106.4,404.93,376.38,163.9
5389,7,105.2,399.48,370.26,162.04
5390,6,104.9,388.47,364.82,158.93
5391,7,105,379.31,352.73,157.35
5392,5,105.1,382.62,349.12,156.78
5393,4,105.7,380.69,351.59,154.61
5394,7,105.4,388.72,361.46,152.62
5395,6,105,393.25,365.21,151.52
5396,9,105,390.32,362.36,151.38
5397,9,105,391.46,358.09,149.56
5398,7,105.1,377.1,356.11,148.04
5399,5,104.7,378.96,360.75,146.21
5400,2,104.4,370.21,362.59,145.58
5401,3,104.3,372.22,368.68,144.9
5402,2,104.4,361.17,357.71,144.8
5403,3,104.7,364.94,360.06,143.86
5404,2,105,364.44,355.67,141.8
5405,6,105.3,369.14,363.55,142.37
5406,8,105.6,364.79,368.64,144.48
5407,7,104.8,378.9,368.98,148.57
5408,8,105.3,385.93,371.48,149.82
5409,9,105.3,391.34,361.27,150.71
5410,8,105.5,380.99,366.5,152.28
5411,9,105.6,376.87,359.93,150.69
5412,9,106.3,373.69,365.03,150.75
5413,8,107,373.22,363.16,149.45
5414,10,105.8,372.37,372.42,148.33
5415,8,105.7,369.39,368.15,148.66
5416,8,105.6,375.29,364.38,147.77
5417,8,105.4,374.99,362.95,146.38
5418,9,105.2,375.28,364.9,145.18
5419,9,105.5,370.5,363.73,144.85
5420,8,105.8,367.74,353.53,146.38
5421,7,106,368.19,350.65,145.1
5422,5,105.5,360.51,353.68,142.58
5423,4,105.5,358.47,360.94,141.47
5424,3,105.9,357.88,366.76,141.82
5425,3,105.5,363.38,369.69,141.05
5426,3,105.2,364.58,367.64,140.23
5427,2,105,353.48,359.23,140.32
5428,3,104.9,352.24,357.09,139.1
5429,4,104.7,359.05,359.01,140.53
5430,8,105.3,363.51,366.36,142.33
5431,9,105.2,364.52,370.21,135.68
5432,7,105.5,364.7,371.67,144.6
5433,9,105.1,369.58,370.52,146.17
5434,7,104.9,368.61,369.18,147.07
5435,8,104.7,371.36,370.41,147.88
5436,7,104.9,374.75,367.67,148.72
5437,5,105.1,372.25,360.62,148.59
5438,7,104.8,367.39,356.89,147.45
5439,6,105.1,362.67,355.12,147.83
5440,7,105.1,367.25,359.1,147
5441,7,105.7,361.71,366.34,146.31
5442,8,105.5,362.41,371.01,145.65
5443,9,105.7,362.14,370.39,146.39
5444,6,106.2,365.53,370.46,147.76
5445,8,105.5,370.71,373.71,146.31
5446,8,105.3,373.04,373.94,145.17
5447,4,105.5,368.58,368.35,144.42
5448,3,105.6,365.98,369.72,143.81
5449,3,105.1,362.62,367.83,143.67
5450,3,105.4,369.97,363.2,143.49
5451,2,104.8,367.02,357.04,143.31
5452,4,103.2,375.98,358.42,146.38
5453,5,103.3,390.32,363.52,155.01
5454,10,104.7,406.17,369.43,163.04
5455,7,104.6,409.3,366.89,167.59
5456,10,104.8,401.32,360.22,164.54
5457,9,104.9,401.01,353.02,159.05
5458,10,104.8,406.52,361.2,166.12
5459,8,104.8,412.84,363.18,167.81
5460,5,105.1,412.33,358.78,167.51
5461,3,105.3,401.6,354.64,167.45
5462,7,105.6,399.43,356.45,166.33
5463,7,105.6,395.13,356.6,161.69
5464,6,104.7,398.5,355.38,158.23
5465,6,104.7,398.86,360.73,155.73
5466,6,104.8,401.3,373.29,155.79
5467,6,104.9,402.88,373.66,156.03
5468,5,105,396.57,371.99,157.82
5469,5,105.1,390.61,366.16,154.05
5470,8,105.2,378.08,363.35,151.57
5471,4,104.7,372.73,359.13,150.15
5472,3,104.8,370.01,362.58,148.01
5473,2,104.7,367.1,367.78,146.13
5474,2,105,362.33,364.45,145.36
5475,3,105.1,361.1,357.03,146.97
5476,3,105.7,368.91,350.8,148.81
5477,6,105.8,385.68,360.73,155.78
5478,9,105.7,405.4,360.28,165.02
5479,9,104.9,415.79,366.65,167.07
5480,8,105,418.57,363.26,167.46
5481,5,104.8,413.51,367.75,168.13
5482,4,104.7,411.1,366.16,168.52
5483,7,104.7,410.09,369.36,167.61
5484,7,105.1,404.47,369.56,168.67
5485,7,105,406.71,363.45,169.39
5486,5,105.4,402.84,355.23,169.47
5487,10,105.6,397.61,349.04,164.3
5488,8,105.2,394.46,358.69,161.06
5489,8,105.4,394.5,374.04,160.64
5490,6,105.5,395.93,384.42,160.71
5491,6,105.6,391.28,379.63,159.1
5492,6,105.5,384.49,363.39,156.37
5493,4,105.5,377.83,355.67,154.4
5494,5,105.7,366.68,352.48,150.58
5495,5,105.4,367.11,357.1,149.57
5496,4,105.1,364.16,365.25,147.24
5497,4,105,369.07,373.46,146.96
5498,3,105,365.52,371.64,147.53
5499,3,104.9,372.27,358.66,148.91
5500,2,105.2,379.41,349.91,150.56
5501,3,105.5,389.33,357.1,157.33
5502,5,105.9,398.1,368.23,164.52
5503,5,105.1,408.66,370.14,169.85
5504,6,104.5,419.3,362.76,171.19
5505,9,104.5,421.83,356.62,170.35
5506,7,104.8,425.72,357.4,169.41
5507,6,105.1,419.21,367.34,170.13
5508,4,105.3,420.25,376.97,170.08
5509,6,105.4,411.52,375.65,168.91
5510,6,105.6,409.5,362.31,168.34
5511,7,105.9,403.2,357.09,165.49
5512,7,105.8,404.24,359.44,161.05
5513,6,105.5,400.93,373.11,158.96
5514,4,105.2,403.32,375.18,157.86
5515,5,105.4,392.98,371.04,157.83
5516,5,105.1,388.12,367.82,157.09
5517,5,105.3,382.04,363.76,153.97
5518,3,105.7,381.23,370.6,153.71
5519,4,105.4,367.73,364.76,152.87
5520,3,105,364.34,369.07,148.23
5521,2,105.3,363.78,357.79,146.35
5522,2,104.9,377.5,361.64,146.47
5523,3,105.2,378.26,355.04,147.77
5524,2,105.1,383.44,364.16,152.37
5525,2,105.1,391.41,366.43,159.93
5526,4,105.5,409.03,368.62,170.39
5527,7,105,422.48,365.02,170.7
5528,10,105.4,423.33,359.26,170.61
5529,10,105.8,413.97,359.02,169.84
5530,9,105.7,406.53,362.66,169.24
5531,7,106.1,409.03,364.94,168.25
5532,6,106.3,408.8,367.22,167.29
5533,7,105.8,413.41,369.09,165.42
5534,6,105.7,409.46,364.86,169.12
5535,6,105.5,408.17,360.62,167.2
5536,7,105.6,398.31,358.06,162.23
5537,10,105.3,394.02,365.4,159.31
5538,10,105.2,392.71,368.34,158.32
5539,7,105.9,397.61,366.19,158.08
5540,9,105.3,388.69,362.41,157.37
5541,7,104.9,380.51,358.54,154.66
5542,5,104.7,362.76,359.72,152.15
5543,3,104.4,363.11,356.88,151.2
5544,3,104.4,375.13,359.99,148.3
5545,2,104.5,383.99,364.69,147.49
5546,3,104.3,387.59,360.82,147.27
5547,2,104,377.05,351.94,148.2
5548,3,104,381.16,344.92,149.9
5549,6,103.7,389.46,345.64,157.95
5550,9,104.3,405.13,345.74,165.71
5551,8,104.5,404.95,354.7,168.61
5552,9,104.3,412.14,361.54,168.75
5553,5,104.9,402.91,373.68,167.78
5554,4,105.3,412.03,370.62,167.61
5555,4,105.2,405.84,370.33,166.26
5556,5,105.1,411.14,366.36,165.46
5557,6,105.3,399.26,367.48,162.67
5558,3,105.6,396.66,366.85,160.04
5559,5,105.3,387.9,368.04,156.73
5560,9,105.1,390.49,364.89,154.79
5561,6,105.3,386.01,375.04,153.22
5562,7,105,380.61,375.89,152.15
5563,6,105.2,375.98,371.69,152.74
5564,7,105,375.33,361.75,150.81
5565,8,105,379.72,363.34,148.46
5566,5,105.5,375.68,366.6,146.93
5567,3,104.8,373.52,364.94,144.95
5568,3,104.5,369.2,358.12,145.42
5569,2,104.3,365.13,358.55,143.76
5570,3,104.5,362.49,354.39,143.89
5571,3,104.6,359.65,357.72,144.47
5572,4,104.5,367.69,354.78,146
5573,6,104.3,366.03,362.19,148.25
5574,9,104.3,379.77,371.02,150.11
5575,10,104.8,379.01,370.15,151.99
5576,10,105.3,389.04,367.54,152.81
5577,6,105.2,382.23,358.98,152.88
5578,5,105.3,385.42,368.68,152.1
5579,7,105.7,383.58,370.33,153.67
5580,6,106.4,388.28,371.41,152.09
5581,5,106.6,383.34,366.44,150.04
5582,6,105.5,379.58,364.77,150.03
5583,3,105.9,370.35,371.61,149.92
5584,5,106.2,374.98,369.2,147.89
5585,8,106.3,375.27,376.89,146.35
5586,9,106.2,383.12,372.92,147.67
5587,9,106.2,373.81,377.45,148.14
5588,9,106.1,366.53,370.32,146.65
5589,10,106.4,359.59,374.1,144.82
5590,9,106.4,364.52,364.05,144.33
5591,4,105.2,367.44,360.33,142.93
5592,4,105.5,366.56,356.96,144.96
5593,5,105.5,361.88,362.57,143.15
5594,4,106.1,363.75,364.02,142.12
5595,3,106.2,366.64,360.7,144.05
5596,4,106.2,368.22,360.68,142.46
5597,6,105.9,371.33,365.95,143.25
5598,9,106.1,370.59,373.26,145.33
5599,10,106.8,378.78,376,147.03
5600,10,105.9,377.64,377.43,148.05
5601,6,106.2,381.93,365.76,148.85
5602,5,105.9,371.12,369.4,149.37
5603,6,106.2,373.74,370.14,149.66
5604,5,105.9,374.41,378.69,151.18
5605,4,105.8,378.63,379.77,150.12
5606,3,105.7,374.46,372.67,150.12
5607,3,105.9,372.97,372.56,149.12
5608,4,105.9,375.81,366.48,148.44
5609,7,106.4,372.05,376.62,148.52
5610,9,106,368.66,377.96,148.32
5611,7,105.8,367.35,376.08,149.52
5612,5,105.9,366.89,360.9,150.42
5613,7,105.5,376.1,362.2,147.43
5614,4,105.2,380.09,366.18,148.42
5615,3,105.2,387.22,373.15,146.39
5616,3,105.9,386.17,366.6,147.54
5617,2,105.7,379.58,358.15,147.78
5618,3,105.9,373.51,359.1,147.36
5619,2,105.4,368.05,358.01,149.17
5620,3,105.7,381.19,365.64,151.47
5621,7,105.6,395.86,365.04,160.83
5622,10,105.7,410.81,356.53,168
5623,9,106.1,410.95,357.31,170.93
5624,8,105.2,411.32,357.25,169.31
5625,9,105.3,412.19,367.63,172.25
5626,9,105,419.74,368.51,172.67
5627,7,105.2,428.85,367.89,173.64
5628,5,105.2,428.59,367.78,175.02
5629,5,105.4,432.58,365.89,173.57
5630,7,105,427.14,367.55,173.07
5631,5,105.3,426.92,367.95,168.42
5632,5,105.4,418.33,374.47,166.71
5633,5,105.7,416.72,375.66,166.46
5634,6,105.4,413.25,373.27,166.11
5635,6,105.4,413.42,372.69,161.99
5636,7,105.6,402.51,369.53,160.7
5637,9,105.4,396.48,374.8,158.17
5638,8,105.5,392.4,369.86,158.19
5639,4,105.9,392.39,370.92,154.95
5640,3,106.3,385.05,372.25,152.25
5641,3,106.3,386.48,374.55,151.01
5642,2,106.6,381.13,369.97,150.93
5643,2,106.4,380.85,367.55,153.02
5644,3,106.7,376.11,361.54,154.79
5645,4,106.3,396.8,371.77,161.27
5646,9,106.8,405.71,379.06,169.87
5647,9,106.6,411.48,389.38,172.31
5648,8,106.6,406.29,384.42,170.77
5649,9,105.5,414.36,373.06,169.41
5650,10,105.8,419.2,370.08,169.42
5651,8,106,418.25,365.24,169.8
5652,8,105.4,413.34,374.94,161.56
5653,5,105.3,411.53,373.98,168.87
5654,4,105.3,414.2,379.06,167.83
5655,5,105.9,412.56,374.69,165.66
5656,4,105.8,407.98,368.76,162.82
5657,4,105.5,404.99,368.58,161.21
5658,6,105.5,402.2,356.83,161.86
5659,5,105.8,395,359.57,160.2
5660,5,106.1,387.79,358.29,159.68
5661,5,106.3,391.34,368.94,156.64
5662,3,106.4,399.59,368.9,156.19
5663,5,106.3,397.58,371.73,154.78
5664,4,106.6,390.48,373.57,152.58
5665,3,107.1,378,368.87,149.58
5666,3,107,377.84,370.65,151.15
5667,2,106.9,382.75,365.93,151.4
5668,3,106.9,389.06,372.92,154.41
5669,3,106.7,402.43,374.15,162.73
5670,6,107.5,412.42,382.31,173.56
5671,6,107.4,422.38,380.23,174.53
5672,7,106.1,428.66,374.96,175.19
5673,9,105.5,426.79,370.39,175.68
5674,8,105.8,428.47,367.72,177.14
5675,9,106.2,427.49,364.11,177.21
5676,7,106,424.46,359.82,176.8
5677,5,105.8,433.1,357.34,176.26
5678,5,106.3,426.89,360.46,177.82
5679,7,106.6,433.38,360.74,174.02
5680,6,106.2,424.33,365.4,170.69
5681,7,105.7,418.04,370.99,168.86
5682,5,105.7,409.27,375.79,167.98
5683,5,105.7,401.78,377.82,168.52
5684,6,105.8,401.65,372.43,164.29
5685,7,105.9,395.62,367.63,160.58
5686,5,106.1,387.97,365.51,159.66
5687,3,106,381.71,366.58,157.76
5688,3,106.8,380.08,377.13,155.88
5689,4,106.2,385.94,372.19,156.71
5690,3,106.3,390.96,368.14,154.95
5691,3,106.2,390.12,354.7,156.76
5692,2,106.1,397.75,360.54,159.16
5693,3,105.9,408.22,364,168.81
5694,4,105.5,419.22,367.72,173.92
5695,5,105.8,420.18,369.68,175.72
5696,8,105.6,418.69,370.3,175.37
5697,9,105.6,418.62,373.85,177.6
5698,8,106,416.05,379.23,176.55
5699,8,106.3,421.19,370.09,175.11
5700,9,105.6,420.56,368.95,175.97
5701,6,105.8,423.33,356,176.58
5702,7,106,410.27,364.69,174.42
5703,7,105.6,422.03,361.39,172.6
5704,9,105.3,424.02,365.47,173.21
5705,10,105.5,426.3,365.34,166.72
5706,7,105.4,413.98,369.69,164.25
5707,8,105.6,404.12,365.09,163.27
5708,9,105.5,405.01,367.27,162.81
5709,6,105.8,398.03,357.97,158.88
5710,6,105.3,395.99,362.4,157.25
5711,5,105.3,386.2,365.36,155.04
5712,3,105,388.72,378.84,151.8
5713,3,105,383.8,372.6,151.82
5714,4,104.9,388.46,363.28,150.61
5715,3,104.8,392.55,352.48,152.75
5716,5,104.7,397.13,365.98,154.85
5717,5,104.4,412.54,367.86,164.07
5718,10,104.4,428.63,375.85,172.82
5719,10,104.6,441.57,369.53,174.99
5720,7,105.1,431.53,367.09,176.2
5721,8,106,422.43,355.16,173.33
5722,7,105.6,422.6,355.76,174.3
5723,7,105.7,430.56,368.42,172.87
5724,6,105.8,424.92,376.26,171.38
5725,5,105.7,417.16,378.96,169.71
5726,5,105.6,413.14,364.98,168.03
5727,8,105.5,410.01,362.53,164.01
5728,5,105.4,409.77,361.85,160.43
5729,7,105.9,396.2,368.15,158.59
5730,9,105.2,385.08,368.99,156.8
5731,10,105.3,382.49,362.61,156.44
5732,7,105.6,383.37,364.51,154.59
5733,8,105.5,390.81,365.98,151.79
5734,6,105.1,381.26,370.93,150.11
5735,4,104.9,376.47,370.11,149.05
5736,3,104.6,366.57,367.19,148.28
5737,3,104.5,365.02,368.03,146.9
5738,2,104.6,365.15,362.63,146.88
5739,3,104.5,362.08,365.93,147.47
5740,3,104.7,373.74,355.46,148.23
5741,7,104.9,382.07,355,150.71
5742,9,104.6,392.01,363.52,152.92
5743,9,104.7,398.44,373.11,154.7
5744,9,105.1,403.67,379.11,155.94
5745,6,105.6,406.54,366.38,156.13
5746,4,105.7,397.52,363.73,156.37
5747,5,105.4,381.59,360.53,155.44
5748,5,105.6,377.89,363.3,155.91
5749,7,105.7,379.89,370.92,155.25
5750,7,105.3,391.39,375.16,155.27
5751,4,105.2,391.91,375.49,153.73
5752,4,105.4,389.19,369.28,154.64
5753,6,105.8,381.85,375.36,150.58
5754,7,106.4,380.86,371.18,150.36
5755,9,106.4,379.61,364.91,151.65
5756,9,106.8,382.41,358.92,151.89
5757,8,106.2,386.36,364.78,149.49
5758,6,107.1,388.16,366.42,151.11
5759,3,106.2,390.96,355.79,149.23
5760,4,106,386.75,357.85,150.6
5761,2,106.2,383.4,360.65,149.63
5762,3,106.1,381.68,369.69,148.86
5763,3,105.9,380.81,365.02,149.91
5764,3,105.8,382.99,367.12,148.52
5765,6,106.4,372.65,364.12,149.17
5766,9,106.5,374.88,367.88,150.77
5767,8,106.6,367.55,370.46,150.69
5768,9,106.7,378.18,372.15,152.89
5769,10,107,378.36,370.13,152.96
5770,8,107.7,383.89,374.86,154.76
5771,9,107.8,381.81,379.56,153.53
5772,10,108.1,382.85,376.67,152.45
5773,5,107.8,379.52,370.57,152.49
5774,4,107.5,378.61,365.36,151.74
5775,4,107.4,374.53,369.22,151.02
5776,5,107.4,374.31,374.88,152.1
5777,4,107.7,368.34,384.02,151.24
5778,5,107.6,379.79,391.55,151.05
5779,7,107,380.06,386.28,151.87
5780,10,107,385.29,378.81,150.73
5781,10,107.6,372.58,371.84,148.72
5782,9,107.9,375.53,373.83,148.57
5783,5,108.9,373.52,376.89,147.39
5784,4,108.6,379.29,374.38,147.42
5785,2,108.8,370.61,373.2,147.49
5786,3,109,366.01,370.3,147.44
5787,3,109.5,369.8,379.08,149
5788,2,109.8,381.46,373.73,153.92
5789,7,110.1,396.6,377.99,161.33
5790,9,110.7,403.34,370.15,169.45
5791,9,109.9,414.03,377.53,172.02
5792,4,108.9,412.39,372.64,173.36
5793,5,108.1,411.26,366.95,175.12
5794,5,107.5,407.15,370.13,172.08
5795,4,106.9,412.56,360.35,171.7
5796,5,106.2,405.3,365.39,171.02
5797,5,106,407.22,360.47,168.51
5798,4,106.4,404.5,375.65,168.66
5799,6,107,405.7,370.57,164.46
5800,4,106.7,404.48,366.24,161.72
5801,5,106.5,402.32,370.6,160.71
5802,7,106.7,404.93,380.89,161.14
5803,6,106.8,393.49,388.15,159.75
5804,5,107,389.88,388.46,158.82
5805,6,107,376.9,383.25,158.47
5806,7,107.3,377.41,381.17,155.54
5807,3,107.8,371.68,371.46,152.71
5808,3,107.8,370.96,366.61,149.08
5809,2,107.8,369.07,365.15,151.19
5810,3,108,372.79,359.39,151.8
5811,2,108.2,378.11,365.3,151.73
5812,4,108.3,381.68,360.72,153.59
5813,6,108.8,391.62,371.65,160.74
5814,9,110.3,401.92,375.33,168.07
5815,9,111.1,411.24,374.25,171.31
5816,6,109.2,420.39,374.08,169.34
5817,6,108.7,420.38,369.85,168.48
5818,6,108.5,424.27,376.79,168.65
5819,5,107.8,414.47,368.94,170.03
5820,3,107.8,414.6,374.29,170.07
5821,8,107.4,411.74,373.28,173.77
5822,4,107.5,417.65,374.53,172.51
5823,6,107.7,406.88,362.86,167.24
5824,6,107.1,402.65,370.72,163.03
5825,6,107.1,398.78,385.5,162.58
5826,6,107,401.22,397.96,164.9
5827,6,107.1,402.43,386.85,162.09
5828,5,107.7,393.28,373.13,160.19
5829,4,108.1,393.86,371.09,159.35
5830,4,108.7,379.95,371.3,157.52
5831,3,108.7,382.04,369.69,155.89
5832,3,108.5,391.5,373.57,154.47
5833,3,108.7,400.22,377.81,156.63
5834,2,109.6,394.2,379.6,153.69
5835,3,110.5,388.06,380.51,154.36
5836,2,111,395.27,380.65,158.74
5837,3,111.5,407.81,379.68,168.49
5838,7,113,416.7,374.66,173.29
5839,8,112.1,415.06,372.51,174.81
5840,8,109.5,410.58,377.36,170.28
5841,7,109.6,408.26,377.36,167.55
5842,8,109.4,410.44,387.09,174.5
5843,6,109.2,422.86,383.99,173.01
5844,7,108.3,425.92,379.69,172.12
5845,5,107.6,422.96,374.4,171.9
5846,6,107.5,411.63,377.96,171.31
5847,6,107.4,401.22,378.9,169.03
5848,5,107.6,406.15,375.68,166.03
5849,7,107.8,408.2,376.43,169.26
5850,5,108,411.16,373.62,166.27
5851,5,108.3,406.86,382.19,166.43
5852,5,109,409.23,378.21,166.7
5853,4,109.5,401.87,385.92,164.42
5854,4,110.1,394.39,372.46,160.1
5855,4,109.2,382.7,377.03,157.4
5856,3,109,385.15,370.31,157.76
5857,2,108.9,387.17,381.89,154.98
5858,3,108.5,382.39,385.63,154.36
5859,3,108.5,383.64,392.59,155.15
5860,3,108.9,386.18,387.76,158.05
5861,3,109.5,408.15,380.7,168.42
5862,5,109.2,419.47,381.5,175.37
5863,7,110.4,421.19,382.67,175.02
5864,7,110.2,415.95,383.71,172.14
5865,8,109.6,414.23,383.95,172.4
5866,7,109.2,419.14,381.24,173.1
5867,7,109.3,423.84,385.56,166.83
5868,7,108.6,422.72,379.43,168.89
5869,5,108.4,424.95,375.78,170.01
5870,5,108.3,420.62,370.98,170.52
5871,9,108.2,420.19,373.61,168.82
5872,8,107.9,415.61,369.71,165.15
5873,8,108.1,404.96,371.12,163.11
5874,9,107.3,398.72,361.24,162.83
5875,7,107.7,398.84,365.72,164.49
5876,9,108.6,404.53,362.15,165
5877,8,109.7,404.15,374.67,162.24
5878,6,110.8,397.59,378.83,158.57
5879,3,113,401.2,380.5,155.47
5880,4,111,397.06,385.8,156.87
5881,3,112.1,398.45,395.85,156.26
5882,3,112,388.07,395.63,154.91
5883,3,112.1,391.39,394.88,158.9
5884,4,112.3,398.71,389.19,162.81
5885,8,112.6,413.02,386.86,170.61
5886,8,112.8,429.22,382,174.56
5887,9,112.3,430.36,366.09,176.28
5888,10,110,426.04,369.2,175.9
5889,7,108.4,414.27,360.43,174.95
5890,6,107.1,408.74,372.42,175.05
5891,5,106.9,405.23,378.88,173.94
5892,3,106.7,411.24,388.54,173.05
5893,4,106.9,408.23,382.15,170.44
5894,3,107.2,405.37,369.26,167.34
5895,6,107,399.6,367.93,164.35
5896,5,106.7,396.68,366.63,161.6
5897,6,106.8,391.29,379.95,161.35
5898,7,106.9,388.82,386.73,161.86
5899,7,107.4,395.13,394.79,163.13
5900,9,107.8,397.12,391.73,162.11
5901,8,108.1,396.69,386.57,160.31
5902,6,108,386.72,383.05,157.11
5903,6,108.6,392.98,380.43,157.09
5904,3,108.7,392.84,374.03,155.46
5905,3,109.2,398.44,381.72,155.51
5906,2,109.3,398.37,377.24,155.43
5907,3,109.4,394.57,383.82,155.48
5908,4,109.4,388.49,384.06,156.63
5909,7,110.1,387.56,387.69,157.32
5910,10,111,393.98,384.82,158.62
5911,8,110.3,400.16,378.7,159.81
5912,9,109.7,399.24,373.71,159.07
5913,9,108.3,393.16,371.44,160.57
5914,6,107.5,393.05,369.2,159.96
5915,5,107.3,393.99,368.63,160.94
5916,5,107.6,397.33,369.33,159.53
5917,5,106.8,396.57,370.99,158.98
5918,3,106.6,397.52,372.3,159.66
5919,5,106.9,397.4,364.91,160.29
5920,7,107.5,394.37,369.35,157.86
5921,8,108.7,393.23,376.5,158.07
5922,9,108.6,394.05,392.75,157.84
5923,7,109,394.13,388.69,159.15
5924,4,108.7,387.09,386.42,156.88
5925,5,109,377.8,378.25,155.06
5926,6,109.8,377.08,381.76,154.21
5927,5,110.3,378.79,398.2,152.16
5928,3,111.9,383.77,400.69,152.17
5929,3,111.6,379.75,406.34,153.4
5930,2,111.6,377.08,392.79,153.25
5931,3,111.4,371.83,399.33,153.71
5932,3,112.1,381.91,388.09,154.37
5933,6,113,387.67,397.6,156.05
5934,9,113.9,394.09,398.19,158.59
5935,8,114.4,395.58,402.83,158.14
5936,9,112.2,392.37,394.24,157.43
5937,8,110.8,382.87,385.86,156.63
5938,9,110,381.31,381.93,157.09
5939,8,108.8,381.12,366.45,158.48
5940,6,108,391.33,370.25,157.97
5941,6,107.7,391.18,369.64,157.05
5942,4,108,393.13,376.91,156.31
5943,7,108.5,401.07,369.49,156.69
5944,4,109,399.23,377.45,158.15
5945,4,109.5,402.38,384.26,158.39
5946,5,109.3,388.53,389.7,158.88
5947,8,109.8,388.29,384.05,157.14
5948,8,110.4,382.46,378.67,156.91
5949,6,112,379.91,383.13,155.87
5950,8,112.8,369.04,392.33,153.63
5951,4,113.6,362.63,396.82,153.61
5952,4,114.1,366.27,394.59,153.98
5953,2,114.2,374.28,391.53,154.86
5954,3,114.5,383.06,397.79,153.11
5955,2,115.8,387.19,408.34,156.9
5956,3,116.4,390.57,409.88,159.77
5957,6,117.4,402.97,409.92,169.01
5958,9,118.9,415.68,405.13,175.48
5959,9,118.3,423.43,400.44,178.16
5960,8,115.7,415.29,387.39,171.99
5961,9,111.8,411.72,377.76,166.1
5962,9,110.2,411.2,380.41,173.88
5963,6,109.6,415.1,384.07,174.3
5964,5,109,412.2,382.36,172.29
5965,3,109.3,411.58,372.53,172.48
5966,4,108.6,405.59,373.36,170.78
5967,5,108.9,399.18,373.7,167.24
5968,5,108.8,404.44,378.53,165.96
5969,8,108.3,409.75,383.9,164.31
5970,7,108.4,409.36,384.79,164.16
5971,9,108.8,397.05,390.02,163.4
5972,8,110,389.97,388.73,162.43
5973,8,111.3,383.71,393.13,159.79
5974,7,112.3,380.69,383.76,157.43
5975,5,112.1,383.34,386.75,154.1
5976,3,112.3,383.38,384.8,153.21
5977,3,113.3,384.76,393.99,152.4
5978,2,114.1,388.34,386.85,152.33
5979,3,114.1,392.95,398.12,153.73
5980,3,115,397.43,389.02,156.7
5981,7,115.1,403.21,400.33,164.58
5982,8,114.7,415.62,396.08,173.71
5983,9,115.4,422.6,394.74,177.47
5984,10,111.8,425.6,391.21,178.23
5985,8,109.8,424.14,382.05,175.61
5986,7,108.7,423.59,379.96,176.21
5987,4,108.3,419.89,368.54,176.5
5988,5,107.8,422.28,366.45,177.84
5989,5,106.7,416.13,376.99,173.52
5990,7,106.9,410.63,376.41,172.42
5991,8,107.2,399.33,365.07,169.76
5992,7,107.1,402.67,365.57,168.25
5993,5,108.2,404.33,375.8,165.91
5994,6,108.3,397.92,378.83,164.4
5995,7,108.6,398.23,375.3,163.16
5996,4,108.8,395.33,369.44,161.82
5997,6,108.3,397.48,376.17,159.49
5998,6,108.2,387.02,371.15,157.37
5999,4,108.2,382.23,368.24,154.45
6000,4,109.3,385.87,368.77,152.22
6001,3,108.7,385.34,374.37,151.17
6002,2,109.3,382.16,379.2,150.72
6003,3,108.9,391.01,373.06,152.6
6004,2,109.4,400.67,373.87,161.98
6005,3,110.4,421.36,376.31,169.93
6006,3,112.2,426.58,389.23,177.1
6007,9,111.2,428.24,386.08,178.21
6008,8,109.8,424.87,386.13,179.88
6009,9,109,420.01,385.73,179.76
6010,8,108.8,427.12,388.35,177.8
6011,7,109,421.14,381.84,177.32
6012,9,108.2,426.2,379.15,177.85
6013,5,108.3,415.67,381.92,177.9
6014,4,108.9,416.01,378.98,175.58
6015,5,108,409.79,372.38,172.21
6016,6,108.5,412.76,367.95,171.03
6017,5,108.3,413.32,372.82,169.27
6018,5,108.6,416.25,369.76,169.69
6019,5,108.8,416.04,366.39,168.97
6020,7,109,411.26,366.98,167.12
6021,6,108.8,406.28,380.01,164.21
6022,5,108.7,399.08,380.32,161.15
6023,3,108.9,399.52,377.33,158.58
6024,3,107.9,398.33,371.23,157.2
6025,3,107.9,403.44,369.89,157.4
6026,3,107.4,398.62,366.91,159.19
6027,4,107.2,397.05,366.94,160.57
6028,3,107.3,396.17,365.11,163.5
6029,5,107.6,412.42,366.21,172.21
6030,5,108.4,417.33,368.87,180.66
6031,7,109.6,425.69,375.38,183.24
6032,9,108.4,428.48,372.58,183.96
6033,9,108.4,432.79,369.25,184.57
6034,8,108.3,434.15,366.23,184.33
6035,9,108.2,429.95,369.03,182.63
6036,9,108.1,436.72,371.81,182.25
6037,7,107.7,437.81,373.03,180.58
6038,5,108.1,436.11,381.71,180.08
6039,6,108,429.58,378.82,177.09
6040,9,108,426.44,382.82,175.25
6041,9,108.2,425.13,386.27,172.99
6042,7,108.9,418.32,387.23,172.54
6043,8,108.7,404.66,379.31,171.85
6044,9,108.8,393.7,369.57,171.57
6045,6,108.3,395.14,367.09,168.97
6046,5,108.2,402.96,368.95,165.33
6047,4,107.9,408.21,369.39,161.94
6048,5,107.8,403.8,365.35,160.74
6049,3,107.6,404.64,363.91,161.17
6050,3,107.6,401.66,359.36,160.86
6051,3,107.6,400.46,363.73,161.21
6052,3,107.5,399.98,364.22,164.71
6053,6,107.7,408.81,366.1,173.79
6054,9,108.3,423.29,371.58,180.82
6055,9,109.2,435.31,373.94,184.21
6056,8,108.8,443,376.9,184.26
6057,7,108.6,447.23,369.63,181.15
6058,5,108.9,445.85,370.95,182.04
6059,6,108.3,442.28,377.45,180.21
6060,5,107.6,436.32,377.88,179.5
6061,6,107.8,427.4,369.63,177.3
6062,6,108.1,420.67,364.17,168.33
6063,5,108.4,409.22,364.55,163.07
6064,7,108.2,398.91,373.43,160.13
6065,9,108.2,392,376.86,159.3
6066,9,107.9,389.26,381.13,157.67
6067,9,107.8,392.94,379.63,156.41
6068,7,108,398.58,373.44,156.86
6069,8,107.8,397.9,375.45,158.7
6070,5,107.6,399.36,366.65,155.83
6071,4,107.1,386.96,361.74,153.77
6072,3,107,384.75,354.09,152.65
6073,3,107.3,381.92,356.44,151.99
6074,2,107.5,382.39,360.09,152.26
6075,3,107.5,386.36,361.32,151.83
6076,6,107.6,381.91,371.78,153.06
6077,8,108,384.15,373.87,157.33
6078,9,108.1,386.62,378.3,158.76
6079,7,108.4,392.75,374.09,161.09
6080,9,108.8,396.05,370.49,161.5
6081,7,108.1,405.51,371.52,162.28
6082,4,107.6,401.38,379.76,162.73
6083,8,107.7,405.31,378.75,162.35
6084,4,107.7,388.8,381.57,161.82
6085,5,107.7,391.4,370.99,161.02
6086,5,107.6,387.63,372.6,160.47
6087,9,107.6,388.19,367.9,158.61
6088,7,107.3,390.51,372.16,157.35
6089,9,107.3,384.78,380.59,155.75
6090,7,107.9,386.53,378.82,156.07
6091,6,108.5,376.28,382.95,156.18
6092,8,109,361.04,376.47,146.88
6093,8,109,344.92,378.04,135.5
6094,8,109,328.3,379.66,128.85
6095,4,108.7,329.89,377.08,123.96
6096,3,109.1,326.52,376.24,127.41
6097,2,109.6,343.51,376.04,133.36
6098,3,110.8,358.13,384.9,144.17
6099,3,110.8,365.55,392.1,145.82
6100,3,111.5,366.09,385.48,146.08
6101,7,113.1,359.41,388.13,146.81
6102,9,114,369.06,388.04,150.37
6103,10,113.6,368.53,401.35,151.42
6104,8,112.5,374.67,399.23,152.81
6105,10,110.3,377.39,392.82,150.94
6106,10,108.7,385.75,384,158.47
6107,7,108.3,395.54,378.24,158.17
6108,6,107.6,392.43,379.75,159.46
6109,4,107.6,391.72,370.85,158.52
6110,4,107.1,385.47,375.62,156.6
6111,3,107.5,387.24,367.48,153.89
6112,7,107,378.84,371.73,156.24
6113,9,107.4,375.21,369.26,155.55
6114,10,107.7,375.25,375.81,153.1
6115,9,108.4,382.88,380.91,152.12
6116,7,109.4,382.58,373.36,151.23
6117,7,108.9,376.28,373.1,150.88
6118,6,108.9,373.68,363.42,149.67
6119,4,108.9,369.78,369.44,148.98
6120,4,109.5,361.62,365.23,146.48
6121,3,109.4,351.61,372.24,137.69
6122,4,109.6,354.37,371.69,140.16
6123,3,109.2,362.52,379.96,148.08
6124,3,109.1,377.17,383.26,149.86
6125,9,108.7,391.14,385.58,159.9
6126,9,109.7,410.53,389.31,169.65
6127,9,110,411.28,390.27,171.15
6128,9,109.4,411.4,385.45,171.22
6129,9,108.9,411.92,383.58,170.03
6130,10,108.8,414.49,380.94,173.36
6131,10,108.9,414.13,379.9,170.08
6132,8,108.1,416.25,374.56,170.34
6133,5,107.8,412.65,369.9,167.39
6134,6,107.8,407.69,368.2,164.93
6135,5,108,399.72,363.2,161.52
6136,6,108,394.29,369.34,159.05
6137,7,107.6,398.25,381.58,157.45
6138,7,108,388.33,392.54,157.49
6139,9,108.7,383.5,387.28,156.71
6140,8,109.2,372.31,379.37,155.42
6141,10,109.2,374.73,368.71,151.82
6142,9,109.6,381.36,374.42,156.7
6143,7,109.4,380.17,378.47,155.67
6144,4,108.6,374.61,382.87,151.09
6145,3,109.1,372.2,375.75,148.08
6146,4,108.9,375.91,380.08,148.45
6147,3,110,385.12,382.66,150.63
6148,5,110.7,380.14,387.52,153.58
6149,9,111.3,389.23,383.18,160.4
6150,9,112.4,395.74,384.71,168.77
6151,8,111.4,407.99,385.81,170.08
6152,8,110.5,399.47,379.03,169.36
6153,10,109.6,397.21,375.58,168.33
6154,5,108.9,402.07,377.66,168.11
6155,6,108,409.65,380.04,168.19
6156,5,107.1,413.51,380.84,167.63
6157,5,106.3,412.74,377.05,168.6
6158,4,106.4,408.49,380.27,165.89
6159,5,106.7,399.62,375.68,162.63
6160,6,107.5,395.7,371.47,159.63
6161,9,107.2,394.63,376.03,159.29
6162,7,107.5,389.84,377.07,159.2
6163,8,108.1,384.26,377.48,157.83
6164,8,109.1,372.63,370.52,156.84
6165,6,109.4,369.63,383.2,154.09
6166,4,109.3,365.23,383.51,151.84
6167,4,108.5,380.07,389.55,149.39
6168,3,109.2,377.39,376.65,147.52
6169,3,109.1,382.65,385.18,147.39
6170,3,109.2,377.22,380.63,146.75
6171,3,109.7,378.42,385.56,148.11
6172,2,110.1,378.9,374.73,152.02
6173,3,111.5,387.35,384.73,160.05
6174,6,113.7,404.73,393.93,167.76
6175,7,112.4,418.41,395.23,169.75
6176,8,111.1,417.82,390.56,171.2
6177,8,109.8,421.33,374.19,170.83
6178,8,109,415.43,382.19,168.23
6179,8,108.9,406.33,374.85,167.76
6180,8,108.1,401.33,384.58,159.62
6181,7,108.7,392.48,379.51,164.16
6182,7,108.7,399.7,386.25,163.93
6183,4,110.1,402.46,387.32,162.71
6184,8,110,413.27,386.87,165.21
6185,8,110.1,418.13,389.39,166
6186,5,110.3,406.26,382.75,165.78
6187,7,111.7,397.36,385.54,166.81
6188,4,112.2,389.95,390.72,163.98
6189,6,112.8,390.14,400.13,161.61
6190,4,113.3,388.29,398.08,157.83
6191,4,112.7,380.48,396.75,156.69
6192,3,112.4,384.09,395.14,157.15
6193,3,113,383.31,402.39,156.03
6194,4,112.5,395.44,397.61,155.19
6195,3,112,401.41,396.6,155.29
6196,3,112,413.31,384.67,161.62
6197,4,111.9,421.72,387.98,170.56
6198,5,113.3,427.9,380.53,178.65
6199,7,113.4,433.24,391.83,180.78
6200,7,112,435.5,384.89,180.71
6201,7,110.9,425.36,391.5,180.92
6202,8,110.6,425.5,390.01,180.63
6203,5,110.8,421.75,393.01,178.53
6204,6,110.5,428.26,389.63,179
6205,5,110.4,418.73,384.68,177.31
6206,8,108.9,415.87,379.71,176.53
6207,7,108.1,412.22,384.08,172.1
6208,9,107.9,409.39,385.13,170.59
6209,10,108.6,413.22,385.63,170.33
6210,10,109.4,404.78,379.12,169.69
6211,9,110.2,404.93,381.17,166.21
6212,8,110.4,392.42,386.56,162.4
6213,7,110.3,386.05,386.42,159.42
6214,6,110.7,381.26,392.75,156.76
6215,3,110.5,376.51,388.71,153.66
6216,4,110.4,370.27,392.69,152.54
6217,3,110.3,362.15,378.68,150.71
6218,3,109.8,367.71,382.1,150.65
6219,3,110.2,384.46,379.3,152.28
6220,3,110.7,400.54,383.43,156.37
6221,7,111.8,405.47,380.34,165.45
6222,10,112.4,409.93,391.49,172.83
6223,10,112.4,416.57,395.64,175.31
6224,7,111.5,418.1,391.73,175.86
6225,10,111,422.1,378.73,168.75
6226,10,109.5,428.1,382.85,173.85
6227,10,108.8,440.5,382.61,173.34
6228,7,108.4,439.94,385.32,171.05
6229,8,108.2,428.66,378.74,170.62
6230,5,108.1,408.18,366.37,167.3
6231,4,108,401.5,368.78,163.32
6232,7,108,392.92,362.12,160.87
6233,9,107.6,394.89,378.86,158.05
6234,8,107.6,382.05,379.99,157.51
6235,10,107.9,380.79,389.21,155.76
6236,9,108.1,369.88,387.66,155.28
6237,9,108.3,375.71,385.21,153.12
6238,10,108.4,377.42,383.6,152.3
6239,5,108.2,386.22,387.8,151.25
6240,4,108.9,385.98,391.44,150.76
6241,4,108.9,382.76,388.7,150.38
6242,3,108.7,373.37,380.76,148.73
6243,4,109.1,373.75,374.8,148.67
6244,4,109.7,369.65,376.08,148.97
6245,7,109.8,379.64,379.69,151.24
6246,10,110.1,374.15,380.1,152.94
6247,9,110.9,387.04,382.54,154.69
6248,8,111.2,388.02,376.56,156.61
6249,10,110.2,394.41,376.76,158.07
6250,8,109.4,383.68,376.37,158.29
6251,7,108.8,383.19,381.11,157.97
6252,6,108.6,382.09,382.9,158.01
6253,6,108.4,383.12,380.77,157.8
6254,3,108,380.82,389.01,156.96
6255,5,108.9,383.29,385.34,156.44
6256,7,109.7,388.84,384.94,156.65
6257,9,109,387.91,383.99,154.45
6258,8,109.6,388.37,388.32,156.51
6259,5,111.1,388.21,385.49,156.06
6260,7,111.8,382.72,376.37,154.89
6261,8,111.3,379.2,376.65,153.21
6262,6,111.9,372.4,376.54,151.57
6263,4,112.8,364.59,382.25,149.93
6264,3,113.5,361.68,381.46,149.37
6265,2,113.4,364.6,387.24,148.79
6266,3,113.4,368.11,391.55,148.56
6267,3,112.1,368.25,389.31,149.23
6268,3,112.8,373.12,393.98,150.4
6269,6,113.4,380.01,390.05,151.88
6270,8,114.7,379.12,396.47,151.76
6271,10,114.8,378.76,393.37,152.96
6272,7,112.5,379.16,390.68,154.69
6273,9,111.5,378.21,382.8,156.48
6274,8,111.3,372.51,381.02,158.83
6275,7,110.9,387.93,373.57,157.95
6276,4,109.9,397.76,376.42,158.17
6277,3,109.4,407.32,362.15,158.88
6278,6,110.3,407.88,373.59,159.53
6279,3,111,403.7,375.62,159.5
6280,8,110.3,402.27,393.96,159.51
6281,8,110.5,387.54,405.44,159.13
6282,8,111.3,384.89,408.21,159.02
6283,6,111.5,385.76,401.06,158.75
6284,9,111.6,381.28,396.25,157.17
6285,10,112.2,389.35,388.33,155.44
6286,6,111.7,384.19,383.75,154.43
6287,4,111.9,381.92,382.56,153.65
6288,3,112.2,375.42,390.94,153.67
6289,3,113,371.2,393.15,153.28
6290,3,114,381.05,381.84,153.53
6291,2,113.3,385.38,381.67,154.84
6292,3,113,400.13,385.03,160.13
6293,7,113.4,410.57,388.72,170.55
6294,10,114.5,425.32,398.31,177.88
6295,7,114.6,425.44,410.98,180.19
6296,9,114.3,429.9,412.55,178.89
6297,8,112.9,425.1,398.43,179.59
6298,5,111.6,425.37,392.92,179.71
6299,5,110.8,429.15,387.98,179.48
6300,4,111,427.87,379.82,179.66
6301,4,111.6,437.39,362.37,178.81
6302,4,110.9,432.15,363.79,178.02
6303,4,110.6,430.53,375.46,174.49
6304,7,111.2,416.03,387.95,172.53
6305,6,112.3,405.71,398.81,171.01
6306,6,111.8,400.5,401.81,171.08
6307,6,113.5,402.09,408.42,169.71
6308,7,113.3,402.8,402.29,167.1
6309,10,113.5,400.32,401.13,163.95
6310,10,114.4,387.84,397.7,161.64
6311,7,114.9,383.73,397.43,159.35
6312,4,114.5,386.99,391.18,158.3
6313,3,115.2,395.36,397.51,157
6314,3,116.1,400.6,399.72,157.14
6315,5,117,398.18,406.97,158.77
6316,3,117.8,407.6,401.69,164.48
6317,7,117.8,417.78,400.21,174.24
6318,10,119.7,433.69,405.6,182.3
6319,8,119.9,441.94,408.94,184.77
6320,9,117.4,441.7,406.24,184.11
6321,10,115,443.47,401.31,184.28
6322,8,113.5,436.32,394.86,183.13
6323,7,111.8,441.33,387.62,181.04
6324,7,111.4,443.29,385.19,181.01
6325,6,110.4,443.87,383.48,182.05
6326,4,111.4,436.56,393.06,180.04
6327,5,111.7,419.44,393.13,177.69
6328,8,112,420.46,388.63,174.88
6329,7,111.1,404.87,389,172.94
6330,8,111.7,403.74,392.05,172.9
6331,6,114.1,390.39,408.49,170.56
6332,7,116.1,402.84,411.41,168.53
6333,5,117.4,399.39,410.11,166.19
6334,5,119.1,401.01,413.37,163.9
6335,7,119.6,396.71,412.21,161.99
6336,6,119,399.81,415.99,160.43
6337,3,119,399.64,407.92,159.49
6338,4,120.2,388.59,412.33,160.29
6339,3,119.7,388.89,408.15,161.47
6340,3,120,401.47,409.93,166.3
6341,4,121.7,421.03,411.08,174.51
6342,5,124.4,428.11,425.46,181.49
6343,9,125.2,427.58,425.89,183.44
6344,10,120.3,424.4,423.85,184.03
6345,10,117,433.38,403.16,184.53
6346,8,113.9,435.28,395.61,183.41
6347,10,111.6,432.61,387.6,183.1
6348,10,110.6,426.69,389.94,181.4
6349,8,110,424.7,380.12,180.03
6350,9,109.9,427.18,378.3,178.67
6351,6,110,425.68,371.44,174.93
6352,8,109.5,415.52,380.03,172.7
6353,8,109.5,410.44,392.48,172.12
6354,8,110.5,409.93,388.35,171.05
6355,10,112.1,417.42,386.62,169.6
6356,7,113.5,408.19,378.98,166.92
6357,5,114.6,399.25,392.3,164.2
6358,5,115.2,391.19,400.32,161.1
6359,4,115.2,393.74,399.75,158.66
6360,4,114.8,392.32,396.06,157.27
6361,3,113.7,395.27,386.3,156.71
6362,4,113.3,391.94,379.64,157.08
6363,3,113.2,391.62,378.28,158.26
6364,3,113.2,394.61,380.57,163.39
6365,3,113.8,411.76,388.52,172.19
6366,5,114.9,425.05,397.16,180.67
6367,9,117.1,433.05,399.75,183.74
6368,10,116.6,437.15,393,184.13
6369,10,113.7,430.34,383.78,183.64
6370,8,112.5,436.54,381.77,183.77
6371,10,111.2,438.75,378.01,184.48
6372,9,109.1,451.3,378.74,184.6
6373,10,108.2,449.22,380.18,183.11
6374,10,108.7,448.73,378.26,182.37
6375,9,108.7,445.64,380.89,179.09
6376,10,109,442.11,379.17,174.78
6377,9,109.3,433.6,390.63,174.82
6378,9,109.2,425.82,393.43,173.9
6379,9,109.9,412.84,391.23,172.21
6380,10,110.1,413.32,387.72,168.16
6381,8,110.1,414.11,382.92,165.8
6382,8,110.2,413.12,383.88,163.87
6383,4,110.1,406.28,384.64,160.53
6384,4,110.6,398.61,385.58,160.39
6385,4,111.4,397.86,389.25,159.14
6386,4,112.1,396.41,387.13,158.59
6387,3,112.8,400.87,386.52,159.99
6388,5,113.4,406.25,383.52,164.2
6389,8,113.5,418.52,385.84,173.59
6390,9,113.9,423.84,396.23,180.63
6391,11,114.9,433.74,397.46,182.88
6392,9,114,439.84,399.64,182.32
6393,10,112.4,451.8,390.31,180.17
6394,10,111.3,452.22,389.44,183.48
6395,9,110.1,448.23,388.09,181.11
6396,8,109,435.11,387.24,180.04
6397,7,109,426.36,384.75,178.08
6398,6,109.4,414.8,380.55,176.92
6399,6,110,403.43,378.96,171.89
6400,6,109.6,394.72,374.12,165.95
6401,8,110,397.57,377.37,163.82
6402,8,110.3,401.93,379.93,163.33
6403,9,110.5,402.5,380.08,163.13
6404,10,110.3,390.05,376.06,160.24
6405,8,111.4,385.34,373.96,156.51
6406,7,111.7,380.55,392.71,153.8
6407,7,111.8,386.2,397.97,154.79
6408,4,111.3,380.47,402.94,154.2
6409,3,111.1,379.93,388.11,152.95
6410,4,111.4,382.01,386.86,151.91
6411,4,111.3,379.49,376.14,151.72
6412,5,111.3,383.07,377.25,152.51
6413,10,110.6,381.52,377.56,155.56
6414,11,111,391.27,381.26,157.73
6415,11,111.7,393.21,385.26,159.22
6416,10,112.1,392.76,386.82,158.78
6417,10,112.9,392.67,389.21,158.58
6418,8,113.2,387.31,387.92,158.68
6419,7,112.3,383.66,381.41,157.74
6420,7,111.1,380.97,379.14,157.17
6421,9,110.1,386.43,374.6,156.97
6422,8,109.2,383.43,377.13,157.54
6423,7,109.1,380.68,375.26,157.61
6424,8,109,379.35,382.94,156.92
6425,9,109.6,385.61,395.1,156.57
6426,8,110.9,389.73,402.04,157.58
6427,7,112.4,389.81,397.79,156.91
6428,9,112,385.15,387.16,156.05
6429,8,113.6,387.79,389.65,154.85
6430,7,114,384.59,397.81,153.32
6431,5,116.2,380.51,402.4,152.72
6432,3,116.4,379.04,401.77,152.17
6433,4,115.8,380.39,399.83,152.65
6434,4,114.7,378.93,398.09,151.38
6435,7,113.6,374.59,394.79,151.19
6436,4,113.2,367.98,392,152.36
6437,7,112.9,378.85,390.76,154.2
6438,10,115.1,382.31,393.99,155.11
6439,8,115.5,385.96,394.59,156.14
6440,10,115,381.55,392.81,156.29
6441,8,114.3,378.41,387.61,155.72
6442,8,113.1,386.53,391.93,155.84
6443,6,112.1,385.03,389.91,156.1
6444,6,111.7,382.7,397.13,157.62
6445,4,110.6,376.76,390.1,157.58
6446,5,110.3,386.75,387.2,158.14
6447,5,110.5,389.95,385.15,159.11
6448,8,111.1,394.37,380.77,158.4
6449,9,111,396.44,398.37,158.69
6450,9,111.4,393.88,395.7,159.91
6451,6,111.8,387.68,401.86,159.63
6452,10,112,376.24,390.29,158.29
6453,7,112.8,383.66,391.39,156.43
6454,7,112.5,387.82,387.4,155.29
6455,4,110.9,385.72,381.95,154.17
6456,4,111,387.99,382.11,153.95
6457,4,112.2,380.47,388.57,153.66
6458,3,112.2,383.67,387.63,153.46
6459,4,110.9,382.07,391.65,155.17
6460,4,111.5,392.34,389.01,160.04
6461,7,111.3,408.57,393.06,169.19
6462,9,112.2,417.74,388.7,177.52
6463,9,113.1,424.58,393.59,179.83
6464,9,111.9,428.59,397.26,179.25
6465,8,111.1,425.17,397.73,177.85
6466,8,110,429.33,390.58,178.05
6467,6,109.7,423.46,387.38,177.64
6468,6,109.5,430.77,383.95,177.33
6469,4,109.6,429.91,380.69,175.91
6470,4,109.5,428.86,379.65,175.67
6471,8,110.1,421.77,382.86,171.73
6472,8,109.9,416.6,390.61,169.93
6473,9,110.4,409.99,394.68,168.66
6474,6,109.8,404.75,386.41,168.31
6475,8,110.5,400.95,386.61,166.11
6476,11,110.1,400.9,388.86,164.14
6477,11,110.1,395.14,394.77,160.81
6478,11,109.8,388.48,394.73,158.78
6479,8,109.5,381.7,387.75,156.89
6480,4,108.4,374.44,380.83,156.02
6481,3,108.1,373.42,368.6,154.94
6482,4,109.3,379.91,362.56,155.15
6483,4,108.7,395.1,366.87,155.81
6484,6,109,405.98,369.99,157.78
6485,7,109.3,412.55,373.96,165.87
6486,11,109.9,418.19,377.35,173.49
6487,11,110.6,416.92,383.19,176.78
6488,11,110.2,416.19,384.06,176.97
6489,10,110.7,412.68,379.05,176.27
6490,9,110.2,421.56,377.27,175.54
6491,6,110.2,426.87,382,175.21
6492,6,109.9,428.94,384.45,173.53
6493,6,110.2,419.56,385,168.73
6494,6,111.1,414.66,389.4,176.33
6495,5,111.7,408.13,402.21,171.67
6496,11,111.7,412.18,404.03,169.03
6497,10,111.5,409.75,406.59,166.52
6498,6,112.4,410.49,391.76,167.38
6499,6,112.3,407.76,391.36,165.11
6500,8,112,403.54,383.19,163.75
6501,8,111.7,405.71,389.8,161.06
6502,7,110.9,400.36,384.32,158.09
6503,5,109.5,394.79,383.67,154.54
6504,4,110.5,389.62,382.03,154.07
6505,4,110.3,384.88,391.9,153.45
6506,4,110.5,383.91,397.52,154.33
6507,4,110.8,385.2,400.67,155.9
6508,9,110.8,394.41,395.7,160
6509,14,110,417.05,388.54,170.07
6510,16,111.3,425.61,391.56,179.33
6511,12,113.6,435.16,389.7,184.78
6512,9,114,429.97,391.79,189.6
6513,9,112.7,438.05,391.39,189.46
6514,8,111.7,439.86,396.91,189.06
6515,8,111.2,445.05,397.73,187.38
6516,10,111.9,448.6,390.53,187.5
6517,10,110.1,453.13,383.53,186.54
6518,10,110.1,444.54,373.95,185.07
6519,7,111.5,437.51,371.08,180.9
6520,10,113.3,417.52,377.34,178.13
6521,9,113.3,413.44,390.01,176.37
6522,7,113.7,403.02,396.32,175.65
6523,5,114.7,408.25,390.57,173.13
6524,4,114.4,405.06,386.42,170.88
6525,5,113.9,400.88,386.4,168.39
6526,7,114.1,390.47,394.89,164.83
6527,5,114.3,382.11,404.26,161.06
6528,4,115.8,383.68,402.71,159.26
6529,3,115.4,399.27,401.86,158.27
6530,4,115.9,402.95,392.31,157.98
6531,3,116.6,400.74,396.54,159.72
6532,4,116.6,393.9,400.99,164.27
6533,5,117.7,413.38,410.76,173.25
6534,5,120.7,422.03,425.81,180.17
6535,4,123.6,430.93,428.35,183.39
6536,9,120.6,425.9,426.81,183.8
6537,10,118.3,433,408.23,176.2
6538,9,114.7,433.75,397.12,182.31
6539,9,112.4,436.02,384.07,182.53
6540,9,112.3,433.17,377.53,182.4
6541,6,112.3,434.39,379.05,181.32
6542,8,111.3,430.84,389.48,180.12
6543,9,111.2,432.93,389.87,176.88
6544,8,111.7,427.8,388.46,174.89
6545,10,113.2,425.13,384.08,173.74
6546,9,113.3,414.89,386.18,173.35
6547,9,113.4,409.17,386.23,172.84
6548,11,112.6,403.31,384.71,169.51
6549,10,113,403.05,380.65,165.99
6550,6,113,404.27,386.54,162.59
6551,4,112.8,408,387.93,159.57
6552,4,112.6,403.65,390.86,158.81
6553,4,112.8,396.02,384.42,158.73
6554,3,112.6,381.43,384.36,158.88
6555,4,112.7,385.49,389.54,159.63
6556,4,112.1,388.82,387.26,163.84
6557,7,112.1,406.16,389,171.74
6558,10,112.8,422.1,394.7,179.49
6559,11,113.4,432.45,392.88,182.21
6560,11,114.2,440.08,388.43,182.24
6561,10,112.5,433.29,382.98,182.14
6562,11,111,429.15,385.83,181.69
6563,7,110.9,422.82,387.14,179.68
6564,6,111.5,420.4,381.29,178.03
6565,6,110.2,427.96,377.69,176.37
6566,6,110.1,424.18,374.43,173
6567,5,109.9,421.6,371.44,168.86
6568,6,110.2,410.41,375.52,166.45
6569,8,110.8,407.75,388.09,164.5
6570,10,110.7,397.01,392.84,163.09
6571,9,110.8,393.08,394.9,160.66
6572,10,111,380.59,384.75,158.66
6573,9,112.2,378.64,385.31,155.98
6574,8,112.7,376.03,383.68,153.95
6575,5,111.4,380.99,385.94,152.66
6576,4,111,382.02,385.86,151.63
6577,4,111,378.12,386.18,151.25
6578,4,110.7,379.15,379.44,151.05
6579,4,110.8,375.68,378.47,151.55
6580,4,110.8,379.17,379.3,151.86
6581,8,110.5,379.67,387.54,154.41
6582,11,110.5,393.69,394.73,156.29
6583,10,111.3,398.99,396.91,157.74
6584,9,112.3,407.98,394.14,159.86
6585,8,112.7,399.69,383.82,160.78
6586,10,113,400.48,381.77,161.17
6587,8,111.9,402.7,385.47,160.92
6588,7,112.5,403.47,394.23,160.73
6589,6,112.1,394.85,389.87,160.56
6590,6,111.9,383.04,382.31,159.75
6591,5,111.2,379.67,374.73,159.52
6592,6,111,387.17,374.26,158.95
6593,6,111.5,397.47,376.91,158.18
6594,9,112.1,399.93,380.24,156.64
6595,11,112.9,392.07,384.1,154.64
6596,8,113,377.93,386.59,152.34
6597,8,112.9,373.25,387.96,150.15
6598,6,113.5,379,385.71,148.4
6599,5,113.6,376.67,385.02,145.76
6600,4,114,379.55,383.74,146.29
6601,4,113.1,372.14,389,146.96
6602,4,113.4,372.75,390.09,146.73
6603,3,112.9,371.48,404.45,146.83
6604,4,113,369.48,399.74,148.46
6605,7,112.8,375.29,402.5,151.01
6606,10,113.9,374.78,394.25,150.85
6607,11,115.9,380.29,397.41,152
6608,10,115.8,379.48,403.38,153.12
6609,9,115.3,374.69,406.37,154.96
6610,10,115.9,374.63,402.18,155.47
6611,9,114.1,372.52,388.32,154.66
6612,9,111.8,384.17,378.39,153.58
6613,5,110.8,380.77,375.98,151.31
6614,4,110.2,381.83,373.3,154.05
6615,7,111,373.43,374.48,154.47
6616,6,111,382.04,370.01,154
6617,6,110.9,376.59,382.3,153.93
6618,8,111.4,379.82,386.83,152.96
6619,10,113,374.41,400.63,152.11
6620,10,113.9,377.56,398,150.05
6621,10,115.2,373.95,403.94,148.07
6622,7,115.6,371.02,402.25,146.05
6623,4,114.3,367.58,404.53,145.05
6624,4,113.7,368.48,393.83,144.57
6625,4,113.9,367.83,398.51,144.19
6626,4,114.3,366.45,397.11,144.27
6627,11,115.5,366.32,409.07,145.41
6628,10,116.5,377.81,412.53,149.99
6629,14,118,396.1,417,159.64
6630,18,118.7,412.41,418.35,166.21
6631,20,120,416.2,412.55,169.51
6632,19,118.4,422,407.12,170.04
6633,9,117.7,426.07,401.19,171.65
6634,10,115.9,418.67,401.7,168.75
6635,6,113,417.73,391.27,170.57
6636,6,110.6,411.41,382.09,170.33
6637,5,109.8,416.59,376,169.33
6638,10,109.4,407.46,387.1,165.69
6639,6,110,401.17,389.94,162.05
6640,6,109.6,397.55,382.26,159.31
6641,7,110.7,393.07,379.14,159.16
6642,10,111,389.25,376.67,158.18
6643,10,111.1,380.42,388.14,155.73
6644,10,111,374.02,384.33,154.27
6645,9,110.9,369.19,389.27,150.35
6646,9,110.7,366.26,382.57,148.56
6647,6,111.9,360.24,387,146.3
6648,4,110.8,357.04,379.42,145.03
6649,4,110.5,363.71,379.96,145.21
6650,4,110.6,364.22,372.69,145.53
6651,4,109.7,370.4,381.92,146.16
6652,5,110.5,373.87,380.48,150.82
6653,8,111,399.37,380.67,162.51
6654,8,111.5,418.12,372.16,171.05
6655,9,111.7,427.37,374.86,174.22
6656,9,111.6,422.89,378.95,172.77
6657,8,111.7,411.94,384.68,171.88
6658,10,111.1,403.62,385.49,163.99
6659,8,109.9,411.09,388.74,166.62
6660,9,109,419.62,381.93,168.81
6661,8,108.4,418.71,381.3,168.24
6662,10,108,410.52,372.81,167.41
6663,6,108.5,402.84,368.93,164.05
6664,8,108.7,401.91,362.88,163.17
6665,9,108.8,392.22,367.98,158.52
6666,8,108.8,389.15,369.3,156.9
6667,10,108.9,388.26,374.31,154.42
6668,7,109,389,373.19,154.06
6669,5,109.7,378.62,378.31,150.45
6670,6,108.8,373.04,378.4,147.88
6671,5,108.7,373.71,372.69,147.72
6672,6,109.4,377.53,376.4,150.92
6673,5,110.8,377.05,371.68,148.29
6674,4,110.5,368.98,375.49,147.71
6675,3,109.1,372,364.4,146.8
6676,4,109.2,385.46,369.73,150.99
6677,4,108.9,397.52,366.44,156.13
6678,9,110,407.88,373.18,165.18
6679,10,111.1,407.18,368.48,168.85
6680,8,110.9,405.39,375.85,170.1
6681,10,111.4,402.2,378.06,170.95
6682,9,111.5,406.49,388.58,171.15
6683,10,110.6,412.72,386.66,170.6
6684,10,109.5,418.25,388.35,168.83
6685,9,109.1,411.59,381.43,169.29
6686,8,108.9,414.52,378.87,168.7
6687,8,110.1,407.65,373.66,164.29
6688,9,110,407.64,379.25,162.85
6689,10,110.1,399.7,393.97,162.66
6690,8,110.7,400.22,400.28,160.45
6691,9,110.6,392.43,399.38,158.01
6692,7,111.2,383.82,391.75,154.59
6693,5,111.7,372.52,390.86,151.37
6694,6,111.5,366.11,387.6,147.88
6695,5,111.4,366.64,391.89,147.2
6696,4,111.3,362.2,388.61,145.83
6697,5,111.3,361.69,389.06,145.2
6698,4,111.1,367.9,376.16,146.25
6699,3,111.4,368.03,372.62,148.5
6700,4,111.3,379.42,379.25,153.85
6701,4,111.5,385.37,389.72,164.05
6702,4,112.8,411.17,399.73,173.26
6703,8,114.3,427.13,395.05,174.58
6704,8,113.5,415.46,386.16,170.39
6705,10,111.7,409.59,379.22,168.35
6706,10,110.7,397.48,373.41,166.13
6707,8,110.6,408.13,375.39,166.67
6708,9,109.7,401.73,377.66,165.8
6709,8,108.9,398.86,379.37,165.69
6710,8,108.4,393.57,384.82,166.12
6711,10,108.2,390.23,382.84,162.36
6712,8,108.4,397.21,372.06,160.63
6713,9,108.6,402.83,380.59,159.95
6714,10,109.3,400.14,378.39,159.08
6715,11,110.3,394,390.23,158.96
6716,11,110.3,379.39,378.96,156.31
6717,11,110.7,383.09,382.58,153.52
6718,20,109.7,375.31,380.92,151.2
6719,17,109,377.04,379.15,149.67
6720,12,109,369.11,372.32,148.22
6721,13,108.7,373.35,381.88,147.57
6722,5,108.9,371.99,385.4,147.37
6723,4,110.1,375.45,392.28,147.81
6724,4,110.2,372.23,390.46,151.23
6725,8,109.7,383.18,383.27,160
6726,10,109.5,397.69,388.41,168.03
6727,10,110.1,406.26,380.2,170.26
6728,10,110.8,410.58,387.18,168.61
6729,9,111.2,407.27,383.95,161.98
6730,10,111.1,404.83,379.5,168.07
6731,8,110.2,409.52,371.04,166.98
6732,5,109.8,405.15,373.03,165.74
6733,7,108.9,407.37,376.57,163.27
6734,7,109,399.07,389.57,161.12
6735,5,109.8,389.7,390.08,156.28
6736,6,110.3,382.49,392.21,154.1
6737,8,110.9,374.11,391.33,153.77
6738,9,112,373.85,395.63,152.66
6739,9,113,369.87,407.34,151.11
6740,8,113.4,366.86,404,149.61
6741,9,114,367.77,404.24,149.23
6742,9,113.6,367.83,401.04,146.83
6743,8,114.3,367.7,407.76,145.69
6744,4,114.8,363.64,403.75,148.45
6745,4,115.1,359.81,399.25,144.53
6746,4,116.4,355.6,392.3,142.34
6747,4,116.7,356.58,387.46,142.11
6748,6,115.8,355.13,397.14,143.8
6749,7,115.8,360.55,400.38,146.37
6750,10,115.7,365.18,402.76,147.79
6751,8,115.4,366.72,399.44,148.63
6752,9,116.1,357.37,397.99,148.46
6753,8,116.2,360.55,397.89,148.69
6754,8,115.5,373.99,402.31,150.65
6755,8,113.1,385.19,394.41,149.04
6756,6,111.8,378.77,392.56,147.98
6757,4,110.5,369.97,375.19,147.33
6758,4,109.8,360.24,374.83,146.74
6759,7,109.3,364.68,368.25,144.99
6760,6,110.4,359.28,372,145.26
6761,9,111,359.58,381.44,144.73
6762,8,113.6,348.49,394.79,143.74
6763,10,115.5,350.01,399.82,142.18
6764,10,116.1,352.38,398.96,140.44
6765,9,115.8,351.3,394.61,138.74
6766,8,116.8,349.09,402.28,137.95
6767,5,117.6,344.05,408.94,136.98
6768,3,118,344.98,410.91,136.04
6769,4,117.9,343.39,400.72,135.94
6770,3,118.6,347.96,391.31,134.95
6771,3,119.2,341.08,400.55,134.99
6772,4,119.6,345.25,410.69,136.03
6773,6,119.4,344.24,423.48,137.93
6774,10,119.9,353.09,421.71,139.84
6775,8,120.7,344.98,423.22,140.96
6776,10,121.2,340.66,421.4,142.83
6777,8,118.4,342.58,412.23,143.72
6778,9,114.1,350.88,401.73,144.81
6779,7,112.8,362.43,386.04,145.77
6780,5,111.2,368.94,383.95,146.98
6781,5,110.4,371.96,381.35,146.06
6782,6,110.2,366.59,383.05,146.96
6783,4,110.7,366.88,382.14,145.96
6784,6,112,372.29,381.77,147.17
6785,8,112.5,378.31,394.6,147.19
6786,9,112.9,368.84,392.32,146.32
6787,8,113.8,357.63,390.18,145.73
6788,7,113.7,355.2,377,143.99
6789,8,112.7,353.7,380.19,142.2
6790,6,112.2,354.15,384.28,140.77
6791,7,112.2,351.09,384.51,139.98
6792,3,112.7,354.79,389.5,139.65
6793,3,112.9,360.74,394.32,139.83
6794,4,112.4,361.97,400.03,140.1
6795,3,112.5,370.51,401.14,142.34
6796,4,113,372.58,394.25,146.38
6797,6,114.6,381.73,392.9,156.45
6798,10,116.1,390.6,397.3,164.82
6799,9,117.2,397.64,402.7,168.07
6800,10,116.5,401.58,401.91,168.04
6801,9,115.5,397.76,400.34,161.91
6802,11,114.7,403.9,401.81,167.79
6803,11,113.7,402.28,404.9,166.25
6804,9,112.8,403.6,393.42,164.23
6805,10,111.9,404.06,392.92,164.47
6806,11,111.5,408.09,388.86,163.61
6807,9,111.9,402.96,396.3,160.44
6808,9,112.4,396.42,390.11,159.62
6809,10,113.5,392,399.79,160.21
6810,10,114.1,390.89,402.27,159.23
6811,11,115.9,389.4,416.74,158.97
6812,11,117.1,384.77,411.91,155.05
6813,12,117.1,380.12,412.34,149.43
6814,10,117.7,365.53,407.88,146.6
6815,10,118.2,351.48,407.15,145.11
6816,5,120.1,350.44,400.11,144.85
6817,4,120.2,348.34,395.73,144.65
6818,4,120.1,363.1,405.86,144.86
6819,5,120.2,368.75,422.29,146.53
6820,5,120.4,384.95,422.77,151.65
6821,7,120.3,388.03,413.97,159.86
6822,11,120.6,392.33,419.1,167.96
6823,9,123.7,396.97,421.73,171.58
6824,11,121.6,399.39,422.94,170.62
6825,11,118.7,403.91,413.88,168.91
6826,8,118.3,397.2,420.29,168.74
6827,6,117.5,398.88,420.46,169.24
6828,8,114.2,402.99,401.09,169.91
6829,8,112,418.02,381.79,169.5
6830,4,112.2,418.99,381.31,169.1
6831,8,113.1,414.78,390.75,168.25
6832,10,113.3,397.37,394.31,164.57
6833,9,113.6,392.75,396.66,165.65
6834,10,115.3,386.95,403.02,164.61
6835,10,116.2,390.28,414.59,162.24
6836,8,115.8,387.62,410.4,160.5
6837,7,115.2,389.22,401.43,157.62
6838,6,114.4,381.11,394.17,153.68
6839,4,115.6,377.39,401.42,151.11
6840,4,116.6,369.48,412.11,153.59
6841,4,116.5,374.18,414.94,152.7
6842,4,116.1,378.25,406.83,153.2
6843,3,115.8,384.36,404.31,154.91
6844,4,114.9,395.29,408.31,159.5
6845,4,114.4,400.95,404.47,169.21
6846,9,115.6,417.77,403.46,177.73
6847,9,116.9,428.34,403.25,180.29
6848,8,116.2,439.36,408.88,179.82
6849,10,115.6,441.67,403.11,178.05
6850,10,115,436.52,399.17,176.15
6851,8,113.4,437.03,396.37,175.07
6852,12,112.2,432.83,389.63,174.72
6853,9,111.1,427.41,382.49,174.23
6854,10,110.3,419.27,381.37,174.19
6855,8,111.1,408.18,385.82,169.2
6856,7,112.6,397.75,385.75,168.8
6857,6,112.8,399.68,390.31,170.45
6858,6,112.9,406.7,389.31,167.38
6859,8,113.1,407.7,396.8,163.76
6860,4,113.7,404.05,390.03,162.66
6861,4,113.3,402.67,394.23,160.63
6862,5,112.7,405.15,388.72,158.95
6863,3,113,401.5,390.27,157.31
6864,4,113.7,385.96,396.04,156.36
6865,4,113.9,393.36,398.43,156.14
6866,3,114.7,390.35,399.01,155.73
6867,3,114.5,400.15,389.53,157.53
6868,4,113.2,398.37,389.8,162.07
6869,3,113.4,413.56,396.06,171.52
6870,5,115,425.11,410.79,175.83
6871,6,117.4,437,411.74,178.58
6872,10,116.4,430.92,408.33,178.89
6873,8,116,426.24,399.01,170.26
6874,8,115.4,429.2,402.25,177.25
6875,10,115.2,442.7,397.97,178.82
6876,9,114.1,447.94,399.17,179.89
6877,7,111.8,440.66,390.55,179.42
6878,10,110.9,429.24,391.6,177.89
6879,9,110.4,427.04,386.22,175.64
6880,9,110.6,419.6,388.72,173.7
6881,11,111.9,411.33,391.4,170.48
6882,8,113.4,408.6,394.09,169.25
6883,11,114.6,406.65,404.61,167.28
6884,9,114.7,412.3,411.24,165.25
6885,11,115.1,399.33,411.06,160.93
6886,6,113.9,392.72,399.01,157.42
6887,4,113.3,376.55,382.44,155.09
6888,4,113.7,380.39,379.01,152.78
6889,4,113.1,374.63,379.38,152.65
6890,3,112.6,371.17,384.33,152.26
6891,4,111.4,365.13,383.4,149.87
6892,4,111.4,381.27,384.5,156
6893,10,111.1,404.64,381.76,169.98
6894,10,111.2,427.97,387.18,178.75
6895,9,112.4,428.8,385.74,182.26
6896,10,112.4,426.93,387.55,183.02
6897,9,112.6,419.09,390.25,180.47
6898,9,112,431.77,395.92,181.96
6899,10,111.1,438.65,396.56,180.69
6900,9,112.4,438.17,391.66,179.53
6901,5,111.2,431.06,380.22,176.98
6902,3,111.2,420.26,379.04,174.69
6903,8,110.8,410.67,382.21,170.65
6904,7,111.1,409.99,388.67,170.16
6905,10,110.9,412.85,397.73,170.37
6906,9,110.6,425.61,395.31,167.44
6907,9,110.2,423.96,396.11,164.07
6908,10,110.7,417.54,388.64,163.5
6909,10,110.7,406.71,388.96,159.85
6910,9,110.4,390.74,380.1,157.84
6911,4,110.4,382.64,378.28,155.37
6912,4,110.2,376.29,373.82,155.77
6913,4,109.7,380.07,382.1,155.26
6914,3,109.9,379.64,383.44,154.13
6915,4,110.1,390.7,377.26,155.08
6916,6,109.9,387.43,367.5,156.91
6917,8,109.6,395.75,368.36,158.74
6918,12,110,392.56,375.46,160.1
6919,11,110,389.95,380.08,160.09
6920,12,110.7,396.17,376.64,161.2
6921,11,110.9,398.38,377.21,160.51
6922,10,110.9,398.5,388.47,160.13
6923,11,110.5,401.3,391.39,159.27
6924,11,109.7,396.9,393.66,159.9
6925,6,109.2,405.31,381.45,159.75
6926,5,108.5,405.16,381.59,159.91
6927,5,108.7,407.11,381.77,159.79
6928,7,108.9,404.34,385.46,159.22
6929,9,110.8,397.95,395,159.75
6930,10,113.5,398.13,393.87,160.58
6931,9,113.8,398.79,401.27,161.37
6932,11,114.8,392.09,401.49,160.63
6933,10,115.5,387.09,405.15,159.58
6934,8,114.3,386.81,400.19,157.25
6935,4,112.9,393.29,388.28,157.3
6936,4,112.9,396.84,385.48,157.19
6937,4,112.9,398.94,386.33,154.8
6938,3,113.3,393.28,393.76,156.31
6939,4,113.3,386.45,394.9,156.65
6940,4,113.3,389.29,401.56,156.18
6941,7,113,394.23,399.91,160.12
6942,10,115.1,395.47,399.55,162.14
6943,9,117.5,393.21,392.6,163.1
6944,11,117,385.92,392.67,162.55
6945,9,115.6,393.16,397.87,163.2
6946,10,114.9,384.98,396.28,161.22
6947,11,113.4,381.47,390.71,160.53
6948,9,112.6,384.15,384.68,159.08
6949,6,112,390.88,388.17,159.17
6950,6,111.9,402.94,387.09,161.46
6951,7,112.9,398.69,380.31,162.06
6952,8,113.3,405.44,375.83,162.86
6953,11,113.2,404.43,390.5,164
6954,7,112.8,405.47,398.33,164.27
6955,10,113.4,398.73,397.48,165.84
6956,9,112.2,397.35,391.42,163.25
6957,8,112.1,398.88,389.65,161.68
6958,7,111.7,401.94,390.74,158.36
6959,4,110.7,402.73,380.92,160.21
6960,4,111.3,394.26,377.32,158.09
6961,3,111.4,393.66,385.54,158.34
6962,4,110.8,389.38,390.25,157.99
6963,3,111,386.52,389.56,160.34
6964,5,111.4,395.45,381.65,164.4
6965,8,111.8,416.58,385.82,175.7
6966,11,113.2,436.53,399.31,185.41
6967,9,115.2,443.09,406.97,187.18
6968,10,115.6,433.98,404.76,188.46
6969,12,114.6,438.67,400.87,182.46
6970,9,112.9,446.48,400.58,185.88
6971,10,111.9,456.93,397.69,186.85
6972,11,111.3,449.4,389.47,186.65
6973,8,110.5,438.62,383.75,185.71
6974,9,110.6,434.61,389.54,181.85
6975,9,111.1,442.11,386.54,182.61
6976,9,112.3,440.21,388.13,182.66
6977,9,113.3,435.91,393.15,184.63
6978,11,113.8,427.53,399.3,182.59
6979,9,114.1,427.56,397.98,178.98
6980,12,114.1,418.97,396.94,178.02
6981,11,113.8,422.43,402.22,176.01
6982,10,114.7,418.07,413.71,173.66
6983,5,114.7,424.08,409.62,172.27
6984,4,116,419.49,410.99,170.65
6985,4,117.5,407.3,406.91,170.68
6986,4,117.6,411.26,415.22,171.78
6987,4,118.2,406.63,423.39,175.11
6988,3,120.4,422.1,425.06,176.74
6989,8,120.1,428.54,424.6,186.11
6990,11,125.8,438.31,428.16,194.36
6991,11,130.2,439.89,436.69,196.65
6992,12,128.2,444.39,443.45,196.67
6993,11,123.7,447.39,430.22,195.59
6994,11,123.2,459.89,420.68,195.37
6995,9,121.9,456.19,413.52,195.19
6996,6,118.8,456.23,408.4,194.06
6997,9,117.6,452.19,400.56,192.37
6998,7,117.2,440.01,400.41,188.62
6999,7,117.2,432.25,404.75,185.97
7000,8,117.6,418.78,410.66,184.25
7001,10,119.7,423.31,423.47,180.96
7002,10,122.8,421.93,427.21,181.67
7003,11,124.7,420.08,428.99,180.84
7004,8,125.5,407.9,425.61,176.27
7005,10,124.2,403.68,431.73,171.53
7006,8,125.5,397.39,439.92,168.42
7007,9,125.6,398.37,434.06,165.08
7008,5,126.7,392.04,435.34,163.67
7009,4,128.2,391.14,431.41,162.52
7010,4,127.6,393.86,436.04,162.8
7011,4,128.5,394.47,439.25,163.79
7012,4,127.4,403.46,442.28,167.58
7013,4,126.8,409.8,447.56,175.76
7014,8,130.4,424,456.78,185.96
7015,10,134.6,427.49,456.5,189.21
7016,10,132,428.74,449.96,188.67
7017,11,129.5,437.56,433.82,188.25
7018,10,126.4,442.74,431.73,187.57
7019,11,119.5,439.2,422.1,186.82
7020,11,118.1,427.14,413.68,183.87
7021,12,116.2,426.92,407.25,183.05
7022,9,115.8,429.38,396.21,183.82
7023,11,116.5,425.94,394.65,180.9
7024,9,117.5,414.31,391.91,180.5
7025,10,119,416.72,412.03,179.67
7026,12,122.1,422.21,424.38,176.98
7027,11,124.6,421.98,435.77,176.72
7028,10,127.7,409.44,431.2,175.79
7029,8,129.5,399.51,434.77,170.31
7030,5,128.4,398.77,437.69,169.54
7031,4,129.8,402.08,438.36,168.4
7032,4,130.7,403.39,438.15,169.12
7033,4,131,402.18,438.4,165.86
7034,4,128.9,400.11,443.04,161.78
7035,4,122.3,393.61,430.44,161.02
7036,3,122.1,403.07,424.76,166.48
7037,5,121.9,416.19,415.33,179.27
7038,5,124.1,436.1,420.1,187.49
7039,10,125.3,448.78,413.41,191.53
7040,11,123.6,457.75,415.1,191.41
7041,11,119.3,461.32,411.17,188.89
7042,11,118.3,456.89,411.74,190.56
7043,10,117.5,447.68,408.74,191.25
7044,11,117.1,439,406.26,188.26
7045,11,116.2,437.29,403.12,184.86
7046,10,115.9,432.41,398.9,186.55
7047,11,115.8,430.22,394.29,185.2
7048,11,115.7,414.6,400.99,178.7
7049,11,116.1,416.36,414.26,176.94
7050,9,116.2,408.5,425.22,174.23
7051,10,116,409.81,416.34,170.22
7052,10,115.9,398.42,401.73,167.11
7053,9,115.5,403.64,392.25,165.21
7054,9,114.3,396.63,396.56,164.72
7055,9,113.7,392.59,397.32,161.86
7056,5,113.5,379.69,396.24,162.94
7057,4,113.6,381.55,393.16,161.26
7058,4,113.3,380.86,390.22,161.47
7059,5,113.3,393.26,387.01,163.01
7060,5,113.5,394.65,386.25,167.76
7061,8,113.4,413.46,387.68,175.89
7062,11,113.8,422.49,397.01,183.64
7063,10,115.2,427.3,388.17,186.66
7064,10,115.8,423.73,388.46,186.47
7065,11,115.8,431.47,387.02,182.43
7066,9,116.5,438.88,395.27,184.76
7067,11,116.6,435.64,391.8,184.05
7068,7,115.1,420.63,389.54,184.42
7069,6,114.3,419.96,393.01,181.5
7070,8,114.6,422.37,394.36,180.82
7071,8,114,441.8,392.57,177.19
7072,7,113.4,439.41,388.97,181.56
7073,8,114.4,442.4,391.62,177.22
7074,11,113.7,418.2,398.27,174.92
7075,11,114.2,416.75,398.09,171.97
7076,11,113.8,401.67,398.48,174.35
7077,9,113.7,403.95,394.75,165.93
7078,12,113.5,392.56,389.2,164.47
7079,7,113.6,392.22,393.69,159.72
7080,5,113.8,389.85,396.41,157.87
7081,4,113.4,388.58,402.65,157.61
7082,4,113,387.92,400.13,157.79
7083,4,113,382.38,394.37,155.78
7084,6,113,384.92,397.5,157.8
7085,7,113.2,391.98,392.9,162.03
7086,10,113.4,396.61,397.21,162.67
7087,12,113.9,404.32,395.34,164.78
7088,11,114.7,399.02,400.71,164.73
7089,11,115.8,398.72,404.96,165.49
7090,10,116.1,400.06,417.56,164.76
7091,8,115.2,399.65,416.43,165.29
7092,6,115.1,403.02,412.07,162.69
7093,10,114.4,397.02,394.53,161.03
7094,11,113.4,397.09,396.68,159.86
7095,12,112.9,399.88,391.75,162.96
7096,10,113.1,395.33,408.01,168.57
7097,10,113.5,399.79,404.75,163.53
7098,10,114.4,397.54,417.43,162.4
7099,11,114.7,404.89,410.46,162.62
7100,12,114.7,398.43,408.2,159.19
7101,10,115.1,389.61,408.5,158
7102,5,114.3,376.33,401.56,156.77
7103,9,115.4,375.34,405.38,155.9
7104,11,115.8,376.85,391.93,152.64
7105,12,115.5,376.67,394.61,152.01
7106,11,115.3,378.12,394.98,153.72
7107,14,115.4,381.23,403.5,154.09
7108,14,115.7,386.27,415.07,153.87
7109,18,116.6,381.09,415.32,157.84
7110,25,117.7,380.49,404.64,159.12
7111,25,117.7,378.92,397.95,159.37
7112,22,117.3,383.67,396.58,162.32
7113,23,116.7,385.59,411.49,162.42
7114,14,116.5,388.45,410.76,164.72
7115,12,116.4,391.18,408.4,162.54
7116,12,115.6,397.18,394.24,160.72
7117,11,114.1,398.35,390.56,161.84
7118,11,113.9,397.2,391.32,160.51
7119,9,114.6,391.39,401.99,161.95
7120,8,114.9,395.25,399.31,160.44
7121,9,114.4,392.13,410.7,159.26
7122,9,113.6,385.65,397.95,157.6
7123,11,113.5,387.44,390.71,157.39
7124,12,113.3,386.45,382.61,156.62
7125,12,113.7,392.16,385.6,155.49
7126,11,113,388.05,390.41,154.47
7127,18,112.4,389.65,382.07,153.29
7128,16,112.6,379.6,379.18,153.44
7129,12,112.5,376.28,383.78,153.83
7130,14,113.3,376.8,388.01,153.87
7131,14,112.7,379.07,388.36,155.7
7132,14,112.4,390.1,387.8,160.26
7133,17,111.9,402.34,393.51,170.79
7134,20,113.4,427.86,402.62,179.46
7135,22,115.3,435.4,407.3,182.82
7136,21,115.5,440.26,400.37,187.75
7137,19,115.2,432.85,398.98,182.11
7138,15,113.9,434.36,396.05,186.91
7139,15,113,435.17,394.25,185.32
7140,11,112.8,430.1,398.51,182.31
7141,12,112.5,430.1,393.63,180.09
7142,11,111.3,421.95,393.43,178.08
7143,11,111.8,421.41,386.24,174.48
7144,10,113.1,412.6,384.48,173.68
7145,13,113.5,413.52,390.14,171.76
7146,11,114,412.96,389.78,170.5
7147,12,114.4,411.03,392.68,169.31
7148,14,114.5,401.81,389.37,167.08
7149,22,114.7,396.4,396.61,165.11
7150,18,114.8,391.14,395.03,161.89
7151,15,114.4,383.28,393.76,159.34
7152,16,114,387.37,382.32,157.46
7153,17,113.2,385.25,378.52,157.43
7154,19,112.7,397.85,384.47,158.01
7155,22,112.4,397.65,389.05,157.79
7156,20,112.2,405.53,397.01,162.22
7157,24,113,424.39,399.73,173.18
7158,27,115,434.85,403.02,184.77
7159,27,115.5,445.71,408.05,190.82
7160,24,114.9,448.68,400.95,190.41
7161,24,114.6,441.41,394.6,188.44
7162,19,114.7,443.43,392.12,187.02
7163,17,113.8,427.44,393.54,185.24
7164,18,113.3,432.4,396.13,176.23
7165,10,112.6,428.92,394.21,183.21
7166,10,112.8,434.56,394.72,183.16
7167,8,113.8,439.84,396.74,180.14
7168,21,113.6,423.61,399.49,179.17
7169,20,113.7,414.87,406.1,178.45
7170,23,113.8,407.98,406.94,176.8
7171,28,113.6,419.18,396.14,174.28
7172,25,113.7,420.18,403.87,172.06
7173,27,113.5,414.34,395.8,169.1
7174,25,113.5,405.82,399.54,166.48
7175,24,113.8,403.25,384.86,165.04
7176,23,115.4,393.7,401.52,163.56
7177,20,115.2,390.72,402.91,162.6
7178,20,115.2,384.55,408.14,163.31
7179,19,116.5,380.17,398.36,164.34
7180,20,116.2,385.88,397.43,169.82
7181,19,116.2,400.69,397.19,181.11
7182,21,116,431.47,396.9,190.45
7183,24,114.6,447.66,400.23,194.88
7184,22,114.8,452.06,397.2,191.96
7185,22,113.1,456.22,403.1,191.69
7186,21,112.7,455.91,398.22,190.78
7187,23,112.8,455.78,393.03,189.26
7188,23,111.4,450.76,382.12,188.29
7189,22,110.2,451.61,380.05,187.37
7190,20,109.6,444.91,389.14,187.76
7191,21,110.3,443.21,390.01,187.32
7192,21,111.1,423.5,383.15,185.48
7193,18,112,419.51,380.52,177.91
7194,23,112.2,411.09,382.36,175.04
7195,23,112.4,418.99,392.1,170.63
7196,22,112.7,415.04,385.51,170.45
7197,22,113.1,409.49,381.47,165.93
7198,20,113.1,395.3,391.14,164.7
7199,17,113.1,390.48,395.53,162.53
7200,18,113.4,385.14,400.37,162.07
7201,20,113.4,386.83,399.38,162.62
7202,20,112.3,392.98,393.72,161.69
7203,21,112.5,393.55,395.38,163.67
7204,20,112.2,401.75,382.04,167.6
7205,23,112.1,426.05,388.62,179.3
7206,23,112.8,448.73,386.08,193.35
7207,28,114.3,465.74,394.46,191.96
7208,32,114,457.97,400.1,186.75
7209,29,114,446.06,401.69,186.12
7210,27,113.5,432.7,392.68,187.35
7211,25,112.4,431.7,382.46,186.85
7212,20,111.5,437.04,380.94,190.11
7213,22,110.7,445.65,388.14,186.1
7214,22,110.9,436.86,392.22,184.81
7215,25,110.2,440.67,394.98,182.53
7216,26,109.6,433.58,389.98,181.73
7217,29,109.9,426,387.14,178.31
7218,29,110,412.3,377.97,176.43
7219,30,110.4,403.8,377.26,175.02
7220,29,110.7,412.94,376.73,173.77
7221,31,110.6,405.62,375.58,169.52
7222,24,110.1,412.96,373.47,165.49
7223,36,109.9,406.28,373.57,163.36
7224,29,110.1,407.38,376.47,162.66
7225,28,110.1,389.87,382.1,162.03
7226,25,110.4,389.2,377.56,162.28
7227,23,110.6,393.44,381.27,165.29
7228,22,110,413.74,375.96,170.4
7229,22,109.3,432.5,370.68,180.96
7230,26,109.5,449.13,376.09,191.12
7231,29,110.6,444.6,379.02,191.51
7232,30,112,437.7,388.39,185.69
7233,28,112.6,428.84,381.7,182.87
7234,26,112.6,421.55,390.57,180.9
7235,18,112.7,410.99,391.64,169.25
7236,18,111.5,404.03,394.62,173.96
7237,16,110.9,411.54,384.89,174.62
7238,16,110.7,405.74,382.84,173.59
7239,19,110.9,406.42,382.64,171.03
7240,21,111.1,399.76,391.66,171.26
7241,20,111.5,407.22,399.97,169.92
7242,22,111.9,403.96,395.95,167.59
7243,23,112.2,398.95,392.06,162.73
7244,21,112.2,393.47,385.25,159.77
7245,18,112.4,387.12,381.67,158.1
7246,19,112.5,374.37,374.02,155.23
7247,15,112.8,368.44,374.71,151.02
7248,18,112.7,365.12,383.08,150.44
7249,15,112.9,372.6,389.51,147.31
7250,14,113.1,378.46,393.16,148.46
7251,16,112.7,386.58,389.88,147.13
7252,16,113.4,386.16,386.46,153.57
7253,17,113.9,375.78,381.81,153.33
7254,19,114.5,373.64,387.48,156.1
7255,23,115.4,382.63,394.96,158.99
7256,21,116.1,392.5,396.62,159.08
7257,21,116.2,394.14,388.85,160.4
7258,19,116.3,393.32,379.94,160.44
7259,16,114.5,390.36,380.21,159.52
7260,12,113.2,383.37,381.51,159.57
7261,9,113.6,378.54,379.56,159.09
7262,6,113.2,380.65,382.52,159.97
7263,6,113.9,393.18,393.63,160.72
7264,5,114,394.64,402.89,164.26
7265,10,114.8,387.99,408.55,158.07
7266,11,115.2,378.94,405.31,154.82
7267,9,115.6,378.72,398.24,156.59
7268,12,116.5,379.39,397.23,154.71
7269,10,117.1,380.68,402.82,152.42
7270,10,117.1,372.18,421.38,153.2
7271,6,118.2,367.33,417.14,154.21
7272,7,118.2,364.89,407.59,153.03
7273,4,117.1,367.6,403.89,149.43
7274,4,116.5,367.1,405.39,148.49
7275,4,116,366.08,411.68,148.15
7276,4,115.5,362.54,402.54,149.29
7277,4,115.6,361.62,401.41,148.84
7278,8,115.9,358.2,396.59,150.54
7279,11,116.3,373.84,400.54,153.38
7280,13,117,380.92,398.23,155.68
7281,11,116.2,391.32,408.28,157.34
7282,10,115.2,394.53,410.84,159.45
7283,12,114.3,404.05,400.48,159.69
7284,12,113.2,403.54,387.57,158.83
7285,11,112,397.84,380.51,157.69
7286,7,111.7,390.65,385.24,157.31
7287,6,111.4,383.33,381.13,157.7
7288,8,111.9,374.08,384.7,157.1
7289,8,113.7,370.12,393.32,158.13
7290,10,116.1,373.45,404.96,157.67
7291,12,116.5,380.11,400.82,156.04
7292,11,116,380.91,397.17,154.81
7293,6,116,376.94,397.13,153.42
7294,11,114.9,376.83,401.48,152.72
7295,6,114.1,370.08,402.2,150.98
7296,5,114.3,371.78,399.41,150.8
7297,4,115.9,370.07,400.3,150.62
7298,4,116.6,370.25,399.6,151.05
7299,5,117.1,364.33,395.16,151.12
7300,5,117.7,364.45,397.59,151.22
7301,5,117.3,375.71,406.51,155.6
7302,7,116.9,401.5,417.63,166.36
7303,12,118.1,414.86,417.56,175.63
7304,12,118.6,422.78,407.95,177.16
7305,12,118.5,415.23,406.96,179
7306,12,118.6,412.42,410.13,178.54
7307,11,117.8,422.19,416.98,178.63
7308,8,117.6,417.96,415.12,177.59
7309,5,116.3,424.02,414.22,176.34
7310,4,115.9,417.96,405.22,177.42
7311,5,116,426.09,396.77,177.66
7312,8,116.9,416.24,391.82,173.74
7313,8,116.5,409.14,398.3,169.71
7314,11,116.2,401.35,398.2,167.05
7315,13,116,395.99,401,165.42
7316,11,115.1,397.02,393.69,163.23
7317,8,114.7,389.55,396.13,160.16
7318,12,114.2,386.8,384.15,150.81
7319,6,114.4,372.18,388.27,155.01
7320,4,114.5,366.05,393.55,153.07
7321,4,114.6,361.45,405.35,151.93
7322,4,114.8,357.51,410.72,150.56
7323,4,115.7,365.03,406.94,150.1
7324,4,115.6,367.26,408.49,153.86
7325,6,116.5,382.88,407.83,156.89
7326,9,117.4,393.98,411.34,164.54
7327,12,118.3,412.38,411.4,172.82
7328,12,119.4,415.92,415.37,178.08
7329,11,119.5,423.67,409.3,178.42
7330,10,118.2,418.29,404.35,178.25
7331,11,117.3,418.68,395.93,178.12
7332,10,115.6,414.94,391.95,178.24
7333,10,113.9,422.54,383.69,177.82
7334,8,113,425.05,380.73,177.55
7335,9,113.7,421.57,391.1,176.9
7336,10,115.3,421.37,402.99,175.51
7337,5,115.9,429,415.39,172.78
7338,7,117.2,426.31,414.6,168.74
7339,7,117.5,417.28,421.64,166.98
7340,9,118.1,407.64,413.11,164.11
7341,6,117.7,400.69,414.28,163.43
7342,6,118.3,394.59,403.93,159
7343,6,118.6,385.12,402.22,157.33
7344,5,119,380.53,407.13,154.49
7345,4,119.3,376.54,409.85,154.93
7346,4,120.1,376.89,419.39,155.33
7347,3,120.3,376.01,414.5,154.86
7348,4,120.2,385.31,423.67,154.88
7349,4,122.6,391.21,420.03,160.01
7350,4,123.6,403.38,434.48,170.52
7351,8,126,408.46,436.67,180.11
7352,10,126,415.9,433.86,181.57
7353,8,124.2,420.05,419.14,180.69
7354,9,121.1,426.91,416.59,180.31
7355,10,120,427.61,425.88,181.66
7356,8,119.4,436.05,428.54,181.5
7357,11,118.8,435.29,416.61,181.86
7358,10,117.5,437.47,403.53,182.42
7359,11,117.1,430.24,401.75,182.44
7360,7,117.7,426.89,402.07,179.1
7361,7,117.9,418.49,411.65,175.63
7362,8,118.7,418.23,409.51,170.96
7363,7,118.7,404.62,416.92,169.27
7364,5,119.8,401.51,420.81,164.94
7365,7,119.1,388.16,425.16,161.36
7366,7,118,379.9,418.99,158.78
7367,10,117.4,369.93,406.31,157.88
7368,5,117.6,365.21,404.28,155.98
7369,10,117.5,374.46,410.76,153.29
7370,10,117.2,373.75,416.98,152.63
7371,10,116.2,368.98,413.8,154.07
7372,12,116.2,365.63,403.71,156.29
7373,9,115.8,377.39,400.71,160.83
7374,10,115.8,396.06,407.24,169.5
7375,17,116.5,414.67,411.6,177.09
7376,16,117.1,428.7,410.74,179.41
7377,14,116.6,432.32,401.17,179.4
7378,12,116.6,437.48,412.94,171.01
7379,6,115.9,427.59,410.03,178.62
7380,10,116.9,422.39,408.46,179.13
7381,11,116.3,418.64,394.88,178.66
7382,8,115.7,420.37,396.07,178.25
7383,7,115.4,421.15,403.4,177.38
7384,8,115.6,412.33,407.14,174.8
7385,6,115.8,416.59,408.86,173.09
7386,10,115.7,415.72,401.6,171.39
7387,19,115.4,411.54,393.62,169.83
7388,21,115.5,393.61,395.49,167.16
7389,18,115,395.45,399.79,164.7
7390,19,115,390.31,400.25,162.91
7391,13,114,394.3,395.79,160.48
7392,7,112.8,383.45,387.42,156.65
7393,4,112.7,387.51,385.33,154.78
7394,4,113.2,383.46,379.47,154.18
7395,5,112.8,392.05,384.41,155.34
7396,4,112.7,392.53,387.5,157.05
7397,5,113,399.61,389.28,161.35
7398,9,113.5,404.49,393.24,169.91
7399,11,113.4,416.82,397.41,178.16
7400,12,113.6,427.35,397.9,184.13
7401,11,114.2,444.19,394.2,185.18
7402,12,114.9,445.62,398.63,184.01
7403,11,116.6,442.26,405.17,182.27
7404,11,116.6,430.94,401.81,180.67
7405,8,115.7,432.93,391.81,179.19
7406,5,114,434.94,387.42,178.2
7407,5,114.1,427.62,391.48,178.81
7408,11,114.8,422.84,395.68,176.41
7409,9,116.6,424.76,413.2,173.49
7410,7,117.2,421.25,416.62,171.43
7411,11,118.1,410.42,411.93,169.37
7412,10,118.2,401.77,401.16,167.25
7413,11,118.1,402.91,409.07,165.23
7414,9,117.9,400.38,415.1,162.61
7415,5,117.7,396.83,412.76,160.71
7416,5,117.7,389.62,404.27,159.41
7417,4,117.6,391.46,407.17,158.44
7418,4,117.4,387.48,408.12,156.71
7419,4,118,384.07,403.62,156.29
7420,4,118,384.03,398.94,156.87
7421,7,117.8,389.89,399.57,160.23
7422,8,117.7,388.09,409.26,163.1
7423,10,117.1,384.18,409.06,165.26
7424,11,117.4,380.65,407.51,165.89
7425,10,117.4,385.17,403.48,166.16
7426,10,117.6,393.86,405.76,167.35
7427,8,117.6,396.4,406.05,167.46
7428,8,117.2,402.26,405.67,166.5
7429,8,116,403.88,398.7,166.06
7430,5,115.7,400.13,398.31,166.42
7431,10,115.1,404.1,391.94,165.77
7432,10,115.5,402.93,393.6,168.89
7433,6,116.5,413.05,396.9,167.6
7434,8,116.5,397.98,407.72,163.86
7435,10,116.2,390.07,405.42,161.66
7436,11,116.6,375.96,400.74,160.49
7437,9,116.3,375.03,394.96,157.91
7438,10,115.9,368.96,406.67,155.95
7439,8,116.6,366.86,415.27,155.92
7440,4,115.3,369.8,411.96,155.4
7441,5,114.3,371.72,407.1,154.77
7442,4,114.5,372.66,398.95,154.65
7443,4,115.4,377.2,401.37,155.02
7444,4,115.5,387.76,401.63,154.48
7445,4,115.9,397.07,395.65,155.05
7446,8,115.6,392.21,398.78,157.22
7447,11,116.3,381.18,401.04,159.29
7448,12,117.4,383.44,405.59,159.54
7449,13,117.2,397.78,406.17,161.69
7450,13,117.1,401.27,399.89,163.28
7451,12,116.9,398.74,403.23,164.19
7452,11,116.8,390.41,405.09,164.79
7453,10,115.6,396.12,405.22,165.22
7454,12,114.3,394.39,399.23,164.89
7455,8,115.2,399.52,389,156.21
7456,9,116.4,400.93,393.84,165.94
7457,12,116.5,405.42,409.41,169.18
7458,10,117.2,405.36,415.79,169.1
7459,9,117.2,406.64,412.6,167.88
7460,9,116.7,404.3,394.57,167.07
7461,9,116.4,393.54,394.43,165.09
7462,12,116.2,391.06,393.02,162.61
7463,11,116,389.03,397.94,161.26
7464,5,115.9,392.15,403.89,161.04
7465,4,116,389.74,399.44,161.74
7466,5,115.9,391.08,395.58,160.25
7467,4,116.1,396.09,390.01,160.8
7468,4,115.9,408.4,396.24,164.42
7469,5,116.3,408.27,400.95,169.89
7470,8,116.1,426.62,403.61,179.97
7471,11,116.1,435.29,406.41,189.29
7472,12,116.5,443.43,404.2,192.97
7473,12,115.8,439.06,397.31,193.05
7474,11,115.1,441.11,398,191.4
7475,10,114.9,444.72,401.38,190.46
7476,8,114.8,441.47,404.47,191.17
7477,6,114.1,432.37,396.99,191.67
7478,6,113.4,433.56,396.04,192.47
7479,10,113.1,439.03,398.4,186.32
7480,8,114.3,445.84,402.56,191.37
7481,5,114.7,443.8,408.27,188.94
7482,7,114.7,435.83,403.85,183.59
7483,11,114.4,428.15,401.37,181.61
7484,12,114.7,428.01,392.63,180.89
7485,10,114.7,426.45,392.71,177.17
7486,11,114.5,420.18,396.91,174.29
7487,11,114.4,411.41,397.39,171.91
7488,10,114.8,399.96,398.52,168.88
7489,6,114.6,394.68,395.3,168.46
7490,5,113.8,398.35,405.04,166.23
7491,4,114.1,399.68,407.66,166.9
7492,4,114.4,398.68,412.4,166.03
7493,5,115.2,395.87,410.4,170.47
7494,8,115.7,416.18,410.3,179.21
7495,11,117.3,433.11,415.69,187.33
7496,12,117.9,444.14,413.68,189.36
7497,12,116.8,439.92,412.72,189.7
7498,10,116.6,443.09,403.67,184.34
7499,6,116.3,442.27,399.85,191.57
7500,7,115.5,426.05,390.99,183.67
7501,5,115,407.27,388.15,169.13
7502,6,113.3,408.58,385.35,185.24
7503,7,113.8,427.62,390.27,188.38
7504,11,114.7,437.5,388.26,184.75
7505,9,115.9,431.84,401.59,179.88
7506,9,116.3,417.12,406.64,176.4
7507,6,115.9,413.96,418.93,175.41
7508,7,116,413.49,416.87,172.84
7509,7,116.3,409.34,415.58,169.55
7510,7,116.5,406.54,413.02,164.31
7511,7,116.3,390.95,407.62,160.74
7512,6,116.7,389.3,405.05,157.69
7513,3,116.5,382.99,399.82,155.93
7514,4,116.5,388.8,401.69,155.78
7515,4,117.2,390.7,420.73,156.27
7516,4,117.4,398.74,428.29,157.91
7517,4,118.2,409.85,426.85,163.29
7518,7,117.4,421.76,415.16,173.78
7519,5,118,424.72,413.4,182.84
7520,10,119.2,421.16,412.96,185.65
7521,11,118.3,425.21,411.19,186.01
7522,12,117.5,431.99,409.03,184.15
7523,11,116.5,435.07,401.88,182.8
7524,11,115,433.36,398.13,182.39
7525,8,115,429.65,395.64,181.54
7526,5,114.3,427.02,398.84,180.86
7527,7,114.6,426.86,399.05,182.24
7528,10,115.6,428.03,403.79,179.51
7529,12,117.2,436.06,412.55,180.64
7530,12,117.1,419,410.55,175.77
7531,12,116.4,409.67,402.98,174.85
7532,8,116.2,396.68,395.49,173.01
7533,12,115.8,404.83,401.8,171.68
7534,12,114.7,402.51,401.71,173.9
7535,11,114,401.17,401.37,170.55
7536,7,113,395.49,391.58,165.09
7537,4,112.2,395.88,388.48,162.74
7538,4,111.6,395.5,382.38,163.15
7539,4,111.6,402.61,383.52,161.91
7540,4,111.5,409.51,382.56,165.67
7541,4,111,416.4,390.34,173.31
7542,5,111.1,428.16,392.09,178.38
7543,5,112,440.82,395.27,186.07
7544,9,112.5,451.16,390.41,188.56
7545,12,112.1,454.16,389.63,191.95
7546,11,111.9,452.96,398.84,190.8
7547,10,112.5,449.48,395.9,190.13
7548,11,112.7,446.76,395.99,189.62
7549,9,112.5,442.43,380.12,189.41
7550,9,112.2,446.34,388.84,190.04
7551,10,112.6,450.83,386.87,191.86
7552,11,112.1,448.48,386.97,188.83
7553,9,112,453.57,381.63,187.95
7554,10,111.6,446.52,384.7,184.16
7555,12,111.4,442.97,383.64,181.89
7556,10,111.3,423.13,384.22,178
7557,11,111.3,412.92,379.58,174.77
7558,9,111.4,405.47,384.8,170.32
7559,5,110.8,405.86,380.08,166.64
7560,4,110.2,400.48,376.58,163.97
7561,5,109.8,402.12,374.54,162.7
7562,4,109.7,402.88,378.7,161.57
7563,3,109.5,408.2,381.08,161.2
7564,4,109.6,406.77,384.25,164.09
7565,5,109.4,413.66,380.88,169.17
7566,8,109.2,419.44,386.28,178.97
7567,11,109.2,430.53,386.27,188.28
7568,12,109.4,442.72,385.13,190.29
7569,10,109.4,443.88,376.82,190.28
7570,11,109.6,445.13,382.42,181.57
7571,9,110,435.46,381.83,185.37
7572,6,110.2,437.46,387.75,184
7573,8,110.1,429.14,380.3,183.46
7574,7,109.4,423.63,381.63,184.39
7575,8,109.7,426.59,382.22,184.16
7576,10,110.3,432.97,390.16,181.19
7577,10,111.4,434.29,403.47,179.12
7578,10,112.5,425.2,405.63,176.68
7579,11,113.1,418.46,409.64,175.21
7580,10,113.9,411.71,396.47,173.59
7581,11,113.9,408.64,392.71,172.82
7582,10,114.1,400.82,384.6,170.62
7583,12,114,404.89,396.91,168.37
7584,10,113.9,404.83,405.86,167.52
7585,12,114.8,405.87,402.52,167.33
7586,6,115.6,399.34,397.57,166.55
7587,4,116.2,396.12,390.65,166.05
7588,4,116.9,394.89,399.42,166.46
7589,7,117.5,400.31,405.61,167.04
7590,8,116.9,403.87,417.69,169.19
7591,11,117.3,407.92,419.31,169.31
7592,12,117.9,407.95,415.3,171.67
7593,13,118.4,416.68,409.69,171.65
7594,12,118.6,419.11,414.89,171.83
7595,11,118.4,411.2,426.9,171.76
7596,12,119.4,395.14,422.48,169.86
7597,12,119,392.07,422.66,170.08
7598,11,118.5,399.88,412.36,170.41
7599,9,117.9,407.47,420.09,172.64
7600,9,118.5,410.36,414.09,175.16
7601,10,118.2,406.31,424.3,174.58
7602,10,117.5,399.83,421.61,171.55
7603,11,117.7,400.39,417.41,166.7
7604,10,117.3,399.19,408.46,166.88
7605,11,118.1,400.52,412.51,162.72
7606,13,118.4,396.6,416.02,160.61
7607,11,118.1,393.66,403.79,159.87
7608,6,116.2,391.65,397.38,159.02
7609,5,117.1,381.92,396.74,158.67
7610,4,117.1,388.24,405.22,159.07
7611,5,116.5,389.78,402.33,158.75
7612,4,115.9,396.94,406.21,159.88
7613,5,116.2,390.29,396.17,161.43
7614,8,115.9,393.92,401.49,166.21
7615,11,116.6,398.06,398.47,171.15
7616,10,118,410.68,418.46,171.78
7617,12,117.8,417.69,416.37,173.93
7618,12,117.3,419.1,419.6,174.99
7619,7,116.7,417.26,411.18,174.7
7620,7,117.5,415.54,411.29,172.4
7621,5,117,411.91,412.15,173.15
7622,9,115.7,410.61,405.65,175.3
7623,11,116,419.4,402.76,177.74
7624,12,117.1,427.04,400.23,179.44
7625,11,117,436.11,412.2,176.95
7626,11,116.7,430.16,412.97,177.18
7627,11,116.3,427.15,409.36,175.57
7628,13,116.7,417.91,405.55,174.13
7629,12,115.9,415.7,407.39,172.08
7630,13,115.1,412.85,402.3,169.56
7631,13,114.3,411.72,397.98,169.18
7632,13,114.4,407.53,396.57,162.84
7633,8,115.8,410.62,402.31,161.35
7634,5,115.3,400.6,400.25,162.78
7635,4,114.6,400.12,394.31,162.07
7636,5,114.6,399.29,394.82,165.9
7637,6,115.1,413.04,398.79,170.85
7638,8,115.2,434.08,412.59,180.79
7639,11,115.7,444.8,406.39,191.53
7640,13,117,453.09,405.72,194.55
7641,13,117.1,445.1,400.25,193.72
7642,13,119.1,445.75,409.88,192.07
7643,11,119.5,448.98,406.62,193.34
7644,11,119.7,447.53,403.13,193.44
7645,6,119,448.74,402.28,193.69
7646,7,119.2,446.63,405.9,194.32
7647,6,119,433.32,407.64,194.47
7648,6,119.7,437.66,412.33,190.01
7649,10,119.1,436.04,430.35,186.42
7650,10,119.2,438.95,432.82,184.04
7651,9,119,426.41,420.16,181.07
7652,12,118.5,416.42,404.99,177.98
7653,9,118.2,422.78,396.61,176.65
7654,11,118.9,420.64,396.64,174.3
7655,13,117.8,412.01,394.91,171.93
7656,10,116.4,402.25,395.39,169.36
7657,4,116.5,399.6,398.15,168.72
7658,5,116.4,400.86,390.04,167.24
7659,4,116.1,402.28,395.17,167.45
7660,4,116,406.28,400.88,169.89
7661,4,116.5,410.87,405.36,174.47
7662,8,117.1,428.71,410.13,182.24
7663,11,118.7,442.4,405.28,189.45
7664,13,119.4,446.7,407.48,190.94
7665,12,119.8,440.89,403.45,189.69
7666,12,120.3,425.26,415.1,187.8
7667,12,121,435.71,413.05,186.64
7668,10,120.6,433.85,415.19,187.78
7669,12,120.4,440.64,409.13,189.16
7670,11,120,443.68,418.64,191.3
7671,8,120.4,438.99,422.88,193.99
7672,10,121.3,433.9,422.75,190.07
7673,11,121.7,425.44,424.02,185.81
7674,10,122.2,435.74,426.72,181.62
7675,11,121.9,442.85,423.09,180.31
7676,13,121.4,439.65,415.18,177.45
7677,9,121,426.19,415.55,173.57
7678,8,120.6,407.05,418.77,170.6
7679,6,119.6,397.04,422.05,168.33
7680,6,119.2,386.3,417.64,165.11
7681,5,119.4,391.64,415.77,163.73
7682,4,119.6,396.04,408.2,162.84
7683,4,119.1,397.77,406.48,162.03
7684,4,119,399.62,406.89,162.8
7685,3,119.5,403.59,409.74,166.63
7686,5,119.4,417.87,407.83,176.86
7687,10,120.3,443.01,409.65,184.36
7688,10,121.3,442.54,410.29,187.02
7689,12,122.1,440.34,414.7,186.6
7690,12,122.9,424.63,418.16,187.82
7691,13,122.4,437.34,424.01,188.43
7692,12,122.8,448.76,426.14,188.02
7693,14,122.8,451.17,427.26,188.68
7694,12,123.1,454.18,425.47,188.68
7695,13,123.5,447.15,428.34,189.91
7696,13,123.6,445.18,425.63,186.04
7697,12,123.9,430.04,441.81,183.47
7698,13,123.3,423.58,434.61,180.33
7699,13,122.6,416.69,426.88,178.66
7700,13,122.1,408.99,415.64,176.47
7701,12,122,404.61,419.62,173.82
7702,13,122.4,399,430.81,171.93
7703,15,121.6,396.4,427.87,170.27
7704,17,121.4,393.55,434.15,166.38
7705,13,120.8,390.52,427.18,163.22
7706,14,120.3,393.28,429.04,164.28
7707,15,119.9,394.83,416.57,166.29
7708,13,119.9,393.09,420.32,168.41
7709,12,120.9,400.84,419.72,172.81
7710,10,120.6,417.24,429.43,183.31
7711,10,121.4,449.13,432.07,193.24
7712,15,122.1,457.32,419.19,195.62
7713,14,124.2,461.29,417.53,196.59
7714,19,125.7,442.29,418.02,194.98
7715,13,125.1,443.67,432.23,194.26
7716,15,126.2,442.46,431.35,193.14
7717,15,125.8,447.91,436.29,193.9
7718,16,126.4,444.08,438.36,194.91
7719,18,125.6,436.16,437.37,196.28
7720,16,125.7,437.22,425.45,191.73
7721,21,125.2,436.8,436.73,186.76
7722,22,125.4,438.53,434.65,183.81
7723,22,124.3,437.29,439.26,182.01
7724,22,124,424.43,434.91,180.1
7725,21,124.3,404.08,435.37,177.87
7726,23,124.6,385.16,434.45,175.04
7727,25,123.8,383.33,425.4,173.5
7728,21,123.6,386.84,419.56,170.58
7729,18,123.1,392.23,412.8,169.06
7730,18,123.3,396.51,409.9,167.81
7731,18,123.8,407.84,415.63,168.21
7732,18,123.9,415.99,424.87,169.68
7733,22,124.5,420.1,422.63,173.96
7734,23,123.6,432.52,428.17,183.81
7735,28,123.4,446.04,417.57,192.52
7736,30,123.8,456.76,422.43,196.34
7737,28,124.7,443.19,422.23,196.46
7738,28,125.9,433.34,440.61,190.1
7739,27,128.2,432.17,443.58,197.12
7740,24,128.3,443.77,442.15,197.62
7741,20,129.3,447.05,434.91,194.97
7742,20,127.3,439.56,438,192.09
7743,20,126,424.59,435.55,189.94
7744,25,126.9,416.97,439.65,184.88
7745,29,126.4,412.6,444.78,180.02
7746,32,125.7,409.79,439.96,177.6
7747,31,126.9,406.28,434.87,176.27
7748,29,126,401.76,419.65,174.63
7749,29,125.3,406.01,419.32,171.34
7750,31,125.5,399.2,422.19,169.62
7751,28,124.8,405.24,427.65,167.1
7752,26,124.2,402.54,434.65,164.88
7753,23,124.5,398.97,426.61,164.53
7754,23,124.5,392.75,426.06,163.58
7755,24,124.6,385.7,419.96,163.13
7756,24,125.1,392.75,425.81,161.1
7757,25,125.3,396.67,422.83,162.06
7758,27,125.3,400.96,435.3,165.92
7759,32,125,400.36,435.65,170.32
7760,33,127.3,400.86,443.65,171.78
7761,32,129.1,408.11,440.02,172.88
7762,29,127.1,408.36,444.43,174.16
7763,28,127.3,408.23,443.16,174.84
7764,28,128.6,407.61,446.58,174.52
7765,27,130.1,408.01,440.79,173.13
7766,29,128.4,401.7,441.16,172.39
7767,27,127.6,397.78,441.1,164.45
7768,25,127.5,391.95,447.25,173.11
7769,30,128.5,396.34,451.15,171.99
7770,33,128.9,397.56,449.02,169.21
7771,35,128.1,399.29,445.33,168.45
7772,38,128,395.48,439.92,166.47
7773,36,127.9,387.15,433.76,165.02
7774,35,127.8,387.08,439.95,164.16
7775,35,126.5,382.95,448.31,160.68
7776,37,127.1,383.95,450.59,161.07
7777,33,127.8,386.81,450.74,161.53
7778,29,128.8,381.43,451.96,159.83
7779,27,129.9,380.42,453.08,159.65
7780,19,129.8,380.97,441.5,159.97
7781,28,130.3,390.67,444.27,162.92
7782,29,132.2,393.08,454.38,165.75
7783,30,133.3,388.96,468.6,166.54
7784,29,136.9,384.54,470.24,168.18
7785,29,140.2,390.65,466.66,170.94
7786,28,133.9,398.89,482.04,172.86
7787,27,133.3,395.14,471.14,173.16
7788,22,132.7,392.05,471.5,173.08
7789,24,131.3,394.35,456.34,174.7
7790,27,129.7,406.91,460.38,173.42
7791,30,128.7,412.17,461.27,177.02
7792,30,128.8,408.83,453.59,177.41
7793,31,129.5,407.08,454.06,181.05
7794,32,129.7,405.68,440.33,179.55
7795,32,129.4,400.82,442.73,175.57
7796,32,130.1,406.94,437.1,169.48
7797,32,128.7,414.3,447.59,173.8
7798,33,126.9,403.09,451.18,175.33
7799,32,125.6,388.94,451.93,149.88
7800,38,126.4,374.64,452.97,158.02
7801,37,126.3,397,446.12,169.64
7802,38,126.4,410.34,448.8,171.05
7803,37,126.4,422.03,444.39,171.51
7804,38,126.4,418.83,449.87,173.8
7805,37,126.7,427.7,447.65,178.97
7806,38,126.3,434.43,453.38,189.47
7807,37,128.1,455.33,445.25,200.4
7808,38,130.4,454.66,453.45,203.12
7809,37,132.8,460.78,454.4,202.18
7810,38,131.5,453.48,466.85,200.05
7811,38,129.8,460.87,458.32,199.78
7812,37,128.6,466.08,453.6,200.48
7813,38,127,465.67,448.16,199.55
7814,37,125.8,466.89,442.57,199.6
7815,38,126.8,457.26,443.63,200.93
7816,37,128.2,454.21,436.23,196.54
7817,38,127.4,441.69,446.11,191.98
7818,37,126.4,437.18,442.38,188.46
7819,38,125.6,430.42,442,186.88
7820,37,126.4,426.81,433.6,186.2
7821,38,125.8,423.06,429.53,182.65
7822,38,125.1,418.48,430.09,180.09
7823,37,126,414.2,430.65,178.18
7824,38,125.4,417.15,433.01,175.46
7825,37,124,415.86,424.19,173.61
7826,38,123.8,412.23,423.2,172.29
7827,37,124.2,402.25,421.16,172.94
7828,38,124.1,410.94,428.1,174.9
7829,37,124,430.54,423.41,179.31
7830,38,125.7,453.19,428.25,189.43
7831,37,125.4,465.65,430.73,197.66
7832,38,126.8,467.84,442.37,199.62
7833,38,126.9,461.15,434.21,200.45
7834,37,127.1,458.06,436.66,199.81
7835,38,128.2,451.56,427.58,198.44
7836,37,128.2,451.98,436.13,197.18
7837,38,127.1,452.59,441.55,195.87
7838,37,127.6,456,450.18,197.53
7839,38,129.8,448.88,446.38,197.71
7840,37,129,437.01,439.91,191.96
7841,38,128.1,431.52,436.64,187.98
7842,37,127.2,434.67,441.05,183.72
7843,38,126.7,437.57,438.58,182.63
7844,38,126,423.85,428.97,177.79
7845,37,125.8,409.47,426.8,175.15
7846,38,124.4,398.63,431.93,172.92
7847,37,123.9,399.53,434.7,171.22
7848,38,123.4,410.07,431.31,169.64
7849,37,123.1,404.87,419.67,168.43
7850,38,124.1,407.16,411.78,167.07
7851,37,123.5,396.92,403.35,166.78
7852,38,123,399.43,409.73,167.77
7853,38,124.1,408.57,417.72,172.36
7854,37,123.8,423.21,431.85,183.71
7855,38,124.4,445.42,434,193.49
7856,37,126.7,454.65,441.84,197.23
7857,38,126,452.65,443.74,196.31
7858,37,127.2,446.91,447.41,194.75
7859,38,127.8,438.52,441.72,196.23
7860,37,129,453.76,430.64,197.56
7861,38,128.2,460.83,434.15,199.04
7862,37,126.8,467.51,432.98,198.26
7863,38,127.4,452.87,434.32,198.45
7864,38,127.6,434.73,429.51,193.64
7865,37,127.8,430.33,432.28,190.47
7866,38,127.5,431.06,437.65,187.65
7867,37,126.2,438.45,433.47,184.96
7868,38,126,431.96,436.4,181.76
7869,37,125.6,423.71,437.8,178.49
7870,38,124.9,419.42,442.35,175.74
7871,37,124.6,418.59,437.67,172.99
7872,38,124.2,418.11,428.46,169.63
7873,37,123.1,403.83,417.38,167.18
7874,38,122.8,393.44,413.04,166.93
7875,38,123.1,386.85,424.08,167.09
7876,37,122.2,393.53,427.54,170.19
7877,38,122.9,408.36,430.31,174.67
7878,37,122.9,429.73,433.11,185.44
7879,38,124.3,450.36,438.68,193.33
7880,37,126,452.98,438.29,196.45
7881,38,126.1,455.92,435.08,194.57
7882,37,126.5,451.23,435.86,193.46
7883,38,126.3,454.23,440.77,193.6
7884,37,126.3,441.98,440.93,195.32
7885,38,127.3,449.66,438.96,195.91
7886,38,127.6,450.93,438.96,196.58
7887,37,126.5,452.6,442.91,199.16
7888,38,126.3,450.73,441.36,194.89
7889,37,126.4,447.02,452.55,193.85
7890,38,126.6,445.64,442.87,190.52
7891,37,125.9,431.62,452.64,188.17
7892,38,125.4,417.19,435.32,187.21
7893,37,124.4,413.74,435.17,183.54
7894,38,124.7,413.64,431.79,178.67
7895,37,123.3,419.95,440.58,175.77
7896,38,122.8,420.31,444.38,172.46
7897,26,123.3,421.77,433.04,171.75
7898,26,123,426.78,426.85,171.98
7899,25,122.8,419.11,422.52,172.33
7900,25,122.4,411.67,423.53,174.63
7901,27,122.9,417.62,426.16,180.21
7902,28,122.7,430.49,425.22,191.76
7903,33,122.5,445.03,423.57,199.74
7904,34,123.1,447.2,416,203.29
7905,33,125.1,452.94,429.11,204.12
7906,32,126.9,458.68,440.21,203.33
7907,30,127.6,458.49,447.3,203.33
7908,30,127.4,467.85,436.2,203.79
7909,29,127.9,466.67,440.15,203.45
7910,27,126.6,462.06,435.83,204.1
7911,26,126.8,453.46,434.16,198.95
7912,27,126.8,445.51,427.03,194.15
7913,29,126.6,436.13,438.91,189.67
7914,33,126.9,424.35,447.2,187.25
7915,34,126.7,416.69,445.56,186.15
7916,35,126.4,413.89,446.28,181.8
7917,38,126.3,403.61,439.81,177.96
7918,33,126.1,397.2,437.84,174.87
7919,44,125.9,394,425.84,173.51
7920,26,125.9,406.23,424.81,172.29
7921,40,125.5,408.66,423.39,170.99
7922,35,125.2,414.66,431.35,171.15
7923,36,125.8,413.42,431.02,171.82
7924,35,126.2,417.71,436.71,171.26
7925,39,126.4,418.98,429.05,174.85
7926,43,126,422.63,430.64,176.23
7927,47,126.5,421.03,437.38,180.07
7928,50,127.7,424.89,451.96,180.82
7929,48,128.9,416.04,466.8,180.59
7930,46,132.4,414.26,462.15,180.52
7931,41,131.5,410.04,451.4,179.92
7932,37,131.5,414.81,452.29,180.78
7933,34,130.5,425.76,453.21,181.04
7934,35,130.2,427.93,451.26,182.59
7935,38,129.7,432.91,445.31,184.56
7936,38,128.6,431.02,444.89,183.36
7937,41,128.3,425.23,458.34,181.96
7938,45,128.7,420.69,443.92,179.68
7939,45,128.9,417.93,443.29,179.55
7940,47,129.3,422.49,440.25,178.63
7941,48,129.5,417.57,448.85,175.8
7942,49,130.3,411.83,454.92,173.93
7943,50,128.5,402.25,442.76,172.53
7944,50,127.6,397.88,441.02,171.22
7945,51,126.5,404.06,441.01,170.88
7946,46,126.9,411.88,439.76,170.84
7947,46,125.7,416.22,439.46,170.72
7948,46,124.6,412.36,432.15,170.75
7949,47,124.4,411.02,435.42,172.02
7950,50,123.7,419.56,435.39,174.42
7951,56,124.7,417.39,431.74,177.25
7952,57,127.1,422.22,435.69,179.65
7953,53,127.1,414.81,436.77,180.15
7954,53,127.3,419.4,436.95,180.71
7955,47,126.7,414.96,439.32,183.05
7956,39,125.8,427,432.84,180.86
7957,37,124.6,435.68,427.79,181.01
7958,39,124.7,445.42,419.79,182.65
7959,39,124.9,446.8,420.63,183.47
7960,42,124.9,437.68,427.69,182.9
7961,43,126.3,425.86,431.16,181.93
7962,45,125.5,414.1,436.85,180.52
7963,43,124.6,409.02,442.45,178.52
7964,47,124.7,409.73,442.52,177.37
7965,47,124.9,406.64,433.6,175.53
7966,47,123.7,412.61,421.8,175.69
7967,45,122.7,411.87,419.13,171.8
7968,34,121.8,407.97,414.98,171.41
7969,29,121.7,402.9,412.12,170.68
7970,21,121.2,409.07,403.46,171.81
7971,25,121.1,413.06,411.47,171.39
7972,23,121,418.67,426.31,173.98
7973,21,121.7,430.49,428.83,180.53
7974,29,122.1,445.43,435.85,190.71
7975,30,122.8,462.46,428.07,200.87
7976,30,125.6,466.26,432.09,203.35
7977,29,126.6,467.31,436.89,205.03
7978,28,126.6,464.43,452.7,195.2
7979,28,126.2,463.04,459.41,201.95
7980,24,126,461.33,453.03,201.69
7981,24,125.7,460.57,438.92,200.64
7982,24,124.9,467.02,434.99,201
7983,24,124.4,467.22,434.9,202.31
7984,24,125.5,462.97,438.67,195.9
7985,23,125.8,449.64,452.98,193.45
7986,25,124.9,441.56,448.54,191.59
7987,29,124.8,441.58,444.91,189.38
7988,28,124.5,429.55,430.35,185.14
7989,23,123.7,431.02,436.93,182.42
7990,28,124.4,423.96,446.05,179.37
7991,28,123.6,426.94,451.1,177.6
7992,25,123.6,423.7,448.54,174.63
7993,20,122.8,412.43,441.25,175.15
7994,18,122.7,405.74,441.08,173.25
7995,18,122.5,411.63,447.72,171.41
7996,17,122.5,420.95,436.8,173.93
7997,19,122.9,438.39,434.43,179.32
7998,21,123,451.51,415.98,188.05
7999,26,123.4,455.71,430.64,197.43
8000,28,126,452.83,435.8,201.56
8001,27,128.1,450.34,447.41,200.25
8002,28,128.4,447.5,435.58,199.92
8003,27,127.4,453.56,431.16,199.55
8004,27,126.7,452.91,432.18,198.8
8005,25,126.4,459.57,439.06,200.49
8006,23,126,460.56,436.14,202.29
8007,22,126.4,454.99,432.06,203.9
8008,23,127,453.57,434.31,197.04
8009,22,127.8,445.25,439.67,193.51
8010,26,126.7,437.4,446.62,190.71
8011,26,126.1,435.2,444.77,188.28
8012,26,125.8,435.41,433.83,185.78
8013,20,125,434.42,430.25,184.41
8014,22,125.1,424.64,432.39,180.73
8015,20,125.7,414.7,446.54,176.03
8016,21,124.7,410.78,447.6,175.81
8017,20,123.3,413.24,438.72,175.94
8018,20,122.9,416.84,435.7,176.56
8019,21,122.9,426.02,425.17,175.01
8020,22,122.8,435.7,429.4,177.14
8021,22,123,440.01,428.51,181.37
8022,24,124.5,446.09,447.08,192.43
8023,23,126.2,449.77,460.52,202.45
8024,27,127.7,460.59,467.37,204.82
8025,31,128.6,464.56,460.74,204.97
8026,31,128.9,472.03,457.29,207.94
8027,32,127,471.29,450.31,205.91
8028,31,126.8,473.11,445.69,207.79
8029,29,127.1,476.15,438.52,208.16
8030,26,126.3,480.52,445.41,206.86
8031,27,126.5,479.33,451.32,207.97
8032,25,126.8,460.39,461.78,203.31
8033,24,127,442.1,454.65,196.86
8034,24,126.7,430.77,449.36,193.41
8035,21,126.2,431.32,440.09,192.37
8036,19,125.3,426.64,441.17,184.98
8037,17,125.4,416.56,441.2,180.54
8038,17,125.3,412.57,442.14,176.73
8039,16,124.8,417.2,440.84,177.68
8040,14,124.2,414.21,434.46,174.45
8041,15,124.6,420.89,433.93,174.3
8042,12,124.6,415.37,434.7,174.6
8043,14,123.9,418.15,441.3,173.6
8044,12,124.1,417.06,428.55,174.35
8045,13,123.3,423.89,422.68,178.54
8046,13,124,440.58,426.67,190.65
8047,17,125.2,454.67,435.93,199.5
8048,23,128.1,466.02,447.46,203.81
8049,24,129.7,471.28,450.83,201.51
8050,24,129.2,467.25,459.05,205.33
8051,24,128.6,469.43,453.28,206.43
8052,22,128.3,472.01,449.75,207.32
8053,22,128.3,474.31,444.58,208.87
8054,22,127.6,475.87,438.61,207.44
8055,20,128.1,464.49,436.05,206.77
8056,20,128.4,466.52,437.25,201.98
8057,20,128.3,453.01,455.73,196.61
8058,21,128.6,441.25,459.47,192.51
8059,20,127.2,422.2,463.57,188.3
8060,18,126.4,415.48,441.72,186.69
8061,23,125.3,414.49,433.9,184.43
8062,18,124.2,414.84,434.51,181.56
8063,20,124.6,413.99,436.44,181.1
8064,20,124.4,420.07,434.78,178.44
8065,21,124.3,414.85,423.78,176.52
8066,16,123.8,412.52,435.13,176.72
8067,17,123.8,411.64,433.52,175.49
8068,13,122.3,414.99,435.47,176.48
8069,16,122.2,430.55,427.54,182.07
8070,20,122.8,441.19,425.83,193.97
8071,22,123.7,455.78,426.29,204.19
8072,23,124.8,465.36,423.99,206.33
8073,22,124.5,462.08,434.7,207.27
8074,22,125.3,477.55,448.85,209.35
8075,26,127.7,469.16,452.74,207.28
8076,17,127.5,473.39,449.64,203.89
8077,18,126.6,449.46,448.54,200.18
8078,14,126.6,449.28,446.04,198.87
8079,16,126.3,445.61,441.44,197.6
8080,13,126,455.95,436.23,192.23
8081,15,126.1,450.39,444.61,188.03
8082,16,125.9,441.31,451.04,185.11
8083,18,125.2,423.03,453.52,181.21
8084,16,125.1,420.13,440.25,178.99
8085,16,124.5,415.91,437.59,177.06
8086,13,125,405.98,421.67,172.94
8087,14,124.5,394.72,429.98,169.32
8088,8,125.3,389.26,430.28,168.29
8089,4,126.6,391.56,432.03,168.09
8090,5,125.6,387.46,433.87,166.87
8091,5,125,386.53,432.52,165.3
8092,4,122.8,391.2,430.85,165.56
8093,9,124.2,407.45,421.54,167.45
8094,12,124.1,416.1,425.92,171.63
8095,16,124.1,420.5,424.54,175.09
8096,28,124.8,421.07,432.31,177.19
8097,18,125.8,418.91,437.82,178.95
8098,18,126.9,418.07,453.25,179.25
8099,17,126.8,424.84,450.55,179.97
8100,18,127.1,429.44,445.78,178.74
8101,22,127,422.59,434.1,177.62
8102,22,126.9,415.11,436.93,177.87
8103,21,126.4,417.48,434.49,178.93
8104,19,127.1,423.64,434.69,178.79
8105,21,126.3,418.42,442.52,179.8
8106,24,126.6,419.87,434.68,176.73
8107,28,126.6,418.45,433.98,177.54
8108,29,126.3,414.99,421.3,175.7
8109,28,127.1,408.75,428.71,172.95
8110,32,127.7,404.56,439.05,171.46
8111,26,125.9,399.38,445.55,169.93
8112,25,125.8,395.02,445.5,169.21
8113,24,125.1,397.54,439.48,169.71
8114,26,125.3,407.26,436.11,170.16
8115,26,125.7,407.23,442.09,170.15
8116,28,125.5,422.02,434.54,170.14
8117,32,125.9,416.76,438.8,172.82
8118,39,126.5,410.6,434.03,174.34
8119,41,126.7,402.5,447.36,176.8
8120,43,128.9,406.8,450.12,180.84
8121,41,130.1,425.32,456.59,182.51
8122,40,129.6,425.98,466.64,184.51
8123,37,130.4,428.21,457.83,182.28
8124,31,129.8,425.74,457.6,182.53
8125,28,128.3,416.52,444.81,182.22
8126,30,128.6,419.55,448.24,180.31
8127,33,129,418.92,454.72,183.36
8128,33,129.8,425.5,460.4,183.95
8129,36,130.5,425.36,466.53,182.12
8130,40,129.2,425.87,459.21,181.2
8131,36,127.4,427.03,452.44,181.29
8132,35,127.2,422.52,444.53,179.39
8133,42,126.8,422.57,437.57,178.01
8134,46,127,414.77,439.84,175.13
8135,47,127.4,419.28,442.08,174.73
8136,40,129.3,419.79,448.69,174.71
8137,34,129.7,417,452.86,175.64
8138,32,128.6,412.04,454.78,172.87
8139,31,127.9,406.99,461.03,173.09
8140,31,127.8,420.74,457.69,175.04
8141,30,129,429.67,465.91,180.72
8142,33,130.1,439.55,468.86,191.06
8143,35,132.3,451.01,480.69,201.27
8144,37,133.4,446.91,487.94,204.78
8145,34,134.1,447.83,473.98,206.56
8146,28,133.6,451.38,471.29,201.14
8147,24,133.7,468.72,459.98,206.07
8148,20,133.1,468.54,466.86,207.82
8149,21,132.1,466.59,458.8,206.4
8150,25,132.1,467.8,457.07,207.95
8151,24,133.1,468.56,453.46,206.16
8152,33,133.7,462.61,458.18,200.33
8153,25,134.2,442.28,471.91,196.71
8154,33,133.9,433.25,474.62,193.03
8155,32,133.4,427.29,470.96,191.78
8156,29,132.4,433.16,455.86,188.24
8157,33,132.1,440.44,451.26,186.57
8158,32,131.1,440.38,449.24,184.66
8159,26,130,428.8,451.68,182.16
8160,20,129.8,417.68,461.42,179.9
8161,18,130.5,407.75,456.92,178.15
8162,17,129.8,408.81,455.16,179.23
8163,19,129.7,409.21,454.95,178.83
8164,20,130.6,413.88,457.31,180.69
8165,24,132,422.43,465.96,186.32
8166,26,132.2,441.72,464.04,196.07
8167,29,133.7,455.73,477.4,205.4
8168,29,136.3,471.74,475.22,210.86
8169,28,136.8,472.99,480.11,208.56
8170,27,136.8,481.39,487.36,206.38
8171,24,136.4,477.88,485.68,211.55
8172,26,135.3,477.19,485.74,208.24
8173,26,134.8,465.89,474.98,207.95
8174,28,135.5,463.19,472.23,206.07
8175,27,135.4,457.83,469.56,203.59
8176,27,137,451.05,469.27,203.63
8177,28,137.1,443.04,472.99,197.58
8178,27,136.5,440.01,474.71,193.89
8179,27,135.9,439.78,479.15,192.11
8180,27,137.5,433.52,484.46,189.13
8181,27,136.7,425.4,487.94,186.77
8182,25,134.9,415.55,486.64,183.22
8183,20,134.9,413.52,478.15,181.51
8184,18,134.9,408.96,470.66,179.14
8185,15,135.9,406.25,471.32,177.18
8186,13,136.2,410.58,476.94,176.53
8187,10,136.2,412.79,477.92,177.05
8188,11,135.7,421.43,469.04,177.8
8189,16,136,427.49,463.98,182.32
8190,17,136,432.65,470.3,192.11
8191,14,137.2,442.67,468.65,201.23
8192,16,139.8,461.98,464.17,204.94
8193,14,140.5,476.79,467.63,206.61
8194,18,142.4,474.43,479.47,207.7
8195,17,141.8,469.85,490.87,210.44
8196,19,138.8,468.94,489.21,209.95
8197,20,137.3,478.09,480.43,208.83
8198,20,138.9,472.18,470.5,208.98
8199,21,139.1,463.2,464.91,210.37
8200,20,140.2,446.94,470.3,204.1
8201,23,142.5,434.8,487.5,200.36
8202,21,142.6,436.54,492.48,196.89
8203,20,141.2,431.29,494.91,193.31
8204,21,140.1,429.77,486.35,180.86
8205,20,139.3,425.43,486.53,186.29
8206,22,138.9,430.78,484.89,186.29
8207,20,137,422.42,480.45,180.03
8208,18,136.2,405.78,476.63,179.28
8209,16,137.3,396.67,465.3,177.68
8210,15,136.1,401.26,469.82,174.86
8211,8,134.9,407.59,465.65,175.25
8212,8,135.9,416.73,466.37,175.48
8213,7,135.2,426.57,460.32,179.99
8214,8,135.8,437.39,468.74,189.63
8215,7,137.5,445.7,473.52,202.61
8216,13,138.2,447.56,477.95,208.51
8217,17,136.6,457.73,474.94,207.66
8218,18,137.7,458.35,481.18,205.85
8219,19,137.5,458.91,475.95,206.77
8220,18,137.4,452.8,470.48,205.33
8221,23,136.8,462.36,459.26,203.51
8222,17,136.4,468.5,458.93,203.95
8223,17,135.4,464.26,453.01,205.96
8224,19,135.8,456.14,458.29,200.15
8225,18,135.4,446.01,458.34,194.41
8226,18,133.8,438.96,462.36,191.74
8227,20,134.4,437.24,466.14,190.12
8228,20,133.9,427.84,470.32,188.18
8229,21,132.2,429.34,460.26,186.56
8230,25,130.6,425.8,447.49,186.86
8231,26,129.6,425.24,442.84,184.82
8232,29,129.4,426,448.94,181.45
8233,26,128.2,422.79,447.55,178.56
8234,23,128.1,422.35,439.96,177.63
8235,23,127.9,420.27,437.28,177.79
8236,22,128.3,425.11,433.18,177.34
8237,26,129.4,433.37,439.97,178.59
8238,30,130.1,440.49,450.31,190.97
8239,34,131.6,448.29,459.45,196.52
8240,36,132,449.81,455.92,199.78
8241,37,135.2,446.84,459.96,199.31
8242,37,136,438.78,469.51,196.34
8243,37,135.2,433.51,477.51,195.54
8244,37,133.5,431.11,461.34,193.23
8245,38,132.7,433.99,449.04,194.52
8246,33,133.5,436.14,447.5,195.43
8247,34,133.4,433.88,459.01,188.63
8248,32,133.5,424.15,459.7,180.53
8249,34,133.4,411.51,462.55,179.12
8250,31,133.1,407.4,449.85,176.33
8251,33,132.8,402.92,451.24,173.95
8252,33,132.8,411.14,443.65,171.43
8253,30,131.8,409.43,451.79,170.02
8254,28,131.5,396.72,443.93,165.78
8255,21,131.3,387.79,449.54,165.6
8256,19,130.4,386.95,445.72,167.1
8257,18,130.7,393.62,460.12,167.07
8258,17,130.4,395.53,457.56,166.3
8259,18,130.5,398.52,462.93,166.16
8260,18,131.3,393.32,467.97,167.66
8261,21,131.9,395.05,463.42,168.44
8262,23,132.5,385.09,463.62,171.89
8263,27,132.4,394.03,450.67,171.37
8264,28,132.6,400.2,455.03,173.97
8265,28,133.7,415.46,458.44,177
8266,27,135.2,420.54,474.88,179.04
8267,26,135.7,415.63,476.12,178.38
8268,26,136.2,414.85,467,177.66
8269,25,135.1,418.96,457.55,177.22
8270,24,134.7,418.06,454.75,177.58
8271,19,135.6,408.36,457.89,176.81
8272,20,135.3,400.05,463.06,175.02
8273,24,136.9,394.64,475.81,174.42
8274,26,136.4,396.94,482.68,172.28
8275,25,135.6,401.56,476.09,169.9
8276,26,135.1,403.75,470.73,169.8
8277,25,134.3,402.59,466.4,166.93
8278,26,134.9,394.99,465.7,166.41
8279,28,134,392.14,454.98,165.42
8280,25,133.2,387.67,443.21,167.08
8281,23,132.8,385.44,435.89,164.4
8282,24,132.6,385.9,440.5,163.49
8283,25,131.9,386.08,445.28,164.75
8284,25,132.2,379.8,445.51,163.69
8285,23,133.2,380.7,444.26,165.98
8286,34,133.4,387.54,454.13,167.39
8287,28,134.2,402.08,469.31,170.15
8288,41,138.4,406.13,476.22,173.8
8289,36,138.2,404.32,477.29,174.71
8290,34,138.9,403.33,476.69,176.35
8291,33,139.2,401.74,479.55,175.78
8292,32,138.1,405.47,478.58,178.15
8293,29,138.6,400.82,476.89,179.19
8294,32,138.7,411.34,480.44,180.5
8295,27,139.6,403.4,486.03,181.91
8296,30,139.5,403.49,484.98,181.12
8297,29,138.2,396.91,481.56,180.22
8298,31,137.3,401.23,472.46,178.99
8299,32,136,406.19,461.99,176.11
8300,31,136.4,402.59,464.88,175.47
8301,33,138.8,397.83,465.52,169.83
8302,32,138.1,388.72,477.96,169.89
8303,31,135.4,382.79,469.88,167.19
8304,27,135.9,381.83,477.24,165.27
8305,26,135.8,378.95,475.69,164.64
8306,26,135.3,382.48,478.92,164.28
8307,28,135.1,383.6,469.86,167.14
8308,29,136,396.87,461.58,171.23
8309,31,135.5,409.31,460.66,177.06
8310,35,137.6,433.67,460.57,189.91
8311,36,140,447.13,471.16,198.1
8312,33,142,451.2,470.54,197.45
8313,36,143.2,444.03,476.93,197.59
8314,37,143.3,438.55,485.3,201.47
8315,35,141.9,441.53,491.69,198.5
8316,36,141.4,443.39,492.51,200.48
8317,36,141,448.86,487.93,202.99
8318,37,142.1,446.2,484.07,204.02
8319,27,142.7,443.6,498.79,204.66
8320,40,143,425.33,500.34,199.4
8321,37,143.7,422.95,507.07,192.26
8322,32,144.2,420.68,500.2,190.55
8323,40,143.7,428.11,504.57,183.9
8324,39,143.5,410.13,496.4,180.81
8325,40,142.5,408.69,483.69,177.66
8326,40,142.3,404.15,469.74,174.32
8327,41,141.7,414.41,468.86,172.48
8328,38,141.2,405.99,475.77,169.61
8329,34,142.6,401.3,474.03,168.1
8330,33,142,391.53,472.45,167.71
8331,31,138.6,382.74,466.34,168.17
8332,32,137.6,385.68,471.25,170.63
8333,32,137.8,399.15,474.44,174.81
8334,39,137.1,425.27,476.94,184.52
8335,42,135.2,435.54,484.3,193.57
8336,42,138.2,455.32,486.57,197.42
8337,42,137.1,450.98,484.46,199.7
8338,42,136.1,457.99,471.14,200.37
8339,42,134.8,446.33,460.15,199
8340,39,134.5,445.7,451.28,197.94
8341,39,134.9,453.46,454.58,198.45
8342,38,136,458.93,459.76,200.12
8343,36,134.9,458.77,471.17,200.15
8344,34,135.4,451.08,473.65,195.67
8345,40,137.7,436.07,486.06,191.78
8346,45,137.8,422.91,488.07,187.09
8347,43,136.4,406.89,479.49,184.53
8348,42,135.3,404.79,463.26,181.42
8349,42,135,407.8,457.19,179.5
8350,40,135.6,408.01,459.95,176.07
8351,39,136.7,403.33,464.51,173.89
8352,36,138.3,406.12,465.34,171.61
8353,37,135.2,399.65,465.9,170.7
8354,37,134.8,394.84,463.43,168.76
8355,36,135,384.32,457.48,171.35
8356,36,135.1,383.01,459.45,168.73
8357,35,134,396.94,462.35,173.22
8358,36,135.9,419.06,467.25,187.8
8359,38,137,443.67,464.59,193.09
8360,45,139.6,451.35,471.41,197.39
8361,47,138.9,447.16,483.6,196.51
8362,46,139.5,440.18,495.21,192.21
8363,47,140.6,450.06,486.85,200.15
8364,45,138.2,454.11,481.83,201.52
8365,44,138,466.15,478.04,201.9
8366,45,139.2,460.55,480.56,202.92
8367,44,139.9,466.97,483.21,205.64
8368,44,140.7,455.9,478.92,200.9
8369,44,140.8,445.6,482.88,196.85
8370,43,140.5,434.03,478.12,193.28
8371,42,138.9,436.57,481.68,191.58
8372,42,140,439.68,482.56,188.07
8373,40,140.6,430.82,487.68,184.15
8374,38,140.1,415.38,480.47,180.98
8375,31,140.8,399.74,477.41,178.99
8376,31,140.4,399.93,480.71,176.24
8377,30,139.9,403.93,484.27,175.23
8378,28,139.6,407.16,482.78,174.06
8379,20,142.2,407.86,465.93,172.93
8380,30,142.7,411.24,474.83,174.18
8381,20,144.7,423.35,484.43,176.93
8382,31,145.1,429.42,504.79,187.25
8383,30,146.5,430.1,503.49,192.78
8384,36,148.7,426.84,506.36,196.07
8385,38,150.5,432.24,504.99,194.83
8386,36,149.1,432.62,510.63,194.62
8387,36,145.9,435.39,498.09,195.82
8388,36,144,426.47,494.93,196.51
8389,36,147,432.5,484.45,195.5
8390,36,143.2,433.27,482.42,194.02
8391,36,145.6,439.86,486.89,193.52
8392,37,148.1,426.25,498.12,189.77
8393,36,149.1,419.33,517.71,185.34
8394,29,147,412.23,507.88,183.74
8395,41,144.5,420.7,505.02,183.46
8396,37,144.2,416.06,496.49,183.34
8397,37,142.4,419.39,504,181
8398,37,141.1,407.66,497.99,177.03
8399,37,137.8,410.93,489.47,174.26
8400,31,137.4,402.95,471.97,172.19
8401,30,138.8,394.72,470.02,170.27
8402,28,140.1,389.58,464.46,170.96
8403,29,140.3,388.01,469.11,170.21
8404,28,140.7,400.16,480.9,171.05
8405,37,141.8,406.18,484.95,175.42
8406,39,142.4,419.24,482.57,186.15
8407,47,143.6,432.21,481.11,193.61
8408,45,145.5,439.42,488.9,196.96
8409,44,148.2,446.31,506.9,195.07
8410,42,148.1,439.71,498.95,194.01
8411,40,144.4,439.19,493.04,194.64
8412,42,141.6,428.14,485.42,193.44
8413,41,139.3,432.03,474.84,193.82
8414,43,137.8,428.92,474.83,194.48
8415,45,140.1,426.42,473.25,189.96
8416,44,141.6,417.66,481.13,185
8417,43,142.6,411.39,489.72,181.74
8418,43,141.1,404.2,486,177.9
8419,41,139.4,400.05,489.43,174.82
8420,42,140.1,393.27,489.21,173.93
8421,41,139.1,393.17,500.13,171.75
8422,41,137.9,387.93,493.51,167.29
8423,41,134.4,387.46,478.88,167.13
8424,40,134.2,381.87,461.51,164.07
8425,37,131.8,382.26,454.66,160.11
8426,34,131.1,374.04,444.86,157.69
8427,33,131.3,375.43,441.38,156.42
8428,34,130.7,372.29,448.25,159.7
8429,36,132.1,381.6,449.92,160.71
8430,41,132.6,385.92,450.25,163.8
8431,42,133.3,398.67,444.44,167.4
8432,45,134.1,401.71,453.41,170.63
8433,43,133.5,407.91,466.27,172.47
8434,44,133.3,400.12,467.74,173.4
8435,41,133.6,400.56,465.63,172.15
8436,39,132.9,395.28,454.42,174.09
8437,38,132.9,403.87,453.44,171.36
8438,37,133.4,411.49,451.71,172.37
8439,35,131.6,415.68,448.78,173.5
8440,39,131.8,413.38,460.74,171.95
8441,35,131.5,406.53,470.97,170.89
8442,36,132.4,399.11,471.96,171.39
8443,40,132.9,387.7,466.31,168.54
8444,40,132.9,382.58,459.01,167.78
8445,42,133,385.12,462.61,166.28
8446,40,133.9,384.41,460.2,163.65
8447,40,136.2,367.89,460.63,161.72
8448,40,135.3,360.59,456.47,158.39
8449,42,135.3,363.34,449.45,160.61
8450,40,135.9,383.85,454.7,160.23
8451,37,137.4,388.82,462.42,161.24
8452,35,138,396.99,474.1,161.78
8453,36,135.7,402.88,465.55,161.66
8454,40,134.8,404,462.92,165.05
8455,42,137.4,399.81,469.56,167.15
8456,43,142.1,397.15,478.97,168.84
8457,41,141,405.14,485.66,171.11
8458,42,137.1,407.51,479.59,172.11
8459,37,136.7,407.93,483.73,172.64
8460,34,135.5,397.72,480.3,172.47
8461,37,134.5,396.44,475.99,174.13
8462,39,134.3,401.01,469.35,174.85
8463,37,134.1,406.35,464.49,175.04
8464,38,134.4,409.81,455.42,175.32
8465,37,134.6,397.84,458.03,174.92
8466,36,132.9,401.59,466.45,174.97
8467,36,132.6,397.53,461.23,173.38
8468,36,132.1,403.17,453.75,171.99
8469,35,130.6,402.9,435.47,170.79
8470,34,130,401.14,443.44,169.23
8471,31,129.8,401.89,439.97,168.44
8472,27,128.9,400.19,448.33,167.22
8473,25,128.2,406.98,448.07,164.25
8474,24,128.4,395.71,452.63,164.37
8475,25,127.6,395.15,454.8,165.71
8476,25,128.3,393.2,453.65,169.02
8477,28,128.9,408.25,453.94,173.59
8478,25,129,423.6,450.55,180.91
8479,42,129.2,438.2,450.38,192.43
8480,39,130,449.66,441.48,196.75
8481,38,130.3,451.6,446.8,197.93
8482,39,129.5,454.21,449.35,197.63
8483,39,128.5,453.69,441.26,198.41
8484,31,127.6,452.63,435.75,198.42
8485,43,127.5,453.07,431.18,199.23
8486,38,127.7,458.58,440.09,202.35
8487,37,127,457.17,436.08,202.84
8488,24,126.7,459.86,435.97,198.58
8489,37,126.9,449.32,456.38,193.24
8490,35,127.6,447.21,464.98,189.92
8491,28,126.7,436.72,467.46,188.1
8492,41,125,429.28,445.99,185.06
8493,38,123.5,425.03,439.84,183.42
8494,36,123.1,422.01,435.75,180.24
8495,38,122.7,422.29,436.72,179.15
8496,33,121.8,421.4,433.05,178.6
8497,31,121.8,410.54,431.19,177.91
8498,30,121.3,413.1,430.89,175.28
8499,30,121,408.74,425.9,176.37
8500,30,121,411.79,427.43,176.74
8501,34,123,421.31,422.26,182.33
8502,37,123.8,440.17,425.56,190.62
8503,42,123.9,462.64,416.41,199.23
8504,43,125.1,464.03,424.94,202.94
8505,43,126.1,454.34,433.94,203.03
8506,44,128,453.23,455.84,202.54
8507,44,127.8,454.79,449.7,201.6
8508,44,127.1,467.05,446,202.88
8509,45,126,474.64,435.16,203.96
8510,41,125.4,480,442.39,207.99
8511,44,126.2,474.27,439.48,208.38
8512,42,127.7,462.94,439.36,202.47
8513,42,126.7,445.48,435.05,195.98
8514,41,126.6,431.12,432.97,195.48
8515,42,125.8,418.89,433.14,192.08
8516,43,125.1,428.75,434.2,191.65
8517,43,125,432.82,429.77,189.69
8518,38,125.2,439.19,427.37,184.66
8519,38,124.6,433.96,426.44,181.71
8520,37,123.9,426.4,439.09,180.21
8521,34,124.2,421.05,437,179.87
8522,34,123.8,421.38,438.17,182.58
8523,33,123.5,429.79,428.88,182.67
8524,33,123.4,434.52,430.43,183.41
8525,33,123.6,440.02,425.09,188
8526,36,124.2,454.84,426.03,198.21
8527,36,124.5,472.73,427.08,207.05
8528,37,125.1,475.42,437.85,211.44
8529,43,126.8,478.37,439.73,208.69
8530,42,127.6,471.26,442.22,209.79
8531,44,126.6,478.82,435.88,208.87
8532,42,124.7,478.22,436.31,209.26
8533,44,125.1,488.73,435.61,209.75
8534,44,125.7,481.82,436.35,211.06
8535,45,125.3,476.58,432.29,209.35
8536,46,125.5,465.84,430.79,203.02
8537,46,127.8,457.69,442.52,199.78
8538,45,127.9,451.66,448.42,196.53
8539,46,127.6,444.18,452.88,192.48
8540,43,125.9,445.21,443.35,190.14
8541,43,123.6,438.44,442.92,188.04
8542,42,123.2,436.52,432.03,187.23
8543,42,123.6,425.6,426,184.45
8544,43,123.3,427.23,426.36,181.69
8545,40,122.8,422.34,433.65,178.83
8546,40,122.9,429.88,433.09,178.3
8547,41,121.7,424.64,420.3,177.02
8548,41,121.6,425.65,414.27,178.57
8549,41,121.9,427.95,414.02,182.35
8550,43,122,436.87,418.73,192.08
8551,44,123.3,450.79,425.9,198.5
8552,50,123.1,452.49,427.03,201.04
8553,51,123.9,455.24,425.06,201.81
8554,52,125.9,448.35,427.45,199.16
8555,52,127.8,440.89,431.89,196.39
8556,50,128.8,432.08,444.31,193.71
8557,50,130,425.31,451.65,191.52
8558,46,129.4,431.98,456.81,193.73
8559,51,129.9,440.94,450.95,192.14
8560,50,129.6,442.14,439,188.34
8561,51,130.4,436.84,441.52,187.13
8562,51,130.6,423.31,448.89,183.68
8563,49,130.2,415.34,459.55,182.5
8564,50,129.9,411,462.35,180.35
8565,49,130,408.43,469.13,177.9
8566,48,129.6,400.41,461.44,176.66
8567,49,128.8,401.57,456.83,174.77
8568,50,129.1,410.07,450.92,173.67
8569,45,129.7,418.33,449.29,173.25
8570,43,129.7,413.7,437.96,173.16
8571,41,129.9,395.87,437.86,171.88
8572,42,130.2,396,438.05,173.75
8573,41,131.1,398.83,445.91,175.2
8574,40,132.5,412.83,447.21,178.89
8575,43,132.7,417.61,458.34,181.97
8576,47,134.2,415.91,472.18,183.71
8577,50,136.3,415.05,477.79,183.24
8578,53,137.2,415.4,478.88,181.17
8579,55,135.6,431.29,460.3,181.21
8580,51,133.6,430.36,457.63,180.37
8581,51,132.8,430.68,452.75,180.4
8582,57,131.6,419.41,457.67,181.27
8583,57,131.5,419.85,461.16,178.54
8584,59,132.9,415.22,458.59,176.59
8585,58,134.4,415.08,465.36,176.67
8586,61,133.3,406.97,458.5,173.07
8587,58,132.6,402.92,459.74,170.96
8588,57,132.9,397.57,458.65,171.3
8589,52,132.2,398.84,461.01,169.69
8590,48,131.8,395.68,466.48,168.6
8591,44,131.1,398.82,463.52,166.98
8592,40,129.6,404.01,458.45,169.64
8593,37,129.4,412.46,450.38,167.78
8594,35,129.3,403.45,449.72,167.55
8595,32,129.1,409.53,448.71,168.46
8596,30,128.8,412.09,449.41,169.07
8597,31,128.4,410.81,448.97,169.3
8598,30,128.5,403.03,453.85,170.79
8599,31,129.9,396.06,457.02,173.76
8600,35,130.3,399.93,454.05,175.62
8601,37,131.4,401.95,459.09,174.96
8602,34,131.9,410.3,456.27,180.1
8603,33,131.1,421.59,458.91,179.99
8604,30,129.1,425.01,446.76,179.9
8605,26,128.6,420.29,448.88,181
8606,26,127.1,411.5,448.12,181.91
8607,25,126.6,415.02,447.44,182.92
8608,23,125.9,419.97,449.56,181.68
8609,20,127.1,428.27,451.03,181.3
8610,26,127.2,429.14,453.98,180.29
8611,19,125.1,426,441.35,179.85
8612,18,124.7,426.58,435.75,178.43
8613,20,124.9,419.69,427.38,177.24
8614,22,124.8,416.3,429.83,176.29
8615,23,124.1,410.95,426.62,175.78
8616,22,123.7,412.49,433.22,175.18
8617,15,123.5,416.46,429.4,175.5
8618,13,123,413.23,442.6,175.28
8619,13,123.2,413.38,433.27,175.06
8620,15,123.5,416.12,437.85,175.67
8621,15,123.4,418.31,426.17,176.84
8622,16,123.2,415.05,436.84,179.39
8623,22,123.4,413.39,433.89,181.69
8624,27,123.4,421.63,434.44,184.8
8625,29,123.8,427.49,430.34,185.78
8626,28,126.3,433.72,446.89,185.86
8627,31,126.1,433,445.4,187.79
8628,26,126.3,438.18,447.17,186.25
8629,24,126.4,433.78,432.87,185.69
8630,25,126.4,433.22,432.68,188.03
8631,28,126.6,434.69,427.55,189.98
8632,28,126.6,428.09,433.06,190.69
8633,24,126,432.19,438.16,190.74
8634,27,125.7,428.41,439.91,191.04
8635,27,125.7,440.67,431.85,187.82
8636,28,125.1,438.52,430.1,185.63
8637,26,125.2,429.33,432.26,182.63
8638,25,124.5,421.6,435.09,180.08
8639,23,123.9,410.88,428.17,176.69
8640,21,123.1,418.25,429.22,175.29
8641,19,123.7,412.76,426.34,174.98
8642,21,123.7,416.75,430.45,176.36
8643,22,123.5,409.45,428.36,173.89
8644,24,124.1,417.8,424.81,176.29
8645,24,124.6,430.47,435.98,180.58
8646,26,125.8,450.31,444.19,188.28
8647,30,126.4,462.26,454.21,195.27
8648,36,126.1,460.3,448.86,199.5
8649,36,127.5,455.59,455.07,201.73
8650,34,128.3,449.23,464.5,194.27
8651,33,128.1,456.63,462.55,204.58
8652,32,126.1,465.37,447.22,205.49
8653,33,125.6,472.47,433.73,205.64
8654,33,125.7,473.19,424.82,205.62
8655,32,126.6,461.71,427.82,207.66
8656,30,127.2,472.46,435.28,204.2
8657,31,128,456.8,452.69,201.38
8658,30,127.8,454.5,457.49,196.74
8659,29,127.8,437.46,452,193.92
8660,28,127.9,433.64,445.59,192.5
8661,29,127.7,438.71,446.12,188.59
8662,29,127.6,439.42,437.7,188.26
8663,28,127.1,438.71,435.89,182.83
8664,28,127,418.15,440.47,178.63
8665,28,126.7,404.65,448.55,176.29
8666,28,126.6,402.76,434.92,173.28
8667,27,125.6,414.06,422.14,173.15
8668,28,126.4,420.42,416.54,177.51
8669,26,127.5,430.16,426.18,180.34
8670,19,126.9,434,427.45,188.44
8671,35,127.4,446.64,441.31,194.84
8672,38,129.3,447.2,451.13,196.58
8673,34,130.5,452.03,459.17,197.04
8674,38,130.9,449.1,463.82,195.25
8675,33,129.6,452.13,455.01,195.21
8676,30,128.3,449.74,449.5,195.02
8677,30,127.1,444.81,447.36,195.33
8678,29,127.1,446.34,450.55,194.62
8679,35,126.6,442.44,451.77,194.03
8680,36,126.2,441.54,438.43,191.88
8681,38,126.8,429.75,438.42,188.85
8682,33,125.5,423.19,433.07,185.55
8683,41,127.7,411.08,444.16,182.83
8684,40,127.1,410.3,434.02,179.56
8685,40,125.8,410.52,439.07,177.88
8686,41,124.5,407.95,432.61,176.2
8687,40,125.5,406.49,434.81,174.54
8688,37,128.1,403.45,439.62,174.57
8689,38,128,405.52,436.14,174.34
8690,37,125.7,404.94,432.14,174.44
8691,37,123,411.89,422.67,174.83
8692,36,122.4,412.9,417.35,175.57
8693,35,122.9,418.36,422.37,179.38
8694,33,123.2,427.51,421.79,187.38
8695,32,123.2,446.18,422.03,195.59
8696,35,123.3,456.16,418.69,199.29
8697,38,124,452.25,423.78,198.91
8698,38,124.8,450.58,434.39,199.61
8699,37,125.3,452.05,440.65,199.92
8700,37,124.1,459.29,433.32,200.85
8701,37,122.6,466.86,425.37,202.76
8702,39,122.1,468.1,419.52,203.41
8703,39,122.5,457,417.85,202.9
8704,37,122.5,450.89,425.28,198.23
8705,38,122.4,442.99,437.6,195.29
8706,37,122.2,436.5,437.69,192.71
8707,36,121.8,429.15,423.29,190.61
8708,34,121.6,421.76,405.81,187.84
8709,38,121.4,429.52,404.77,184.89
8710,34,121,422.98,408.68,181.11
8711,34,118.8,424.79,414.73,178.65
8712,34,119.8,418.12,419.61,173.17
8713,33,122.5,419.29,424.56,173.27
8714,31,122.6,418.26,421.51,172.61
8715,32,121.6,410.79,425.61,173.21
8716,30,121.1,410.11,422.5,174.32
8717,31,121.9,403.49,428.76,177.47
8718,30,122.3,420.23,422.99,181.9
8719,32,122.3,433.12,426.1,186.98
8720,36,122.9,447.29,434.43,192.36
8721,39,123.1,450.19,431.34,193.21
8722,34,122.9,455.15,428.45,194.36
8723,39,123,457.46,416.18,194.52
8724,38,123.5,458.54,418.51,190.53
8725,37,122.6,446.52,416.77,188.1
8726,37,122.1,444.06,415,188.4
8727,37,122.6,437.23,417.04,187.73
8728,38,123.5,425.55,427.89,185.4
8729,36,124.1,411.27,439.06,183.16
8730,37,124.5,408.47,439.77,180.14
8731,35,124.5,420.21,435.16,177.22
8732,31,124.7,425.18,431.53,174.38
8733,37,123.1,426.16,433.99,171.71
8734,34,121,411.76,427.71,168.96
8735,31,119.2,412.69,420.67,167.5
8736,34,118.9,411.63,408.74,168.88
8737,33,118.7,415.64,410.17,169.2
8738,31,118.2,413.93,406.15,168.9
8739,32,118.1,408.2,406.12,168.7
8740,30,118,402.99,403.11,169.97
8741,31,117.4,404.99,411.76,171.37
8742,30,117,408.13,419.32,174.78
8743,32,116.8,420.83,418.2,179.81
8744,36,117.3,426.07,408.83,180.1
8745,39,118,430.41,412.53,183.85
8746,34,119.5,432.16,417.23,187.29
8747,39,118.9,440.24,420.31,187.27
8748,38,118.5,439.1,414.76,184.77
8749,37,118.3,435.65,408.48,180.31
8750,37,117.8,420.31,406.2,180.99
8751,37,118.2,411.85,402.31,182.33
8752,38,119.3,413.49,403.39,179.56
8753,36,119.6,419.04,408.46,180.23
8754,37,119.3,420.3,405.33,176.6
8755,35,118.5,413.24,410.31,172.49
8756,31,117.8,410.14,411.39,169.7
8757,37,118.2,412.09,412.3,169.94
8758,34,117.5,408.26,411.23,171.23
8759,31,117,406.03,404.42,171.71
