timestep,0,1,2,3,4,5,6,7,8,9
0,32,119.6,418.42,411.99,179.36,509.93,407.21,854.1,117,394.98
1,31,120.3,420.67,413.8,177.57,497.87,401.99,856.9,109,408.27
2,28,121.2,413.59,422.1,176.95,496.19,401.49,843.6,116,422.28
3,27,120.5,412.5,417.78,178.2,478.26,405.64,848.9,110,436.25
4,23,120.5,409.8,416.61,179,469.14,408.88,856.9,104,441.69
5,18,121.5,417.96,410.3,177.87,468.07,417.51,877.9,103,440.88
6,17,121.1,436.5,417.43,181.67,467.8,423.08,884.3,112,613.97
7,17,121.5,443.15,423.86,185.07,480.69,424.42,887.9,114,607.49
8,18,123.1,456.16,427.17,186.55,476.08,422.44,871.7,123,610.7
9,23,124.6,444.94,433.61,190.03,514.5,419.31,866.4,125,429.8
10,23,126.1,439.56,439.09,186.55,540.79,457.91,878.2,138,705.51
11,24,126.6,429.96,440.99,186.19,581.19,446.1,898.9,137,693.02
12,26,126.6,427.52,435.05,186.2,607.43,437.15,918.6,128,697.66
13,26,126.9,426.4,433.06,184.54,593.38,397.68,910.9,142,414.89
14,25,127.7,422.91,427.91,184.43,579.29,415.41,906.1,139,420.45
15,24,128.7,418.94,431.86,182.96,544.61,416.04,877.3,139,410.73
16,24,128.1,422.15,433.47,182.72,564.89,414.34,863,160,421.82
17,21,127.9,424.29,451.8,181.09,548.53,474.86,897.1,137,909.3
18,22,128.2,425.08,464.1,180.96,529.85,486.99,932,171,903.36
19,22,127.2,423.63,458.44,180.8,530.51,490.5,944.4,131,897.4
20,22,126.4,422.06,441.36,179.67,539.08,422.89,911.4,131,407.18
21,22,126.1,423.4,431.29,176.49,536.8,415.12,893.5,156,420.82
22,24,125.3,420.91,439.74,176.14,505.68,408.08,884.5,121,418.14
23,28,125,416.04,449.5,175.94,487.06,406.08,887.2,113,421.64
24,22,125.5,409.75,442.64,177.63,476.61,399.09,886.1,124,415.18
25,22,125.2,407.52,433.11,176.58,463.12,396.35,881.9,105,407.67
26,20,124.2,407.15,427.9,177.19,467.99,404.31,871,107,405.39
27,20,123.4,416.32,433.47,178.4,472.68,404.14,856.7,108,412.18
28,18,122.5,424.75,434.8,180.09,485.27,412.62,864.1,107,421.56
29,17,122.5,435.13,428.69,183.23,511.97,405.42,875.9,109,421.5
30,18,122.9,428.44,429.48,183.63,557.12,436.59,885.5,133,597.17
31,23,122.5,430.51,430.33,185.24,567.71,444.03,900.5,146,592.4
32,23,122,437.7,427.36,188.6,563.68,445.1,900.3,143,596.86
33,25,122,450.54,427.35,189.37,580.98,414.36,924.1,159,414.44
34,28,121.7,449.98,430.37,190.62,597.37,438.7,920.8,142,697.49
35,26,121.4,443.54,430.16,193.61,618.57,438.08,894.4,151,688.72
36,23,121.1,447.95,427.11,192.6,576.74,431.58,858.5,129,689.45
37,24,120.5,446.54,421.53,192.99,542.19,405.29,835.5,133,406.16
38,24,120.1,448.53,427,193.97,527.37,404.89,869.4,124,421.4
39,23,119.9,447.22,429.35,194.61,520.81,409.93,884,122,422.67
40,24,120.1,453.51,426.56,192.64,547.19,402.76,899.5,157,428.39
41,18,120.7,449.91,431.07,190.58,558.29,476.21,889,161,871.27
42,20,120.9,439.25,414.77,189.92,584.68,478.8,880.2,155,873.83
43,23,121.4,437.92,420.4,188.47,607.08,484.97,878.8,175,869.14
44,23,121.5,437,418.02,186.47,570.98,412.38,859.5,141,416.21
45,23,121.2,431.69,434.01,185.46,546.71,411.07,865.7,154,435.35
46,20,120.6,421.05,423.88,183.71,508.4,406.67,852,133,451.83
47,19,120,412.58,421.42,183.15,496.83,408.86,849.9,123,467.13
48,16,119.1,421.27,418.28,181.91,467.93,416.75,845,117,463.04
49,17,119,427.12,418.74,181.49,456.43,420.62,824.7,108,459.73
50,17,119.3,438.09,419.65,181.17,453.96,418.94,827.8,102,459.27
51,17,119.6,430.47,418.43,181.26,467.35,407.88,797.1,106,456.51
52,17,120,427.63,416.97,180.39,468.6,407.36,806.4,107,467.6
53,17,122.1,416.42,419.62,181.73,524.21,404.61,803.5,111,468.73
54,22,123.8,421.45,422.67,185.84,584.35,438.43,805.6,135,654.78
55,27,125.7,423.69,427.45,188.73,612.77,438.5,817.5,159,647.6
56,30,126.7,437.26,428.16,190.47,581.88,452.41,816.4,168,642.85
57,30,125.3,450.54,426.78,191.01,545.16,435.79,850,186,464.86
58,29,123.6,464.16,440.38,191.74,534.39,475.68,878.4,172,726.84
59,28,123.7,455.12,438.21,192.87,536.19,458.97,903,156,732.99
60,28,124,444.56,441.9,192.58,515.08,445.09,912.9,129,731.93
61,26,123.6,440.13,433.95,192.92,529.86,403.31,914.3,144,472.57
62,29,123,445.98,436.79,193.96,532.97,411.96,957.8,136,481.43
63,29,123.2,442.08,429.97,195.99,558.09,418.74,984.1,168,475.42
64,29,123.8,435.65,429.67,194.9,560.52,420.67,1015.4,149,487.32
65,27,123.9,446.44,431.04,194.67,564.85,481.62,1001.7,151,972.2
66,29,123.9,458.44,437.55,193.51,589.38,483.98,988.3,144,984.3
67,24,123.7,463.19,437.26,193.47,614.75,479.25,962.7,166,978.39
68,23,123.4,450.51,428.81,192.12,618.75,420.79,935.8,171,491.59
69,25,123.1,443.79,423.46,190.35,584.28,425.63,923.3,144,495.64
70,26,122.7,438.19,428.7,188.37,546.48,424.85,882.5,153,502.07
71,26,122.8,441.48,422.94,186.12,511.73,424.34,873.7,127,506.9
72,28,122,441.89,425.81,184.8,479.04,413.62,856.1,116,503.08
73,24,121.3,441.59,421.33,188.09,450.68,412.53,862.7,117,491.46
74,19,120.4,445.01,428.21,189.01,450.39,410.87,852.2,104,466.73
75,17,119.6,445.67,432.64,187.8,454.76,408.18,834.2,104,453.28
76,18,120.6,443.03,434.4,190.03,463.96,415.7,826.1,115,451
77,20,123.2,444.93,440.58,194.06,494.23,417.83,837.5,121,459.63
78,21,126.1,455.75,440.46,202.67,562.71,456.75,879.8,140,635.84
79,25,128.1,483.89,446.33,210.81,587.84,456.22,923.6,176,616.13
80,27,130.8,489.76,455.31,212.99,590.38,455.82,946,165,608.69
81,27,133.2,489.38,459.71,213.35,554.3,410.9,981.1,161,417.83
82,28,132.4,476.65,460.1,213.98,563.07,452.5,999.9,146,685.46
83,29,133,471.45,450.97,213.37,589.58,453.3,1008.5,164,688.52
84,27,132.7,473.68,451.53,212.3,609.72,459.35,984.4,152,697.24
85,26,132.1,479.88,441.94,213.99,588.09,422.11,968.5,158,441.99
86,25,130.1,491.51,443.06,216.66,540.82,422.46,971.6,159,430.71
87,23,130.6,489.32,430.15,217.52,517.79,426.31,991.6,136,428.11
88,23,131.1,479.66,441.17,213.22,525.72,421.81,983,143,416.69
89,26,130.7,463.9,453.73,211.3,567.64,487.97,950.2,161,898.6
90,28,130.1,455.84,463.8,207.64,581.14,488.02,918,196,904.23
91,24,129.9,452.72,468.52,204.24,641.87,483.94,902.8,156,907.1
92,25,130.9,451.8,464.6,201.56,633.36,419.23,899.1,164,430.87
93,26,131,452.18,465.52,201.08,622.41,412.13,880.7,141,429.37
94,26,129.1,456.44,453.54,200.15,551.61,413.51,856.4,141,428.86
95,24,127.9,462.73,443.01,197.25,509.93,414.21,852,137,421.91
96,20,128.3,462.35,440.77,193.2,478.72,420.69,827.4,133,419.39
97,19,126.7,461.47,438.84,195.38,458.25,423.19,831,113,427.96
98,18,126.2,454.72,440.59,194.22,443.84,417.49,827,103,436.28
99,17,126.2,457.85,441.69,194.5,442.63,413.59,832.5,103,448.35
100,15,127.4,462.89,444.17,195.7,433.01,415.52,841.2,106,454.74
101,17,128.8,472.32,448.52,198.88,459.18,422.9,847.7,109,471.53
102,23,127.9,473.85,448.54,206.73,506.32,451.91,869.8,135,641.73
103,28,128.8,468.32,451.17,215.3,544.03,450.67,907.2,160,636.54
104,26,130.2,459.12,443.16,212.17,542.05,445.59,952.5,188,626.81
105,28,129,468.25,440.63,208.98,588.89,419.89,997.9,185,460.72
106,29,128.7,484.11,452.38,224.67,622.92,463.47,999.5,175,736.42
107,30,129,501,452.76,223.28,653.74,460.43,1018.5,161,733.37
108,31,129.1,500.55,455.36,218.29,613.78,457.45,1033.5,156,732.15
109,32,128.2,503.95,438.97,218.65,614.83,410.22,1054.1,169,458.78
110,35,127.8,504.47,432.33,219.79,603.17,411.77,1067.9,167,469.72
111,32,128.2,498.8,434.02,220.47,611.45,414.21,1078.9,147,468.66
112,33,129.2,481.78,436.64,215.08,594.25,413.72,1077.9,165,482.47
113,34,130.7,473.1,456.72,210.87,631.71,474.07,1048.7,175,953.02
114,35,131.2,474.19,460.18,208.17,647.69,475.61,1002.3,193,950.38
115,36,130.6,479.7,463.65,204.82,621.84,478.86,973,166,952
116,38,130.6,479.75,457,203.07,583.28,415.6,960.7,174,482.03
117,35,130.2,473.75,448.67,201.45,560.12,412.71,971.6,180,490.28
118,36,130.6,465.36,452.23,198.87,571.24,407.9,962.6,188,485.41
119,34,131.9,448.97,451.51,196.64,552.54,411.29,949,166,492.88
120,33,131.7,442.1,447.89,193.54,524.18,413.41,938.2,162,475.7
121,33,132.1,428.89,447.88,193.18,505.88,410.57,924.7,143,475.6
122,33,131.4,434.62,453.34,192.39,514.73,405.76,909.4,144,478.57
123,34,131.2,433.64,467.42,185.72,527.12,407.83,904.9,142,486.9
124,37,130.5,437.71,473.31,193,553.74,413.48,947.6,151,481.8
125,38,131.2,439.55,472.72,198.19,580.08,419.05,976.8,150,475.77
126,37,132.1,457.25,475.8,202.47,578.55,455.07,1003.1,162,681
127,36,135.2,461.22,476.49,205.22,593.55,458.7,983.4,172,690.82
128,42,136.2,466.52,474.41,207.64,655.73,452.21,998.7,199,692.94
129,47,137.3,457.5,463.92,208.28,712.42,415.23,1007.3,208,499.39
130,48,137.1,466.76,460.19,209.41,801.25,456.18,1044,212,766.41
131,48,136.5,472.52,468.69,208.29,824.08,460.49,1080.4,243,760.86
132,50,135.8,469.87,470.46,206.92,821.09,458.08,1075,217,749.65
133,48,134.3,474.15,468.61,206.47,760.47,419.23,1070.7,208,488.48
134,47,133.8,481.21,463.34,207.41,696.81,420.02,1048,202,490.54
135,48,134,487.83,468.91,210.06,711.37,420.39,1058.3,213,490.51
136,47,135.6,473.68,462.6,208.33,702.8,412.62,1040.8,194,482.5
137,49,135.5,458.15,469.54,199.44,740.33,491.65,1022.9,227,892.34
138,50,136.2,450.36,466.51,201.61,737.23,490.22,1004.2,217,888.94
139,50,135.7,448.03,480.52,199.31,751.47,492.98,985.2,231,884.96
140,51,135.6,445.35,478.23,198.13,725.47,414.65,957.8,203,469.84
141,51,135.9,433.95,478.48,196.61,690.69,422.05,924.7,214,476.46
142,51,135.8,443.28,478.17,194.31,694.46,419.04,907.7,201,467.91
143,51,135.1,442.35,472.9,192.65,686.28,415.5,903.5,187,462.76
144,47,134.5,449.94,466.06,191.67,685.57,415.69,879.5,184,457.56
145,45,135,443,456.72,190.5,638.68,429.2,866.8,168,456.35
146,45,134.4,435.97,463.02,194.12,626.19,430.2,839.5,165,451.99
147,44,134.8,440.12,466.76,194.39,623.35,424.01,853.8,163,459.15
148,42,134.8,442.21,466.9,194.41,638.78,423.87,857.7,166,457.01
149,44,134.5,454.79,453.61,199.57,637.15,424.59,886.6,167,459.6
150,43,135.4,460.8,456.45,207.75,644.3,452.27,917.1,177,622.76
151,42,137.2,467.35,455.89,214.52,663.79,442.44,954,193,621.12
152,48,137.4,473.52,457.51,217.6,695.59,445.48,961.4,217,613.16
153,51,136.4,475.25,457.55,217.43,759.88,421.17,973.5,228,432.86
154,54,136.7,474.39,471.97,215.07,773.09,465.48,976.1,257,703.17
155,50,136.3,478.74,475.7,214.52,797.91,457.52,1004.9,289,706.02
156,47,134.7,484.52,478.65,212.49,763.23,454.93,1020.3,202,710.65
157,46,133.4,495.49,468.18,212.53,760.87,413.46,1053.2,197,448.63
158,44,132.8,491.27,461.34,215.08,761.85,409.42,1056.6,196,450
159,45,132.9,482.77,453.4,213.5,757.81,404.9,1045.5,208,446.87
160,42,132.9,457.68,452.26,207.28,763.31,403.63,1021.6,219,429.1
161,39,133.1,450.48,459.13,204.33,745.33,481.29,985.3,227,865.01
162,38,132.1,447.42,463.97,200.8,740.15,484.23,971.8,224,877.3
163,36,130.9,454.11,464.79,201.71,723.52,482.59,950.8,224,892.73
164,37,130.1,449.77,453.3,199.89,694.56,416.6,969.4,244,461.03
165,37,129.9,452.4,446.01,197.87,647.34,415.6,957.8,185,456.98
166,39,128.5,446.11,435.6,196.75,603.44,414.12,953,168,450.53
167,40,128.2,445.17,437.24,193.99,549.42,407.4,910.6,158,452.04
168,41,127.5,435.33,434.45,191.88,536.86,415.9,879.8,141,449.38
169,40,126.9,443.81,431.34,191.65,527.5,409.42,854.4,145,458.62
170,38,126.5,439.85,432.41,191.09,534.51,413.63,834.4,146,455.93
171,33,126.4,439.15,435.58,191,553,412.13,835.4,144,453.44
172,33,126.7,449.27,442.34,193.63,590.09,426.94,832.9,148,449.56
173,32,126.9,458.05,444.84,197.84,702.78,426.52,853.2,154,445.86
174,39,128.8,466.18,453.7,198.66,810.16,463.18,858.3,214,633.37
175,42,128.9,462.14,450.56,205.42,808.51,449.7,878.9,246,626.99
176,44,130.4,465.57,447.22,207.45,723.52,452.16,919.3,226,626.88
177,46,130.7,458.95,440.95,207.98,614.8,408.09,931.2,179,428.21
178,43,131.2,460.2,448.9,200.07,615.44,460.81,945.9,194,714.85
179,41,130.3,461.36,456.94,201.16,621.36,457.55,944.8,184,709.83
180,37,129.6,467.33,462.77,200.69,610.72,455.89,982,175,712.92
181,35,129.3,471.47,457.55,204.52,570.5,412.38,1000.9,162,426.9
182,30,129.3,469.19,458.22,207.3,556.36,411.7,1004.7,158,432.9
183,33,130.6,466.53,459.33,202.48,570.98,411.33,1019.4,168,440.07
184,34,130.6,453.42,455.03,193.71,626.9,405.5,997.6,177,441.74
185,35,129.7,443.5,454.05,188.47,672.46,480.83,992.5,185,910.99
186,38,128.5,437.06,458.68,186.6,760.94,486.2,988.7,213,912.09
187,38,129.1,435.25,464.54,189.33,786.26,486.81,975,198,919.86
188,39,128.3,438.1,461.5,190.4,770.77,414.5,948.3,218,455.03
189,38,127.8,441.65,451.33,192.13,713.38,405.55,916.1,212,456.59
190,40,127.4,436.57,440.39,188.9,648.17,419.11,904.5,169,452.24
191,36,127.1,437.46,434.75,187.11,606.8,418.74,873.3,152,446.02
192,33,127.3,430.5,427.41,186.35,545.13,432.95,832.2,140,444.43
193,30,128.4,433.1,435.55,180.76,528.7,427.41,818.6,153,446.07
194,23,127.5,428.06,436.59,180.19,511.54,423.45,827.9,134,448.68
195,24,127.1,429.22,440.02,180.75,520.56,414.22,821.1,136,454.37
196,28,127,423.99,436.29,181.39,537.5,414.78,799.8,139,461.09
197,31,127,425.78,431.21,184.74,613.17,416.29,798.3,143,469.95
198,29,127.5,429.75,438.77,185.52,701.56,447.09,820,206,653.45
199,44,128.6,437.55,434.98,187.1,718.98,437.84,870.5,253,651.51
200,41,129.5,441.63,442.06,190.66,663.99,428.69,915.1,192,639.02
201,41,130.5,447.24,431.2,193.1,614.57,402.59,937.6,186,458.34
202,40,129.8,447.06,436.57,193.9,592.7,444.65,949.5,175,736.4
203,36,127.8,448.35,439.11,193.68,617.15,459.98,948.4,176,742.19
204,29,129.1,441.38,448.99,194.7,584.42,457.82,964.5,172,731.91
205,28,128.5,439.91,442.25,193.15,586.95,415.91,999.1,171,459.65
206,30,127.3,441.1,438.23,194.72,569.72,417.43,1035.2,167,482.28
207,34,128.2,441.65,425.94,195.25,605.56,428.67,1060.4,187,527.12
208,36,129,453.2,432.77,195.29,648.33,431.51,1048.5,189,553.59
209,35,129.4,450.84,441.73,194.5,673.76,486.49,1030.9,202,1056.04
210,37,128.5,453.72,452.89,193.01,705.49,491.43,1001.7,231,1042.66
211,39,129,448.15,447.4,187.72,702.13,500.41,963.1,226,1026.82
212,44,130.9,441.04,447.33,185.31,734.49,439.97,918,219,519.07
213,44,131.9,433.38,439.97,183.51,726.52,427.43,897.2,213,504.73
214,45,129.5,421.34,441.44,181.69,707.14,420.11,908.2,203,509.07
215,48,128.4,415.64,435.48,180.04,650.05,418.99,923.4,168,507.15
216,48,128.4,419.29,440.59,180.15,593.33,416.82,897.5,158,501.29
217,43,127.7,414.69,444.51,181.02,593.1,415.54,896.1,155,483.52
218,42,127.5,406.99,438.4,179.04,590.96,412.71,891.5,156,486.55
219,42,127.5,400.21,434.74,179.18,613.41,424.73,905,161,498.5
220,39,127.3,400.58,432,178.09,626.16,417.1,886.9,163,491.06
221,43,127.6,409.76,440.32,179.19,743.85,412.79,856.8,171,478.27
222,48,128.4,409.92,451.13,181.6,854.88,433.15,860.1,232,638.8
223,53,130.4,416.58,463.8,183.83,889.73,438.26,864,261,627.6
224,55,132.2,419.56,466.47,186.53,791.52,448.82,899.7,242,625.87
225,56,133.5,428.66,467.23,187.34,705.94,417.53,905.7,219,442.26
226,54,133,429.42,460.42,187.64,683.98,457.46,906,201,737.02
227,52,131.4,434.41,465.92,189.37,680.9,455.59,903,207,739.86
228,50,131,441.23,454.51,189.89,667.42,456.97,930.6,193,741.37
229,41,131.5,445.5,445.31,190.63,662.64,422.67,957,193,455
230,44,130.1,442.97,444.9,191.7,677.24,419.02,966.7,194,449.17
231,37,132.4,435.45,449.33,194.55,658.82,418.99,959.5,188,439.96
232,39,134.4,438.59,463.8,195.77,647.78,412.63,967,201,439.24
233,41,134.6,448.27,458.56,195.69,667.36,482.44,973.7,218,913.96
234,41,132.5,449.53,472.18,194.98,700.07,480.4,964.8,219,945.77
235,40,133.6,443.78,479.05,194,705.6,484.75,940,190,978.29
236,32,133.4,441.41,485.5,192.73,688.05,418.43,930.5,215,539.59
237,43,132.3,438.71,472.87,192.1,673.01,419.68,918.9,220,571.26
238,38,131.4,440.1,467.14,190.53,632.23,419.56,928,178,590.28
239,39,131.5,431.13,458.94,189.48,595.34,415.8,910.8,161,605.36
240,35,131.4,441.71,463.48,189.53,548.98,417.36,911.7,147,602.47
241,31,131.2,436.54,459.15,189.04,540.31,419.14,910,146,599.63
242,30,133.4,442.95,469.94,188.89,521.44,430.53,927.1,145,585.98
243,30,134.4,439.7,466.82,188.86,525.88,428.13,923.3,147,588.26
244,30,135.1,442.98,471.5,192.84,546.94,429.68,940.2,149,570.01
245,31,137.6,452.4,467.43,196.11,663.8,428.18,953.4,156,567.68
246,36,139.7,459.12,478.28,205.81,771.99,456.87,1024.4,214,714.83
247,37,140.5,475.35,478.78,215.79,783.15,454.75,1036.7,227,692.89
248,40,138.5,472.7,483.5,213.49,682.6,451.88,1035,209,671.52
249,37,140,476.1,477.98,213.54,595.49,423.38,979.8,177,479.76
250,38,140.6,476.89,487.23,214.14,574.7,457.57,961.2,175,757.91
251,34,138.8,483.94,486.4,215.15,576.87,454.9,943.5,156,749.79
252,32,135,477.99,481.59,215.58,548.71,449.03,943.8,164,729.32
253,29,133.8,481.17,478.04,215.47,537.05,400.73,930.3,186,440.55
254,28,132.9,476.77,475.13,216.98,529.38,395.78,942.9,152,427.21
255,31,134.1,477.5,488.11,216.57,538.78,397.75,929,169,432.91
256,27,136.9,466.94,482.79,210.84,556.74,407.63,961.3,171,416.23
257,34,137.7,458.54,477.46,206.99,603.63,478.01,963.3,184,876.33
258,35,136.3,461.34,463.04,202.44,630.92,477.53,971.6,196,876.91
259,35,135.9,460.51,457,200.01,682.11,476.95,926.4,181,892.49
260,34,134.4,453.81,452.58,196.96,666.49,412.65,898.5,200,418.78
261,29,134,444.92,443.07,195.39,669.62,413.64,898,209,408.08
262,30,133.4,435.93,448.09,192.13,612.88,408.42,878.5,170,404.63
263,29,132.2,437.38,439.8,192.3,564.36,401.98,836.5,150,397.79
264,24,130,434.75,451.11,191.02,521.32,404.87,785.4,123,399.92
265,24,130.7,435.11,454.43,187.87,505.81,402.48,773.8,130,389
266,24,130.5,441.31,458.41,187.97,513.49,406.51,811.4,128,393.03
267,24,129.2,435.8,453.4,186.7,524.37,401.49,829.2,131,389.39
268,25,128.3,441.14,439.78,188.11,544.07,412.89,848.4,136,407.36
269,26,128.5,440.73,448.29,190.09,623.46,413.29,860,143,426.64
270,32,130.3,456.78,448.48,199.65,722.04,447.69,918.4,201,623.52
271,34,133,463.74,459.09,208.19,733.72,450.7,983.3,227,629.34
272,36,137.1,473.55,465.71,211.77,675.98,459.41,1069.2,215,663.33
273,38,134.7,471.52,470.12,211.56,615.67,437.71,1116.4,167,510.16
274,36,133.9,467.34,461.93,211.95,615.73,471.69,1128.9,165,798.12
275,37,132.6,476.27,459.06,212,616.32,471.47,1105.1,174,802.3
276,38,131.5,478.7,450.36,213.16,591.49,463.69,1080,165,819.57
277,36,130.9,492.11,453.65,213.54,586.68,425.41,1096.9,168,569.95
278,31,131.2,482.73,448.73,214.62,582.24,424.7,1139.8,164,603.19
279,31,129.5,476.06,453.67,215.35,599.53,438.95,1177.7,167,626.53
280,31,129.3,465.1,463.4,211.4,621.17,445.63,1188.9,186,640.04
281,36,129.8,458.73,468.84,206.23,647.47,508.07,1166.5,196,1104.19
282,36,128.6,465.06,465.97,203.64,692.53,504.68,1147.9,218,1093.71
283,37,128,462.86,455.04,202.3,699.4,502.51,1114,187,1091.43
284,37,127.8,455.69,444.77,200.34,716.41,441.87,1071.2,178,613.6
285,37,126.6,447.25,442.07,197.66,662.41,438.96,1030,181,609.31
286,38,124.5,444.7,435.48,195.61,622.6,436.06,998.6,173,614.64
287,37,123.2,444.49,426.62,192.08,584.72,438.58,958.3,171,621.22
288,35,120.9,442.82,425.17,189,559.38,430.36,930.1,167,616.25
289,33,122.5,439.14,421.22,186.76,548.32,430.65,899.6,146,620.14
290,30,122.5,435.26,415.99,186.63,529.44,427.4,909.8,141,608.68
291,25,121.9,429.85,418.69,186.75,536.74,445.32,901.7,142,591.53
292,31,121.5,433.33,417.45,188.49,547.75,439.78,948.7,141,570.26
293,25,121.7,443.3,426.35,192.24,563.85,437.06,995.7,146,575.04
294,30,122.1,464.71,423.15,201.75,569.74,442.2,1069.1,151,780.89
295,29,123.8,478.4,426.05,212.53,585.19,451.19,1095,165,805.93
296,27,125,491.2,423.92,217.37,618.18,446.2,1075.6,191,776.86
297,43,125.1,490.5,429.76,217.74,686.17,424.41,1038.8,195,553.44
298,40,125,483.93,439.44,218.24,771.75,464.82,998,238,750.26
299,40,123.7,479.82,441.12,219.22,836.11,466.62,985.7,237,722.29
300,38,122.7,470.96,431.9,219.32,835.42,464.09,1005.9,199,715.37
301,39,122.4,480.86,414.25,221.22,768.78,420.43,1041.7,203,454.91
302,39,121.8,491.68,416.89,223.51,690.38,418.71,1052.6,183,466.9
303,33,122,498.91,417.12,214.7,697.99,417.08,1067.7,189,471.08
304,41,123.1,494.53,421.16,216.38,714.25,414.68,1054.5,200,471.5
305,38,123.3,487.08,425.37,211.61,734.92,484.7,1054.5,203,925.49
306,39,123.7,488.74,427.25,210.16,723.15,504.65,1013.4,202,938.54
307,38,123.5,485.23,425.14,208.84,693.6,510.61,975.8,190,944.78
308,37,122.9,472.28,412.71,207.78,666.04,444.13,974.5,188,496.84
309,35,122.9,467.94,414.35,203.89,604.74,421.82,966,184,493.14
310,33,122.3,461.78,416.19,201.38,603.9,417.57,969.5,172,508.93
311,26,121.1,469.58,420.93,198.74,574.2,421.09,929.7,161,516.36
312,32,119.8,453.23,416.83,194,563.89,431.29,931.6,140,515.1
313,28,119.2,450.15,422.06,192.02,529.75,436.02,935.4,137,502.57
314,21,119.3,441.63,416.13,191.57,526.77,433.1,959.4,140,501.82
315,30,119.4,446.49,415.09,190.51,521.44,436.42,975.8,138,516.21
316,28,117.8,444.78,411.3,192.71,530.62,425.16,1001.5,137,526.06
317,29,117.3,443.57,410,193.42,541.24,430.5,1026.5,139,542.52
318,30,117.3,461.08,417.31,197.37,547.48,457.2,1046.9,145,720.92
319,24,119,470.79,413.09,203.25,576.62,469.9,1070.5,156,733.81
320,31,122.4,476.29,419.42,207.38,631.65,463.62,1097.1,177,721.66
321,33,124.2,469.08,410.19,210.03,794.87,435.64,1108.5,187,539.92
322,36,123.7,476.99,418.74,209.91,812.46,475.61,1125.5,195,797.4
323,35,123.6,489.34,421.16,212.92,786.86,475.97,1149.1,233,814.13
324,37,123.6,494.26,432.62,213.34,690.84,474.45,1176.1,216,855.77
325,35,123.9,487.93,433.29,213.94,716.56,430.02,1190.2,211,630.16
326,37,124.6,487.63,433.42,215.5,728.06,434.49,1217.6,174,647.66
327,38,125.2,484.06,425.95,214.2,744.08,435.96,1235.7,212,651.2
328,39,126.5,482.4,424.21,208.99,747.17,439.77,1266.9,179,660.17
329,33,127.2,473.99,435.45,206.58,760.8,520.04,1276.4,209,1099.13
330,41,126.5,466.66,445.86,203.35,769.65,534.54,1293,232,1121.01
331,39,126,462.87,448.38,200.75,761.48,538.18,1278.6,235,1142.85
332,41,126.1,466.04,446.13,205.25,774.71,468.58,1286.1,223,751.51
333,40,125.9,471.92,437.98,204.73,724.47,461.38,1261.5,166,764.79
334,40,125.8,471.02,436.91,202.39,696.27,463.39,1219.6,184,761.25
335,43,124.8,467.48,428.85,202.26,623.87,462.52,1177.9,160,766.01
336,42,124.3,468.17,439.2,203.97,584.58,462.95,1171.2,140,788.76
337,43,125.1,462.79,440.96,201.32,547.65,464.5,1174.5,137,801.64
338,38,124.2,455,434.42,196.44,546.25,468.25,1163,143,808.27
339,35,124.3,457.3,432.2,199.72,560.17,471.76,1141,141,786.12
340,35,125.5,476.54,442.45,203.87,593.91,473.87,1163.7,142,785.03
341,34,126.8,489.51,452.23,209.85,760.49,466.57,1202.2,150,769.78
342,41,127.2,503.24,448.29,220.25,835.08,491.46,1256.3,211,969.12
343,41,127.3,508.47,446.51,227.11,848.69,493.3,1322.2,262,985.7
344,43,128.9,520.2,460.12,232.05,732.99,501.41,1365.7,189,1030.75
345,43,130.3,524.85,468.55,232.1,696.44,479.35,1369.9,181,847.74
346,39,129.8,531.21,459.87,230.57,670.94,520.28,1341.6,171,1147.5
347,38,128.4,532.18,450.71,228.61,663.41,502.38,1300.3,170,1097.18
348,38,127.4,517.13,444.99,226.27,674.06,489.34,1345.3,176,1054.39
349,39,126.9,506.55,442.99,223.52,683.43,437.17,1384.9,177,700.4
350,37,127.1,498.39,444.92,221.52,670.66,443.68,1384.6,173,670.51
351,38,127.3,492.94,446.31,220.98,671.96,447.86,1343.8,175,654.74
352,41,128.2,484.08,458.62,214.99,713.87,453.06,1305.1,172,655.13
353,43,129.2,474.47,455.6,208.85,760.99,517.1,1307.7,202,1114.76
354,44,129.1,471.37,455.7,205.26,808.06,517.94,1257.6,244,1142.04
355,43,128.3,460.56,444.59,200.4,836.36,524.9,1212.2,222,1160.38
356,32,127.9,452.8,443.39,198.45,841.72,461.06,1162.3,225,722.37
357,45,127.5,445.11,447.42,196.84,781.09,452.17,1165.6,222,720.08
358,40,127.6,442.75,443.99,192.12,692.54,445.72,1130,195,708.4
359,40,126.9,434.02,436.58,189.59,616.64,449.03,1117.9,153,680.79
360,36,127.4,435.35,432.6,186.88,570.34,459.74,1071.5,137,657.1
361,32,126.3,434.6,435.95,186.58,553.15,453.51,1040.2,138,643.87
362,31,124.4,434.24,442.64,185.54,568.92,445.39,1018.9,135,641.99
363,29,123.4,430.93,431.4,186.14,575.54,442.74,1004.5,135,649.97
364,21,123,436.06,429.98,185.52,614.32,443.59,1019,135,646.1
365,32,122.9,452.2,427.76,188.88,713.24,445.45,981.5,143,629.37
366,36,123.4,459.99,434.94,191.84,806.61,463.82,978,175,785.13
367,37,123.7,469.74,427.88,197.25,807.65,463.56,952.3,258,775.35
368,39,123.8,462.05,437,200.21,707.04,457.16,1000.4,178,766.03
369,38,123.5,470.15,435.76,201.01,670.97,430.26,1025.4,174,569.46
370,38,124.8,465.96,441.75,202.19,648.42,459.45,1063.2,170,800.54
371,40,124.9,465.76,432.29,203.7,655.79,455.87,1078.7,165,782.94
372,40,124.9,461.54,433.41,202.7,606.63,449.04,1081.8,166,765.53
373,39,125.1,454.01,440.13,201.88,632.29,407.49,1072.4,180,500.89
374,36,124.8,458.66,442.88,202.81,654.28,406.8,1063.3,171,504.54
375,35,125,460.54,439.6,204.57,659.15,415.12,1069.3,176,505.62
376,34,124.6,459.35,427.18,204.84,658.8,423.07,1093.2,182,512.25
377,33,124.1,457.8,428.82,199.12,663.18,499.74,1101.4,204,978.25
378,37,123.1,441.76,421.17,193.4,699.61,496.45,1098.3,235,969.13
379,30,123.1,443.89,434.17,190.51,746.23,489.46,1079.8,212,977.02
380,42,124.4,435.25,425.41,186.14,759.63,419.04,1052.3,188,518.26
381,38,125,432.53,437.44,185.48,749.65,421.21,1018.8,219,535.15
382,40,125.2,428.65,429.29,183.95,696,427.37,1002.3,180,525.88
383,35,124.3,418.84,428.45,181.83,641.24,421.22,1004,152,527.96
384,35,123.2,424.61,421.29,179.1,606.17,419.88,1012.8,144,527.07
385,35,124.3,418.99,425.8,182.45,594.24,423.51,992.3,149,530.92
386,33,123,428.84,426.44,180.7,607.85,423.46,959.9,146,528.13
387,34,124.3,425.14,437.27,181.6,619.38,417.62,944.7,148,530.48
388,32,128,427.38,437.5,180.79,651.05,416.12,939.8,148,533.48
389,34,128.5,419.37,444.42,181.87,772.99,418.55,938.3,157,528.5
390,41,129.2,414,447.07,182.61,849.61,457.3,931.8,211,717.72
391,44,131.4,411.25,455.41,182.19,861.21,455.08,949.1,255,711.06
392,46,133.2,418.61,456.19,183.96,762.65,453.32,975.3,228,711.95
393,46,133,435.45,456.68,185.31,699.26,422.29,1002.4,188,515.24
394,47,131.2,446.71,454.35,188.67,667.9,462.34,1011,177,785.53
395,46,129.8,451.42,456.88,192.21,642.22,465.6,1001.1,180,780.27
396,46,129.2,450.83,450.79,191.36,629.9,459.79,1008,177,777.98
397,47,128.6,449.5,450.99,191.83,622.51,424.92,1016,186,505.49
398,46,129.5,454.96,447.71,191.94,642.46,422.98,1039.6,172,513.53
399,41,130.1,453.01,447.75,193.94,666.24,434.3,1037.3,192,519.55
400,40,131.9,444.68,451.61,194.78,713.06,422.32,1046.8,188,525.02
401,40,133.7,437.36,460.13,196.05,767.06,497.59,1028.8,223,999.99
402,41,133.3,428.98,471.03,192.33,800.88,493.6,1032.3,237,995.76
403,43,132.5,437.21,466.59,192.28,843.94,499.49,1026.2,229,999.08
404,43,131.1,431.78,454.46,191.74,838.47,419.68,1036.9,198,517.15
405,46,130.8,442.18,442.59,189.59,798.89,417.63,1008.1,238,513.13
406,43,130.1,434.32,436.52,189.88,716.74,411.02,982.6,213,506.61
407,45,129.9,435.01,446.13,187.53,644.25,416,976.4,171,511.24
408,44,129.5,428.47,451.02,183.84,615.72,418.94,968.7,153,527.56
409,43,129,420.29,454.9,184.31,611.95,425.82,961.2,156,529.96
410,40,129.6,421.65,451.28,183.46,630.14,426.76,924.6,155,532.62
411,40,129.4,417.69,447.93,177.89,654.88,428.79,930.6,164,525.45
412,39,129.5,436.47,453.41,185.26,684.34,429.42,931.3,162,512.27
413,39,130.9,443.91,457.82,189.58,810.8,436.59,984.3,167,500.26
414,44,132.6,460.64,470.2,200.78,925.68,455.11,1003.2,220,661.36
415,48,135.6,464.06,470.48,213.31,924.57,458.23,1055.1,254,657.86
416,45,135.7,476.28,469.34,216.11,812.18,449.59,1057.1,222,648.13
417,45,136.6,489.3,467.03,216.45,683.55,424.99,1086.2,198,467.25
418,44,135.8,498.85,474.81,213.87,664.17,455.52,1093.5,181,757.02
419,42,132.3,502.1,476.32,215.64,628.43,456.74,1102.1,183,763.21
420,40,130.6,497.67,472.65,215.07,618.41,456.3,1107.7,173,763.63
421,42,128.7,496.37,458.93,216.66,588.53,420.78,1083.6,184,467.33
422,38,128.7,488.76,447.5,215.43,607.72,412.33,1053.2,167,466.83
423,38,128.6,478.64,438.43,219.8,621.3,415.31,1028.3,180,466.87
424,33,130.5,472.27,447.29,213.36,654.58,416.23,1040.6,184,473.89
425,36,131.8,469.84,449.43,210.24,667,493.35,1059.3,196,882.16
426,40,129.4,464.74,457.28,204.32,716.62,495.54,1058.2,215,883.73
427,42,127.9,461.53,443.51,204.68,730.52,494.25,1045.5,214,887.95
428,42,128,458.03,454.03,201.66,749.8,427.69,1031.9,252,471.53
429,43,128.4,459.38,448.83,198.24,738.01,425.22,1021.9,234,467.57
430,46,129.5,451.6,455.13,196.21,741.06,425.14,997.7,205,459.94
431,45,127.6,448.79,456.45,194.84,716.55,423.08,955.4,185,471.91
432,40,127.7,441.12,451.86,188.63,692.01,417.12,934.6,162,481.62
433,40,126.2,433.77,444.54,188.83,666.98,408.4,903.1,174,495.14
434,37,125.1,439.49,426.92,188.83,662.14,405.66,925.4,159,504.76
435,36,123.8,443.03,420.19,192.12,643.57,403.46,933.6,152,509.01
436,36,122.5,458.66,418.71,194.59,668.85,407.76,958,159,512.63
437,38,123.6,449.43,419.23,195.88,766.44,408.25,952.7,167,510.3
438,45,123.7,457.53,422.81,201.53,886.8,453.12,948.1,204,675.46
439,48,124.9,467.85,427.37,208.54,913.35,454.84,943,278,667.79
440,50,127.4,489.13,436.71,216.04,833.88,459.53,955.9,242,664.15
441,49,128.4,493.89,439.51,216.13,731.97,411.54,982.8,204,494.6
442,44,128.3,496.96,443.61,215.31,682.12,455.98,994.7,180,739.17
443,45,128.1,488.07,447.01,213.49,671.92,454.64,1000.8,193,722.78
444,42,127.8,490.57,443.56,212.89,645.77,456.52,985.2,186,701.4
445,40,127.3,483.85,447.26,215.63,635.76,411.12,980.9,183,440.44
446,35,126.2,486.88,436.34,213.9,617.55,403.52,996.1,193,438.34
447,41,126.2,483.87,443.29,213.53,675.11,409.45,1007.2,206,436.04
448,47,127.2,483.08,442.01,208.09,724.43,413.49,1041.8,206,431.87
449,50,127.6,481.88,459.27,204.4,786.71,490.5,1002.9,232,868.24
450,50,127.5,473.69,461.05,204.43,803.96,489.76,985.4,224,889.24
451,49,127.6,464.72,452.57,201.14,809.68,483.51,955.4,244,906.73
452,46,127.7,454.49,436.9,199.25,806.03,406.79,970.4,198,481.54
453,46,128.1,443.26,432.31,194.39,785.74,400.72,960.5,197,466.48
454,46,127.7,432.59,442.14,188.95,770,402.34,944.8,184,455.05
455,42,126.4,426.27,440.25,187.35,733.89,403.63,913.5,178,447.58
456,41,124.7,426.72,442.1,186.34,705.95,406.57,887.7,174,451.6
457,41,125.8,430.3,431.72,187.01,690.43,408.92,852.1,173,440.26
458,42,128.8,427.12,434.02,185.83,701.96,403.29,851.7,170,429.82
459,39,130.2,423.71,437.5,182.71,685.26,408.28,839.9,160,428.22
460,39,130.3,422.04,443.4,183.28,688.04,409.6,850.6,156,429.7
461,39,131.4,436.13,449.96,186.85,698.7,415.31,862.9,156,428.85
462,41,132.6,454.47,450.49,195.06,736.31,435.56,874.8,164,609.98
463,44,135.4,473.98,458.2,205.47,761.38,431.95,894.5,207,598.63
464,51,137.6,480.49,472.19,209.35,823.2,431.84,895.5,215,588.5
465,51,137.8,492.28,474.1,215.2,858.04,409.44,928.6,251,392.53
466,49,136.5,490.73,479.58,214.61,913.52,450.62,941.1,262,669.76
467,44,135.3,494.05,452.9,213.52,846.64,452.99,965,233,672.45
468,39,134.7,482.81,450.44,211.79,824.64,451.49,976.6,228,680.42
469,36,133.9,474.85,431.95,210.78,738.08,409.83,994.8,200,407.11
470,38,133.3,465.87,454.15,209.09,756.9,402.21,1003.4,204,414.25
471,44,135.1,461.29,464.43,210.46,773.64,407.85,1012.2,209,417.21
472,47,136.2,456.15,472.1,203.08,847.75,413.33,1035.7,206,425.21
473,48,136.8,461.33,474.36,200.05,861.17,495.44,1040,218,909.37
474,48,136,457.27,474.24,196.16,899.93,488.02,1039,233,905.72
475,52,134.7,454.32,482.38,195.74,883.86,487.04,1006.3,209,898.39
476,52,134,440.55,470.02,191.76,874.45,409.65,957.4,207,408.3
477,53,132.7,431.52,451.14,190.35,821.49,414.29,902.4,220,410.58
478,55,131.6,427.53,438.03,186.73,807.46,419.08,885.8,221,414.6
479,56,131.4,414.7,441.14,184.48,801.71,427.25,857.9,195,413.98
480,56,130.7,410.18,458.11,181.19,795.43,424.08,826,197,413.59
481,53,129.4,405.75,459.21,180.1,785.6,419.87,776.8,186,410.87
482,53,128.9,404.77,451.19,176.83,776.71,414.99,762.9,175,404.35
483,51,129,408.33,452.63,170.67,778.22,414.03,771.3,178,386.97
484,53,129.6,416.89,455.73,176.18,796.76,411.23,771.5,180,380.22
485,52,130,433.31,456.1,183.52,806.11,404.02,786.4,182,365.07
486,54,132.2,450.29,453.12,192.49,822.83,421.32,799.2,189,526.57
487,54,135.4,460.09,461.79,202.72,819.11,419.78,836.2,219,513.12
488,60,135.6,467.79,470.99,208.16,907.01,417.29,827.2,230,510.2
489,59,136,466.6,472.89,207.65,976.21,393.31,816.7,264,335.91
490,56,135.4,479.11,462.91,208.79,990.02,428.72,789,246,610.52
491,53,134.6,478.01,452.46,209.49,952.18,438.95,805.3,260,611.26
492,47,132,477.76,441,210.77,861.71,442.21,772.5,230,610.83
493,45,131.2,467.32,439.13,209.9,812.9,400.48,758.5,226,329.04
494,44,130.1,464.41,444.28,209.94,763.52,388.83,755.2,215,326.75
495,50,129.4,463.22,449.01,209.45,787.96,387.94,807.2,222,320.75
496,51,129.9,459.34,463.83,202.77,876.96,390.74,824.9,215,318.84
497,54,132.3,461.67,467.83,197.67,948.59,456.53,853.7,260,757.69
498,54,132.5,457.63,466.33,194.6,995.69,459,854.1,275,768.15
499,51,132.4,457.71,451.83,192.56,952.63,454.92,869.2,230,783
500,50,132.1,445.39,454.58,188.94,888.23,392.55,839.8,232,360.65
501,47,132.3,428.44,461.08,185.41,838.04,399.07,816.4,202,366.67
502,46,132.2,416.14,461.55,181.74,798.98,401.13,789.8,212,369.72
503,49,131.4,408.91,465.4,180.59,748.15,404.18,795.8,178,360.78
504,51,131.8,415.77,456.03,173.47,701.64,399.43,802.1,171,358.88
505,52,131.3,415.45,462.7,172.98,676.93,411.48,806.1,168,358.34
506,49,131.4,412.22,459.97,174.13,688.71,418.64,785.4,167,363.93
507,46,131.8,406.1,457.69,175.87,686.68,420.33,762.1,168,367.86
508,46,131.9,406.2,457.02,173.86,734.14,409.54,756.6,178,379.39
509,49,132.6,417.49,440.01,176.35,858.72,400.25,778.1,181,384.51
510,55,133.7,427.8,455,186.57,998.27,422.84,792.1,241,571.93
511,61,134.4,444.16,449.79,195.76,1007.35,436.61,810,307,557.08
512,58,135,454.92,467.68,199.22,897.77,440.66,814.1,258,540.57
513,58,136.4,469.62,466.83,200.56,774.91,413.68,817.3,218,341.38
514,55,136.2,460.71,480.28,201.53,720.92,443.92,811.5,203,599.77
515,50,134.8,460.63,479.11,201.5,712.42,446.75,789.5,200,595.58
516,47,134,444,474,199.02,705.41,442.89,796.1,221,583.6
517,48,134.6,450.55,461.14,196.51,720.41,399.09,806.6,209,302.34
518,45,132.7,444.55,453.99,194.32,711.1,390.76,825.6,198,295.78
519,49,131.6,444.94,446.31,194.05,721.43,392.7,846.4,198,308.72
520,45,132.2,431.02,446.81,189.79,785.4,394.46,877.2,206,328.85
521,47,132.2,425.03,451.61,186.52,844.25,467.36,903.2,222,798.81
522,52,131.6,426,452.7,184.78,888.78,471.61,900.4,297,815.51
523,51,131.8,430.91,444.53,183.84,901.96,478.07,875.2,274,813.27
524,51,131,430.1,433.42,182.18,947.22,405.4,848.1,227,349.67
525,52,130.6,426.83,419.89,180.28,930.59,403.48,823.5,249,333.18
526,50,129,419.13,422.76,176.95,863.21,391.9,777.3,215,330
527,50,127.7,410.79,427.91,173.68,757.28,393.62,748.5,190,331.02
528,50,128.6,405.74,430.15,171.04,706.46,386.12,709.8,172,326.68
529,46,129.2,400.93,433.05,168.03,671.18,392.45,687.4,171,325.52
530,42,128.2,401.14,429.58,169.33,667.2,399.15,672.4,165,325.73
531,40,127.4,399.75,434.66,169.32,660.25,408.57,678.7,162,321.64
532,38,127.7,399.2,430.62,170.4,690.71,404.53,696,167,312.4
533,41,127.2,406.14,436.86,170.53,759.41,401.21,716.3,170,303.87
534,47,128.4,409.63,441,172.72,848.64,417.47,714.8,238,482.54
535,50,128.7,420.66,445.99,175.94,857.41,420.58,728.9,286,484.99
536,50,129.8,417.51,446.21,177.52,800.57,426.61,751.7,254,487.82
537,48,131.5,414.39,448.19,179.4,720.28,407.98,793.8,199,299.52
538,46,132.1,415.8,456.11,182.19,679.34,444.91,803.5,190,547.03
539,42,130.1,416.75,452.35,181.31,652.57,433.25,779.6,198,537.65
540,41,127.8,427.94,449.73,180.02,624.78,432.34,765.3,185,545.17
541,42,127.2,425.22,448.39,180.34,625.42,393.94,777.4,192,298.52
542,40,126.6,426.29,449.81,180.76,635.39,395.32,813.7,182,319.26
543,42,126.5,421.1,443.09,181.63,638.4,396.95,857.2,190,340.97
544,43,126.5,419.61,433.3,183.51,658.65,394.01,871.1,196,364.39
545,43,128.4,421.85,450.56,180.57,693.16,469.94,870.1,211,827.41
546,40,130.6,422.88,457.87,181.03,734.36,476.15,868,227,839.22
547,42,130.5,418.5,461.3,178.15,794.44,486.06,874.9,234,845.45
548,39,129.7,410.38,446.68,176.66,824.32,413.64,855.6,227,407.55
549,33,127.8,403.97,449.89,174.08,807.26,411.96,827.6,250,419.04
550,39,126.6,398.09,448.63,173.19,754.38,412.8,801.5,189,436.7
551,37,125.4,398.15,440.19,171.6,664.61,414.83,800.3,152,444.23
552,29,121.9,401.18,432.27,170.09,623.06,419.98,786.9,141,455.77
553,29,121.6,410.93,421.56,171.26,562.97,423.32,789,138,454.66
554,25,121.6,414.49,421.22,171.02,560.59,430.92,786.7,136,469.54
555,26,122.6,413.48,419.99,171.8,566.32,429.35,803.3,139,483.98
556,26,122,420.27,421.91,174.62,608.73,420.57,808.6,142,496.64
557,28,122.1,426.53,426.12,175.04,723.66,407.99,822.5,149,510.21
558,33,122.3,428.3,430.12,180.34,789.69,432.28,835.2,204,713.86
559,33,123.5,432.02,443.04,182.78,801.11,437.14,869.1,222,729.44
560,32,125.2,436.91,440.96,182.1,688.37,446.3,884.3,219,724.14
561,29,125.2,440.12,440.56,183.28,609.14,414.85,904.5,180,506.57
562,26,124.5,435.06,427.49,185.58,573.91,448.07,898.1,144,745.82
563,26,124.6,436.04,434.33,187.28,551.64,436.11,921.2,132,719.6
564,23,124.4,434.39,435.31,188.78,544.7,432.8,924,132,703.51
565,20,125,437.48,430.87,189.52,508.77,396.75,946.1,140,434.89
566,17,125.3,435.68,426.55,190.95,522.16,403.91,971.2,138,443.79
567,20,124.8,440.9,425.98,188.88,541.59,415.78,1004.1,134,455.81
568,24,124.5,437.37,431.77,192.03,583.61,417.5,1024.1,153,462.97
569,25,125.2,437.88,436.99,190.29,635.33,477.46,1019.7,165,902.7
570,22,124.5,445.33,425,189.23,656.61,472.54,1016.6,190,907.9
571,20,123.2,443.87,424.2,190.68,690.73,477.58,1008.1,174,923.41
572,24,123.4,435.92,413.49,187.97,668.71,412.09,1008.8,165,492.66
573,16,124.7,420.87,429.38,188.04,665.21,417.91,986.8,172,492.12
574,16,124.5,418.72,441.81,184.86,592.55,415.37,966,123,476.36
575,19,123.4,421.39,439.55,183.48,523.71,429.2,929.7,103,478.26
576,8,122.5,424.93,435.56,183.13,462.64,425.64,889.3,95,475.52
577,8,122.4,425.45,436.21,176.53,455.89,421.95,871.9,97,468.55
578,9,122.1,417.3,436.2,176.98,467.22,415.72,856.4,96,459.47
579,9,121.5,409.7,435.03,172.55,477.57,411.57,869.6,95,455.08
580,10,121.3,416.9,417.87,175.11,495.01,416.8,890.6,98,457.8
581,12,121.8,424.74,428.18,181.71,563.85,413.22,931.4,110,447
582,21,123.4,431.6,430.64,190.5,665.13,442.62,969.1,159,620.99
583,21,126.4,436.21,445.93,198.67,678.79,443,962.9,212,616.3
584,20,130.2,449.9,445.53,205.13,614.74,446.72,982.5,186,620.93
585,19,129.9,467.12,451.03,203.69,508.87,419.05,1010.6,138,443.04
586,21,130.3,466.7,448.78,203.48,474.31,458.14,1040.2,135,711.91
587,14,127.8,470.6,445.61,204.37,456.75,456.18,1053.3,126,722.99
588,10,126.8,473.25,448.65,207.83,455.62,448.3,1053.4,110,731.93
589,5,126.2,467.37,454.33,206.54,442.3,402.63,1052,104,474.71
590,5,125.1,473.29,451.92,206.31,470.62,402.83,1066.4,109,482.5
591,5,126.2,463.51,445.17,208.6,490.8,413.81,1084.4,127,483.47
592,9,128.9,473.55,439.86,201.17,536.43,414.94,1121.1,137,484.06
593,10,132.8,458.3,467.25,197.18,596.34,481.6,1099.9,133,947.38
594,14,133.8,450.45,476.24,192.7,650.44,484.61,1079.9,189,947.21
595,14,134.8,440.67,486.87,190.07,671.18,490.86,1040.8,161,952.35
596,16,134.4,431.23,471.85,188.12,645.48,434.93,1007.8,147,501.16
597,14,133.9,426.94,480.17,186.32,608.74,432.82,984.7,167,526.85
598,22,133.5,418.38,472.98,183.99,569.59,426.71,964.4,149,538.1
599,23,133.4,417.52,462.92,182.9,521.27,432.32,945.9,114,537.6
600,23,132.1,417.7,460.26,180.75,483.82,436.16,940.4,101,532.36
601,16,132.5,418.67,463.14,179.17,460.93,440.07,958.1,106,519.62
602,15,131.2,425.73,467.22,181.04,465.72,434.28,979.9,102,533.84
603,14,129.3,423.94,460.59,181.22,477.84,432.36,983.8,106,542.47
604,17,127.9,435.1,456.12,182.74,519.01,440.15,976.9,110,555.57
605,22,128.7,435.14,460.43,189.01,641.59,437.43,994.2,142,539.05
606,28,128.7,461.24,459.45,200.27,754.02,461.24,1007.3,157,716.46
607,30,130.2,469.15,462.84,212.75,768.34,457.33,1066.5,233,724.69
608,29,130.2,471.47,459.92,215.3,681.32,460.51,1110.1,190,742.53
609,28,130.3,472.37,452.33,209.79,597.74,432.16,1154.1,168,556.65
610,25,127.6,464.47,446.92,209.15,557.05,470.85,1151.3,143,829.29
611,28,126.7,479.01,437.64,209.88,530.79,460.47,1143.2,130,810.96
612,20,125.5,481.46,436.51,207.74,494.51,464.85,1134.4,121,807.33
613,21,124.2,494.13,429.06,210.76,502.87,423.67,1120.7,130,535.78
614,17,123.9,487.73,432,210.43,519.94,431.37,1123,125,552.12
615,19,124.9,474.89,433.16,208.81,562.31,434.08,1114.1,147,559.63
616,21,124.7,466.66,438.75,202.78,595.78,431.77,1091,160,546.36
617,22,126.4,449.77,446.95,201.1,661.83,498.01,1052.4,170,1009.27
618,21,128.1,453.81,445.75,198.15,673.97,495.3,1046.8,168,1008.3
619,23,127.5,448.2,444.05,198.28,651.71,495.53,1068.2,176,1017.74
620,18,126.8,458.02,429.42,196.55,575.75,423.08,1076,161,543.27
621,21,127.5,442.89,432.04,193.9,557.51,428.82,1068.1,189,540.68
622,22,128.1,439.88,429.4,194.33,552.23,430.25,1058.8,144,544.97
623,19,127.2,424.68,435.8,190.62,542.05,433.62,1050,134,549.62
624,18,126.1,431.23,429.72,187.13,507.93,427.17,1015.1,128,561.41
625,18,124.7,423.29,421.54,187.01,493.53,432.55,983,126,570.17
626,17,123.6,423.56,427.3,182.92,498.71,433.53,957.8,125,585.31
627,18,122.8,418.41,427.01,183.83,498.54,431.84,963.4,117,583.62
628,22,122.4,436.76,441.83,185.57,508.52,430.61,974.9,120,587.79
629,22,123.4,462.61,430.96,190.21,514.32,436.38,1023,125,586.9
630,22,123.7,477.13,444.3,200.74,549.06,470.03,1052.4,126,790.23
631,26,124.8,476.53,436.48,212.24,569.96,468.3,1085.3,143,811.44
632,30,126.5,479.64,442.87,215.76,631.12,462.22,1115.6,178,819.58
633,34,126.7,484.7,429.63,212.85,699.16,429.7,1149.9,183,636.1
634,35,125.9,481.96,446.48,213.2,750.9,474.18,1180.7,211,890.29
635,33,123.7,481.19,439.25,212.68,737.18,479.18,1177.6,230,880.66
636,36,121.8,473.05,443.02,207.5,712.39,479.51,1180.3,207,863.94
637,25,121.8,485.2,428.18,204.22,674.72,434.76,1177.6,187,595.3
638,28,121.9,481.94,430,206.16,685.84,429.83,1194.1,188,610.89
639,32,122.4,486.63,431.61,207.46,695.37,436.83,1226.7,184,663.54
640,35,124.1,476.48,439.42,201.74,709.59,448.32,1233,202,703.88
641,37,125,473.38,451.42,199.81,734.21,520.97,1262.1,198,1170.23
642,37,125.1,457.78,450.9,196.15,716.36,529.33,1258.9,201,1182.9
643,39,124.8,460.7,446.78,197.95,701.3,523.48,1248.9,198,1196.27
644,40,124.4,451.64,444.98,194.28,668.26,459.09,1203.1,178,771.17
645,35,123.6,459.29,440.9,192.97,671.74,455.05,1175.3,208,779.38
646,42,123.2,457.68,429.01,193.8,682.34,459.55,1141.6,191,773.77
647,35,122.9,457.96,416.39,194.56,634.8,459.2,1114.9,165,778.17
648,34,124.2,447.32,415.37,189.64,594.65,456.53,1079.5,154,738.47
649,29,125.1,437.4,420.83,183.56,548,453.46,1057.3,143,715.57
650,25,124.4,430.92,420.85,184,541.8,457.15,1028.6,126,673.76
651,23,123.4,434.42,423.21,182.3,528.96,454.13,1013.6,119,665.56
652,21,123.4,440.15,426.86,185.58,532.03,449.67,1030.5,119,643.61
653,22,123.4,458.75,433.3,192.96,527.01,444.3,1053.8,121,647.14
654,23,125.2,471.38,435.83,203.72,535.12,459.54,1105.5,125,831.34
655,24,126.8,487.16,443.98,214.11,573.7,452.57,1117.5,147,825.11
656,28,128.1,496.28,450.1,222.54,615,451.62,1131.4,161,788.93
657,29,129.9,497.83,461.03,224.26,701.12,428.39,1138,182,562.48
658,30,129.7,492.9,464.4,225.11,738.76,466.85,1152.6,187,806.44
659,30,128.9,493.6,458.94,225.67,745.73,462.07,1149.2,183,801.36
660,29,128.7,510.01,455.42,226.19,687.16,461.85,1119.9,196,798.49
661,28,127.8,514.27,446.88,226.81,653.19,429.14,1101.3,166,532.03
662,29,126.6,510.69,450.2,225.58,617.16,425.06,1083.3,154,518.76
663,25,127.1,501.99,447.17,224.67,614.02,430.83,1070.2,179,512.83
664,26,127.4,490.38,448.29,220.84,648.04,425.31,1061.6,163,502.49
665,27,129.3,489.81,454.71,214.21,686.57,500.03,1079,190,958.07
666,27,130.7,480.41,454.06,212.05,701.84,495.32,1067.5,195,958.26
667,29,130.3,481.08,453.11,209.91,678.18,493.64,1073.4,187,950.36
668,29,131.5,476.17,438.01,207.76,659.62,421.14,1051.2,183,494.77
669,31,131.3,470.45,435.43,204.34,672.05,421.85,1039.9,184,511.15
670,33,130.2,469.24,437.03,199.54,638.06,425.52,1016.9,168,519.32
671,32,128.5,457.52,447.24,195.75,603.04,423.41,1014.8,127,538.23
672,34,127.2,444.64,450.58,194.4,534.17,430.64,1014.6,130,529.42
673,32,127,438.32,447.1,191.14,511.53,433.63,1013.4,124,543.74
674,28,127.1,433.05,438.17,191.43,514.43,428.7,1002.5,125,540.95
675,26,126,443.47,432.05,194.5,518.16,424.33,1001.9,122,556.14
676,24,125.2,450.71,427.14,196.2,532.1,426.86,1024,123,571.71
677,25,125.2,468.77,420.9,200.72,611.59,429.31,1056.5,130,587.35
678,31,125.9,479.72,419.07,212.29,726.88,453.22,1079.6,170,803.55
679,34,127,487.94,430.54,222.74,748.22,456.92,1118.9,234,812.1
680,32,126.2,500.05,447.71,222.11,683.06,468.06,1156.3,192,826.72
681,32,125.6,502.39,454.4,221.94,589.7,447.05,1212.2,163,630.01
682,33,125.7,501.4,451.74,223.72,582.47,477.04,1212.4,152,892.96
683,31,126.4,483.86,436.82,221.31,585.94,472.25,1219.9,141,885.48
684,31,124.9,484.21,430.48,220.85,579.65,464.2,1229.4,149,882.53
685,25,123.6,481.55,425.88,214.41,568.68,420.38,1210.5,158,604.58
686,25,122.7,485.99,431.97,213.34,552.82,411.03,1206.5,147,595.73
687,24,121.8,489.17,432.92,212.77,566.72,424.98,1179.1,165,584.85
688,27,121.2,492.71,433.47,211.56,602.02,429.88,1196.5,159,599.37
689,34,120.9,488.59,442.91,209.77,660.54,510.43,1172.1,167,1065.02
690,34,120.7,480.7,437.52,205.73,696.76,507.06,1133.3,218,1074.33
691,34,120.4,469.44,444.23,203.18,706.76,512.11,1077.5,197,1067.34
692,35,120.8,460.59,421.95,201.9,705.28,443.95,1063.7,182,609.93
693,33,120.9,452.24,420.22,199.58,687.12,442.45,1074.8,188,614.22
694,34,120.1,448.14,409.1,194.27,635.44,452.89,1096.4,200,632.52
695,30,120.5,441.12,421.28,192.49,582.17,455.55,1105,145,639.68
696,20,122,441.17,426.31,192.06,548.92,448.53,1115.9,154,657.35
697,31,122.4,445.38,425.39,191.49,543.2,435.86,1133.8,137,669.57
698,28,122.3,448.54,433.19,187.33,541.47,433.6,1124.2,138,687.29
699,23,122.5,454.2,432.34,187.69,537.38,442.56,1107.7,137,703.23
700,26,122.8,434.11,431.47,191.09,574.05,446.05,1119.3,141,736.53
701,31,123.3,430.83,432.95,189.57,683.57,452.29,1126.4,149,775.52
702,38,125.4,418.87,446.93,190.94,773.29,483.35,1198,214,969.11
703,40,127.7,431.98,460.35,193.08,786.57,496.44,1223.2,261,987.79
704,40,127,440.5,455.2,193.38,686.78,496.21,1264.1,217,1004.1
705,41,126.6,440.86,440.52,196.1,606.06,472.77,1254.4,171,847.79
706,41,125.3,443.77,434.37,197.55,575.25,506.96,1235.9,183,1079.67
707,42,122.5,441.04,425.83,196.46,580.04,510.84,1240.4,175,1071.34
708,43,125.9,450.73,433.71,195.35,590.17,493.92,1256.6,180,1041.66
709,37,126.3,446.52,435.42,194.87,595.65,443.17,1292.3,185,775.49
710,36,125,452.26,445.98,195.37,605.84,433.83,1316.4,178,760.97
711,36,125.1,451.99,444.25,193.35,596.56,454.44,1336.3,180,788.47
712,34,125.8,455.02,446.48,195.72,627.14,462.37,1354,186,823.87
713,37,126.4,450.96,443.6,195.9,647.79,531.15,1349.2,205,1276.6
714,35,125.2,449.56,449.16,196.52,686.37,525.95,1323.7,210,1277.93
715,37,126.5,443.88,450.54,190.27,665.45,541.56,1295,226,1272.28
716,38,127.8,450.85,448.64,190.02,707.27,481.35,1252.9,211,833.54
717,38,128,445.77,448.28,188.72,708.98,478.16,1228.9,262,833.45
718,37,128,449.76,449.68,188.21,700.05,468.82,1218.6,184,820.45
719,39,127.7,433.12,453.97,187.42,620.96,468.61,1242.3,168,797.01
720,32,128.7,433.84,448.39,185.37,570.27,470.96,1220.5,159,784.05
721,32,128.5,432.67,445.59,184.71,553.41,467.8,1177,149,794.61
722,30,128.6,429.6,448.56,185.8,562.64,472.95,1152.7,143,842.4
723,31,129.1,419.39,450.31,186.08,562.48,463.96,1165.5,146,869.35
724,31,129.9,421.61,447.5,187.64,577.3,470.41,1181.5,151,873.41
725,32,130.8,433.21,450.99,186.84,683.69,464.92,1184.3,167,877.26
726,40,132.3,442.31,468.28,190.48,792.74,513.83,1194.7,200,1060.46
727,39,136.7,437.4,489.78,192.23,793.86,516.93,1212.8,237,1063.37
728,36,137.1,442.4,494.56,193.25,689.79,522.63,1222.9,209,1033.35
729,34,136.4,441.97,479.97,195.11,581.95,489.59,1201.6,165,810.8
730,33,134.7,451.39,478.54,196.82,579.96,530.34,1198.1,159,1025.42
731,31,133.9,445.95,474.48,196.52,558.27,518.14,1194.3,155,968.56
732,31,131.7,452.6,467.14,195.07,552.11,502.57,1199,155,913.48
733,31,131.6,446.73,446.75,194.51,545.18,447.6,1204.7,152,620.8
734,32,131.6,454.57,439.49,194.36,599.05,451.79,1187.1,157,633.42
735,33,131.4,452.95,453.85,195.67,613.65,445.6,1227.6,160,682.12
736,32,132.5,453.58,450.67,195.78,641.98,446.3,1246.7,164,716.5
737,34,134.2,442.61,461.97,195.38,646.9,508.29,1297.6,183,1233.7
738,33,134.9,439.24,465.12,195.16,692.31,523.99,1285,238,1244.91
739,32,135.4,435.49,464.78,194.71,689,530.1,1268.9,202,1262.77
740,34,135.8,441.8,466.76,193.39,682.82,470.71,1225.9,203,777.54
741,32,138,432.35,471.57,192.5,661.79,463.43,1209,229,764.83
742,35,139.6,426.1,482.43,190.37,647.23,454.26,1209.7,175,738.61
743,36,137.6,419.93,471.61,188.18,589.32,458.91,1202.5,152,712.87
744,33,136.6,422.96,459.91,187.37,534.91,450.61,1188.1,148,713.03
745,25,136.4,427.01,450.64,188.22,502.33,469.74,1136,121,740.93
746,21,136.8,428.5,455.05,190.09,507.35,470.86,1141.1,115,740.17
747,19,137,431.85,460.63,191.53,513.3,481.65,1166,111,733.04
748,18,136.8,431.42,469.34,191.27,536.44,471.68,1234.3,119,729.97
749,19,138.5,439.92,476.47,194.38,622.07,466.26,1278,120,768.48
750,30,137.6,447.85,480.19,199.79,733.22,496.7,1315.6,172,957.1
751,35,138.4,459.8,489.02,208.79,742.76,493.09,1343.1,256,967.13
752,34,140,465.93,485.48,211.47,672.6,488.83,1357.4,206,959.78
753,31,140.6,467.96,486.03,210.84,553.7,461.64,1359.8,185,772.86
754,30,138.5,473.49,490.38,211.4,528.84,492.28,1343.6,148,1009.83
755,29,136.8,470.13,485.87,207.5,520.72,489.71,1291.8,134,959.48
756,27,136.8,470.24,482.66,208.34,552.39,480.54,1261,138,932.94
757,29,135.8,472.29,474.6,208.08,564.58,453.46,1238.4,153,652.3
758,29,134.9,474.64,476.97,207.7,579,460.41,1253.6,145,662.66
759,29,135.2,472.85,481.18,208.76,560.12,462.95,1251.5,145,679.54
760,31,135.4,461.86,475.66,203.43,602.21,462.88,1223.1,168,697.21
761,30,136.1,455.77,478.02,201,636.57,527.82,1181.8,181,1161.33
762,32,135.9,451.55,465.41,197.33,721.32,535.52,1148.4,203,1179.56
763,33,134.4,453.53,469.9,196.52,677.8,534.55,1142.3,193,1170.65
764,30,133.9,454.29,463.81,198.15,679.95,460.82,1123.2,199,738.07
765,31,134.5,458.53,464.46,196.15,623.1,461.77,1114.4,218,740.11
766,31,134.4,449.59,468.69,198.14,623.52,460.82,1074.2,172,777.19
767,27,133.5,443.73,477.82,193.9,571.06,480.31,1079.2,157,801.18
768,28,133.7,441.45,478.35,192.3,544.65,476.76,1046.6,140,833.52
769,27,133,434.8,462.36,193.93,533.63,483.06,1044,135,851.6
770,29,131.4,432.73,459.4,192.52,528.97,468.73,1026.9,136,850.81
771,29,130.8,432.03,460.28,192.23,535.57,482.03,1021,142,843.19
772,30,130.5,448.2,467.94,195.41,580.2,477.64,1024.4,145,807.83
773,31,131.2,458.98,459.1,201.82,657.26,476.27,1028.9,152,769.99
774,37,130.4,473.8,457.93,207.59,750.6,494.59,1007.9,181,909.48
775,41,133.3,482.34,459.18,215.04,739.94,492.1,1026.1,256,864.35
776,42,136.6,497.38,466.66,217.38,698.36,487.26,1026.1,239,806.34
777,43,135.6,494.24,468.33,215.87,615.61,443.18,1043.3,193,557.85
778,41,136.1,491.85,474.68,218.79,628.33,463.22,1036.9,191,803.64
779,41,136.1,473.41,472.7,215.31,626.04,454.11,1021.7,176,784.16
780,40,136.9,466.53,470.79,212.89,627.05,448.41,1033.5,172,783.23
781,39,137.1,469.09,471.97,216.68,590.25,419.55,1056.3,183,498.49
782,38,135.2,479.3,472.49,221.96,563.71,429.65,1090.3,176,498.08
783,38,134.8,483.51,477.27,223.27,593.49,431.16,1147.9,180,494.5
784,38,135.4,479.81,476.15,212.68,618.32,432.17,1163.9,186,496.83
785,40,138.7,470.1,475.92,207.17,680.46,492.4,1171.4,200,944.84
786,42,140.3,467.23,475.17,204,721.25,495.17,1161.2,202,952.73
787,41,138.3,463.23,464.21,203.52,725.41,492.96,1136.1,236,963.96
788,43,137.6,458.81,465.64,200.4,690.51,429.41,1124.7,198,533.09
789,40,137.8,449.64,468.83,197.99,633.68,425.87,1089.1,207,552.7
790,42,137.5,456.58,473.52,197.41,625.14,423.48,1088.1,163,555.44
791,42,134.5,456.35,474.85,198.2,616.77,418.68,1087.2,174,562.72
792,41,134.4,454.46,464.55,194.89,612.47,419.67,1086.3,177,564.47
793,38,135.8,436.8,462.09,191.08,601.15,420.11,1068.2,163,567.91
794,37,136.2,445.5,458.26,191.05,598.69,428.79,1076.9,157,585.93
795,38,133.9,452.37,464.36,196.15,593.41,434.15,1097.4,157,622.96
796,35,133.5,466.6,458.84,197.73,590.78,440.76,1142.8,157,655.01
797,35,132.9,465.22,463.44,202.71,594.16,443.87,1175,157,676.28
798,34,134.6,470.73,475.39,210.66,610.25,482.05,1202.3,155,849.23
799,35,136.7,480,489.84,218.93,652.08,481.79,1255.2,184,851.68
800,41,138.8,488.14,480.6,222.68,700.53,484.69,1303.2,196,850.21
801,44,137.9,496.29,471.25,223.3,739.1,456.11,1353.9,241,657.92
802,44,136.4,496.47,469.84,223.23,753.79,486.09,1334.8,240,934.57
803,45,134.9,492.35,470.71,221.2,776.04,488.68,1323.9,259,926.8
804,45,133.3,485.92,470.62,219.47,780.48,490.14,1289,229,938.13
805,43,131.3,479.79,461.74,218.45,766.19,457.93,1320.7,218,644.05
806,37,131.7,485.05,471.8,218.51,726.08,447.13,1322.4,233,649.46
807,47,132.4,486.19,471.26,218.47,698.4,447.48,1369.3,194,671.1
808,46,133,482.07,474.56,214.29,711.2,447.06,1302.3,218,680.93
809,44,133,479.29,474.57,211.24,735.25,511.73,1278.6,216,1171.88
810,44,132.1,474.44,475.35,207.41,757.63,506.3,1236.4,231,1142.97
811,42,130.6,466.39,475.55,205.23,733.76,515.67,1252.8,194,1166.26
812,42,130.5,459.9,463.24,201.54,715.78,463.91,1242.7,191,677.14
813,42,130.1,447.03,451.14,197.85,677.01,475.57,1209.8,207,707.51
814,40,128.4,443.85,438.93,194.54,679.42,470.68,1198.2,174,725.01
815,40,127.4,431.71,424.94,191.25,651.42,465.1,1207.2,185,741.49
816,41,126.6,431.1,424.64,188.42,652.76,457.7,1198.2,193,771.2
817,40,124.5,428.75,424.72,186.43,631.37,455.73,1211.8,157,755.2
818,41,124.4,422.87,431.52,183.91,625.83,451.28,1177.4,156,754.17
819,40,124.4,426.05,435.01,184.22,626.61,448.79,1201.3,166,721.68
820,41,124.4,431.63,436.47,187.38,645.88,460.98,1196.4,163,743.45
821,43,124.6,447.25,447.32,192.4,658.31,462.1,1222.1,169,766.99
822,41,125.3,466.93,445.73,203.08,658.69,492.23,1250.3,173,951.54
823,43,127.4,481.78,445.75,212.23,689.65,485.45,1253.5,195,945.21
824,47,128.3,490.76,434.09,215.47,758.55,497.37,1299.6,217,921.41
825,53,127.5,486.51,437.73,216.18,812.45,469.22,1296.4,243,731.43
826,49,127.6,487.96,449.3,217.66,868.71,503.24,1317.7,261,965.31
827,45,127.2,484.79,451.45,215.78,855.82,487.19,1326.1,224,944.98
828,40,126.9,485.8,442.54,210.62,808.37,479.84,1344.7,239,940.13
829,39,126.8,473.49,438.14,209.1,714.79,440.72,1394.8,202,675.9
830,42,124.9,471.52,431.91,210.3,685.3,444.97,1422.3,206,695.67
831,42,124.4,461.2,438.03,210.15,691.36,450.54,1450,200,701.34
832,47,123.9,458.76,428.22,206.89,753.63,453.98,1446.5,208,723.37
833,49,124.2,452.57,441.39,200.26,789.61,518.55,1405.5,253,1164.04
834,48,123.9,455.22,441.89,198.32,872.09,521.76,1391.1,250,1162.46
835,50,124,457.97,446.17,196.59,888.81,526.04,1350.9,282,1156.62
836,53,123.8,456.71,437.13,193.46,885.43,456.62,1361,245,729.87
837,50,123.4,446.17,436.9,191.88,805.03,456.33,1301,255,746.67
838,53,122.5,437.9,434.67,187.71,738.96,457.83,1322.4,231,754.98
839,54,122.5,425.4,454.59,185.76,701.61,467.53,1261.2,183,750.8
840,54,125.8,422.36,443.75,182.53,697.83,462.65,1256.2,175,732.75
841,53,125,414.94,437.52,179.77,694.94,458.11,1212.7,178,721.23
842,46,124.9,419.86,424.09,181.22,678.62,453.79,1251.6,170,713.93
843,45,124.3,431.11,430.39,182.11,674.26,461.61,1271.6,175,730.56
844,42,124,446.24,440.9,182.14,683.33,461.11,1295.5,175,730.32
845,44,124.5,454.43,433.37,187.56,814.17,472.07,1310.7,187,728.22
846,49,125.8,456,438.99,197.08,889.72,494.57,1335.8,231,903.06
847,53,126.8,456.21,440.46,204.63,893.44,495.84,1331.9,293,905.55
848,55,127.1,468.9,444.95,208.06,785.17,483.91,1317.9,253,892.74
849,51,127.9,470.09,443.52,208.47,715.43,453.25,1286.9,217,686.38
850,52,127.2,468.33,436.74,208.59,717.66,480.2,1289.3,224,912.09
851,51,125.7,458.3,436.55,206.15,716.25,483.11,1278.7,203,878.6
852,49,124.2,457.13,437.94,203.67,739.95,481.53,1290.2,195,861.11
853,42,123.8,471.25,432.83,202.34,723.01,446.56,1285.8,196,603.21
854,36,123.3,464.1,425.36,201.22,726.09,447.89,1319.8,202,620.37
855,39,123.8,461.17,425.52,200.96,707.94,459.49,1362.1,195,646.71
856,45,124.5,450.78,427.07,197.78,756.1,473.95,1385,204,686.25
857,47,124.8,449.14,444.6,194.4,799.08,533.49,1373.2,229,1152.14
858,53,126,444.74,442.04,193.14,899.38,529.85,1341.2,245,1172.04
859,54,126.7,433.6,447.79,191.84,913.06,524.65,1317.4,241,1173.86
860,58,126.5,445.32,445.07,189.94,906.57,462.03,1286.4,252,740.22
861,59,126.3,444.62,447.2,187.99,853.93,456.24,1244.3,248,738.86
862,60,125.1,447.45,448.16,186.23,810.64,456.44,1197.8,228,725.66
863,61,124.6,439.58,430.22,184.16,759.34,454.65,1173,201,733.74
864,55,124.1,433.27,427.85,188.27,715.98,461.77,1164.9,190,731.41
865,54,123.6,433.31,420.49,186.66,721.71,456.41,1196.5,185,766.2
866,53,122.9,428.38,427.57,186.09,724.86,464.48,1205.3,194,802.16
867,52,122.6,430.48,424.13,187.45,748.78,458.17,1217.9,191,829.17
868,51,123,438.6,438.2,187.63,764.71,458.82,1226.5,193,834.79
869,52,123.9,431.72,438.82,187.66,887.74,447.79,1250.6,200,803.45
870,56,123.5,442.29,435,190.91,970.46,491.03,1251.8,258,955.28
871,58,123.6,435.04,432.31,192.85,963.92,484.88,1245.1,292,926.55
872,57,123.5,442.79,436.76,192.38,851.09,494.8,1237.2,241,903.15
873,57,123.9,442.99,445.37,190.41,739.09,449.16,1234.9,217,713.18
874,57,124.9,444.2,450.52,190.24,719.61,478.78,1230.8,224,1005.04
875,52,125.2,447.56,455.53,191.08,708.17,472.42,1211.9,206,987.18
876,48,124.8,442.5,447.38,191.79,703.63,483.1,1219.3,199,947.68
877,45,124.3,439.79,429.08,191.6,689.35,451.56,1235.8,209,618.89
878,44,123.1,435.8,423.44,190.66,715.94,459.06,1265.1,194,619.32
879,43,123.1,436.22,425.45,189.23,726.17,458.15,1261,214,658.22
880,44,123.5,439.05,431.84,190.63,743.31,458.02,1277,208,679.43
881,45,124.1,439.8,432.11,191.2,778.41,505.51,1244,236,1137.51
882,51,126.3,434.86,439.53,188.13,857.96,493.08,1219.7,238,1116.22
883,54,127,424.35,445.49,189.11,938.15,503.22,1169.3,258,1109.29
884,54,127.3,415.08,447.64,187.03,974.66,438.69,1149.4,249,645.8
885,56,129.4,407.71,443.65,184.77,923.09,444.54,1156.6,268,653.68
886,53,131.6,409.59,452.57,184.6,850.25,441.94,1137.9,230,668.9
887,52,132,421.43,456.99,184.52,755.72,451.74,1164.6,198,695.21
888,49,131.5,433.76,467.71,189.79,726.39,451.85,1153.1,188,726.48
889,48,130.6,451.18,450.03,190.3,712.08,454.09,1173.9,178,750.98
890,48,129.2,444.39,447.45,190.51,706.77,461.79,1161.8,182,789.61
891,48,129.6,448.08,438.89,190.13,697.97,476.58,1197.1,180,806.84
892,50,130,441.38,450.87,191.14,726.78,478.22,1246,186,818.09
893,51,131.2,443.49,458.81,193.97,837.85,474.76,1256,205,771.82
894,60,133.4,445.67,469.81,196.36,947.21,492.53,1223.9,242,938.73
895,62,133.9,448.37,474.24,198.65,953.98,484.03,1178.3,298,901.9
896,62,135.9,460.08,470.12,201.44,912.44,487.57,1175,310,898.78
897,59,133.9,459.18,456.67,203.25,852.14,448.67,1191.5,251,681.16
898,59,132.1,461.03,448.73,204.41,823.83,492.04,1185.3,212,929.67
899,57,129.6,469.29,446.84,202.84,761.49,481.35,1203.3,207,918.31
900,53,127.7,465.11,445.11,202.07,699.85,484.47,1194.3,201,909.81
901,53,125.9,467.94,445.46,202.2,696.25,450.95,1188.5,203,633.73
902,48,124.5,463.48,441.01,202.75,692.55,454.82,1180.4,201,642.98
903,45,124.7,475.35,447.85,203.02,719.6,455.74,1225.6,195,685.66
904,48,126.3,480.01,449.42,204.74,742.94,447.8,1290.2,217,726.72
905,46,128.8,468.12,455.72,205.69,797.03,526.42,1299.9,218,1224.1
906,44,130.3,470.7,455.04,202.48,833.55,532.11,1296,249,1213.96
907,47,129.9,461.59,457.76,202.64,826.98,533.15,1254.8,234,1203.78
908,48,130.1,463.27,445.89,200.8,821.33,460.33,1259.7,252,714.57
909,50,131.8,452.71,454.35,198.5,803.58,455.28,1268.9,226,711.61
910,47,131.8,448.8,449.55,197.2,789.82,454.03,1273.8,223,716.07
911,50,130.4,450.2,458.71,195.09,741.27,448.99,1264.7,186,719.63
912,52,131.6,438.38,453.39,192,722.34,449.86,1251.4,185,724.27
913,49,132.6,440.85,457.33,190.86,711.84,446.4,1245.9,181,714.05
914,42,132.1,445.19,450.31,192.24,698.65,446.22,1239.7,166,722.97
915,42,130.1,460.73,447.83,191.31,692.23,451.38,1232.5,169,713.36
916,43,129.2,463.27,446.42,193.84,732.77,457.85,1273,178,730.82
917,44,128.1,466.68,440.68,198.95,829.8,459.59,1311.1,182,738.66
918,50,127.7,479.65,436.2,209.64,940.25,477.11,1305.6,244,931.22
919,52,129.2,489.84,441.33,220.33,906.16,478.33,1275.7,314,927.68
920,54,131.7,492.27,456.58,225.92,814.55,477.81,1265,240,903.92
921,51,130.7,485.72,461.09,219.63,681.42,459.05,1273.9,229,686.22
922,43,129,489.78,451.51,218.94,670.13,490.81,1258.4,207,929.7
923,40,126.7,501.67,443.15,218.33,662.32,482.28,1227.6,175,906.68
924,34,123.4,498.96,429.13,215.82,646.31,474.81,1197.7,177,892.94
925,30,122.2,495.56,423,212.26,623.71,433.91,1207,179,587.87
926,21,121.9,485.07,413.66,211.26,609.51,439.65,1245.8,196,584.82
927,28,122.6,484.68,419.9,210.71,627.49,445.54,1309.8,168,619.03
928,33,123.5,475.11,418.9,203.38,676.95,448.97,1350.5,180,671.22
929,40,124,463.93,436.41,201.4,706.53,512.85,1349.1,228,1201.09
930,41,124.8,456.73,442.7,198.3,760.86,512.68,1339.9,263,1234.75
931,42,126.5,447.63,448.02,195.24,760.31,514.35,1320.1,201,1276.46
932,39,126.8,443.19,446.39,192.88,776.57,467.17,1276.6,203,826.85
933,39,126.9,438.8,440.69,192.82,757.78,466.59,1260.8,224,835.58
934,38,126.7,439.33,442.12,194.86,718.04,481.71,1231.8,202,838.78
935,36,125.8,434.39,434.34,193.05,672.23,470.32,1266.2,157,857.97
936,31,126.5,429.12,442.16,187.12,615.78,483.83,1257.1,159,883.98
937,30,126.8,423.62,445.75,189.83,595.9,486.03,1268.6,147,901.1
938,28,126.2,435.02,452.86,184.94,590.89,483.53,1240,143,900.46
939,28,125.2,447.65,448.4,186.38,596.97,478.58,1201.9,143,900.18
940,30,125.3,448.22,432.84,190.47,630.09,481.91,1170.1,150,917.92
941,32,126.5,447.52,428.18,191.42,778.29,491.83,1191.9,165,915.26
942,42,127.9,447.99,442.21,198.56,883.81,524.88,1249.4,230,1093.28
943,46,129.9,472.01,459.61,212.87,912.53,517.1,1298.8,262,1078.54
944,47,132,482.49,456.29,213.79,792.44,515.89,1314.5,238,1045.62
945,45,131.6,488.92,445.72,216.77,695.38,480.44,1305.3,211,815.04
946,40,127.7,486.26,444.82,217.6,645.74,507.02,1294.1,190,1012.39
947,35,125.3,488.01,440.47,211.64,610.14,493.84,1256,191,966.86
948,31,122.9,485.4,431.94,209.97,598.98,481.03,1258.5,161,917.43
949,31,123,486.52,420.04,210.92,578.76,434.87,1279.6,168,627.41
950,22,123,476.02,425.48,213.46,568.25,440.3,1326.2,165,634.49
951,25,122.8,473.39,426.91,208.62,583.13,448.77,1358.8,161,693.22
952,33,122.6,462.07,426.83,206.5,652.77,468.4,1383,171,756.29
953,35,123.6,459.55,433.96,200.61,755.81,554.13,1391.5,184,1305.08
954,36,125.7,455.08,435.06,195.7,790.23,557.61,1387.7,205,1348.76
955,41,126.4,450.71,449.97,195.07,763.51,554.93,1368.7,196,1369.27
956,42,126.4,446.71,450.01,191.12,700.95,475.72,1382.4,200,908.77
957,41,126.9,439.05,453.05,192.32,715.24,489.55,1348.9,210,940.7
958,43,126.4,441.37,447.27,192.68,747.12,488.56,1350.4,201,976.56
959,42,126.4,436.63,447.53,185.37,752.88,496.5,1313.9,207,1007.21
960,43,126.4,434.23,447.1,181.55,728.59,484.71,1318.4,192,1013.65
961,42,126,428.18,449.89,181.52,703.85,501.5,1293.4,184,1022.31
962,44,126,430.38,451.27,178.7,709.44,505.92,1278.4,192,1030.62
963,43,125.6,434.96,448.98,181.21,714.26,512.14,1266.7,175,1063.95
964,44,125,434.22,451.54,186.77,716.11,513.46,1256.9,182,1086.95
965,45,124.8,450.65,452.12,189.78,745.41,502.17,1278.7,183,1064.67
966,48,126.9,462.44,462.58,199.77,758.42,526.59,1331.4,184,1194.06
967,50,130.1,479.79,460.28,210.05,798.17,499.8,1389.7,213,1114.86
968,52,131.9,474.63,459.62,208.55,830.4,499.35,1431.4,236,1063
969,49,131.5,477.1,452.3,210.85,853,461.66,1415.6,239,810.03
970,48,128.1,467.32,447.52,210.71,858.11,502.12,1352,257,1050.16
971,43,126.4,469.57,440.26,207.52,841.76,486.45,1306.8,252,992.16
972,39,124.2,461.46,433.13,208.49,813.76,477.53,1307.5,219,964.88
973,32,125,473.45,429.62,207.4,753.37,433.43,1324.4,195,665.61
974,40,124.5,469.37,426.49,208.19,734.39,442.85,1316.6,193,660.89
975,40,124.8,470.31,426.32,208.81,746.21,450.65,1325.2,217,664.18
976,43,126.2,462.61,435.87,204.97,810.78,450.71,1316.4,198,665.32
977,46,129.2,456.95,448.37,203.5,806.63,498.34,1334.6,236,1105.11
978,45,130.9,451.12,463.58,200.1,816.54,503.82,1320.4,230,1097.85
979,43,129.5,449.15,459.71,198.24,768.07,495.06,1306.4,233,1083.31
980,41,129.5,452.91,451.16,195.87,742.95,446.42,1255.9,207,633.92
981,38,128.9,455.64,439.88,195.75,690.95,440.69,1206,215,653.98
982,37,128.1,457.89,438.84,192.56,674.09,455.05,1215.6,201,684.22
983,38,127,452.22,438.96,191.59,649.92,455.3,1249.9,178,739.3
984,38,126.5,449.32,443.27,189.75,641.27,464.8,1284.3,183,766.85
985,38,124.7,431.8,441.23,187.04,627.98,475.6,1304.8,173,795.68
986,36,124.6,435.71,448.05,188.01,630.76,485.18,1340.4,164,819.39
987,35,124.4,436.04,446.54,189.06,613.4,487.61,1378.7,157,825.76
988,35,124.4,444.96,444.5,190.14,615.16,476.07,1428.6,161,826.06
989,34,127,450.22,436.42,193.29,610.67,467.94,1432.4,162,826.86
990,36,129.9,459.96,447.87,200.55,650.22,485.53,1443.1,161,1009.46
991,36,132.6,472.92,453.64,207.92,661.27,490.66,1439.8,180,996.46
992,39,132.9,485.31,463.2,209.07,707.5,492.15,1429.7,209,966.83
993,42,132,487.12,458.67,209.69,747.31,470.09,1416.4,234,775.18
994,42,129.3,483.93,466.08,209.45,810.97,506.65,1363.5,244,1018.39
995,42,128.6,476,455.88,207.08,842.06,506.93,1365.4,271,1020.53
996,42,128.8,476.49,454.91,206.27,808.94,497.96,1360.1,254,996
997,42,128.5,473.34,447.26,205.36,776.87,465.54,1379,204,726.04
998,42,127.3,466.02,445.74,206.81,751.17,458.14,1406.8,200,711.34
999,43,126.3,469.95,439.16,204.92,776.2,458.59,1418.2,207,708.24
1000,43,126.7,470.18,441.14,200.71,809.63,452.19,1452.4,210,721.48
1001,43,128.4,471.49,450.88,200.78,815.71,531.76,1427.3,212,1188.11
1002,42,130.5,456.47,457.88,197.91,853.69,533.9,1419.2,254,1234.72
1003,42,131.1,448.78,466.23,195.91,804.54,535.13,1413.9,223,1275.22
1004,42,131.7,444.73,468.87,194.45,769.04,461.66,1395.2,216,836.17
1005,42,130.9,443.66,467.7,194.67,710.53,463.59,1389.6,202,844.91
1006,43,130.7,443.75,461.42,191.75,686.59,465.1,1355.5,189,844.24
1007,42,130.8,449.64,454.21,191.46,652.91,466.73,1372,170,864.64
1008,41,130.3,442.51,450.86,191.39,608.19,480.19,1317.8,165,875.16
1009,41,129.9,432.1,440.88,185.36,585.59,485.29,1310.6,150,898.21
1010,40,128.8,408.19,442.49,182.47,576.97,485.56,1298.8,144,907.46
1011,40,128.5,408.26,445.4,182.97,566.07,485.58,1301.6,142,905.96
1012,33,127.8,419.13,450.6,184.79,584.33,489.34,1304,141,881.15
1013,32,127.8,432.47,444.25,190.95,696.28,495.32,1358.2,164,843.3
1014,38,127.6,456.98,443.76,198.11,804.49,504.72,1405.7,176,983.21
1015,37,128.3,467.93,451.66,206.72,821.75,495.06,1414.2,222,936.9
1016,37,129.7,477.49,460.99,207.12,729.64,490.5,1354.3,199,880.65
1017,36,129.4,469.87,456.82,211.47,630.49,457.81,1315.8,171,642.48
1018,33,127.4,465.6,459.66,203.99,597.94,485.11,1312.3,164,856.83
1019,32,126.8,464.01,464.45,199.95,582.59,466.64,1275.9,143,819.38
1020,31,127.1,462.9,461.79,198.43,604.75,463.62,1234.5,146,781.87
1021,30,127.2,460.77,448.51,198.03,628.92,428.92,1171.6,161,496.04
1022,28,127.4,455.54,439.98,195.88,629.6,430.59,1188,136,491.11
1023,31,127.4,454.91,438.21,193.91,611.27,430.17,1248,137,499.31
1024,32,127.1,447.45,443.09,193.64,607,425.27,1303.3,156,520.06
1025,32,127.2,449.59,447.21,191.04,668.45,501.29,1276,216,985.29
1026,31,128.3,435.48,453.53,192.94,695.16,491.84,1249.2,179,1001.96
1027,33,127.7,435.12,447.37,190.94,708.36,494.08,1216.2,216,994.61
1028,32,127.3,434.76,436.69,186.79,687.31,420.16,1221.5,178,557.21
1029,32,127.1,444.11,425.3,186.73,675.12,432.37,1180,193,569.96
1030,31,126.5,440.68,433.06,185.39,652.83,426.89,1157.4,182,593.7
1031,32,125.8,437.77,439.59,183.28,604.06,434.59,1123.8,147,616.67
1032,33,125.8,427.56,450.56,181.68,575.32,439.33,1160,143,632.45
1033,27,125.6,424.5,445.73,180.14,548.56,452.09,1140.3,147,658.32
1034,25,125.7,417.94,431.91,178.16,545.02,447.7,1152.8,134,685.25
1035,25,125.9,417.3,425.75,177.39,548.52,443.68,1144.9,132,709.84
1036,23,125.4,413.54,423.59,175.91,586.01,438,1196.6,134,730.12
1037,25,126,416.56,429.74,178.76,710.04,442.89,1234.1,140,723.85
1038,32,126.6,422.18,428.81,184.03,781.18,469.34,1255.7,194,908.45
1039,35,126.4,426.33,426.22,184.92,779.92,473.75,1249.7,216,885.78
1040,34,126.7,426.97,430.75,183.94,670.5,476.65,1247.6,219,862.4
1041,34,126.6,415.23,435.52,185.98,607.58,439.56,1221.8,170,630.16
1042,33,126.4,420.47,445.83,189.2,595.78,466.05,1174.5,157,842.6
1043,33,126.1,411.34,452.97,188.55,603.32,450.15,1114.4,162,775.87
1044,34,125.7,414.91,454.21,184.25,581.56,454.77,1084.4,158,738.54
1045,33,125.4,407.64,444.54,183.54,567.92,421.15,1084.5,160,447.85
1046,35,124.9,416.07,442.41,182.27,553.06,420.39,1105,152,454.57
1047,37,124.8,422.85,432.8,182.38,579.29,422.71,1144.8,185,476.77
1048,37,125.4,428.52,425.48,185.01,623.45,419.5,1200.2,176,503.35
1049,36,125.5,427.1,419.49,183.48,708.34,494.69,1203.8,213,989.36
1050,35,124.7,429.65,430.52,182.88,752.56,505.33,1170.6,198,996.46
1051,35,125.8,423.69,442.05,179.97,751.55,508.75,1116.3,205,1017.81
1052,35,127,426.98,438.64,178.27,736.94,446.58,1110.3,202,570.59
1053,36,127.6,417.55,435.21,177.39,727.53,440.5,1092.6,253,583.84
1054,34,128.9,419.67,429.86,176.63,728.59,434.13,1074,195,578.59
1055,39,127.9,411.23,428.64,172.59,677.54,431.05,1058.9,177,559.42
1056,32,127,411.89,435.2,171.73,661.26,428.86,1063.3,178,554.68
1057,32,125.8,402.24,436.32,170.7,631.35,438.72,1063.2,164,525.68
1058,32,124.5,403.84,448.15,169.8,628.14,435.44,1067.7,167,517.94
1059,32,125.9,406.92,437.81,169.53,610.16,438.11,1056.1,169,495.49
1060,32,126.2,414.23,443.61,168.45,641.32,427.88,1052.1,172,491.81
1061,31,127.4,414.71,439.8,169.31,755.45,420.45,1032.1,180,491.73
1062,38,128.6,404.56,453.01,172.41,822.4,443.25,1058,223,685.7
1063,40,129.1,404.82,454.84,173.44,819.98,440.44,1069.1,256,691.45
1064,38,130.1,404.21,459.05,175.48,709.26,438.31,1063.3,225,674.5
1065,36,129.5,410.47,453.75,177.55,644.23,405.68,1031.5,189,461.59
1066,33,127.9,415.61,447.16,176.4,611.33,442.74,1023.3,172,732.57
1067,31,126.6,412.15,440.8,177.16,585.5,445.45,1034.8,151,729.83
1068,30,124.8,412.31,433.3,176.09,581.41,448.2,1056.2,147,728.87
1069,33,123.6,413.04,427.78,174.89,578.35,412.39,1069.2,152,447.7
1070,28,123.1,419.82,425.64,176.79,593,408.68,1067.1,156,463.37
1071,26,122.9,427.78,429.75,179.89,599.32,408.28,1056.8,167,490.6
1072,32,123.1,427.72,433.3,179.88,642.86,415.11,1088,177,510.56
1073,38,125,428.38,437.06,178.49,716.43,488.83,1107.3,195,950.66
1074,40,125.2,426.63,428.89,183.2,800.54,494.62,1132.2,233,960.42
1075,41,124.6,431.5,421.92,180.31,851.99,493.11,1156.9,231,976.99
1076,42,123.5,436.15,415,182.43,886.52,435.18,1202.4,228,591.57
1077,41,123,445.71,423.04,180.65,842.44,445.13,1199.9,224,632.11
1078,42,122.8,437.25,426.93,180.7,774.7,449.06,1141.5,200,681.37
1079,40,121.7,430.21,432.21,180.25,687.03,447.89,1092.9,171,710.92
1080,38,121.1,416.78,426.01,179.35,671.26,436.62,1056.8,172,717.6
1081,36,121,422.85,428.85,179.11,662.35,443.63,1055.6,159,707.74
1082,37,123.1,425.27,424.1,181.22,671.53,452.68,1056.4,159,672.75
1083,36,123.7,432.29,431.24,182.76,660.73,462.14,1059.6,161,658.11
1084,38,123.1,440.24,428.45,185.51,697.92,457.05,1088.3,166,638.34
1085,38,123.6,446.12,429.04,190.39,798.52,449.26,1128.8,172,651.17
1086,45,123.5,458.85,427.11,202.19,908.24,479.09,1200.6,233,863.88
1087,44,125.1,463.93,432.07,209.49,909.72,476.63,1230.2,269,873.31
1088,43,126.5,481.47,436.57,214.1,783.89,475.55,1224,226,867.71
1089,38,127.1,482.41,434.78,214.97,657.49,440.54,1195.5,201,648.24
1090,34,124.1,484.22,440.84,212.46,603.18,478.94,1162.8,167,888.31
1091,30,122.9,467.06,435.42,211.61,601.09,471.81,1108.3,151,862.05
1092,30,122.6,474.31,436.03,209.61,577.78,468.47,1105.2,140,833.38
1093,31,122.3,476.64,427.24,207.37,552.58,424.26,1108.9,159,552.92
1094,33,121.5,488.2,433.23,206,573.25,424.94,1170.3,142,564.87
1095,37,122.4,469.09,431.49,205.9,617.47,432.21,1175.3,165,608.84
1096,36,123.6,459.43,434.23,203.23,688.94,446.29,1217.5,195,681.1
1097,37,125.2,452.81,442.36,201.39,735.47,525.54,1232.6,201,1192
1098,40,126.5,456.37,445.79,200.05,813.81,536.52,1275.6,223,1248.15
1099,39,126.3,460.69,451.9,198.34,807.08,540.52,1262.6,207,1277.2
1100,39,127.3,457.38,454.86,197.16,777.64,475.63,1214.5,209,848.74
1101,39,127.7,453.99,452.56,194.94,713.05,475.38,1171.9,227,863.28
1102,39,126.8,445.46,454.3,192.83,692.81,484.88,1142.6,196,875.28
1103,38,124.7,438.64,438.25,191.18,664.55,483.96,1153.3,157,874.19
1104,35,124.4,430.07,446.39,187.7,619.96,484.1,1143.4,154,869.61
1105,31,124.8,421.12,442.59,182.05,583.4,475.7,1120.8,141,869.31
1106,29,124.5,414.59,446.54,180.9,572.19,472.99,1131.4,138,867.04
1107,23,123.7,422.97,437.86,182.25,570.8,468.71,1160.7,138,856.02
1108,26,122.9,437.67,432.48,184.54,601.78,468.51,1202,142,824.43
1109,25,123.6,460.51,428.36,190.04,672.1,467.11,1189.6,155,805.41
1110,36,125.4,464.46,436.14,197.28,766.53,499.71,1157.8,191,968.96
1111,38,127.5,467.21,442.45,203.96,783.52,494.9,1135,238,976
1112,38,129.3,472.07,450.25,205.88,731.64,492.36,1129.5,208,949.29
1113,36,129.3,482.52,441.26,211.33,649.95,454.49,1112.6,194,722.55
1114,37,127.7,481.79,441.05,211.24,615.77,488.83,1128.9,195,920.43
1115,37,125.8,475.58,440.58,209.3,598.82,480.34,1127.6,158,874.64
1116,34,125.1,473.66,447.56,206.42,577.94,465.6,1101.3,168,833.3
1117,35,125,482.37,443.26,210.35,581.26,427.55,1071.9,159,540.84
1118,32,125.2,479.24,449.31,211.52,568.46,429.63,1060.2,164,528.52
1119,35,125.6,473.36,444.39,210.29,592.31,443.24,1116.2,173,528.95
1120,36,126.6,466.49,448.13,207.71,654.86,434.59,1147.5,187,537.1
1121,37,129.1,461.95,440.35,198.92,722.5,503.55,1155.8,181,980.9
1122,36,129.8,455.6,442.56,197.55,767.6,489.96,1148,217,978.92
1123,37,128,444.88,448.74,196.4,722.65,487.16,1109.9,203,974.17
1124,36,127.2,441.06,444.85,195.58,686.13,415.76,1093.3,174,532.49
1125,37,126.6,438.23,437.65,192.14,632.07,428.3,1042.8,187,538.05
1126,38,125.8,439.64,431.55,188.34,619.64,433.74,1014.8,177,543.01
1127,37,125.3,431.92,432.96,183.53,626.05,440.71,1004.3,169,544.3
1128,37,124.8,430.57,441.63,180.03,619.02,442.75,995.1,158,551.84
1129,32,124.3,421.62,436.21,178.15,615.27,446.77,992.5,142,564.73
1130,30,124.9,419.98,429.95,178.58,585.55,447.1,973.3,142,572.61
1131,29,124.5,420.97,425.56,180.14,595.64,440.04,1006.2,142,569.22
1132,29,124.2,428.11,429.11,183.68,596.17,443.14,1053.2,144,568.23
1133,29,124.7,440.17,436.32,187.05,598.52,443.11,1109.9,146,587.18
1134,28,127.3,451.37,449.87,196.76,606.02,477.71,1156.2,151,772.27
1135,33,132.2,471.63,453.32,209.41,662.18,471.25,1173.6,165,784.34
1136,38,132.4,480.47,459.59,211,729.99,471.14,1205.3,208,767.8
1137,37,131.2,483.96,454.18,210.71,787.09,437.98,1211.8,208,586.83
1138,35,131.1,477.2,453.25,211.79,769.73,476.58,1209.1,235,840.23
1139,35,129.2,475.19,448.59,207.31,766.35,466.87,1207.1,243,830.81
1140,32,128.1,470.84,443.8,204.41,710.17,466.42,1241.2,194,836.42
1141,32,128.2,461.22,444.79,205.74,702.39,429.81,1244.6,189,559.24
1142,30,127.7,456.03,447.74,205.65,636.79,431.87,1247.6,200,576.98
1143,31,127.8,449.68,450.65,206.24,628.96,431.73,1222,163,581.28
1144,35,127.2,449.12,441.48,204.55,654.76,431.98,1209.5,200,597.61
1145,36,128.4,449.02,440.93,201.09,730.75,511.47,1177.6,231,1054.85
1146,38,129.8,442.71,438.3,200.76,792.72,513.25,1141,204,1051.51
1147,38,129.4,442.71,442.35,197.21,776.38,516.42,1139.8,186,1058.9
1148,38,128.6,444.77,437.18,198.27,742.34,443.53,1133.6,175,599.64
1149,32,128.1,443.41,443.05,193.25,685.46,442.93,1137.2,197,612.18
1150,42,128.2,438.65,449.48,188.11,640.21,441.68,1097.1,188,617.29
1151,39,128.2,431.86,448.47,187.81,599.77,442,1065.1,181,639.3
1152,40,126.5,434.62,444.33,184.07,585.61,442.92,987.5,147,648.74
1153,39,125.7,438.07,439.32,185.81,582.38,445.54,981.4,141,657.63
1154,39,125.1,444.26,439.62,185.78,585.95,449.52,981.4,145,656.14
1155,36,125.2,449.73,441.35,186.39,589.35,452.11,1039.6,141,664.39
1156,33,125.1,445.15,436.44,186.49,579.89,450.25,1052.8,143,649.98
1157,32,124.6,442.33,438.09,189.27,586.56,452.28,1077.2,147,647.38
1158,33,126.5,457.44,434.46,200.68,600.09,482.1,1078.5,149,808.3
1159,32,128.9,471.14,439.5,209.92,658.17,478.94,1098.3,159,794.98
1160,39,131.1,486.22,434.58,212.62,691.62,476.78,1116.6,206,765.84
1161,39,128,488.47,429.4,212.12,743.49,445.4,1126.8,197,559.93
1162,39,126,491.26,429.82,212.51,765.4,482.4,1135.8,230,833.06
1163,38,124,490.78,430.17,213.7,755.92,470.33,1134.1,224,814.16
1164,35,124.1,481.39,430.65,210.66,709.97,461.51,1132.2,205,798.42
1165,34,123.6,491.31,425.11,209.58,707.59,420.69,1139,205,501.19
1166,34,123.5,480.22,433.1,213.64,683.26,422.87,1147.5,172,512.65
1167,37,123.2,475.15,430,212.24,695.29,421.43,1153.2,205,530.04
1168,37,124.1,455.09,427.36,201.46,710.25,417.56,1158.2,193,552.46
1169,38,124.8,455.32,426.21,194.62,772.47,483.52,1134.5,203,977.36
1170,37,127.6,454.31,432.82,197.08,817.4,485.21,1130.1,228,976.03
1171,37,126,458.93,441.82,197.18,785.81,481.38,1056.2,229,969.15
1172,38,126.1,449.13,442.24,194.66,726.2,420.01,1028.5,205,537.78
1173,37,127.1,443.69,449.08,189.17,671.68,425.52,951.2,185,523.8
1174,30,128.3,437.11,447.57,188.5,644.74,434.14,942.8,183,503.4
1175,43,127.4,441.7,442.1,185,616.61,419.74,900.3,171,487.23
1176,39,126.3,438.85,440.96,183.67,581.45,412.56,884.7,150,477.76
1177,38,124.7,418.88,425.04,180.06,550.04,410.26,885.6,154,475.68
1178,40,123.3,409.47,423.84,178.36,567.86,422.9,876.5,140,463.69
1179,36,123.4,410.05,417.06,178.28,575.19,431.79,884.4,143,455.37
1180,33,123.3,421.21,437.31,179.38,620.47,429.03,902,148,450.03
1181,32,123.7,427.17,431.7,181.62,723.23,423.58,918.1,160,442.88
1182,39,125.2,424.39,432.54,192.12,831.13,443.16,952.5,198,625.96
1183,43,125.5,440.44,420.72,200.16,817.26,440.23,977.8,249,603.36
1184,44,125.7,455.94,422.01,202.36,736.67,435.97,1004.4,231,602.75
1185,43,127.1,476.77,422.67,204.2,641.38,409.48,1012.8,181,404.86
1186,44,127.4,469.66,436.14,203.87,657.72,454.16,995.9,194,693.15
1187,46,126.3,460.28,447.43,202.72,664.61,455.12,982.3,181,682.08
1188,46,125.5,446.32,443.69,200.56,690.23,443.89,998.8,181,674.36
1189,44,125.3,451.12,438.18,202.55,667.99,390.95,1004.5,203,381.07
1190,45,125.1,451.05,431.36,199.3,668.93,391.47,1017.6,171,383.98
1191,43,124.8,445.22,435.24,194.49,676.16,398.15,1008,189,390.16
1192,44,124.5,442.65,437.51,192.16,711.43,406.45,1010.8,209,395.33
1193,49,125.2,445.89,445.76,193.91,759.41,479.53,993.2,216,859.17
1194,47,127.3,448.16,452.97,188.96,782.2,480.88,974.8,244,856.06
1195,49,129,435.61,447.58,186.1,813.37,473.95,941.8,234,858.6
1196,50,129.9,416.04,446.65,182.03,851.13,409.96,911.7,211,396.08
1197,51,128.1,407.68,443.17,179.68,850.28,398.95,889.8,219,394.6
1198,51,126,416.12,446.97,175.86,807.54,404.93,856.7,209,396.2
1199,47,124.6,420.37,435.55,176.21,727.73,392.66,834.4,182,402.95
1200,44,124.9,421.32,428.13,175.46,685.57,404.78,816.7,193,407.67
1201,43,124.1,406.05,424.67,174.43,681.72,401.61,820.8,175,408.03
1202,41,123.9,408.17,430.6,173.43,664.25,408.26,821.9,164,403.71
1203,41,123.9,407.78,432.16,172.93,679.58,404.69,814.9,165,403.08
1204,41,124.3,417.56,437.93,171.69,701.78,412.27,797.4,169,400.43
1205,43,124.8,414.51,432.26,174.4,804.27,398.93,788.4,178,397.64
1206,49,125.7,415.62,434.79,176.7,857.2,425.27,771.3,215,565.43
1207,53,126.1,416.87,422.93,179.83,848.32,424.55,782.1,282,554.24
1208,51,126.4,419.27,432.06,177.9,767.47,429.07,815.3,239,549.78
1209,49,126.5,419.74,432.99,181.27,722.44,403.42,850.8,216,367.07
1210,47,125.9,426.31,458.02,181.69,694.13,440.7,856.7,191,623.56
1211,45,126,426.96,457.45,182.4,664.51,444.6,840.8,168,609.58
1212,42,124.5,433.43,454.01,181.8,641.9,440.69,818.3,178,604.31
1213,40,123.7,425.44,433.72,183.13,649.16,401.34,840.5,177,337.06
1214,44,123.1,425.59,426.47,183.02,656.85,401.58,864.7,182,336.89
1215,42,123.1,424.77,426.05,181.01,673.56,404.33,892.8,195,338.93
1216,43,124.1,427.37,427.78,182.05,719.79,399.42,877.9,190,342.67
1217,47,124.6,429.15,427.76,183.84,812.03,459.27,863.8,226,801.16
1218,52,124.8,419.93,430.06,181.04,886.51,459.87,853.5,266,805.7
1219,54,126,405.07,431.17,179.3,918.03,458.61,864.6,245,800.79
1220,55,126.4,400.87,445.52,176.26,928.6,402.32,843.2,232,334.98
1221,57,128.1,402.5,448.48,176.06,917.42,407.57,816.2,279,325.65
1222,56,130.2,405.08,445.79,173.67,871.04,406.82,761.4,220,315.05
1223,54,127.5,399.11,437.05,172.4,792.29,397.24,737.2,188,318.2
1224,49,126.1,399.27,432.2,171.76,721.71,390.92,727.7,185,324.33
1225,48,124.8,406.82,431.67,171.75,703.82,395.84,734.6,171,338.03
1226,44,124.3,412.27,421.38,172.31,708.48,400.34,723.4,178,342.96
1227,45,122.5,406.8,416.54,172.32,717.45,401.8,715.1,173,346.46
1228,43,121.1,401.61,411.83,168.16,765.22,403.87,711.3,181,352.47
1229,45,121.6,392.26,415.21,168.16,884.72,401.52,729.8,182,354.42
1230,51,121.4,394.46,421.72,170.95,989.78,422.82,752.8,259,546.78
1231,54,121.5,396.03,423.41,171.36,949.2,412.55,763.5,298,540.61
1232,53,123.6,406.7,426.99,171.1,841.73,407.71,772.2,252,531.01
1233,50,124.9,407.75,426.07,174.37,746.29,378.68,769.2,223,323.38
1234,49,123.7,417.12,431.18,175.34,745.07,421.56,749.1,216,577.8
1235,45,123.9,415.58,443.92,176.85,712.49,428.62,728,202,557.73
1236,39,125.6,423.66,444.61,178.72,674.35,432.3,706.3,191,542.5
1237,37,125.7,416.97,440.56,182.6,624.52,394.87,710.7,175,261.25
1238,30,127.3,421.57,428.09,182.21,622.9,391.29,735,161,267.92
1239,39,127.9,425.48,427.15,182.92,639.74,399.67,731.9,181,278.37
1240,38,129.6,435.86,433.38,183.61,701.09,395.01,742.4,193,286.04
1241,44,131.4,432.55,450.52,184.01,752.09,462.52,748.6,208,781.63
1242,47,132.8,424.67,450.41,183.85,826.46,455.25,766.5,239,785.75
1243,49,130.2,409.74,451.37,184.88,891.75,455.66,789.5,245,785.64
1244,53,130.2,406.26,445.48,179.86,920.44,389.12,770.9,231,296.07
1245,51,130.1,405.6,449.5,178.42,903.17,382.55,749.8,227,293
1246,50,131.5,409.08,454.09,177.17,837.63,386.69,719.6,246,302.15
1247,56,130.2,413.24,440.3,175.08,797.22,395.6,710.1,198,314.02
1248,57,128.8,404.58,439.63,175.61,764.17,403.64,707.5,208,333.68
1249,52,130.1,403.96,432.84,174.59,744.21,413.46,705.9,188,339.26
1250,48,130.3,405.95,442.48,175.7,726.95,413.24,703.3,183,346.56
1251,46,129.6,407.85,439.83,176.52,706.67,406.83,692.9,182,343.55
1252,45,130.4,409.15,453.22,179.03,749.88,394.97,675.9,186,349.81
1253,45,130.4,412.42,447.09,183.01,859.99,396.14,700.3,199,353.98
1254,51,132,432.32,464.65,194.32,952.09,429.75,739.2,246,547.39
1255,53,135.3,452.49,467.64,204.01,926.56,429.91,788.5,265,554.19
1256,51,137.9,464.05,481.42,205.67,806.39,429.24,801.3,257,559.13
1257,47,136.5,466.51,475.54,206.81,707.59,409.92,811.2,198,370.91
1258,46,136.6,466.13,479.65,197.86,654.28,463.94,811.2,191,642.49
1259,41,134.3,464.63,486.61,203.97,638,461.32,809.5,187,630.02
1260,39,133.8,471.1,481.26,205.84,625.05,458.63,812.1,178,628.28
1261,36,132.8,463.53,466.83,206.51,637.87,411.93,807.3,180,350.74
1262,34,131.5,460.49,449.46,207.16,635.03,405.71,823.6,164,350.23
1263,36,130.5,457.4,444.88,207.59,675.53,405.57,836.4,177,350.93
1264,39,132.6,472.72,448.65,202.83,765.12,402.75,880.6,214,352.03
1265,46,133.7,462.86,462.76,200.58,835.79,485.47,905.1,206,844.17
1266,44,135,458.28,462.37,196.52,858.14,480.81,933.7,242,852.85
1267,43,134.1,435.89,462.9,193.9,845.87,482.26,923.3,286,869.37
1268,42,134.1,425.43,456.47,190.66,831.05,400.99,880.3,232,393.8
1269,42,134,419.8,460.13,187.55,789.09,406.11,827.1,212,397.49
1270,43,133.1,429.48,451.81,184.5,711.83,414.66,797.9,199,396.5
1271,41,131.1,437.44,447.34,184.14,665.86,421.74,796.3,189,385.71
1272,39,129.3,429,451.55,181.19,642.59,418.05,787.9,170,374.12
1273,37,127.9,418.18,451.87,181.53,641.61,407.71,764.9,162,367.24
1274,35,127,421.83,451.34,178.2,640.9,401.34,748.5,159,368.33
1275,36,127.4,423.07,439.98,178.29,642.47,406.13,754.3,163,372.61
1276,36,127.3,426.48,437.29,181.9,668.91,405.7,786.9,164,376.77
1277,37,127.8,437.48,438.94,185.11,755.97,400.19,816.3,175,385.43
1278,43,129.6,447.69,444.11,193.25,906.41,436.81,849.4,223,575.65
1279,48,132.5,453.56,452.71,201.43,924.85,440.26,843.5,255,564.13
1280,50,133.3,451.91,455.77,207.37,840.05,445.99,829,265,555.68
1281,47,133,450.54,460.41,207.74,710.61,399.6,803.9,205,347.83
1282,47,133.4,457.39,461.71,204.7,655.03,438.71,796.8,197,614.86
1283,44,131.1,461.93,457.15,205.92,654.65,433.08,808.7,182,597.36
1284,44,130.8,481.01,450.05,203.74,622.22,431.46,802.6,189,596.24
1285,46,129.3,478.11,438.78,201.61,689.39,388.72,808.1,189,311.97
1286,46,130.1,480.4,434.53,201.64,705.08,388.91,791.5,204,307.5
1287,46,127.5,463.79,440.85,198.95,740.99,386.44,786.9,212,299.22
1288,47,127.3,459.49,448.08,195.23,752.25,382.97,799.3,230,298.06
1289,52,127.7,448.56,454.66,192.34,832.79,452.51,826.3,243,763.06
1290,54,129.5,444,449.75,189.97,885.3,458.44,873.1,253,776.4
1291,56,129.4,436.54,444.98,191.4,902.67,462.94,849.6,261,801.68
1292,57,129,430.25,437.47,189.56,872.83,402.73,843.1,251,369.79
1293,57,127.7,423.56,437.34,185.21,856.59,403.16,820.3,242,392.22
1294,57,126.4,423.55,440.35,182.29,828.03,406.53,841,231,394.56
1295,53,125.6,421.21,449.34,179.19,801.8,403.63,837.7,222,397.06
1296,52,125.1,420.73,441.73,178.57,799.87,406.88,825.6,211,405.79
1297,52,123.7,418.06,436.98,177.89,779.73,403.68,809.3,202,419.07
1298,51,122.8,414.68,426.83,176.25,766.63,398.52,793.4,207,418.92
1299,53,122.6,414.33,427.33,176.85,761.52,399.48,781.1,195,410.35
1300,53,122.2,418.05,420.71,179.01,774.87,405.03,779.3,195,395.87
1301,56,123.4,433.39,420.93,182.52,779.44,411.61,771.3,202,385.37
1302,55,124,452.71,436.33,193.8,786.99,428.2,783.8,209,531.37
1303,58,124.8,463.05,445.84,202.3,866.62,414.98,765.5,241,502.75
1304,58,127.4,465.02,444.29,205.88,953.76,413.13,743.1,261,469.03
1305,55,127.2,469.25,431.2,204.39,1011.02,389.24,705.7,245,271.27
1306,50,124.3,480.45,423.8,204.87,973.98,431.03,708.9,257,535.19
1307,49,123.4,491.27,422.71,203.36,901.15,426.81,707.6,252,511.63
1308,45,123.2,478.68,423.62,203.05,838.86,424.36,703.7,255,486.48
1309,47,122.1,469.12,419.68,202.16,790.26,381.4,686.8,210,181.76
1310,48,121.1,458.1,404.83,201.02,797.32,381.69,696,219,168.51
1311,50,122.3,457.76,403.65,200.74,814.87,385.45,692.5,216,168.84
1312,51,122.6,447.87,406.91,196.43,847.02,390.4,679,222,170.38
1313,56,123.4,447.74,424.66,190.01,853.3,457.85,655.6,247,629.85
1314,55,123.9,444.17,422.47,188.5,850.37,452.93,648.8,263,634.85
1315,58,124.6,444.62,427.65,188.54,806.66,449.06,641.7,227,645.07
1316,58,124.6,440.3,423.89,184.52,786.18,380.92,628.4,231,198.37
1317,59,124.1,437.3,430.03,183.23,769.15,378.52,592.6,230,199.85
1318,60,123.6,428.99,430.45,181.44,774.47,378.41,572.9,231,198.85
1319,65,122.8,412.66,429.26,175.74,746.55,373.62,572.1,225,204.72
1320,61,122.4,403.3,420.72,175.08,732.02,375.77,585.1,214,211.62
1321,61,121.3,402.17,416.14,168.25,749.1,372.59,570.7,205,209.86
1322,60,121.8,396.91,420.33,164.4,786.98,373.44,564.4,204,199.04
1323,60,125.9,389.47,420.78,165.05,801.63,371.47,546.1,211,189.48
1324,60,126.9,379.49,433.08,165.28,802.1,378.3,552,210,184.32
1325,65,126.1,384.99,436.36,169.08,799.05,383.49,552.4,205,187.77
1326,61,125.5,412.24,444.68,179.06,836.28,414.23,592.7,209,386.82
1327,64,127.4,440.32,431.39,187.04,892.93,404.2,597.9,228,383.14
1328,64,129.4,459.59,431.35,187.39,940.99,400.67,573.1,258,369.66
1329,62,129.2,446.86,428.54,186.4,937.78,372.51,536.8,268,153.48
1330,57,127.5,440.08,435.36,180.02,906.13,414.51,525.8,282,429.65
1331,54,125.1,433.49,421.49,186.61,835.62,413.57,538.4,283,422.63
1332,45,124.2,441.49,417.65,185.45,805.04,413.33,544.3,254,421.12
1333,47,123.4,434.82,410.22,184.71,773.52,369.35,542,217,138.6
1334,48,122.6,431.44,417.1,183.12,779.74,371,558.5,228,144.96
1335,46,122.7,419.84,418,184.25,772.99,368.13,560.9,205,157.03
1336,45,123.2,414.7,420.72,181.57,780.36,370.51,586,212,165.82
1337,51,123.2,418.02,435.75,179.8,830.85,437.01,611.8,237,637.63
1338,48,124.3,422.81,436.65,179.93,821.38,438.63,655.3,241,649.78
1339,49,125,425.22,435.83,178.43,778.65,448.86,673.1,255,661.54
1340,48,126.2,415.85,418.89,176.25,714.54,385.12,669.8,231,216.32
1341,45,126.9,413.73,419.7,174.12,721.64,390.67,660,223,231.29
1342,46,125.6,411.82,417.66,171.1,732.92,386.69,657.5,207,244.91
1343,45,126.1,405.87,428.43,169.85,740.14,386.02,649.3,191,269.76
1344,46,125.8,405.63,430.22,167.16,710,386.53,662.1,188,300.17
1345,44,125.3,405.74,439.61,170.19,703.28,396.13,687.4,200,326.11
1346,44,125.1,408.52,441.39,173.71,692.44,406.09,701.9,179,340.59
1347,46,125.2,410.05,438.48,173.31,708.44,410.72,701.6,183,345.17
1348,45,125.6,417.67,435.22,174.15,734.88,405.7,696.9,188,354.87
1349,50,127.2,425.89,437.65,178.86,820.43,398.62,697.8,201,358.07
1350,55,127.9,433.88,447.94,189.25,895.07,424.58,689.5,228,531.89
1351,56,128.9,436.41,454.33,196.99,903.74,428.48,711,305,499.63
1352,57,129.9,436.07,454.25,199.91,830.99,423.67,732,247,455.44
1353,52,129.5,435.11,453.37,198.07,743.67,389.63,721.3,213,221.61
1354,49,127.9,433.49,451.5,196.49,695.62,410.93,676,208,460.1
1355,43,126,447.73,446.86,196.28,660.87,403.83,638.9,190,425.58
1356,47,124.3,447.94,437.68,194.21,657.98,400.58,635.7,203,408.46
1357,40,123.5,446.4,431.89,193.93,661.34,357.45,611.9,197,119.3
1358,38,123.5,437.94,424.58,190.96,673.04,363.76,613.9,188,121.94
1359,38,123.7,434.5,430.87,185.16,678.6,364.22,626.6,198,130.06
1360,40,124.9,433.37,427.89,181.37,707.18,376.95,650.7,207,151.07
1361,48,125.3,429.21,430.75,183,774.87,433.1,658.8,218,656.3
1362,49,127.2,423.09,435.7,181.97,838.52,440.37,669.1,262,689.04
1363,51,130.5,425.39,440.39,175.74,873.91,452.43,690.6,271,717.62
1364,55,130.8,417.97,440.6,176.37,878.01,399.87,703.6,265,266.82
1365,60,129.9,414.31,442.76,171.88,859.52,397.96,701.8,237,290.79
1366,61,129.7,407.8,450.98,169.34,846.79,392.51,705,247,315.31
1367,58,129.9,409.41,455,169.64,799.89,399.4,707.2,197,334.97
1368,57,130.2,410.4,435.82,172.32,778.37,408.35,722.5,204,353.03
1369,56,129.5,403.01,434.1,171.42,749.93,414.46,735.8,203,367.08
1370,58,129.9,394.55,438.93,171.9,786.08,412.98,738.6,203,391.8
1371,60,130.3,389.59,456.41,169.61,801.41,415.69,740.8,212,408.19
1372,60,130.8,393.12,457.34,170.81,855.37,410.17,752.2,210,425.29
1373,61,130.9,403.02,454.42,172.98,914.98,417.65,776.1,233,420.99
1374,68,131,403.3,453.18,173.34,961.57,446.27,776.2,268,590.04
1375,71,131.5,405.36,447.06,178.13,992.95,446.34,770,317,562.67
1376,72,132.1,417.31,443.18,178.63,963.9,442.13,748.6,283,524.36
1377,71,130,428.02,438.45,179.65,958.34,404.77,739.4,242,300.61
1378,66,126.7,438.35,438.71,178.56,934.12,438.92,718.9,236,520.62
1379,64,123.7,426.16,436.42,179.19,900.85,425.77,707.8,238,496.32
1380,59,122.2,422.1,423.68,179.46,856.7,423.36,686.8,240,489.58
1381,58,121.7,411.94,408.86,180.25,838.37,381.91,684.9,235,230.17
1382,59,120.7,415.53,402.27,178.05,825.87,390.17,686.5,230,239.05
1383,62,120.5,420.65,402.55,179.83,875.68,386.38,708.1,240,249.66
1384,63,120.3,424.52,411.94,179.63,904.65,401.08,729.3,245,276.41
1385,70,122.1,420.9,418.22,182.07,945.28,467.65,762.2,278,751.49
1386,71,124.9,414.98,437.02,180.28,955.17,467.92,758.6,287,774.96
1387,72,128.8,402.81,441.72,176.39,976.54,466.26,745.3,310,783.58
1388,72,130.5,396.1,456.56,171.67,979.66,398.68,724.8,267,341.39
1389,69,131.6,387.51,459.09,165.93,948.51,399.27,739,275,356.6
1390,71,133.6,394.62,460.51,163.18,896.61,404.2,738.6,245,368.07
1391,68,132.7,391.42,463.49,161.84,873.96,417.13,741.7,243,376.06
1392,68,132.2,375.03,460.52,160.41,884.67,426.08,731.5,228,368.14
1393,65,132,370.32,465.16,159.61,889.35,420.07,735.7,222,361.41
1394,66,131.9,373.23,454.43,159.03,885.85,410.11,726.9,222,354.36
1395,63,131.4,386.83,455.71,159.69,874.08,409.71,733.4,219,349.59
1396,64,132.4,385.54,459.3,160.02,910.75,402.22,727.8,223,325.65
1397,64,134,385.26,458.92,160.95,970.31,396.67,726.6,236,298.02
1398,68,134.8,384.73,464.6,163.14,1055.48,416.1,712.7,263,446.44
1399,74,138.9,388.28,468.72,164.84,1041.95,414.87,695.1,300,431.63
1400,71,139.8,388.83,476,165.32,989.61,407.23,676.9,277,408.98
1401,65,135.6,395.53,469.49,165.89,873.18,381.02,656.7,222,208.39
1402,59,131.7,389.31,460.03,166.31,843.51,416.53,632.1,220,448.86
1403,62,128,388.9,443.7,167.6,811.21,417.61,621,223,411.73
1404,67,125.5,386.75,429.54,168.46,835.28,409.94,607.3,226,376.47
1405,66,123.8,389.4,415.94,166.02,837.82,357.54,586.7,247,83.31
1406,58,124.1,389.93,418.98,163.79,838.02,356.28,566.3,225,81.77
1407,56,123.8,394.11,419.42,166.75,860.7,361.07,592.8,232,104.32
1408,60,124,402.08,425.6,168.24,902.24,373.92,647.4,238,156.72
1409,68,125.3,405.64,435.35,167.76,979.19,448.79,692.5,263,691.51
1410,69,128.3,405.71,445.69,169.12,1001.62,453.7,691.1,277,749.77
1411,70,130.5,401.38,452.95,168.35,1046.87,465.77,699.9,270,796.79
1412,71,130.8,398.28,446.77,166.95,1027.08,404.87,694.3,281,371.79
1413,69,132.1,389.15,449.26,165.85,1060.86,404.38,728.2,274,410.18
1414,70,131.3,383.27,448.41,163.01,1015.65,402.5,733.1,269,441.13
1415,67,131,374.46,451.56,161.69,983.63,407.84,758.8,251,458.67
1416,66,131.4,377.97,454.07,159.61,936.38,417.19,746.3,255,457.14
1417,65,129.9,382.86,456.37,158.79,901.54,430.09,752.9,228,447.51
1418,63,129.8,387.46,451.41,158.44,903.53,425.78,742.9,217,438.49
1419,62,128.9,381.36,444.29,158.16,879.7,415.66,744.3,214,431.34
1420,62,128.8,381.97,449.35,159.98,901.56,411.15,764.5,221,420.65
1421,63,130,390.38,453.04,167.36,950.88,415.19,776.7,229,414.24
1422,67,131.3,406.81,462.98,178.78,1015.55,444.37,805.8,259,583.26
1423,70,135.3,415.98,464.14,185.7,1021.85,439.51,796.9,299,576.87
1424,72,135.1,420.05,466.91,187.16,1008.72,431.12,784.8,281,536.08
1425,66,132.1,424.63,455.4,187.31,931.77,398.61,744.6,242,320.22
1426,60,128.8,430.78,443.04,187.36,879.84,428.72,725.5,265,529.48
1427,54,127,438.08,434.27,188.74,802.35,418.02,696.8,220,486.73
1428,49,125.4,438.06,433.08,188.82,767.46,409.75,685,213,447.28
1429,50,124,438.11,434.37,188.45,773.53,363.57,662.1,211,154.7
1430,44,123.3,442.29,426.52,187.5,781.49,367.43,680.6,212,147.57
1431,47,123.9,436.36,431.2,186.96,787.12,374.95,698.3,214,160.04
1432,51,123.8,430.34,426.99,184.61,790.62,378.92,715.4,228,197.73
1433,60,125.3,419.63,447.44,182.35,862.63,452.54,736.7,244,688.55
1434,62,127.6,423.01,442.58,180.06,925.01,454.95,735.7,267,709.41
1435,59,129.1,426.66,440.85,181.14,943.15,454.12,747.9,261,711.28
1436,58,129.2,419.06,426.58,178.3,926.42,384.15,712.9,285,255.42
1437,59,128.9,410.25,428.55,175.71,884.36,383.65,714.9,281,254.8
1438,64,129.3,400.14,438.12,171.68,889.09,394.24,696.5,265,250.02
1439,58,129.3,394.79,443.98,168.33,873.68,398.37,687.9,219,256
1440,60,128.7,392.08,443.38,164.05,879.8,404.87,657.4,214,276.17
1441,57,128.2,380.52,445.02,162.22,835.53,393.39,628.3,209,304.48
1442,56,128.2,374.6,445.47,160.91,817.71,394.66,626.9,204,322.27
1443,56,129.1,369.85,450.05,158.44,806.04,396.1,634.7,205,326.67
1444,57,130.2,378.6,463.31,158.52,858.28,398.35,682.4,211,326.7
1445,56,131.9,392.55,467.3,162.12,882.16,394.41,744.7,217,338.71
1446,62,132.7,409.94,470.61,170.24,962.81,414.73,785.3,238,510.47
1447,67,135.4,407.72,463.76,179.99,977.92,423.94,780.6,288,502.3
1448,67,136.7,412.68,467.09,181.73,975.26,426.38,741,263,462.28
1449,60,133.1,412.02,462.31,181.84,907.8,393.79,717.5,240,247.62
1450,55,129.2,416.06,452.59,180.84,837.32,417.4,696.6,228,476.09
1451,47,126.4,420.21,444.96,179.71,768.95,400.53,674.6,205,455.03
1452,43,123.5,420.9,440.91,178.64,721.51,395.09,650.6,218,447.56
1453,46,121.5,426.97,429.68,177.13,699.81,356.89,627.3,213,174.77
1454,44,120.2,429.05,416.49,176.44,707.51,362.51,628.4,215,176.94
1455,39,119.5,430.36,411.12,177.52,759.24,371.34,639.2,223,193.7
1456,46,119.9,426.88,410.24,173.7,817.6,384.78,676.9,221,247.07
1457,53,120.8,420.4,427.25,172.12,894.89,466.59,728.2,230,759.55
1458,54,123.2,409.38,435.15,170.58,897.67,474.57,775,231,825.39
1459,54,126.4,404.27,458.44,169.33,881.28,478.19,810.6,232,868.18
1460,50,128.5,392.69,462.06,166.74,841.43,409.69,811.7,231,440.6
1461,52,129.1,393.54,457.98,163.71,836.6,411.95,814.5,247,455.59
1462,52,128.7,389.9,443.45,163.13,863.92,410.41,809,227,442.61
1463,55,128.2,383.5,427.32,160.82,875.7,415.31,782.3,218,441.69
1464,56,128.2,379.84,421.15,158.14,889.1,418.62,745,213,426.83
1465,54,127.4,377.07,422.43,156.26,893.11,414.75,713.1,215,417.87
1466,56,126.9,380.09,423.95,156.92,884.18,410.16,708.6,211,407.03
1467,57,126.7,371.1,439.62,157.61,882.62,408.87,702.4,213,402.82
1468,57,126.6,373.52,445.95,158.97,891.17,412.92,726.8,214,421.43
1469,59,128.4,384.24,452.76,163.86,923.92,413.06,784.2,220,429.06
1470,61,129.2,409.28,451.06,173.7,926.25,442.49,815.8,224,597.48
1471,63,131,427.97,457.24,180.15,926.06,442.45,824.6,237,566.58
1472,62,132.9,437.74,465.56,183.45,922.76,437.81,795,257,525.95
1473,54,129.2,423.33,455.81,182.91,963.19,394.24,789.5,253,304.38
1474,49,127,417.84,438.14,181.74,965.48,416.1,767.9,277,536.66
1475,46,124.5,411.94,423.11,181.51,908.32,411,740,276,501.68
1476,39,123.9,425.17,426.28,180.88,826.1,414.76,706.3,238,490.84
1477,36,124.6,423.07,426.16,178.97,764.52,379.08,694.8,204,213.27
1478,35,125.2,420.82,430.85,178.39,782.46,385.73,725.6,208,235.51
1479,34,125,408.48,439.18,177.97,787.33,386.2,764.3,200,261.63
1480,35,125.9,404.34,436.72,174.5,827.67,388.93,840.2,187,299.27
1481,42,126.1,391.27,439.77,174.54,853.78,459.17,867.1,211,806.62
1482,44,126,388.97,427.79,175.32,876.08,461.8,900.1,220,817.27
1483,47,128.2,392.12,433.71,174.03,849.43,468.32,891.6,241,816.42
1484,46,129.4,403.83,433.04,172.63,802.65,401.42,882.5,213,330.91
1485,44,130,403.36,437.99,171.62,788.82,409.88,868.7,247,343.95
1486,45,130,393.22,444.89,167.76,796.1,415.45,821.7,217,370.53
1487,46,130,391.54,446.68,164.63,804.16,414.38,808.7,202,400.49
1488,49,129.5,396.31,452.16,163.72,807.56,405.22,785.1,197,424.6
1489,49,130.5,397.87,448.97,163.92,798.11,409.12,786.6,192,446.04
1490,48,130.2,399.64,448.16,164.64,811.37,414.55,787.2,197,468.25
1491,49,130,393.75,444.72,164.12,807.49,421.04,817.7,193,481.43
1492,52,129.8,403.33,446.13,165.46,793.36,418.67,854.9,194,487.62
1493,50,131.1,405.63,452.8,169.84,797.3,426.68,877.2,195,493.34
1494,51,133.4,425.41,452.69,179.45,795.71,461.75,901.1,197,671.55
1495,50,134.6,422.36,459.88,185.65,825.54,465.3,946.7,212,648.12
1496,48,135.8,428.73,454.86,186.28,860.79,457.74,1000,223,615.88
1497,47,134.7,420.96,457.07,185.45,859.43,421.23,960.9,230,408.17
1498,44,132.2,432.83,444.75,185.02,863.95,446.43,893.7,255,641.74
1499,43,129.4,435.58,439.7,186.42,819.32,438.23,817.6,229,614.06
1500,41,128,441.23,437.13,186.81,799.93,437.19,821.7,219,599.51
1501,41,127.4,446.97,440.73,187.18,751.6,401.62,821.2,210,343.07
1502,39,127.4,443.57,437.52,188.94,728.53,405.18,873.7,221,361.98
1503,29,128.2,444.48,439.1,189.38,757.96,409.16,899.1,225,384.74
1504,48,128,433.76,443.68,185.99,845.78,420.57,954.5,228,435.38
1505,46,128.3,432.8,454.91,185.1,935.56,497.9,960,229,954.63
1506,50,130.3,426.38,457.38,185.46,962.92,498.02,978.4,242,989.09
1507,50,131.7,418.89,447.27,181.79,941.99,489.72,969.1,269,987.79
1508,54,132.3,415.58,440.53,180.57,917.02,425.56,957.2,249,519.23
1509,53,130.7,412.18,440.92,180.95,899.68,431.26,954.8,255,524.95
1510,56,130.7,413.66,453.21,177.04,847.84,438.5,969.4,223,548.18
1511,54,130.7,410.29,454.77,175.28,792.75,425.21,956.5,201,556.25
1512,56,130.8,402.95,464.63,172.23,752.89,427.52,945.7,193,567.08
1513,49,129.8,398.62,461.6,170.2,738.07,430.62,914.7,180,550.65
1514,45,130.6,394.4,458.85,168.75,728.38,437.49,909.7,181,550.58
1515,45,131.1,397.11,454.1,166.1,733.21,436.21,908.6,185,558.38
1516,44,131.1,400.17,448.37,167.58,781.35,440.33,912.1,189,572.5
1517,43,131.9,414.31,457.23,173.21,933.44,435.89,952.9,195,557.46
1518,51,132.6,425.67,451.62,183.02,1046.02,465.22,988.5,237,728.04
1519,53,133.4,439.8,451.79,192.03,1026.6,451.81,997.7,294,709.91
1520,51,132.8,443.17,451.84,192.39,870.86,447.17,975.2,276,684.23
1521,48,130.4,446.98,446.53,193.52,734.44,408.62,938.8,208,465.25
1522,45,127.9,436.44,456.01,195.02,692.42,456.54,923.1,215,708.96
1523,43,125.8,426.45,441.13,193.29,681.69,455.83,925.1,197,704.53
1524,36,124.8,417.84,431.07,189.86,688.86,454.4,942.6,183,695.15
1525,34,123.8,423.04,414.91,181.77,695.64,399.49,966.2,193,416.81
1526,31,123,426,429.65,181.72,678.53,404.5,973.8,203,413.99
1527,32,123,424.69,440.19,179.64,654.64,402.61,1000.5,183,426.07
1528,31,124,421.02,446.28,175.46,670.13,411.31,1004,192,477.52
1529,38,124.2,413.89,445.71,176.5,721.25,487.81,1014.9,198,987.58
1530,41,125.8,407.66,445.69,174.44,812.02,494.37,988.3,225,1019.3
1531,42,128.9,396.86,460.93,170.08,834.34,500.72,988.1,252,1011.04
1532,43,129.1,389.04,458.5,166.19,852.84,429.86,971.3,227,540.6
1533,43,129.3,386.22,462.53,165.72,803.26,432.89,979.2,231,533.05
1534,43,129.2,383.17,454.58,162.42,773.5,426.08,961.7,202,532.88
1535,43,129,387.41,446.83,160.41,703.33,425.34,956.4,185,520.63
1536,31,129.3,381.03,440.62,160.42,671.33,423.09,933.3,169,514.4
1537,39,128.6,383.75,434.01,159.71,648.52,424.33,901.7,184,499.38
1538,35,128.1,376.76,442.19,159,658.72,423.06,851.8,169,486.25
1539,35,127.8,375.66,438.47,157.71,662.16,414.62,814.8,167,464.73
1540,33,127.1,372.05,437.9,159.49,699.63,409.56,811.2,170,450.12
1541,36,127.1,379.55,433.36,160.78,813.17,404.06,819.7,178,437.03
1542,44,128.7,388.2,436.87,163.63,907.07,441.69,827.1,221,608.43
1543,45,129.8,386.49,436.44,167.99,898.37,434.91,810.1,278,588.25
1544,42,128.7,392.95,437.1,169.7,778.88,432.38,786.2,211,569.05
1545,42,126.5,398.63,431.08,169.73,678.79,393.29,768.6,186,365.26
1546,33,125.9,404.27,436.74,167.9,654.82,440.74,755.5,182,615.65
1547,32,123.3,393.57,430.42,169.11,634.92,433.95,732.5,164,592.65
1548,31,121.2,389.64,432.24,168.55,626.97,431.56,707.7,153,571.98
1549,32,120.4,396.09,418.95,168.87,620.55,382.75,711.2,160,289.43
1550,36,119.8,405.57,410.57,167.83,627.26,383.92,749.9,158,287.6
1551,36,119.4,401.48,405.77,167.82,645.18,387.96,768.4,185,292.5
1552,36,119.7,400.96,407.84,167.8,675.05,393.97,776.9,192,295.21
1553,27,120.3,394.03,418.46,167.94,753.28,461.91,778.3,210,775.49
1554,43,122.5,402.97,427.77,167.2,808.48,464.98,780.9,237,796.22
1555,40,125,406.78,428.93,167.35,829.01,478.01,789.7,249,828.72
1556,40,126.1,400.14,435.9,166.24,811.05,413.53,793.3,230,382.61
1557,41,129.4,394.77,446.17,162.8,805.09,416.58,816.6,233,403.03
1558,38,132.8,381.76,447.25,160.41,760.14,409.35,846.5,192,411.68
1559,39,130.1,390.2,444.28,158.96,710.19,419.82,860.2,171,431.42
1560,33,128,388.64,428.63,160.36,641.73,416.75,867,164,441.25
1561,32,126.5,390.89,424.02,159.69,631.03,421.49,878.2,158,446.18
1562,31,126.5,380.58,420.72,159.81,624.47,418.23,874.7,156,453.61
1563,31,127.5,379.34,441.48,160.57,617.23,421.38,854.5,156,450.73
1564,30,128,383.42,455.74,161,642.59,419.25,844.1,160,457.21
1565,32,128.9,388.83,467.3,161.8,761.11,420.82,848,168,453.5
1566,40,130,385.46,464.79,164.28,890.61,444.23,885.3,215,632.15
1567,42,132.5,382.62,466.55,164.46,904.16,443.68,882.2,253,644.78
1568,39,132.9,387.13,462.94,164.99,797.69,447.86,898.9,232,640.73
1569,35,128.8,396.82,449.13,164.59,698.67,419.64,894.8,183,470.11
1570,32,127,403.77,444.43,164.85,663.66,460.71,894.1,171,730.02
1571,31,124.4,397.59,438.91,164.96,653.42,457.48,900.1,157,725.86
1572,27,122.8,394.88,441.12,163.89,617.84,460.08,909,163,709.78
1573,25,123.8,390.17,439.85,164.4,598.37,414.1,918.7,143,419.46
1574,25,123.5,395.57,436.45,165.16,601.03,408.25,931.6,153,411.1
1575,27,123.7,391.43,441.17,162.94,626.29,403.65,933.8,160,396.54
1576,33,124.3,390.46,435.83,163.69,684.36,403.77,935.8,204,403.21
1577,39,124.3,385.58,453.37,165.2,719.18,481.6,941.9,217,850
1578,36,126.6,389.84,455.2,165.3,769.3,486.4,970.2,217,867.95
1579,40,130.3,379.67,461.73,163.3,780.46,490.05,990.7,196,881.75
1580,40,131,381.34,445.68,162.34,810.82,411.05,984.9,198,452.6
1581,35,130.6,377.28,439.97,164.55,773.55,414.17,966.9,207,454.4
1582,34,130.7,380.44,436.33,163.68,720.44,409.71,949.7,194,449.95
1583,33,130,378.31,440.75,160.13,652,413.23,933.4,155,440.29
1584,31,130.1,372.83,437.8,160.93,619.72,401.1,896.8,163,452.13
1585,30,129.8,382.02,447.09,160.4,610.31,406.52,887.6,163,470.47
1586,31,129.2,385.88,446.95,160.8,604.2,409.7,887.8,154,487.12
1587,30,129,387.59,451.91,161.77,623.85,420.47,901.7,158,502.46
1588,32,128.6,389.5,442.04,163.65,650.16,421.42,922.2,164,517.81
1589,33,130,404.53,441.19,169.45,754.05,421,937.7,176,540.3
1590,38,131.7,422.59,438.05,180.17,842.98,455.5,988.1,212,737.21
1591,41,133.5,432.01,453.78,188.13,841.34,452.76,1014.1,255,713.91
1592,34,133.1,436.23,446.61,191.52,759.47,455.94,1025.7,214,683.41
1593,41,128,439.7,439.58,191.55,645.94,425.32,992,189,452.34
1594,38,125.2,443.79,430.71,182.37,640.54,463.05,922.7,172,698.61
1595,36,123.2,443.86,431.88,187.61,605.66,459.57,895.2,191,666.91
1596,35,122,446.09,432.27,190.29,605.64,456.3,869.3,183,647.64
1597,33,119.9,446.79,419.73,190.07,586.85,415.42,891.7,173,361.96
1598,34,119.2,452.7,418.44,189.55,606.67,404.87,928,169,362.25
1599,33,118.7,443.08,419.39,189.47,629.38,402.69,946.9,161,382.7
1600,35,120.7,439.07,415.6,184.9,666.79,407.38,986.8,189,418.3
1601,33,122.7,417.26,427.19,182.69,687.27,481.3,971.6,193,914.74
1602,34,124.4,416.53,436.74,181.94,723.98,493.52,982.8,208,939.73
1603,33,127.9,408.36,457.09,179.25,720.5,497.76,972.5,216,951.19
1604,35,130.5,410.65,451.11,177.87,727.65,429.99,975.4,210,503.75
1605,31,132.4,406.64,448.18,175.73,698.65,424.14,972.4,213,507.74
1606,32,129.9,402,442.18,172.49,670.63,422.72,961,180,530.22
1607,28,128.1,395.55,439.54,170.14,641.93,431.06,949.9,158,529.87
1608,27,128.4,394.31,431.08,167.72,604.47,430.14,950.4,154,540.07
1609,24,128.6,396.34,431.72,165.65,588.56,425.71,929.7,138,530.52
1610,24,129.4,408.52,440.84,165.91,570.01,429.32,920.6,137,548.78
1611,23,129.2,410.09,451.53,167.48,559.41,438.42,936.7,138,565.15
1612,23,129.3,406.51,454.64,169.23,578.99,442.36,966.3,136,567.14
1613,23,130.8,407.14,455.66,171.31,706.46,435.66,984.3,150,545.3
1614,31,132.3,415.48,463.26,181.74,834.6,457.15,988,185,685.67
1615,34,134,426.97,464.6,189.98,872.18,453.12,994.9,229,664.12
1616,34,134.1,424.74,466.87,190.52,769.23,454.06,1026,205,642.09
1617,33,130.7,426.15,452.36,191.67,654.37,418.55,1028.8,160,455.74
1618,32,126.7,423.51,447.81,192.57,611.86,453.68,1029.3,149,716.55
1619,32,124.3,430.55,428.82,192.17,591.08,445.29,993.2,151,710.97
1620,31,123.5,437.08,425.81,191.87,572.93,445.24,1014.7,162,707.14
1621,31,123.1,449.61,422.96,192.11,569.87,410.55,1024.3,149,430.9
1622,30,123.1,451.78,423.68,192.57,573.89,411.03,1054.6,151,448.9
1623,31,124.1,455.23,427.41,191.92,610.57,414.48,1029.3,165,471.5
1624,33,124.2,446.34,434.06,187.58,658.44,407.32,1046,174,490.22
1625,32,124.4,442.95,452.7,185.29,714.79,484.37,1065.8,191,963.77
1626,33,127,425.1,455.5,183.97,732.86,487.27,1077.4,203,960.45
1627,31,128.9,416.65,446.71,181.87,704.18,493.95,1065.9,200,967.49
1628,31,128,408.34,436.65,180.32,684.78,424.23,1028.7,183,502.06
1629,30,127.8,405.34,444.01,177.21,648.38,420.46,997.5,185,511.94
1630,31,127.2,409.95,439.44,172.02,618.64,423.83,988.9,162,532.26
1631,27,125.3,398.09,432.09,169.94,586,424.92,1008.2,146,552.93
1632,25,124.3,401.41,426.23,166.96,570.62,429.24,1039.8,145,578.86
1633,25,124,396.01,422.4,166.46,565.43,431.58,1044.7,137,589.76
1634,27,124.2,404.88,423.34,165.43,561.99,436.12,1047,151,605.54
1635,28,124.4,400.69,420.4,165.94,570.23,445.55,1064.2,155,623.1
1636,29,124.3,405.44,428.06,169.76,584.24,451.41,1091.2,156,629.12
1637,30,124.6,418.38,428.13,175.36,594.89,450.51,1126.1,163,645.4
1638,33,126.3,436.92,435.85,185.76,635.31,477.18,1168.5,166,830.15
1639,37,127.6,447.92,443.01,195.35,707.8,479.74,1189.6,182,820.34
1640,41,128.9,453.23,449.44,197.63,765.42,483.23,1203.8,233,808.09
1641,42,129.6,446.46,453.16,196.62,805.57,450.32,1168.4,212,607.29
1642,42,127.9,440.98,453.33,194.74,826.5,486.47,1141.9,260,866.02
1643,42,126.9,440.57,447.61,196.52,832.3,484.89,1097.6,225,856.03
1644,41,125.6,454.68,442.87,194.98,806.08,487.11,1101.4,222,845.55
1645,42,123.9,464.68,431.39,193.29,761.41,440.33,1096,208,583.11
1646,41,122.9,455.5,434.09,193.67,765.03,435.58,1116.6,195,590.4
1647,41,123.4,444.81,426.03,192.44,784.92,433.96,1123.7,201,591.41
1648,40,124.9,436.6,434.36,189.17,797.98,438.16,1143.2,215,589.64
1649,40,126,443.9,441.68,187.87,774.4,507.9,1146.1,223,1042.13
1650,41,127.7,433.02,447.55,186.76,758.8,510.42,1121.3,207,1056.33
1651,39,130,424.07,451.07,184.94,722.31,507.79,1108.6,219,1072.85
1652,40,132.4,414.9,450.22,181.49,672.51,446.08,1068.4,199,623.4
1653,39,132.1,416.64,459.86,179.29,656.33,438.8,1052.9,197,608.51
1654,39,132.6,415.77,454.89,176.38,661.54,442.09,1054.7,195,610.92
1655,40,132.4,418.68,456.28,174.36,673.74,431.09,1049.4,176,613.18
1656,41,131.4,418.42,451.46,170.98,635.38,433.09,1033.4,175,624.73
1657,37,132.3,422.11,456.72,169.73,606.85,436.77,990.8,158,619.29
1658,33,132.5,410.48,462.1,167.63,584.11,443.81,946.1,156,623.15
1659,32,132.2,404.93,455.03,167.07,592.11,442.49,913.5,160,609.17
1660,32,132.7,393.65,458.65,168.88,591.35,438.18,892.9,158,584.77
1661,29,133.2,402.44,451.75,173.46,609.9,434.67,910.3,160,541.71
1662,31,135.7,419.04,463.32,184.25,634.49,451.81,921.8,162,675.95
1663,24,137.7,437.87,458.46,192.39,670.15,448.8,927.1,178,636.78
1664,38,137.5,441.26,460.03,192.78,707.97,443.44,922.5,196,600.42
1665,32,133.6,443.31,448.51,194.4,742.38,411.24,895.2,200,411.85
1666,34,129.5,443.78,453.39,193.35,794.09,451.57,876.2,203,673.04
1667,28,126.4,443.33,445.18,192.54,790.93,445.48,881.6,220,664.18
1668,27,123.7,442.52,441.87,191.73,756.85,446.16,919.8,192,650.34
1669,28,122.3,438.2,421.36,192.53,694.32,392.61,979,186,375.99
1670,30,121.5,433.62,421.26,193.38,660.21,390.49,1037.6,173,398.57
1671,31,121.4,426.82,424.96,192.54,666.81,396.28,1081.1,173,415.68
1672,33,120.8,422.65,433.77,187.35,667.87,401.72,1063.7,192,440.73
1673,36,121.7,431.55,432.93,186.57,728.7,469.05,1001.4,188,896.27
1674,37,123.7,425.35,430.56,185.08,755.75,470.03,961.6,208,901.71
1675,35,126.9,430.09,435.77,181.64,786.91,479.12,943.9,198,889.62
1676,36,129.6,421.61,440.61,180.32,766.29,415.51,948.4,187,424.95
1677,34,130.5,422.39,457.59,177.25,726.49,414.86,917.4,206,424.28
1678,34,130.3,407.51,454.39,174.43,657.2,410.44,871.3,185,420.21
1679,34,129.1,397.87,455.06,168.76,595.44,420.44,846.3,146,428.86
1680,34,128.9,394.07,438.98,164.32,550.86,422.26,839.9,137,433.65
1681,34,128.4,405.02,442.04,164.78,535.88,421.64,832.8,132,435.42
1682,31,129,402.87,448.14,164.93,527.13,417.54,825.4,134,429.67
1683,26,128.7,408.03,453.52,165.68,542.08,418.46,807.8,136,426.11
1684,24,130.5,402.39,452.75,166.56,560.69,409.31,802.9,140,419.91
1685,24,130.2,416.17,444.59,170.67,689.45,402.09,810.2,148,411.14
1686,32,131.4,416.27,453.18,179.09,784.16,429.41,835.9,172,585.32
1687,33,131.8,423.32,454.46,186.63,804.29,432.67,869.6,238,576.52
1688,34,131.2,419.72,454.32,188.93,690.71,429.01,874.5,209,569.96
1689,33,127.6,427.74,428.82,190.49,613.34,396.75,854.6,165,378.34
1690,33,124.7,430.88,422.13,181.7,613.1,441.72,857.6,154,643.56
1691,33,121.7,442.23,413.71,187.62,593.16,449.05,864.1,150,642.65
1692,29,120.5,440.8,410.94,189.46,573.56,449.73,884,146,647.03
1693,29,119.8,437.22,408.9,189.24,542.3,398,885.7,149,380.11
1694,27,118.7,430.68,406.04,185.28,545.34,395.54,887.1,137,380.21
1695,26,118.4,430.97,420.06,182.62,556.99,389.54,863.8,145,368.91
1696,21,118.6,430.91,423.4,177.33,558.46,399.65,846.9,137,371.55
1697,20,120.1,424.16,432.41,175.81,610.23,469.61,813,166,843.19
1698,26,122.4,417.25,437.92,174.92,644.62,474.11,801.3,183,850.58
1699,28,125.4,407.98,448.59,172.89,678.95,466.74,767.6,211,844.18
1700,30,128.9,404.19,450.68,170.96,680.43,400.35,758.2,198,367.17
1701,30,129.1,390.17,443.61,167.86,676.2,401.45,749.9,189,351.45
1702,31,128.8,394.68,426.39,165.77,652.15,401.63,740.3,168,345.45
1703,25,128.5,387.76,430.1,164.22,597.01,402.68,720.2,154,335.74
1704,24,128.7,399.67,430.08,162.22,542.01,401.99,716,135,343.62
1705,22,128.5,385.43,442,162.42,519.76,403.58,717.7,131,342.76
1706,22,129,389.86,438.7,159.81,518.19,402.71,731.8,135,349.79
1707,21,129.5,377.9,441.32,159.24,517.93,406.98,745.9,135,354.02
1708,21,130.1,379.86,439.36,158.89,542.62,413.8,773.4,137,377.24
1709,22,131.1,378.79,437.62,160.32,665.67,411.61,778.2,147,382.49
1710,30,130.9,385.63,441.51,162.86,759.2,429.63,769.4,196,562.25
1711,34,130.8,398.87,440.57,165.98,781.36,421.13,763.4,230,543.49
1712,35,131.1,407.43,442.11,170.1,681.93,416.08,769.5,245,531.26
1713,34,127.1,414.02,435.42,171.92,606.88,384.25,766.6,165,334.8
1714,32,124,418.44,427.88,174.22,597.47,427.58,766.4,188,615.65
1715,33,122.3,413.17,427.4,173.59,600.37,425.5,767.4,177,598.44
1716,31,122.5,415.88,422.43,172.49,625.91,430.63,760.2,169,586.18
1717,31,120.6,416.57,426.68,171,615.63,393.67,751.8,177,279
1718,32,119.4,421.22,419.35,171.16,640.52,390.14,756.3,162,284.24
1719,35,119,414.91,418.21,171.67,633.86,392.31,767.7,171,292.37
1720,35,118.5,403.49,410.25,171.62,662.91,384.77,791,172,314.58
1721,36,119.4,389.27,421.31,168.49,699.11,468.03,788.9,182,795.42
1722,38,122.2,384.01,428.84,167.02,772.11,467.17,818.6,201,820.12
1723,38,125.4,379.34,445.4,166.2,813.36,481.33,815,239,828.63
1724,33,129.3,380.21,453.35,164.21,827.81,403.81,836.7,216,371.08
1725,37,130.6,374.65,456.62,161.46,781.33,410.45,828.6,226,370.03
1726,37,131.6,372.39,457.22,160.33,725.62,406.89,844.2,204,377.98
1727,37,130.7,375.55,453.12,158.53,640.95,416.18,827,197,393.48
1728,34,130.9,374.1,458.39,157.82,591.96,411.88,823.4,167,408.81
1729,32,131.4,373.25,453.12,158.18,590.22,405.81,807.9,161,424.77
1730,33,130.1,374.21,447.56,158.19,615.44,401.4,813.6,165,434.78
1731,32,129.8,384.14,442.61,157.84,625.89,409.61,812.7,164,439.62
1732,32,131.1,394.64,443.98,158.57,636.29,415.14,806.4,166,442.94
1733,36,132.1,397.07,445.4,158.85,726.57,421.54,803.6,170,433.02
1734,43,133,393.16,453.43,160.93,836.53,440.45,802.1,227,611.59
1735,46,134.6,395.78,453.87,161.5,834.87,436.79,805.8,265,589.75
1736,47,133.4,398.67,454.95,164.49,755.62,428.04,811.4,218,566.77
1737,46,128.9,396.35,442.29,165.58,680.7,400.09,805.7,211,346.09
1738,44,124.5,391.9,438.59,168.97,668.12,439.59,783,196,591.31
1739,44,123.2,392.23,428.29,168.1,652.82,439.96,761.8,191,568.52
1740,36,122.5,387.71,424.7,165.77,610.06,434.24,742.4,178,545.88
1741,34,121.4,387.14,417.07,164.78,595.49,387.24,740.9,191,258.37
1742,30,121,385.13,419.47,164.5,582.4,383.9,730.8,187,259.55
1743,30,120.6,395.63,418.22,165.44,588.57,389.31,760.9,169,278.07
1744,38,122.1,395.18,424.35,165.62,637.75,399.06,783.5,195,304.5
1745,44,124,396.91,425.9,166.58,701.68,469.75,809.9,216,795.16
1746,46,125,401.89,437.46,167.64,763.3,472.2,811,217,819.1
1747,47,127.9,396.69,438.01,166.64,776.34,478.09,820.4,239,841.99
1748,49,128.1,398.09,438.77,164.97,779.96,414.16,827.5,236,393.07
1749,49,129.1,385.23,432.05,163.31,811.11,419.14,816.3,232,399.5
1750,52,129.2,386.37,429.93,161.01,795.34,406.34,792.5,236,396.73
1751,49,128.8,383.14,431.46,160.67,756.94,404.89,770.5,196,397.89
1752,51,128.7,389.46,443.18,160.01,701.52,407.68,758.3,195,406.2
1753,48,129.1,388.49,445.5,159.71,697.29,415.67,761.1,186,408.15
1754,48,128.5,383.98,438.93,159.92,713.88,417.18,752.5,189,414.14
1755,49,129.7,382.08,434.95,159.73,734.87,405.77,757.7,191,424.14
1756,48,130,386.08,435.01,160.73,768.45,405.83,758.7,200,434.02
1757,51,130.5,394.13,450.96,166.31,892.36,411.77,765.1,218,438.7
1758,56,131.9,399.12,454.05,174.7,1005.98,444.92,779.8,267,595.77
1759,59,134.3,412.88,461.21,181.98,975.46,443.58,786.9,286,563.56
1760,55,134,421.39,462.75,184.52,830.35,429.79,787.5,233,511.96
1761,45,132.3,432.34,458,185.06,680.12,393.26,758,195,286.62
1762,44,128.2,429.68,447.98,184.14,645.81,424.65,726.9,187,518.08
1763,40,126,432.09,428.05,183.2,616.38,423.54,691.5,179,492.67
1764,41,123.4,434.62,411.79,183.02,593.21,427.18,683.7,165,492.68
1765,37,122.6,430.17,421.13,182.49,599.75,391.28,711.2,176,238.9
1766,39,122.3,427.4,421.33,182.56,626.62,390.99,744.4,165,263.13
1767,38,122.4,423.35,433.95,181.92,657.89,392.05,767.4,176,289.28
1768,45,122.5,426.78,422.97,177.76,698.31,388.35,787.2,181,318.08
1769,49,124.1,417.61,430.07,176.07,744.95,464.95,821,213,825.51
1770,52,124.4,409.55,428.26,175.8,810.12,462.87,869.7,226,863.19
1771,55,124.8,403.88,430.77,174.84,862.08,467.29,912.7,232,899.35
1772,55,125.2,407.17,435.75,173.24,885.35,403.54,950.6,261,454.86
1773,56,126.2,408.02,441.09,170.85,854.3,416.06,966.4,237,465.9
1774,56,126.4,405.64,440.66,168.16,793.64,418.35,921.6,228,474.36
1775,59,125.8,400.07,429.31,166.48,752.84,420.61,885.7,214,484.96
1776,60,124.6,393.07,418.56,163.1,741.42,418.88,863.5,204,496.19
1777,63,124.4,391.51,410.88,163.53,743.78,429.83,860.7,193,502.92
1778,62,125.4,393.1,417.14,164.8,723.16,433.16,850.8,196,497.91
1779,63,125.8,391.41,423.41,165.92,737.72,424.24,840.8,198,497.95
1780,64,125.5,397.41,429.81,166.87,785.51,427.74,865.3,213,499.04
1781,63,126.8,407.54,427.58,172.46,924.18,425.78,885.7,212,500.39
1782,64,127.8,420.78,434.45,180.56,1023.83,462.13,875.7,268,652.44
1783,68,130.1,427.27,442.18,189.84,986.33,445.62,852.5,302,604.23
1784,59,132.6,420.59,450.3,190.1,855.95,434.78,804,273,548.8
1785,50,131.8,433.4,445.72,190.61,703.64,398.32,778.7,200,320.54
1786,41,130,445.58,448.46,188.43,657.45,438.71,733,194,552.69
1787,43,128.7,457.41,442.45,187.29,639.51,435.33,718,182,530.38
1788,42,127.8,447.1,439.21,187.21,631.12,435.16,688.4,170,523.76
1789,36,127.5,437.93,424.84,186.84,628.34,393.82,687.2,176,257.88
1790,35,127.1,426.59,426.72,186.12,619.38,385.5,699.5,165,264.73
1791,37,127.4,418.89,431.44,183.66,647.24,384.07,745.4,182,276.57
1792,39,129.4,415.05,443.42,179.78,688.92,384.88,772.1,185,295.24
1793,43,131.1,414.98,460.56,177.69,757.19,462.8,785.1,195,792.9
1794,50,129.3,424.38,460.86,178.54,798.91,474.69,779.2,228,841.09
1795,51,128.9,417.39,459.11,180.13,810.39,485.93,788.5,235,876.43
1796,53,129,417.12,446.1,176.62,771.89,423.64,791.9,213,429.06
1797,53,128.4,406.16,453.5,173.52,789.09,419.43,801.7,213,425.5
1798,56,127.8,398.31,453.56,170.09,785.94,414,815.5,214,430.73
1799,56,127.3,390.5,440.38,166.32,791.28,409.01,821.4,218,445.45
1800,51,127.1,390.28,431.99,163.29,750.76,407.21,820.9,203,464.7
1801,53,126.7,399.86,425.54,161.22,733.3,404.03,808.8,198,472.41
1802,50,125.8,404.66,425.45,162.4,723.04,413.95,789.4,196,470.47
1803,52,125.7,404.53,430.02,163.13,722.84,415.06,764.7,199,471.59
1804,51,125.9,407.28,440.85,167.45,735.22,418.5,780.3,200,463.49
1805,52,126.3,414.59,447.36,173.92,768.23,414.56,823.2,207,468.53
1806,55,127.7,418.25,442.14,180.57,806.77,441.24,871,210,630.39
1807,54,129.7,426.5,441.67,183,827.47,446.87,877.5,227,606.52
1808,53,131.5,426.92,444.93,191.31,873.86,444.95,863,245,571.51
1809,46,131,426.93,444.81,189.95,841.17,422.84,859.1,253,378.03
1810,42,128.6,423.16,440.47,189.02,816.75,450.5,838,253,682.83
1811,37,128,421.76,438.47,189.48,709.42,444.47,836,210,692.97
1812,33,127.1,430.63,429.72,188.75,666.9,441.6,833.8,192,688.09
1813,36,125.6,431.48,428.31,186.72,612.77,404.35,855.6,175,380.51
1814,32,123.6,439.79,431.87,185.2,623.29,409.55,874.7,167,361.26
1815,32,124.1,439.23,436.92,185.66,620.47,412.43,885.3,175,359.21
1816,29,125.1,428.72,435.26,184.02,651.47,415.16,907.5,193,386.28
1817,37,125.3,417.17,441.69,181.03,690.97,488.98,935.1,207,907.14
1818,39,126.5,414.43,444.48,179.18,701.18,487.93,954.5,205,960.93
1819,40,126.7,419.27,452.53,178.34,720.06,493.69,948.4,224,994.9
1820,39,125.2,418.59,435.69,175.26,706.49,428.29,938.6,216,531.74
1821,42,123.7,410.03,435.5,171.62,735.74,432.88,918.9,236,527.23
1822,42,123,399.95,425,167.14,731.83,431.54,913.9,192,509.64
1823,43,123,393.88,424.3,167.28,719.78,422.57,900.5,195,506.21
1824,44,122.3,391.63,427.7,164.83,700.01,426.84,874.8,194,507.85
1825,45,120.8,389.92,436.15,162.77,679.43,428.11,863.8,190,532.82
1826,43,120.9,391.58,438.45,161.46,676.83,442.91,859.4,185,548.23
1827,46,120.7,394.03,430.86,161.65,672.34,433.89,869.3,189,559.79
1828,46,120.7,399.69,420.35,163.43,695.79,431.52,900.4,192,547.6
1829,48,122.3,412.3,422.38,168.52,712.66,421.69,895.7,194,536.68
1830,48,123.2,424.92,422.38,177.71,751.89,445.41,897.5,200,689.47
1831,48,125.4,436.4,422.92,185.12,776.12,442.3,851,204,642.23
1832,48,126.7,442.79,433.85,184.66,805.93,440.36,818.9,239,586.67
1833,43,125.3,440.26,431.43,188.68,826.6,416.09,820.7,220,379.84
1834,38,121.1,444.28,433.31,188.68,808.49,449.32,849.1,266,654.56
1835,33,120.1,441.37,416.72,186.78,732.89,443.42,886.9,239,665.49
1836,30,120.3,437.72,416.03,182.39,674.48,441.77,882.2,182,666.1
1837,25,119.5,439.21,404.19,182.82,620.71,402.44,886.1,164,398.44
1838,18,117.9,442.02,401.22,184.26,615.59,408.83,909.6,149,407.15
1839,23,117.2,445.02,392.35,186.71,621.24,408.1,948.8,153,425.2
1840,14,116.2,430.54,402.64,181.95,655.09,413.93,984.7,156,447.35
1841,18,116.6,428.83,405.23,180.68,720.33,464.95,1004.8,174,942.62
1842,25,117.7,429.32,408.76,180.8,765.08,470.27,1025.9,226,975.47
1843,32,119.3,431,399.03,179.43,758.76,479.85,1023.6,201,997.39
1844,33,120.2,419.28,399.43,177.19,721,427.88,1043.1,168,553.94
1845,33,120,410.11,404.08,173.91,637.64,430.43,1041.2,202,550.59
1846,34,120.7,398.21,417.37,171.65,623.03,430.06,1049.5,170,567.96
1847,32,120.6,391.12,421.85,171.2,583.02,434.08,1027,165,571.97
1848,30,121.5,385.43,423.07,168.51,574.02,435.66,1002,152,584.89
1849,28,121.6,393.7,421.92,168.06,562.19,438.32,968.2,149,587.08
1850,27,122.1,395.01,422.16,168.65,574.85,442.94,952.8,154,603.08
1851,23,122.5,393.2,435.69,166.84,573.7,444.71,973.5,159,617.83
1852,29,122.9,395.38,433.33,172.64,571.95,439.2,997.9,160,612.37
1853,30,123.5,408.56,438.57,175.8,685.36,440.39,979.5,176,603.49
1854,30,124.1,428.68,435.66,184.47,793.76,452.54,979.9,215,758.68
1855,42,124.6,433.95,434.68,187.86,815.64,452.96,978.9,260,741.58
1856,35,123,439.04,428.76,188.9,688.11,450.34,1003.4,206,702.34
1857,33,119.9,442.46,413.53,189.77,563.37,425.74,986.2,162,500.65
1858,21,118,452.3,415.62,190.53,516.8,455.33,960.8,156,766.12
1859,20,118.5,449.35,413.63,188.88,501.29,454.06,945.6,124,745.78
1860,22,118.5,442.79,414.6,186.93,504.82,456.49,946.8,125,740.4
1861,28,117.7,441.08,403.81,186.32,511.58,413.11,952.4,138,438.11
1862,26,117.1,437.32,409,185.87,525.8,405.24,969.5,145,444.29
1863,24,116.7,438.51,410.74,182.95,552.5,397.3,985,160,442.35
1864,23,116.5,434.64,408.36,179.01,593.82,405.07,1011,158,457.26
1865,24,116.3,437.19,405.72,176.1,651.52,475.85,1018.1,205,902.23
1866,34,117.5,423.07,401.26,175.23,708.54,488.14,1025.3,219,908.9
1867,36,120.5,411.79,418.46,173.18,725.35,491.19,1003.5,214,922.95
1868,36,123.2,400.3,421.96,170.94,742.55,431.72,978.3,209,499.11
1869,37,124.4,397.32,432.52,168.3,722.26,430.08,953.9,212,505.08
1870,35,124.2,396.04,427.2,164.42,706.45,421.58,951.9,196,500.44
1871,39,124.7,397.96,427.4,159.31,638.53,417.28,922.7,170,492.02
1872,39,125.8,400.47,432.54,158.94,596.01,416.34,882.2,167,485.23
1873,34,125.9,390.82,441.48,159.46,568.77,422.01,851.3,157,474.46
1874,31,125.5,377.67,447.06,157.82,582.65,422.29,834.4,156,464.75
1875,30,126.4,374.09,437.74,156.37,591.42,424.7,838.4,157,456.32
1876,32,126.8,374.12,434.49,157.06,617.79,422.1,827.2,162,454.99
1877,33,127.5,374.88,434.76,158.83,731.25,418.37,844.8,182,456.18
1878,33,129.1,375.62,443.06,159.96,806.44,447.02,837.1,216,620.66
1879,45,129.4,389.25,435.43,163.73,791.4,446.67,833.4,282,599
1880,40,126.7,401.4,420.93,164.48,652.61,435.78,825.2,214,568.49
1881,37,122,404.16,416.4,165.94,575.77,397.26,810.7,187,365.16
1882,36,118.8,398.17,413.53,167.07,545.2,430.05,780.5,168,604.12
1883,33,119.2,400.9,415.19,167.31,530.24,428.78,766.6,163,562.12
1884,28,118.8,394.06,406.64,167.69,513.32,419.14,737.8,146,524.24
1885,22,117.5,399.24,404.97,167.12,518.06,378.59,737.4,142,225.24
1886,21,116.9,398.32,401.58,166.34,529.64,375.2,698.5,162,221.69
1887,18,117.1,408.28,405.49,166.16,524.63,382.85,705.7,153,232.57
1888,26,117.5,407.78,408.02,165.89,575.1,388.77,722.2,168,244.96
1889,26,118.4,402.34,416.06,166.46,648.47,461.82,751.9,179,724.3
1890,34,120.5,395.22,419.7,165.49,730.41,457.76,756,201,739.57
1891,39,123.5,390.29,421.02,163.33,745.71,452.48,755.9,230,764.19
1892,30,124.7,387.9,428.19,162.81,763.6,387.37,758.6,235,306.42
1893,43,127.8,395.37,432.58,159.93,768.5,393.58,762.6,215,308.11
1894,42,130.6,387.2,441.82,158.56,760.33,395.08,750.4,206,302.22
1895,42,130.8,385.16,443.62,159.13,723.73,393.74,729.1,184,305.68
1896,42,129.3,378.54,443.69,157.64,677.94,394.78,701.4,177,305.56
1897,40,129.5,376.46,445.08,158.97,644.91,401.9,683.4,175,314.65
1898,39,130.9,376.03,449.38,159.23,634.67,404.79,689.9,172,323.14
1899,38,130.4,371.53,448.94,158.08,620.16,407.56,729.8,174,341.64
1900,35,131.3,381.86,454.32,159.4,666.95,405.11,746.7,179,345.96
1901,37,132.2,387.55,456.04,161.15,744.94,407.18,736.7,199,358.78
1902,43,132.8,389.25,470.77,161.32,851.44,427.17,714.6,227,528.5
1903,41,133.9,390.68,480.86,162.18,837.77,425.82,704.8,269,511.97
1904,37,134.6,389.52,470.27,162.9,751.12,426.25,724.3,226,486.83
1905,27,129.9,386.96,449.96,164.7,611.82,400.95,731.5,171,291.02
1906,28,125.8,385.57,434.47,166.44,542.93,439.29,729.8,139,554.99
1907,18,123.2,387.37,432.62,166.75,490.38,428.79,725,134,544.09
1908,15,121.9,400.36,426.33,166.94,449.54,427.77,709.6,120,540.27
1909,14,119.5,405.58,415,166.36,422.23,377.46,693.1,117,267.24
1910,14,117.2,406.85,417.31,166.87,408.83,384.84,674.3,109,277.77
1911,11,117.3,402.22,419.21,166.59,433.03,390.69,703.5,104,290.8
1912,9,117.7,398.82,422.49,166.23,469.6,398.86,748.4,110,304.1
1913,14,118.4,396.2,427.57,167.78,564.22,464.01,800.3,146,772.24
1914,14,120.6,410.27,444.31,167.48,639.09,466.06,820,187,794.81
1915,22,123.5,407.18,448.56,166.32,683.1,469.23,835.8,196,827.24
1916,27,124.6,404.79,448.46,164.82,679.56,409.71,833.4,214,389.98
1917,30,126.7,390.54,440.94,162.84,666.41,404.92,843.7,180,397.55
1918,24,129.6,383.08,446.53,160.51,629.88,411.08,838,167,399.15
1919,24,130.7,378.71,443.36,157.7,583.15,408.77,832.4,150,413.02
1920,23,130.7,368.86,440.24,157.45,548.83,401.41,810.3,146,421.18
1921,23,131.3,378.74,432.42,157.46,556.33,396.09,797,146,425.3
1922,24,130.1,378.1,436.53,157.21,550.82,397.31,781.6,150,426.14
1923,24,130.8,382.92,447.59,156.97,539.25,416.05,780.1,154,425.16
1924,25,131.8,379.81,451.64,158.53,558.5,417.87,787.4,162,414.64
1925,26,131.7,386.36,458.05,163.79,652.91,412.75,803.5,172,398.89
1926,32,132.2,400.74,454.29,172.02,764.84,429.69,805.4,205,562.36
1927,32,133.2,410.08,461.94,181.04,766.39,414.05,827.7,256,531.48
1928,31,133.7,418.75,448.1,183.33,666.96,416.26,825.3,168,494.95
1929,27,128,414.26,440.91,183.01,554.06,383.89,803.2,161,264.55
1930,26,123.8,415.52,432.72,172.04,502.83,425.85,754.5,139,488.73
1931,16,121,425.24,426.12,180.21,497.79,417.3,711.6,136,451.29
1932,14,117.7,426.73,418.91,180.27,459.01,411.31,658.1,112,427.75
1933,15,115.2,426.58,406.26,180.9,442.89,370.82,621.3,111,145.76
1934,14,113.9,419.43,393.45,180.63,407.34,369.24,603.1,106,144.55
1935,11,113.3,423.13,393.17,180.29,418.36,369.18,632.6,108,151.35
1936,10,113.3,422.23,387.71,175.84,457.08,373.51,659.6,111,175.15
1937,12,114.6,415.45,400.76,173.53,488.81,446.17,687.2,156,673.19
1938,12,115.7,409.43,399.85,172.84,537.53,449.48,690.3,195,705.07
1939,8,117.6,406.64,411.77,171.75,564.66,452.03,668.2,160,723.89
1940,16,120.2,403.67,409.86,169.98,598.4,378.97,654.1,175,261.28
1941,22,120.5,406.81,415.3,167.42,598.38,376.66,656.2,163,264.49
1942,19,121.9,398.77,423.69,164.37,548.31,373.05,666.4,154,281.22
1943,19,122.8,392.48,423.83,162.43,522.9,383.14,665.7,122,306
1944,18,123.6,389.39,426.24,161.67,490.56,390.09,660.7,127,321.96
1945,18,123.3,387.19,417.51,159.75,501.94,394.07,662.1,125,334.24
1946,18,125.4,386.38,429.71,158.5,496.9,392.3,654.1,130,339.42
1947,20,127,381.57,431.12,160.03,526.85,393.18,649.6,142,367.91
1948,23,127.3,394.78,438.17,164.42,564.72,402.92,652.7,152,391.19
1949,28,127,413.18,429.86,168.38,698.67,410.16,678.8,173,402.75
1950,33,127.3,429.73,441.73,183.01,748.95,442.72,688.6,226,554.68
1951,30,128.3,434.2,441.18,187.63,742.77,431.74,655.1,231,492.17
1952,24,127.1,432.52,441.57,188.67,589.26,415.14,602.6,179,415.31
1953,24,122.6,426.81,426.81,187.96,491.32,364.92,545.8,140,163.64
1954,17,119.6,425.34,414.56,187.83,432.56,390.25,517.9,110,383.63
1955,16,118.3,438.18,404.97,187.15,406.73,391.35,490.9,97,357.33
1956,14,116.8,444.47,398.26,187.79,403.34,396.8,462,96,348.18
1957,15,116,449.8,388.52,187.75,408.14,367.62,445.4,124,79.72
1958,14,113.9,439.46,381.11,187.09,421.89,356.08,429.3,119,80.51
1959,14,113.6,436.38,374.46,186.57,455.1,355.19,441,114,81.73
1960,14,113.4,423.98,378.28,181.68,516.23,346.74,473.4,126,93.57
1961,13,115.1,423.72,390.78,179.25,572.41,412.56,527.3,141,561.47
1962,17,115,416,400.76,177.09,627.51,415.48,581.3,159,601.12
1963,22,117.3,422.42,413.62,173.7,618.82,434.23,607.2,175,635.59
1964,20,119.6,408.26,424.38,171.88,615.83,380.39,609.5,164,221.56
1965,26,121.6,406.59,427.14,171.71,594.12,391.96,592.9,177,237.13
1966,28,121.7,401.34,426.84,169.14,588.54,386.78,583,158,256.7
1967,25,121.4,405.85,419.34,166.22,563.83,398.07,593.7,160,278.46
1968,23,121.5,403.19,421.91,165.39,537.64,399.14,620.2,155,305.94
1969,24,122.5,399.84,423.71,165.89,513.04,407.02,660.1,145,311.01
1970,23,122,400.02,429.26,165.64,529.9,399.55,665.2,149,301.18
1971,23,123,404.57,433.34,166.24,528.49,395.6,653.1,150,285.4
1972,24,124.1,410.89,436.09,169.15,539.79,389.19,623.3,150,277.81
1973,24,124.2,418.51,437.62,173.13,531.86,400.16,624.4,154,273.65
1974,26,122.2,424.86,435.19,182.2,571.8,429.98,631.5,163,455.43
1975,26,123.3,420.38,431.61,186.77,611.96,428.96,661.9,167,453.65
1976,29,125.4,418.15,421.74,184.88,629.05,426.34,671.1,195,451.61
1977,23,120.7,418.81,411.81,183.81,642.13,400.62,661.5,203,254.58
1978,25,116.8,427.39,402.45,182.9,638.7,432.41,616.2,207,491.01
1979,24,115.6,423.67,394.79,181.75,649.29,418.38,567.4,172,444.85
1980,21,114.6,419.95,386.54,182.04,593.74,402.98,548.3,163,402.07
1981,25,113.3,425.77,385.01,181.65,535.19,357.77,530.7,153,117.31
1982,12,112.1,421.07,385.77,182.21,477.84,358.19,541.4,137,123.17
1983,15,111.7,425.74,381.4,181.54,479.2,350.86,545.1,134,143.55
1984,14,111.2,418.84,376.15,178.12,518.82,360.25,574.6,144,170.77
1985,14,110.5,422.45,387.68,176.11,634.33,429.64,596.7,130,658.85
1986,23,111.4,423.57,399.94,176.04,672.43,444.53,607.8,146,681.91
1987,20,113.7,423.41,409.86,176.01,638.95,446.78,618.1,144,698.37
1988,22,115.5,432.99,399.6,174.25,537.66,381.16,614.9,132,252.36
1989,17,116.2,421.31,402.02,172.68,494.2,376.19,639.1,150,262.49
1990,16,117.1,413.33,401.77,170.34,488.24,373.09,621.7,147,267.32
1991,14,116.9,398.29,402.11,168.68,484.93,376.37,626.3,134,279.84
1992,15,116.9,400.31,400.06,166.62,469.83,384.76,605.5,123,293.76
1993,15,118,394.48,400.51,164.88,455.22,394.64,605,111,301.77
1994,14,119,396.19,400.54,163.7,452.87,393.91,589.2,120,309.48
1995,15,119.6,398.36,398.45,164.7,454.86,391.97,591.3,117,325.8
1996,14,119.1,409.55,399.79,166.53,474.6,390.11,630.5,119,346.49
1997,17,119,419.81,402.85,171.7,482.3,384.45,669.8,119,347.11
1998,15,119.9,424.53,411.54,179.33,493.97,414.37,687.3,132,503.79
1999,20,121.4,426.99,406.8,184.57,551.09,413.09,673.4,146,473.74
2000,25,120.4,424.94,409.63,181.54,606.97,420.89,642.1,161,445.18
2001,20,116.7,424.51,408.27,179.13,636.57,388.48,609.1,167,231.36
2002,14,113.8,419.33,413.65,178.88,607.63,415.88,561.8,158,466.83
2003,15,112.6,415.41,409.75,176.96,535.63,403.89,544.4,151,433.4
2004,13,112.3,410.73,401.81,175.88,511.4,398.97,532.7,101,414.25
2005,12,112,414.25,393.41,175.13,455.1,359.91,526.2,90,136.4
2006,13,110.9,418.76,387.2,174.96,440.14,357.84,512.3,102,133.29
2007,15,110.3,413.4,379.65,173.32,441.59,358.25,511.2,105,145.46
2008,13,110.3,417.61,381.31,171.22,524.84,368.76,546.7,148,176.6
2009,14,110.6,416.65,390.87,171.67,608.73,447.88,591.6,184,693.58
2010,13,111.5,423.51,395.33,171.74,667.06,458.64,621,174,726.18
2011,14,112.5,412.98,398.18,169.88,616.61,455.88,626.3,164,753.45
2012,14,113.5,405.07,389.4,168.46,566.01,395.29,632.1,155,290.2
2013,15,113.2,393.52,390.13,165.11,516.6,396.27,659.2,116,313.95
2014,29,113.6,387.71,391.4,162.46,498.75,404.32,679.9,122,331.98
2015,29,113.5,380.77,396.62,160.33,491.85,401.93,681.7,125,362.21
2016,27,113.7,387.5,398.53,160.57,469.32,393.31,675.1,119,374.66
2017,23,113.7,392.93,394.68,158.71,483.24,399.13,666.3,127,391.41
2018,23,113.9,393.13,394.8,157.39,479.68,401.35,660.3,135,393.46
2019,25,114.7,394.79,389.32,158.61,500.47,406.63,667.8,139,391.19
2020,28,114.6,396.34,388.8,160.79,599.86,407.49,666.3,157,373.06
2021,36,115.1,407.58,384.19,164.39,723.54,403.73,678.4,198,358.35
2022,38,116,416.1,395.49,171.91,741.28,429.2,645.9,236,517.02
2023,38,116.5,420.42,404.08,178.01,663.93,412.11,606.7,207,484.34
2024,37,116.6,419.57,411.01,178.45,547.57,403.69,561.6,189,442.54
2025,34,116.4,411.75,407.15,177.83,532.84,368.28,544.1,169,229.62
2026,32,117.3,407.72,403.27,170.53,513.73,405.76,530.6,159,466.67
2027,32,117,415.97,397.69,176.36,537.01,402.48,510.1,149,432.76
2028,23,116.2,404.83,405.47,175.56,515.44,404.13,478.3,146,390.37
2029,21,115.7,413.56,403.08,173.29,498.44,355.89,461.9,132,97.04
2030,17,115.2,405.67,405.35,172.41,473.02,352.98,467.5,130,91.04
2031,15,114.8,417.33,388.24,171.64,484.91,348.18,512.9,132,103.73
2032,18,114.8,411.42,383.42,169.77,538.21,361,564.9,150,126.84
2033,21,115.1,413.31,389.9,167,611.38,439.23,595.4,158,602.48
2034,27,116.2,405.79,400.48,166.32,670.38,441.67,600.4,198,637.88
2035,32,118.4,399.5,411.78,165.96,681.28,440.95,617.8,174,657.54
2036,37,120.5,387.68,411.77,162.35,660.37,378.02,634.7,196,228.51
2037,39,120.6,387.48,419.66,162.23,649.99,389.95,650.4,203,240.4
2038,35,121.4,384.33,411.8,160.64,624.31,391.49,657.9,160,252.15
2039,40,120.8,384.16,406.67,159.14,618.18,389.79,641.8,165,266.93
2040,37,120.4,379.05,403.27,157.38,605.15,393.31,630.4,167,282.71
2041,37,120.7,383.55,410.31,156.59,637.15,405.17,603.1,173,307.6
2042,39,122.4,383.84,417.12,156.39,638.53,404.69,606.8,180,323.89
2043,38,123.5,389.18,419.81,156.17,658.69,408.19,598.7,180,335.44
2044,41,122.3,372.49,418.81,155.7,770.59,398.26,572,198,331.08
2045,46,121.9,376.59,419.16,156.44,840.45,395.5,540,254,317.31
2046,48,122,372.2,422.52,157.39,854.01,410.98,530.6,267,441.3
2047,46,122,380.98,425.4,158.43,724.71,407.48,547.6,236,398.2
2048,41,121.9,376.45,427.26,161.07,618.55,404.49,547.7,181,340.23
2049,35,122.3,385.55,410.94,164.9,536.36,369.88,537.2,181,125.78
2050,36,120,393.53,407.15,165.72,488.2,401.17,513.9,179,368.28
2051,28,118.2,404.03,401.62,166.49,475.38,392.53,506.9,145,354.75
2052,24,116.8,403.05,402.12,166.17,484.07,395,477.8,142,358.99
2053,18,115.3,404.32,392.7,165.32,469.73,357.38,480,124,81.08
2054,17,113.9,395.77,384.88,163.71,463.7,362.49,503.6,147,88.53
2055,15,113.2,405.98,386.79,161.67,478.8,364.93,571.9,132,107.53
2056,15,113.7,410.16,389.39,163.97,546.64,375.58,612.8,146,147.17
2057,21,114.2,414.25,405.6,162.75,633.95,454.91,643.2,185,631.97
2058,31,115,402.34,410.66,160.2,695.62,462.78,640.8,222,672.6
2059,33,116.8,398.37,412.95,159.12,695.67,462.16,643.1,189,704
2060,35,117.4,390.87,397.12,156.37,677.34,386.99,640.7,223,290.71
2061,31,117.8,378.95,398.86,155.84,655.31,384.35,641.5,191,308.1
2062,44,117.8,361.74,398.54,153.72,649.33,385.65,635.3,193,314.36
2063,39,117.1,365.77,412.12,154.14,628.58,388.88,632.4,166,315.08
2064,38,116.8,372.57,411.17,151.36,616,393.46,616.9,171,319.79
2065,39,116.8,377.08,417.62,151.13,640.55,394.09,616.1,172,314.88
2066,40,117.5,367.61,410.97,151.24,638.52,392.94,599.6,177,310.16
2067,41,117.8,366.33,414.3,152.11,661.58,395.76,605.6,184,304
2068,42,117.3,371.58,402.99,152.21,755.11,397.23,623.9,201,306.85
2069,47,118.2,379.33,399.65,154.1,873.13,401.32,653,256,309.12
2070,51,120.3,388.59,405.75,154.71,888.9,428.87,666.2,261,506.44
2071,46,121,386.2,423.36,158.37,781.42,425.53,660.7,228,522.98
2072,39,119.6,393,421.14,159.95,624.21,423.58,671.5,178,529.15
2073,33,118.2,387.05,402.66,160.86,541.93,389.86,684.6,177,337.92
2074,28,116.8,388.71,395.28,161.54,479.63,434.68,716.3,148,592.26
2075,28,114.8,390.66,397.76,160.67,464.53,436.91,717.8,141,585.44
2076,25,114.1,398.37,401.35,161.95,442.95,449.7,734.1,136,584.05
2077,11,112.8,403.35,394.35,160.83,430.77,403.42,728.3,139,328.06
2078,12,112.2,405.93,384.27,162.38,434.29,403.39,725.3,125,340.82
2079,15,113.2,398.16,384.01,160.6,459.54,389.91,705.5,133,337.26
2080,14,114.5,398.07,386.72,159.81,495.47,393.95,709.2,158,315.58
2081,14,115.5,387.45,399.47,161.12,585.55,463.58,712.3,189,728.65
2082,29,115.4,384.33,395.04,161.81,634.02,465.38,722.4,181,721.24
2083,31,116.2,390.17,400.67,161.86,679.59,465.09,706.1,190,728.64
2084,33,117.7,398.03,404.56,159.74,663.54,391.88,691.3,191,293.96
2085,36,118.8,401.23,411.6,158.54,657.57,396.41,680,183,291.96
2086,36,118.7,388.42,410.22,157.97,633.08,392.52,658.7,164,288.11
2087,37,119.4,380.97,407.79,157.82,623,381.86,651.4,152,286.21
2088,36,121.8,373.56,412.44,155.85,608.2,373.62,633.7,166,286.27
2089,37,121.9,371.76,418.4,156.38,628.29,385.07,613.9,172,282.6
2090,38,122.3,374.13,425.12,156.41,623.41,392.37,602.9,177,278.3
2091,39,124.1,382.57,434.7,157.91,660.3,395.81,604.9,181,274.58
2092,41,124.7,398.79,441.17,161.66,722.58,382.65,625.9,187,270.21
2093,45,126.1,406.79,444.72,171.22,816.98,388.13,616.7,225,266.15
2094,48,130.3,413.75,462.34,180.7,826.14,416.66,601,256,437.4
2095,45,131.4,410.7,465.91,184.11,745.09,415.12,580.1,273,413.81
2096,39,127.6,416.04,458.38,185.51,624.35,415.25,580.3,189,395.85
2097,30,125.4,415.59,435.08,180.62,579.71,386.21,571.5,153,207.03
2098,31,123.4,422.98,417.9,185.51,540.86,428.97,576.9,148,488.82
2099,21,122.8,418.17,417.73,184.21,513.36,422.33,555.6,154,480
2100,16,122.6,421.96,424.39,184.92,490.28,413.42,544.6,161,449.04
2101,22,123.8,424.34,442.93,182.99,482.22,364.39,514.7,150,131.75
2102,17,124.5,426.7,443.49,180.81,474.81,357.07,504.4,138,107.61
2103,15,124,415.53,440.91,176.06,496.52,358.48,489.7,158,98.24
2104,11,126.8,407.12,434.79,170.52,531.5,362.86,497.6,155,99.78
2105,11,127.4,395,453.46,168.84,603.38,437.36,512.2,158,576.66
2106,28,127.3,397.93,447.5,168.82,619.5,439.69,526.9,180,578.03
2107,34,126.5,391.57,455.83,167.45,629.34,439.42,513.5,166,587.18
2108,29,126.8,387.62,439.31,164.78,624.88,376.7,483.9,182,126.9
2109,31,126.6,379.08,438.67,162.06,620.38,369.08,473.1,171,142.86
2110,29,126.5,370.85,425.51,159.96,618.87,377.72,477.2,196,157.93
2111,31,126.4,375.24,424.73,157.6,594.28,374.02,493.4,174,165.59
2112,30,127.8,365.69,433.88,156.89,569.44,378.66,495.5,159,175.45
2113,30,128.5,368.88,429.57,157.24,557.88,372.29,494.4,154,179.95
2114,30,127.8,365.2,433.5,159.47,545.24,379.46,489.6,156,187.63
2115,31,127.5,379.57,434.26,160.54,552.15,380.97,485.5,158,197.4
2116,34,128.1,389.69,449.71,164.09,580.91,382.38,484.9,162,197.31
2117,35,129.3,395.54,458.29,171.67,607,371.6,484.5,168,188.56
2118,35,133.3,397.12,472.72,178.45,627.98,400.13,475.6,188,340.22
2119,31,136.2,398.68,466.45,180.18,637.84,401.15,455,201,316.85
2120,30,132.4,402.12,461.62,179.34,655.14,402.57,437.4,197,294.24
2121,24,130.3,415.78,434.8,178.12,635.52,369.12,429,178,98.77
2122,23,128.9,420.85,435,177.44,587.6,399.49,429.6,170,362.9
2123,22,127.6,428.5,431.01,180.28,555.83,396.65,414.6,144,349.93
2124,13,126.8,428.13,438.83,181.37,544.1,398.79,401.2,160,343.62
2125,19,125.2,420.17,425.47,180.72,530.74,363.67,401.1,141,62.2
2126,18,124,413.46,419.16,181.07,496.01,359.54,409.3,134,63.23
2127,31,124,394.91,415.3,175.31,478.76,355.84,408.1,135,64.39
2128,12,124.5,388.15,421.32,169.24,503.15,357.91,433.5,150,63.5
2129,14,125.1,390.4,432.74,168.07,547.57,431.42,460.1,140,529.58
2130,24,124.9,411.35,437.53,170.43,563.11,434.82,489,139,534.84
2131,23,128.8,423.51,445.91,169.34,572.1,435.47,479.3,147,552.49
2132,23,130.6,413.62,442.27,166.56,571,361.05,471.1,154,110.2
2133,27,131.5,385.62,450.82,163.73,581.76,366.23,471.8,158,133.79
2134,28,131.2,370.12,456.24,160.53,572.93,374.1,472.2,169,141.66
2135,28,131.2,368.56,457.08,158.13,566.31,383.35,476.7,154,142.8
2136,29,131.5,376.36,465.94,158.3,552.58,382.35,479.4,157,143.21
2137,29,131.9,373.67,458.29,156,559.79,372.52,481.2,155,147.77
2138,29,132,375.01,465.06,156.15,559.88,372.26,504.6,156,174.94
2139,29,132,382.3,448.34,158.05,567.83,374.34,535.1,158,205.32
2140,30,131.9,392.41,456.89,162.79,565.87,383.78,564.4,158,238.06
2141,32,133.1,404.16,459.93,170.32,575.51,392.08,567.3,162,252.02
2142,32,135.9,403.58,466.74,178.06,596.2,417.47,562.6,177,431.2
2143,32,136.6,412.92,461.32,179.61,604.93,412.45,562.8,188,438.85
2144,32,131.8,414.37,458.25,180.09,623.1,408.15,578.7,180,438.61
2145,22,128.3,423.04,446.84,181.16,637.15,386.41,591.9,194,272.79
2146,22,126.8,424.35,446.93,180.14,616.59,428.06,646.7,151,561.55
2147,16,126.5,425.52,438,181.2,549.78,429.88,688.3,145,563.67
2148,11,126.3,427.47,440.5,181.42,511.54,423.7,704.2,130,554.42
2149,7,126.1,411.6,427.66,179.8,485.04,388.61,689.4,137,251.03
2150,6,126.5,409.05,428.95,178.75,502.83,387.73,652.9,157,239.68
2151,6,125.7,406.69,428.76,174.9,479.5,388.66,653.6,123,233.56
2152,4,125.8,406.26,440.23,172.64,503.82,379.81,656.4,145,240.46
2153,10,125.7,398.79,444.26,171.01,524.07,445.99,678.7,147,724.8
2154,10,126.4,399.53,447.04,169.42,562.52,456.28,681.1,158,744.7
2155,28,127.9,411.27,449.57,173.52,575.98,469,676.5,166,765.23
2156,24,130.7,408.78,444.53,171.16,595.63,404.2,674.7,147,306.44
2157,25,131.9,398.62,455.16,167.21,578.28,399.67,672.8,152,315.94
2158,27,131.4,393.49,453.06,166.82,577.7,389.39,672.9,147,331.66
2159,26,131.7,386.2,456.98,163.27,547.67,389.57,662.3,151,368.98
2160,26,132.6,385.82,457.63,161.02,545.09,396.62,668.7,146,399.88
2161,24,132.7,384.19,461.11,160.7,522.11,406.19,667.8,143,429.92
2162,23,132,389.45,461.35,159.55,510.61,413.6,693.2,145,437.02
2163,24,132.1,390.96,456.85,160.27,501.87,412.8,712.1,146,447.96
2164,22,132.1,397.74,459.49,166.72,507.44,416.06,741.1,149,456.55
2165,25,132.8,405.09,464.16,173.58,503.7,415.5,735.7,152,445
2166,24,136.2,409.86,472.59,179.97,521.23,442.8,741.5,160,579.2
2167,32,136.1,409.63,463.09,182.25,556.65,442.6,714.2,198,510.61
2168,32,132.7,415.35,458.34,183.24,597.65,429.24,697.8,190,450.19
2169,28,130.8,407.48,448.57,179.55,607.42,386.03,647.2,176,230
2170,29,130.3,405.44,455.81,176.82,620.5,418.87,611,174,476.51
2171,26,128.7,394.78,441.34,175.67,590.92,419.25,576.2,172,451.32
2172,21,127.8,396.4,433.17,174.32,568.86,424.34,557.9,186,436.84
2173,24,126.7,400.35,418.47,171.45,526.91,370.58,547,156,149.88
2174,23,125.7,396.76,431.73,169.69,548.13,366.1,551.8,159,148.95
2175,24,125.9,399.74,429.34,167.69,572.07,366.48,568.4,152,153.44
2176,24,125.5,392.39,439.89,168.27,611.66,367.77,605.2,202,164.42
2177,29,125.8,395.77,435.65,167.1,625.95,452.65,632.2,186,654.47
2178,30,126.6,390.84,442.16,165.38,615.97,458.06,636.5,182,688.99
2179,30,128,385.3,440.36,166.51,579.53,465.73,632.8,177,727.73
2180,31,128.4,380.45,454.68,163.3,572.55,401.27,625.2,170,304.64
2181,27,128.3,379.55,458.33,161.97,575.19,404.93,626.2,168,338.38
2182,26,127.8,379.38,461.83,159.14,587.67,410.04,616,159,354.46
2183,25,126.9,377.2,456.61,157.77,559.55,406.16,624.8,154,368.86
2184,25,126.4,380.07,451.64,158.47,542.46,397.77,638.5,155,378.22
2185,25,126.7,374.73,446.99,154.56,524.73,393.49,643.5,151,386.69
2186,25,127.5,373.8,438.68,154.02,517.48,395.95,635.3,150,381.65
2187,25,127.8,370.77,440.21,157.78,515.17,403.96,633.4,149,378.84
2188,25,128,374.7,430.04,159.44,527.08,415.28,633.6,152,379.11
2189,26,129.1,382.54,432.32,162.17,548.75,410.49,635.6,154,348.85
2190,26,129.3,385.8,434.71,163.93,565.37,426.16,633.3,156,501.15
2191,30,128.9,391.18,443.49,162.68,574.82,410.29,640.4,161,460.37
2192,30,126.9,383.93,432.56,160.78,591.93,400.99,635.8,165,443.92
2193,29,125.6,381.26,424.48,160.18,605.5,373.5,636.5,173,233.24
2194,23,125.3,381.19,419.56,160.41,625.41,414.94,613.9,195,485.01
2195,22,125.1,386.49,432.07,159.32,599.37,420.57,602.6,160,468.77
2196,23,124.2,390.06,430.35,158.55,586.66,427.8,573.1,142,486.9
2197,16,123.9,390.4,425,158.92,526.92,395.86,603.7,124,244.79
2198,15,124.9,387.7,416.33,158.27,518.86,395.38,632.9,129,263.97
2199,14,123.8,379.82,421.14,157.99,496.97,391.33,652.6,144,261.54
2200,14,123.8,373.46,430.24,156.7,536.55,381.34,640.6,127,262.56
2201,14,124.4,377.49,432.68,155.28,551.75,453.13,646.3,160,721.36
2202,29,123.6,390.75,428.34,155.63,580.72,456.52,679.2,196,735.19
2203,27,125.9,390.43,432.58,155.52,558.16,467.5,706.5,158,744.65
2204,29,130.1,383.89,435.49,154.49,558.35,395.89,710,175,311.77
2205,31,129.5,367.73,436.35,152.85,556.39,403.97,693.3,166,317.33
2206,33,129.1,364.2,435.99,151.6,558.49,407.8,676.2,155,322.03
2207,36,128.8,362.08,431.57,150.52,562.54,407.63,660.8,150,328.65
2208,30,129,364.62,442.06,150.09,555.18,404.15,659.4,172,345.36
2209,32,129.6,367.34,447.29,148.73,568.17,393.43,660.6,161,362.87
2210,32,128.8,361.35,449.26,148.35,563.69,396.02,676.1,169,380.62
2211,32,129.3,363.27,441.58,149.4,594.04,393.12,690.1,173,393.63
2212,36,129.2,359.59,435.2,150.37,652.36,398.68,701.4,187,401.43
2213,38,128.9,364.34,439.59,150.69,743.49,401.67,715,211,404.29
2214,41,129.3,361.4,445.54,151.6,729.12,427.04,717.6,265,573.55
2215,36,128.7,366.05,444.98,153.23,662.88,426.76,721.1,188,554.12
2216,30,125,367.53,439.15,154.9,534.24,416.21,695.5,152,517.58
2217,29,122.4,369.6,433.5,155.83,499.84,392,679.8,133,305.74
2218,17,120.9,374.99,429.22,155.17,457.58,421.91,648.4,106,550.12
2219,14,119.8,368.04,418.21,153.65,439.81,423.8,641.5,104,527.41
2220,14,119.1,370.35,402.29,153.89,402.04,414.51,620.3,92,498.12
2221,11,118.5,365.8,402.94,153.53,377.96,379.26,616,82,199.48
2222,9,117.9,383.14,408.6,153.31,372.26,375.58,595.4,90,183.85
2223,8,117.7,382.44,416.23,152.38,394.67,381.41,588.8,100,181.36
2224,12,118.8,376.35,412.85,151.87,433.11,380.61,589.7,107,191.76
2225,12,119.1,367.47,420.4,151.14,497.36,446.29,598,159,642.1
2226,15,120.6,366.65,425.77,151.66,549.68,442.77,616.4,176,655.69
2227,24,122.7,369.89,428.42,151.61,587.06,444,616.1,171,666.93
2228,32,124.6,372.57,432.79,150.53,583.33,387.9,615.2,147,247.71
2229,27,126.1,362.5,433.62,149.19,537.01,392.59,613.3,147,266.78
2230,24,127.1,356.66,433.45,147.69,508.36,394.79,623.6,139,293.76
2231,22,126.4,352.58,421.97,146.87,492.75,391.65,622.2,117,303.68
2232,22,126.3,360.57,421.47,147.2,491.89,395.96,620.7,122,325.96
2233,19,125.2,363.24,430.39,146.52,477.05,398.32,610.5,115,346.34
2234,16,125.7,368.92,435.16,146.96,461.84,401.48,623.9,109,370.08
2235,16,125.5,366.46,430.32,148.08,469.04,397.66,633,111,382.35
2236,18,125.1,362.75,424.86,148.55,542.07,404.34,631.9,114,384.17
2237,24,124.5,353.85,423.44,149.29,623.78,399.33,628.1,153,371.93
2238,26,125.1,358.66,440.33,149.81,653.67,427.71,613.4,190,521.4
2239,25,127.2,368.33,444.53,152.68,588.2,416.27,594.1,161,467.44
2240,22,125.8,376.96,440.76,152.57,520.14,412.96,556.1,121,425.22
2241,22,124.6,371.89,428.24,153.07,490,374.78,514.3,127,205.27
2242,25,125.2,363.14,422.95,155.67,489.93,409.49,472.7,120,441.51
2243,18,125.6,363.93,424.14,153.54,472.74,404.4,441,116,401.31
2244,21,125.7,374.13,424.55,154.35,456.63,400.12,433.7,114,365.9
2245,21,125.5,380.17,427.76,154.75,449.45,360.03,431.4,112,75.52
2246,23,125.6,374.53,434.26,154.52,482,360.82,431,109,72.77
2247,17,127.5,361.37,436.08,154.22,524.77,364.45,450.3,113,81.21
2248,14,129,368.06,427.67,153.85,563.93,360.54,476.6,123,96.41
2249,19,130,367.97,431.67,153.69,555.52,436.53,506.4,141,546.2
2250,14,128.3,372.14,433.39,154.48,537.19,444.11,516.6,142,569.13
2251,16,126,364.44,432.56,155.34,530.58,450.93,520.2,137,589.75
2252,23,125.2,368.96,432.62,153.95,535.06,387.2,529.5,135,183.93
2253,19,125.3,368.68,427.3,153.13,523.78,384.38,550,123,209.38
2254,18,125.3,365.75,434.11,151.5,501.21,390.94,585.8,122,237.06
2255,19,125.1,360.53,426.74,149.75,463.8,387.55,601.4,113,260.37
2256,14,124.9,358.47,424.54,152.82,445.09,389.59,590,108,268.8
2257,13,125.5,361.93,427.37,150.69,429.6,391.93,589.4,106,271.78
2258,12,126.7,365.06,429.86,150.77,424.19,395.77,598.5,106,300.3
2259,12,127.8,370.21,434.93,152.14,450.26,399.57,628.7,108,343.55
2260,14,128.5,375.56,425.2,154.08,532.89,393.73,676.9,117,394.57
2261,22,128.7,379.77,436.89,158.31,601.68,399.2,731.8,139,414.34
2262,24,130.5,384.44,446.1,159.52,600.11,428.01,778.8,198,619.05
2263,24,131.3,388.08,463.17,159.94,536.14,445.96,798.8,168,631.32
2264,23,130,390.6,457.86,161.27,502.69,453.62,853,147,640.26
2265,24,128.4,389.59,456.35,160.86,511.38,418.72,887.9,126,456.65
2266,23,127.5,385.76,448.36,160.94,509.21,457.71,896.6,136,701.81
2267,21,126.5,389.04,436.21,159.82,496.75,444.09,848.3,130,675.83
2268,19,125.4,391.17,430.42,159.86,470.04,457.44,819.3,118,647.43
2269,14,123.9,397.26,425.93,161.33,454.64,408.33,806.9,115,364.33
2270,8,122.9,393.73,427.67,160.49,429.28,413.29,798.1,100,344.36
2271,11,123.6,395.03,428.76,158.11,462.37,412.43,780,95,330.03
2272,15,125.2,387.03,430.37,157.66,514.16,403.6,770.2,122,328.66
2273,14,123.7,381.76,440.81,157.19,545.73,461.87,764.9,138,809.78
2274,15,123.4,378.64,432.64,158.32,555.52,462.67,779.1,146,828.16
2275,14,124.3,379.1,438.94,161.07,545.57,470.8,783.7,155,850.75
2276,14,126.6,371.33,436.41,157.98,564.75,414.73,792.4,146,399.43
2277,23,128.8,364.08,448.99,155.82,519.48,411.52,767.6,139,413.76
2278,22,127.4,369.75,449.54,155.52,472.29,417.81,770,122,439.36
2279,9,126.9,376.03,454.05,155.27,415.95,412.52,757.1,104,457.36
2280,9,129.9,373.07,452.93,155.12,405.78,424.64,743.6,97,476.9
2281,9,131.1,357.04,455.32,154.41,407.07,431.73,709.1,95,474.61
2282,10,130.1,361.91,457.64,154.86,428.14,429.45,720.2,95,473.24
2283,20,130.3,366.84,459.94,156.73,454.71,426.83,751,124,455.73
2284,21,130.3,378.62,458.08,158.38,540.75,407.8,791,129,437.22
2285,30,130.6,388.93,458.05,167.38,632.82,415.44,795.6,175,426.03
2286,31,132.1,405.09,457.73,176.97,630.64,427.86,800.8,199,587.92
2287,31,133,423.76,463.78,180.02,608.76,432.29,764.2,174,554.96
2288,28,131.1,426.07,448.4,180.31,564.87,417.99,752.3,150,505.11
2289,26,128.2,437.02,440.75,179.33,598.84,390.84,727.3,149,282.72
2290,25,126,434.67,428.37,178.28,563.36,423.21,710.9,143,519.8
2291,24,124.8,431.44,427.75,179.23,508.6,423.56,670.3,143,496
2292,25,123.5,417.86,427.31,177.55,464.8,419.5,633.4,136,475.23
2293,20,124.8,415.69,426.13,176.19,441.87,370.93,616.8,112,190.94
2294,11,130.1,412.95,447.18,174.85,453.26,373.04,621.1,118,177.78
2295,17,131.7,406.95,446.58,170.97,487.73,371.28,639.6,123,178.02
2296,13,131.1,403.96,448.06,168.86,505.26,374.06,671.6,115,192.28
2297,13,130.6,405.41,436.47,166.97,539.37,446.24,697.1,151,664.95
2298,14,128.9,408.74,440.69,167.08,541.24,448.07,712.6,124,684.9
2299,21,128.3,403.8,446.62,166.88,559.07,456.24,715.7,149,706.53
2300,20,127.8,397.94,445.8,165.17,554.39,389.45,708.4,140,278.92
2301,18,126.5,390.32,448.54,162.47,572.22,395.71,707.7,140,312.79
2302,20,125.4,384.41,436.97,160.03,567.18,400.22,704.8,147,342.2
2303,22,124.1,383.52,435.45,158.71,553.96,404.68,723.4,155,379.45
2304,25,124.3,385.24,426.99,157.07,521.77,405.83,719.9,142,395.78
2305,26,124.5,382.55,429.83,156.27,523.07,411.82,714.2,140,400.11
2306,36,122.4,382.45,428.14,156.31,524.76,415.66,689.2,144,398.08
2307,34,120.9,382.34,418.93,158.5,535.15,415.46,702.3,145,399.99
2308,28,121.2,392.03,425.09,162.79,539.38,408.39,711.8,143,403.18
2309,29,121.3,404.26,421.56,171.52,536.35,403.92,738.5,140,385.26
2310,26,122.7,411.93,426.42,178.23,520.24,437.77,739.1,147,549.28
2311,26,123.8,421.85,416.68,179.25,566.49,440.08,733.3,154,519.61
2312,26,123.1,414.59,416.87,179.01,641.2,430.07,710.3,181,498.03
2313,12,122.2,421.51,417.31,169.24,687.17,390.6,695.8,143,292.29
2314,13,122.8,429.8,412.69,177.3,633.11,419.59,715.6,116,553.66
2315,13,121.3,434.41,411.41,177.3,521.07,425.18,710.6,122,534.12
2316,12,121.3,429.27,409.97,177.21,430.52,424.55,696,117,513.96
2317,12,121.8,416.48,417.66,175.44,398.47,382.1,670.7,95,214.66
2318,17,121.1,414.35,412.13,173.63,413.38,374.24,664.6,97,209.3
2319,20,120.7,416.23,424.15,171.76,439.91,370.11,651.5,76,210.23
2320,13,121.3,407.42,424.37,169.38,467.09,375.25,628.1,110,233.42
2321,14,121.6,405.08,437.1,167.72,497.47,454.04,630.5,126,726.63
2322,15,121.9,398.81,431.73,167.28,507.18,464.73,670.2,125,791.64
2323,14,121.9,398.69,424.78,167.62,508.47,477.06,724.7,142,854.52
2324,21,123.6,398.76,418.5,166.19,486.73,415,753.8,142,454.87
2325,20,123.5,393.54,424.56,164.21,473.66,413.89,749.6,118,494.97
2326,13,122.6,380.21,428.93,161.75,446.87,409.43,737.4,98,517.41
2327,12,121.4,375.51,428.62,159.26,431.88,409.44,753,98,527.74
2328,11,121.2,368.98,418.42,158.24,435.21,416.13,792.1,90,539.97
2329,11,121.8,378.52,426.26,157.87,439.41,426.26,807.2,91,559.96
2330,13,121.6,368.9,424.99,158.04,448.34,427.13,812.6,102,588.27
2331,13,120.7,375.6,420.77,159.38,445.37,434.37,802.8,107,586.29
2332,15,120.9,386.04,426,164.43,447.21,434.13,809,113,573.92
2333,15,122.1,402.69,424.75,172.22,451.46,434.47,794.1,116,527.71
2334,15,124.5,408.76,440.47,178.35,461.44,447.04,765.2,113,639.49
2335,19,129.7,417,433.02,178.77,503.7,433.62,738.4,129,562.81
2336,14,129.7,423.85,440.6,179.78,505.85,428.83,707.5,132,498.09
2337,15,129.7,423.61,432.84,177.08,512.21,392.94,691.2,136,268.94
2338,13,129.1,418.96,434.27,175.94,458.03,431.39,662.3,118,495.42
2339,14,127.1,410.72,437.78,174.84,411.29,423.1,655.2,77,462.94
2340,13,126.4,418.76,429.92,174.08,344.64,427.38,622.2,98,456.41
2341,9,125.1,416.37,431.3,174.88,328,387.7,609.2,93,197.1
2342,6,124.2,416.09,428.72,174.65,375.27,385.73,597.4,71,213.38
2343,10,123.5,409.47,437.11,172.68,444.51,386.85,619.9,72,222.69
2344,12,123.2,401.39,432.14,169.13,516.35,385.37,656.8,87,232.68
2345,11,124,398.55,437.33,167.4,558.38,446.5,695.5,136,701.73
2346,13,126.1,390.15,446.93,167.7,598.91,447.01,702.6,156,719.04
2347,15,128.1,387.53,442.59,168.5,591,444.12,703.2,130,738.67
2348,14,127.3,379.64,439.74,169.13,573.91,391.33,685.2,125,306.75
2349,15,126.6,382.33,427.73,163.92,522.73,396.13,684.3,124,338.07
2350,26,125.5,382.05,436.3,161.28,487.35,407.65,690.3,114,355.66
2351,15,124.7,382.54,428.39,157.55,452.84,400.87,689.8,98,366.15
2352,13,124.6,377.73,434.71,155.98,437.05,402.06,692.1,100,362.92
2353,14,125.4,371.27,425.82,154.89,445.55,401.38,693.5,102,375.23
2354,15,125.8,380.38,422.77,155.38,449.02,416.27,686.6,106,375.83
2355,16,126,382.65,419.34,159.77,488.54,413.86,690.1,113,374.92
2356,17,125.6,388.33,431.51,161.41,585.18,407.31,667.7,117,354.48
2357,23,125.4,389,440.14,170.22,686.29,394.35,670.6,176,331.42
2358,24,125.4,405.58,443.99,178.74,672.08,425.72,664.9,193,493.82
2359,21,124.8,423.8,438.93,184.01,540.65,429.28,673.7,160,482.8
2360,20,123.2,436.92,431.19,184.84,397.57,430.16,698.4,93,470.96
2361,13,122,438,425.74,183.53,360.88,392.71,712.2,78,269.26
2362,10,121.7,434.48,420.37,183.88,339.76,425.38,709.2,66,510.7
2363,7,121,428.74,417.83,181.94,329.93,428.16,667.7,69,513.84
2364,10,119.3,430.24,412.84,179.33,317.28,428.05,639.7,71,522.31
2365,10,120.1,429.17,409.37,176.33,337.43,385.85,615.1,56,249.47
2366,14,120.8,422.07,410.91,173.55,379.73,370.98,597.8,75,226.33
2367,14,120,403.86,409.6,168.58,415.55,368.05,603.3,92,238.33
2368,14,119,394.32,410.9,166.24,468.92,381.99,636.2,121,286.9
2369,12,122.1,390.87,419.55,163.9,526.52,450.78,671.9,156,798.04
2370,27,122.6,389.32,427.32,162.98,563.75,467,732.7,140,816.3
2371,19,124.4,396.63,428.58,163.56,603.26,461.72,756,146,823.91
2372,22,124.9,397.85,427.15,163.31,569.22,407.77,790,152,357.05
2373,27,124.3,397.75,423.68,163.16,536.88,406.2,753.5,152,364.88
2374,24,123.7,379.64,426.78,162.51,465.78,406.91,739.2,118,372.24
2375,22,122.4,372.71,420.11,159.48,452.21,411.26,706,111,392.88
2376,20,122.1,370.98,425.08,161.37,445.09,405.51,705.4,110,404.71
2377,18,122,373.8,427.96,159.06,445.36,406.71,697.9,112,422.62
2378,19,122,368.06,426.29,156.4,447.48,406.67,718.5,115,434.18
2379,19,122,366.52,423.9,158.58,474.86,411.82,713.2,116,439.86
2380,22,121.9,371.4,426.3,157.46,592.19,414.72,729,125,429.64
2381,29,122.4,375.36,427.11,159.71,667.21,417.23,725.7,183,415.65
2382,30,122.5,379.44,423.52,160.21,649.13,439.51,719.9,211,573.19
2383,26,122.2,380.3,418.31,162.47,531.31,440.28,688.6,185,546.83
2384,26,120.7,387.66,413.21,164.41,429.56,429.47,663.6,117,515.56
2385,13,119.4,395.46,407.36,164.3,390.56,400.17,648.2,96,300.1
2386,14,118.7,392.53,399.36,164.53,371.12,432.16,630,89,528.9
2387,13,117.3,396.69,404.55,163.1,356.77,424.83,605.6,79,493.45
2388,14,116.8,385.85,402.44,161.01,349.86,418.69,567.3,72,465.49
2389,10,116.7,395.76,401.99,159.2,354.38,366.38,553.3,68,178.14
2390,7,117.4,391.66,394.22,159.26,362.28,367.61,547.2,66,172.62
2391,7,115.2,392.39,400.98,158.3,393.38,367.39,585.8,78,173.62
2392,12,116.1,376.35,399.38,158.22,418.76,377.26,600.7,131,186.45
2393,10,117.9,371.96,406.19,156.58,502.67,448.17,634,111,646.64
2394,14,118.8,378.01,399.27,155.85,572.4,461.35,642.1,125,690.12
2395,18,119,387.73,409.32,155.94,632.06,459.42,654.1,139,743.85
2396,27,120.8,393.49,416.89,155.12,607.38,393.32,651.7,145,345.49
2397,29,122.1,388.16,432.24,155.16,560.81,385.82,657.2,152,366.28
2398,30,122.6,380.64,426.28,153.64,510.68,394.27,672.9,121,372.36
2399,29,122.8,378.79,423.83,153.3,487.98,397.8,679.8,127,385.88
2400,26,123.6,379.56,431.28,153.3,487.13,400.03,687.6,124,401.47
2401,25,124.5,385.96,438.17,153.2,493.87,402.82,697.7,114,428.21
2402,26,125.1,380.26,438.97,153.13,507.1,405.11,717.4,122,462.34
2403,27,125.3,383.64,429.5,155.34,543.3,416.7,735.4,130,511.15
2404,27,125.1,382.77,433.37,154.61,663.5,421.95,727.8,148,532.99
2405,32,125.2,383.22,439.62,156.34,743.32,417.37,694.2,190,490.2
2406,34,127.2,372.66,442.1,156.7,723.87,435.74,647.4,243,598.6
2407,29,128.7,375.15,435.52,157.33,583.26,416.89,611.2,154,513.04
2408,27,124.5,379.2,425.4,156.76,453.84,410.83,591.3,106,459.11
2409,14,121.7,386.7,411.87,158.37,380.8,373.24,563.9,86,218.73
2410,13,118.9,391.88,405.11,158.59,345.07,413.42,562,79,454.77
2411,14,117.9,384.66,408.82,158.51,343.78,406.62,555.4,78,437.91
2412,12,117.4,380.69,406.63,158.2,335.95,406.97,572.5,75,435.79
2413,13,115.6,380.7,404.88,160.15,325.14,367.5,590.8,66,170.24
2414,6,115.8,391.22,394.78,160.55,316.48,382.72,617.2,87,185.11
2415,12,115.8,395.01,400.06,160.06,361.79,386.39,651.1,69,205.07
2416,11,119.1,383.53,406.7,161.9,417.78,396.7,694,101,229.81
2417,12,118.7,382.42,414.96,161.91,515.26,459.43,743.3,120,721.75
2418,13,118.3,388.3,421.58,162.48,556.61,460.49,794.7,123,782.98
2419,15,119.8,393.29,425.44,164.39,579.09,468.51,806.3,181,840.53
2420,21,121,391.77,424.9,165.32,543.89,411.54,807.1,138,430.28
2421,27,121.7,390.22,420.52,163.88,521.96,426.63,772.8,135,447.8
2422,27,122.7,386.6,425.64,161.35,498.55,425.8,739.9,126,448.32
2423,29,123.8,389.24,428.07,160.7,482.92,428.45,692.7,101,439.94
2424,23,123.9,388.68,427.58,161,482.21,421.69,674.7,104,426.17
2425,23,124.7,397.31,429.62,160.51,493.13,412.34,659.5,104,415.67
2426,22,126,393.95,430.67,160.8,506.9,402.91,663.4,118,404.92
2427,23,127.3,389.72,442.88,163.02,536.68,392.17,655.1,121,397.11
2428,23,127.6,388.2,430.25,167.86,623.03,393.22,652.8,141,389.24
2429,29,128.8,385.87,434.07,177.69,678.02,396.54,654.9,177,382.76
2430,30,129.5,400.07,437.59,186.67,642.1,430.2,655.3,217,552.82
2431,24,127.6,413.77,443.44,191.06,533.78,431.18,646.4,166,550.3
2432,24,123.9,421.11,438.27,192.81,431.64,422.01,652.1,97,552.68
2433,13,120.8,429.28,417.7,183.1,380.93,395.74,655.7,100,371.4
2434,13,118.8,434.25,416.78,189.1,332.95,441.65,669.9,87,622.43
2435,12,118.7,449.24,411.62,191.28,306.69,444.34,689.6,77,603.21
2436,12,118.5,441.45,415.1,190.98,298.48,434.84,690.4,63,585.15
2437,11,117.9,437.42,418.66,190.53,293.22,379.3,677.5,57,314.01
2438,11,118.8,429.81,423.39,189.45,308.24,378.14,652.7,63,304.27
2439,6,118.1,438,425.39,185.45,344.86,380.8,636.2,67,296.87
2440,8,117.8,429.74,420.53,181.94,418.03,386.34,648.4,80,287.19
2441,9,119.1,431.02,417.87,178.34,469.99,461.6,655.7,114,761.83
2442,9,118.9,421.59,415.13,177.83,514.09,461.67,674,103,772.34
2443,13,119.9,418.33,407.34,177.11,534.56,461.32,685.9,112,785.39
2444,11,120.7,410.46,402.39,174.88,530.41,384.73,693.9,145,320.81
2445,19,120.7,400.76,402.19,171.62,520.54,392.99,708.2,127,337.86
2446,21,121.2,400.63,410.54,169.84,477.52,395.45,720.1,104,349.4
2447,16,122.5,396.61,414.84,167.71,469.59,403.6,710.2,89,376.85
2448,16,124.5,402.15,423.22,165.43,458.59,408.45,706.4,100,378.91
2449,18,125.6,404.13,426.42,166.41,467.02,413.19,712.6,104,403.37
2450,18,125.8,411.41,429.04,167.6,467.96,423.27,735.4,107,407.88
2451,18,126.5,405.96,436.96,168.77,503.11,422.54,753.7,114,428.52
2452,23,126.5,407.84,432.92,170.67,596.51,420.64,729.9,129,425.85
2453,28,126.8,416.02,444.93,177.38,672.78,406.25,717.2,166,405.73
2454,26,128.7,427.68,432.84,183.93,632.37,424.75,687.4,195,547.36
2455,23,129.2,426.44,436.14,183.91,516.96,424.58,686.8,133,513.57
2456,17,125.5,419.93,420.24,184.23,401.59,419.81,669.4,92,487.41
2457,12,123.5,420.06,417.26,182.77,342.83,388.07,642,82,294.64
2458,13,121.8,426.91,425.81,182.35,300.58,418.17,621.5,89,579.93
2459,10,122.6,426.38,428.13,182.85,272.2,419.1,608.1,70,566.53
2460,5,122.5,429.88,425.72,182.17,261,420.38,615.2,62,546.62
2461,7,121.5,425.76,414.45,180.64,255.51,383.98,618.1,52,242.81
2462,8,120.7,420.45,413.47,181.88,272.26,387.67,631.7,66,251.7
2463,8,121.5,421.74,419.3,178.05,307.32,382.6,645.4,66,265.6
2464,8,121.9,417.25,413.77,178.66,367.21,387.07,686.5,83,281.39
2465,9,120.8,420.83,417.11,177.14,430.1,463.5,714,93,787.64
2466,10,121.2,413.51,413.12,176.9,457.83,474.97,734.4,108,834.05
2467,7,121.3,415.3,421.84,176.49,482.01,475.52,722.4,140,876.96
2468,9,121.7,412.08,419.81,175.92,458.83,411.14,725,142,431.03
2469,10,121.5,408.56,418.12,174.3,456.74,420.45,752.4,112,455.87
2470,13,120.5,404.34,414.15,171.76,456.03,426.96,773.8,101,471.16
2471,18,120.4,398.87,415.03,169.54,458.55,422.05,774.3,98,487.31
2472,16,121,390.16,422.7,166.71,453.65,413.55,756.7,98,489.88
2473,14,121.2,392.07,421.06,164.66,435.35,416.98,755.4,112,512.86
2474,15,121.2,396.89,420.38,164.79,439.52,415.65,770.4,100,520.99
2475,16,120.8,403.87,419.49,166.24,447.99,416.29,776.4,105,542.05
2476,19,120.8,408.14,416.42,170.6,448.28,414.48,762.2,110,529.6
2477,20,120.4,417.41,420.59,179.52,443.98,422.75,736.4,126,495.85
2478,18,121.3,426.59,422.57,187.32,455.44,452.82,716,116,621.72
2479,21,122.8,442.62,423.77,188.65,460.37,443.64,709.1,124,554.97
2480,12,122.7,444.47,413.69,188.36,506.46,420.81,688.4,149,505.86
2481,12,120.3,450.26,405.94,187.08,487.65,372.32,668.3,103,277.67
2482,11,118.6,440.96,405.63,191.29,468.88,405.41,638.7,99,524.23
2483,11,117.4,443.21,407.84,190.15,383.66,416.81,630.3,106,505.95
2484,10,115.5,434.87,405.28,188.55,325.04,421.61,606.1,60,498.22
2485,8,117,436.45,409.03,184.81,273.4,384.77,601.1,55,211.64
2486,7,120.8,434.25,409.61,185.68,284.57,379.43,582.3,51,206.97
2487,9,122.2,429.99,415.57,181.09,332.22,380.64,601.8,71,206.6
2488,11,121.6,425.64,421.39,178.76,407.66,376.58,599.4,72,211.32
2489,10,122.2,418.12,430.03,177.38,457.89,436.58,632.8,93,673.43
2490,9,122,411.35,428.3,176.83,469.73,448.95,638.2,95,727.05
2491,10,121.4,405.82,419.6,176.18,446.36,458.51,649.7,83,799.16
2492,7,121.8,400.79,415.04,176.05,411.48,414.51,640.9,102,426.39
2493,6,121.7,411.66,423.56,173.65,401.81,417.59,638.2,76,466.48
2494,5,121.2,413.53,420.97,172.19,394.48,423.16,645.9,78,498.58
2495,5,121,410.56,420.11,172.29,381.82,413.33,648.9,76,526.38
2496,4,120.8,405.71,406.36,171.71,371.1,417.96,647.6,69,556.58
2497,4,120.4,406.08,409.87,172.33,361.58,423.1,658.7,70,561.87
2498,4,120.4,403.76,411.07,168.62,370.04,438.78,694.5,78,564.07
2499,4,120.6,397.86,411.86,165.82,381.28,434.22,718.3,82,560.58
2500,4,120.6,402.63,411.98,167.09,398.09,429.92,715.5,87,551.54
2501,13,120.9,418.22,412.59,176.8,405.56,418.02,703.2,87,489.36
2502,11,121.7,431.05,422.95,184.29,429.73,430.61,698.3,93,584.51
2503,12,122.4,431.62,428.36,185.57,471.87,415.16,696.3,114,497.82
2504,10,123.8,429.64,424.22,185.64,512.8,399.42,674,129,435.28
2505,11,123.6,431.42,424.98,183.26,505.82,367.82,635.1,128,204.43
2506,11,125.1,425.33,425.18,182.74,428.09,404.2,605.6,99,455.11
2507,11,125,424.15,430.91,181.28,368.95,403.37,556.8,95,437.97
2508,11,122.5,421.82,416.04,181.32,336.71,405.6,535.8,77,429.44
2509,10,121.5,418.53,409.69,178.76,381.64,368.9,521.3,66,146.3
2510,11,120.9,419.01,403.95,177.9,377.4,374.27,528,69,153.19
2511,11,119.5,418.17,415.96,175.11,392.33,379.43,552.3,82,168
2512,11,118.4,417.26,414.73,172.01,403.25,379.77,571.1,110,193.62
2513,11,118,409.2,420.17,171.15,484.77,447.65,596.9,126,698.75
2514,12,118.5,402.85,418.38,170.19,522.36,447.74,622,118,751.02
2515,14,119.8,409.47,427.77,171.42,521.07,460.62,653.1,92,809.38
2516,11,121.5,411.27,424.26,170.57,465.87,408.65,685,93,401.7
2517,12,122.1,405.51,421.07,167.82,411.38,425.07,709.1,90,445.34
2518,13,123.4,395.63,412.42,165.97,376.78,428.29,725.2,76,471.21
2519,13,124.4,387.73,419.94,164.27,344.69,425.49,773.1,61,492.25
2520,11,124.7,392.14,428.54,161.72,340.8,417.49,780,63,501.65
2521,5,124.8,391.54,434.89,162.63,340.13,411.1,776.2,66,508.31
2522,6,124.9,391.23,429.72,161.29,340.16,405.06,738.9,66,497.84
2523,4,124.9,384.3,429.09,162.14,362.14,413.7,749.2,65,503.82
2524,5,124.4,381.83,429.68,164.39,473.29,418.06,750.9,83,488.72
2525,10,123.8,390.06,432.47,163.77,565.84,428.26,730.7,108,445.25
2526,13,123.8,409.06,425.63,179.08,555.57,439.44,676,176,554.7
2527,14,121.9,424.11,411.27,182.28,435.18,425.84,636.4,125,474.05
2528,14,118.9,431.06,398.27,181.49,345.85,406.31,600,88,401.89
2529,13,117.9,438.62,390.86,182.44,331.86,372.77,573,106,151.21
2530,11,118.5,433.44,395.36,183.13,314.19,403.24,535.6,76,371.12
2531,12,119.2,436.14,405.95,181.6,292.74,398.8,501.1,68,348.96
2532,10,118.6,421.7,400.93,177.14,262.7,398.12,474,55,341.55
2533,10,117.3,423.96,402.44,174.43,247.74,366.71,463.6,55,75.88
2534,8,116.5,418.88,396.68,172.3,232.53,364.83,457.8,46,88.52
2535,8,115.7,415.23,407.28,167.31,284.2,365.43,463.6,58,108.17
2536,10,114.8,410.56,405.46,165.96,338.67,364.2,476.9,65,139.87
2537,11,115.2,395.17,412.19,164.53,390.78,438.56,525.2,83,619.02
2538,11,114.6,387.95,417.65,162.77,405.48,448.96,559.5,90,667.11
2539,9,116.3,389.92,419.62,162.93,457.96,465.91,603.4,121,717.67
2540,11,118.6,391.58,416.3,162.71,488.75,409.78,617.7,108,319.35
2541,13,119.5,392.5,417.21,160.8,500.78,408.66,645.1,101,360.67
2542,13,118.5,375.84,414.23,159.49,458.5,398.08,671.2,82,397.63
2543,9,117.6,380.23,409.4,157.03,442.7,399.36,684.3,81,436.84
2544,5,117.4,382.27,399.92,156.4,424.68,409.03,681.5,80,454.51
2545,5,116.7,388.08,404.39,156.59,434.01,415.84,666.7,82,460.35
2546,4,116.6,379.71,397.23,157.02,448.2,418.13,674,87,460.57
2547,4,116.9,374.21,406.41,158.01,478.01,422.8,685.6,92,458.69
2548,6,117.4,376.88,407.97,158.6,598.61,424.63,679.7,90,445.92
2549,12,117.9,387.31,419.16,162.95,673.24,418.73,655.8,137,406.36
2550,13,118.3,397.32,405.53,163.82,634.25,421.96,603.5,156,521.77
2551,14,117.9,402.18,395.48,164.04,482.18,410.85,556.1,90,445.95
2552,13,115.3,409.8,394.12,164.66,367.21,400.73,521.8,57,368.8
2553,11,114.7,408.77,396.96,164.45,343.1,373.49,526.1,81,128.94
2554,10,114.9,403.91,396.98,163.56,326.37,399.11,511.1,60,371.62
2555,10,115.3,386.96,393.11,162.05,293.69,395.23,484.8,62,356.69
2556,6,115.9,381.81,397.14,154.11,285.38,394.35,448.8,46,356.94
2557,6,115.5,381.35,401.82,159.66,266.78,354.89,429.3,39,78.96
2558,6,114.3,381.7,398.43,157.18,267.18,355.48,407.4,39,80.72
2559,7,114.1,387.64,398.04,156.81,270.51,357.29,396.4,40,81.28
2560,5,113.5,387.07,392.1,157.91,347.93,360.91,419.8,49,87.01
2561,9,113.2,392.92,400.1,156.56,424.57,437.83,462.5,96,574.81
2562,10,113.4,390.76,398.57,156.35,477.59,442.05,508.2,86,624.96
2563,12,115.1,390.12,406.3,156.3,475.63,454.83,532.2,86,693.01
2564,10,117.6,381.56,403.13,156.6,449.72,394.72,551.3,97,293.83
2565,10,118.5,375.33,405.81,156,413.19,398.74,561.8,78,342.07
2566,12,118.9,378.94,408.95,155.02,365.97,398.46,574,66,375.78
2567,10,119.5,381.3,411.55,154.29,341.12,397.58,577.1,53,395.41
2568,5,120.3,375.15,417.92,154.01,325.69,405.36,601.2,45,416.51
2569,4,120.4,366.5,417.04,154.23,331.47,414.66,616.9,49,433.29
2570,4,120.7,370.76,426.06,154.09,336.24,418.75,643.4,54,446.78
2571,4,121.3,379.94,422.2,154.76,377.21,414.91,631.3,56,456.96
2572,4,121.9,391.25,429.32,154.45,482.12,413.41,606,68,436.76
2573,10,121.8,387.25,427.12,151.68,558.64,405.41,561.6,137,397.7
2574,11,122.1,384.34,430.08,151.91,557.5,431.21,534.2,158,512.39
2575,10,120.5,380.11,420.59,151.93,466.59,418.92,498.1,96,426.3
2576,12,117.3,384.78,405.42,151.67,394.91,408.3,479,64,342.81
2577,11,115.4,384.75,395.07,150.99,357.61,365.78,455.2,75,96.97
2578,12,116.1,376.67,396.29,150.26,319.52,397.89,447.8,53,338
2579,10,115,368.15,397.2,148.94,299.68,395.22,427.8,62,339.46
2580,12,113.7,366.73,400.56,149.4,268.51,396.86,417.5,63,341.88
2581,10,113,365.28,392,149.19,265.98,361.87,414.3,54,83.58
2582,11,112.6,371.83,389.16,150.3,245.36,357.42,419.8,48,84.11
2583,10,112.3,380.26,376.86,151.73,278.58,354.64,432.1,56,84.12
2584,12,111.8,397.04,379.93,154.1,296.69,355.6,450,75,83.65
2585,9,111.5,409.84,389.07,155.05,349.59,426.07,483.7,63,552.1
2586,9,112,410.97,402.37,156.02,395.56,431.6,526.1,103,602.03
2587,11,114.1,404.75,410.46,156.91,444.27,441.59,567,87,671.17
2588,11,116.7,390.01,414.41,158.2,440.95,391.26,584.9,121,281.68
2589,11,119.1,375.64,419.67,156.8,409.59,403.62,580,81,343.22
2590,11,118.8,371.59,421.55,156.28,367.13,408.38,588.3,52,379.33
2591,5,119.5,371.36,423.13,154.35,345.2,410.87,600.1,51,413.75
2592,4,120.2,375.04,413.36,154.44,338.25,414.25,621,55,438.28
2593,7,119.7,372.03,406.54,154.13,348.99,415.36,627.3,57,461.36
2594,4,119.5,376.5,398.33,154.49,366.05,416.86,643.9,64,478.6
2595,4,120.3,379.72,413.74,156.62,390.44,415.94,650.3,61,478.82
2596,4,121.9,394.55,418.85,159.93,473.86,408.75,626.2,79,465.44
2597,12,123.4,407.77,424.63,169.38,550.57,400.04,585.4,122,410.07
2598,12,123.9,423.2,419.49,174.18,559.84,413.36,540.8,153,505.69
2599,11,121,421.6,410.94,175.68,457.63,395.74,507.7,126,406.26
2600,10,118.1,419.14,406.98,176.52,344.47,387.74,466.5,40,327.1
2601,11,117.2,409.52,391,175.49,269.93,356.82,425.3,39,93.42
2602,12,116.7,406.85,392.16,173.89,237.2,408.6,400.7,42,346.57
2603,9,116,403.6,389.61,172.98,217.65,401.72,391.8,43,347.48
2604,10,115.5,409.99,391.84,170.09,205.99,397.13,387.2,47,348.72
2605,6,115.4,407.9,396.7,173.49,210.68,353.18,377,22,80.42
2606,10,114.4,408.69,395.24,172.09,213.36,353.57,374.5,34,82.34
2607,8,114.7,404.42,403.89,167.47,248.43,357.03,394,46,82.46
2608,6,114.7,402.57,400.51,165.12,283.64,352.8,431.3,50,81.1
2609,7,114.7,400,406.01,165.67,343.78,434.51,475.7,70,553.23
2610,10,114.7,395.86,399.93,165.74,398.64,440.04,528.8,71,590.67
2611,8,116.5,396.47,407.72,165.07,476.31,450.39,550.7,106,660.77
2612,8,119,396.41,410.82,165.46,494.45,387.09,559,103,269.42
2613,7,120.2,397.2,428.41,163.41,466.72,394.04,543.9,75,333.56
2614,8,120.3,391.21,429.63,162.91,393.17,399.81,557.8,52,377.93
2615,8,119.9,387.25,426.11,159.9,373.65,400.33,570.8,42,426.54
2616,4,119.7,391.63,419.26,158.67,361.88,410.04,588.9,40,459.63
2617,4,120.6,385.48,419.03,158.72,365.87,418.24,600.2,42,486.69
2618,4,121,393.1,427.55,158.51,352.11,421.24,621.3,42,495.58
2619,4,121.4,389.38,432.89,159.24,379.13,418.98,610.7,44,501.8
2620,7,121.4,403.21,431.67,161.81,454.03,413.68,579.6,47,474.7
2621,10,122.4,409.29,420.8,170.87,515.17,401.29,542.5,102,405.06
2622,10,121.4,416.14,407.05,177.82,493.68,415.22,518.9,171,480.92
2623,10,120.2,422.02,397.01,178.42,385.99,393.74,490.1,76,366.07
2624,12,118,423.64,394.88,178.26,285.06,382.48,459.1,49,295.03
2625,10,117.7,423.29,401.8,176.81,238.66,348.99,427.4,42,76.21
2626,11,116.2,428.59,412.58,175.48,216.97,395.42,413.1,27,342.43
2627,11,114.9,428.96,414.69,174.78,209.2,404.7,398.7,49,344.28
2628,7,113.9,435.78,411.16,175.55,211.96,406.14,391.1,35,344.75
2629,4,114,428.18,398.86,174.79,205.55,360.61,387.2,36,80.08
2630,4,114.9,413.43,390.68,172.86,206.79,364.01,379.1,35,81.76
2631,10,115.4,401.32,383.15,167.4,245.99,362.59,379.8,29,82.76
2632,9,115.2,395.1,378,164.49,297.09,361.71,387.2,45,82.96
2633,10,115,389.35,385.82,162.99,337.72,427.5,430.3,62,527.1
2634,10,116.2,378.55,390.84,163.01,337.64,432.07,475.3,59,552.85
2635,7,117.8,378.82,405.21,163.87,331.45,449.38,515.7,52,590.97
2636,7,119.8,381.88,410.63,162.82,315.03,391.21,537.8,57,196.87
2637,7,121,386.09,412.61,162.12,275.57,395.17,559.7,48,238.9
2638,5,119.9,380.32,414.32,161.66,231.49,388.35,576.3,44,284.33
2639,5,119.4,382.17,409.66,158.91,196.96,385.03,580.4,29,321.72
2640,3,119.4,378.84,412.71,158.09,224.85,380.42,585.2,26,347.21
2641,3,119.8,368.82,407.2,158.02,262.79,387.67,591.7,24,351.23
2642,3,120.6,366.04,415.58,157.26,321.34,396.38,609.4,24,361.34
2643,4,120.2,363.89,416.53,158.48,340.72,408.91,585.3,34,375.81
2644,4,120.4,381.88,424.63,161.01,366.87,409.29,552,38,376.15
2645,8,121.3,393.25,414.9,170.46,377.21,399.99,513.3,40,325.48
2646,7,120.7,411.39,414.68,174.45,413.92,420.72,495.9,59,412.07
2647,10,118.5,416.27,408.41,176.34,424.67,406.88,469.1,81,324.02
2648,11,116.9,413.49,399.79,175.53,449.16,395.77,430.3,73,274.21
2649,10,116.1,413.41,397.62,176.25,428.08,356.32,404.5,80,79.63
2650,10,115.2,420.83,391.55,173.97,422.41,403.23,388.3,79,372.59
2651,11,115,435.25,397.87,176.04,386.93,401.9,376.5,99,374.37
2652,10,113.6,441.42,397.63,177.64,333.18,410.58,368.5,52,375.5
2653,10,112.8,436.69,400.38,178.23,295.91,361.57,372.6,61,82.16
2654,11,112.5,421.23,392.32,174.47,267.21,362.09,409.1,38,93.87
2655,10,112.1,418.05,384.3,169.77,281.93,358.75,466.8,55,106.15
2656,10,112.3,406.11,385.75,168.86,296.98,365.13,524.3,55,134.82
2657,11,112.5,405.48,395.83,166.32,324.75,430.02,545.7,66,629.45
2658,10,113.7,399.03,400.54,166.67,370.2,436.78,546,62,664.64
2659,8,117,403.81,402.93,166.96,377.79,433.23,538.7,63,691.32
2660,9,120.4,407.69,409.85,166.24,393.14,387.93,560.5,79,252.97
2661,6,119.7,402.66,406.3,165.38,367.48,385.73,582.9,52,288.27
2662,6,117.7,392.57,406.89,163.87,367.07,399.96,603,46,334.59
2663,5,116.6,382.16,398.95,160.15,345.08,396.55,597.3,40,351.05
2664,4,116.7,386.39,405.18,159.77,343.75,404.95,591.5,36,351.48
2665,5,117.8,398.03,403.14,161.29,353.2,395.79,586,36,331.49
2666,3,118.1,396.96,409.85,161.81,369.87,396.18,601.6,40,330.45
2667,4,118.3,392.34,411.36,162.91,376.65,390.06,613.2,43,342.6
2668,4,119.1,392.6,420.27,166.53,382.15,400.58,639.8,46,370.93
2669,5,119.7,405.15,424.15,175.43,384.02,395.43,668.4,51,406.87
2670,9,120,416.2,423.34,184.25,396.15,432.78,705.7,59,606.97
2671,11,119,428.8,420.42,185.52,430.76,438.99,720.7,83,622.42
2672,9,117.2,432.99,414.08,183.58,504.28,445.79,743.4,98,622.85
2673,10,116.7,436.52,413.49,178.47,527.27,416.33,767.8,100,445.71
2674,9,116.8,426.9,413.03,179.08,509.55,453.96,801.4,102,705.87
2675,10,115.6,424.32,406.24,177.66,451.04,456.07,791.3,98,701.19
2676,8,115.5,421.24,398.52,176.64,384.36,448.97,786.5,71,701.7
2677,9,115.4,427.01,390.82,176.94,341.57,400.61,790.7,51,430.66
2678,9,114.7,420.65,391.09,174.25,329.82,397.41,846.8,48,430.62
2679,7,114.1,413.09,403.59,169.34,375.05,403.22,860.1,64,419.8
2680,10,114.3,398.35,399.47,167.2,449.79,404.63,838.8,85,413.88
2681,8,113.9,392.98,407.11,164.54,494.66,472.65,783.7,138,868.52
2682,11,113.7,390.73,400.29,162.75,534.31,476.45,747.6,106,865.63
2683,10,114.9,395.27,411.11,163.7,523.34,477.51,730.8,116,876.24
2684,10,116.5,407.02,405.62,163.66,508.85,406.19,723.2,76,418.08
2685,10,117.7,403.82,400.94,164.33,463.44,403.95,723,71,423.77
2686,6,117.4,393.57,402.56,160.74,435.14,409.96,723,65,416.91
2687,4,117.4,383.25,406.41,160.11,401.27,415.63,709.6,54,424.98
2688,4,117.2,382.2,416.93,158.1,403.64,412.91,705.3,58,431.4
2689,4,117.9,392.12,415.43,158.19,395.59,408.88,717.1,61,434.75
2690,4,117.9,394.53,420.53,159.61,410.97,407.4,724,63,432.33
2691,3,118.2,398.85,415.92,160.25,435.43,410.97,720.6,65,436.63
2692,7,118.1,396.14,410.72,161.33,552.17,402.01,707.4,75,431.3
2693,11,118.9,400.43,398.65,170.49,606.09,401.17,710,110,421.05
2694,13,118.8,409.59,396.73,177.39,569.49,421.96,706.8,155,568.59
2695,11,116.9,423.56,395.38,180.03,428.57,428.92,702.2,88,533.5
2696,13,115.3,430.07,396.16,179.33,330.68,418.4,683.9,48,495.08
2697,10,114.8,432.62,390.2,178.76,313.99,384.01,663.7,62,300.37
2698,13,114.1,425.39,391.6,178.8,310.51,420.01,644.1,51,578.97
2699,9,113.7,426.51,397.44,177.74,317.08,428.4,626.2,58,566.03
2700,12,112.9,423.33,401.02,177.46,330.42,430.32,630.3,66,545.27
2701,10,113.6,427.03,392.33,172.81,359.1,385.47,627.1,62,239.96
2702,10,113.2,418.05,391.77,168.91,400.58,375.53,642.5,58,225.29
2703,5,112.8,403.73,387.88,164.56,458.34,374.54,621.7,68,214.92
2704,9,112.7,386.56,398.31,163.27,479.02,371.61,610.4,88,216.19
2705,9,113.4,377.96,399.26,160.57,477.15,436.53,603,112,695.44
2706,8,113.9,390.83,405.99,160.2,486.21,443.55,618.2,85,727.72
2707,7,115.4,406.38,409.45,163.59,489.08,449.12,651.4,91,759.98
2708,9,115.8,405.74,402.54,162.62,492.49,397.16,667.4,91,330.97
2709,11,116.4,395.2,399.04,160.62,445.91,398.3,688.3,92,356.02
2710,9,116.2,383.72,392.25,159.66,419.76,408.76,676.1,55,383.53
2711,4,116.3,382.38,397.46,158.88,397.54,404.28,690.4,51,401.15
2712,4,116.5,378.69,411.81,154.33,386.3,409.62,707.4,52,410.02
2713,5,115.6,383.99,409.18,155,374.01,407.53,738.1,55,413.21
2714,3,115.8,383.55,404.71,157.11,369.74,407.53,749.1,49,434.52
2715,4,116.6,383.9,391.2,156.95,376.57,402.99,740.6,54,457.2
2716,6,116.3,380.67,396.22,156.45,456.86,399.83,727.7,57,458.58
2717,11,116.3,388.75,403.49,161.03,533.35,404.92,704,143,432.83
2718,11,116.8,390.46,406.83,163.15,511.66,426.41,711,115,579.29
2719,11,116.8,389.18,405.2,162.36,427.43,421.39,712.5,106,555.88
2720,10,115.8,390,409.46,163.7,344.77,416.35,719,72,543.57
2721,11,115.5,396.82,409.6,165.25,319.03,396.14,703.9,65,347.2
2722,10,116.3,405.01,414.52,165.89,280.56,439.48,714.1,62,598.83
2723,10,116.3,405.32,414.43,165.04,270.54,437.66,706.7,53,581.58
2724,6,115.8,409.39,410.42,164.84,274.67,433.52,703.9,44,571.44
2725,9,115.5,398.57,402.18,159.56,276.72,389.3,688.3,48,310.57
2726,7,115.8,395.06,392.77,158.36,266.19,396.64,705.7,35,303.96
2727,6,115.9,385.16,393.45,157.11,294.97,402.12,710.3,45,312.69
2728,9,115.4,380.28,388.25,155.98,367.68,403.49,725.5,84,308.42
2729,8,114.9,377.06,396.08,155.39,448.17,466.46,737.9,93,767.22
2730,10,115.5,375.82,403.01,156,542.56,463.12,741.3,77,789.24
2731,10,118.8,372.66,416.51,155.65,552.88,467.84,758.2,113,821.16
2732,11,121.1,372.43,417.88,154.96,517.21,406.59,759.9,106,387.83
2733,10,121.4,371.89,422.08,152.9,421.09,403.02,777.4,83,397.6
2734,11,122.4,378.46,419.13,151.6,372.79,405.44,760.2,56,405.47
2735,6,122.7,370.24,420.43,151.93,347.36,407.04,750.9,46,431.81
2736,3,122.2,369.36,420.39,151.58,346.13,421.96,747.6,47,447.09
2737,4,121,370.99,417.52,151.82,356.95,431.02,759,49,454.79
2738,4,120.9,379.6,420.99,151.79,363.55,426.64,776,49,462.37
2739,7,120.8,379.53,412.92,152.69,406.7,416.57,760.2,55,463.32
2740,6,120.5,379.32,414.86,151.46,503.03,406.69,732.4,58,451.79
2741,11,121.1,382.34,411.05,156.51,579.2,411.2,699,132,422.72
2742,12,122.5,382.81,421.71,158.46,559.96,438.29,688.2,151,570.22
2743,11,121.8,382.09,427.14,159.86,455.61,447.75,694.5,88,551.72
2744,10,119,383.11,422.61,161.44,371.59,443.42,712.5,59,550.92
2745,11,117,383.18,410.26,162.58,354.2,420.33,734.8,61,361.65
2746,7,116.5,385.59,406.29,159.15,335.16,447.54,759.6,62,625.47
2747,5,114.8,375.51,400.49,160.2,322.28,438.88,743.7,48,599.7
2748,6,115.1,374.16,402.78,158.65,282.15,440.76,745.1,50,593.67
2749,6,116.1,375,399.71,158.58,285.53,396.11,723.9,44,329.74
2750,5,115.2,381.15,399.37,158.04,284.93,402.89,751.1,48,347.53
2751,8,115.3,387.15,396.24,157.16,309.74,396.62,767.6,51,373.69
2752,7,114.9,388.33,388.75,156.49,320.83,401.78,781.4,69,380.17
2753,10,115.2,385.54,398.5,157.12,365.42,472.27,789.5,81,869.7
2754,10,113.9,384.39,401.46,157.71,434.65,474.52,794.7,103,889.06
2755,11,115,378.09,402.22,157.37,500.06,477.12,791.6,95,926.13
2756,10,117.5,373.29,402.14,156.78,506.29,405.38,774,110,462.22
2757,10,119,368.5,405.66,156.99,455.83,408.13,754.7,85,456.96
2758,6,119.6,369.51,413.63,157.46,408.62,408.48,770.4,59,455.64
2759,6,119.8,373.49,406.76,155.44,372.17,411.96,765.1,45,469.08
2760,4,119.6,381.56,404.56,157.38,365.06,406.86,756,49,476.06
2761,4,120,385.92,406.28,157,365.02,406.05,732.7,52,458.26
2762,4,121.5,390.1,409.38,156.56,373.46,407.3,730.4,58,449.61
2763,6,121.7,385.46,421.43,159.37,402.49,405.26,737.9,57,449.37
2764,5,121.9,395.9,427.91,160.65,510.5,406.34,758.5,70,446.12
2765,11,122.5,410.08,440.27,168.93,612.42,406.39,762.6,128,443.79
2766,13,122.3,424.6,434.7,176,601.07,437.59,767.3,159,597.86
2767,11,120.7,432.31,428.55,178.83,483.83,433.21,766.8,125,579.49
2768,11,116.3,420.12,408.75,178.6,382.38,425.36,788.2,71,556.63
2769,12,115.3,418.17,399.68,168.63,351.1,398.05,801.5,60,361.55
2770,10,116,416.84,399.27,175.23,347.43,440.64,802,63,630.76
2771,12,115.4,425.44,405.45,174.41,325.55,443.9,768.1,47,619.62
2772,7,115.6,424.1,406.08,174.49,307.35,442.11,753,53,604.15
2773,6,116.3,413.06,405.98,173.42,283.22,401.47,752.2,42,301.99
2774,6,117,411.5,408.51,170.97,280.77,401.35,769,51,288.1
2775,7,119.2,399.52,410.76,167,326.2,389.55,765.7,64,291.2
2776,9,119.4,397.61,411.65,165.43,393.92,385.22,752.2,74,302.04
2777,12,120.6,389.6,413.89,163.75,469,442.95,740.7,88,799.35
2778,8,119.8,394.6,419.37,162.96,494.15,460.21,760.2,87,823.72
2779,11,118.8,395.89,418.74,163.24,539.36,467.43,748.4,94,870.79
2780,10,119.1,400.93,417.35,164.94,528.41,412.56,768.1,127,427.96
2781,12,119.2,400.01,413.14,162.92,506.48,413.91,756.7,89,460.39
2782,11,119.2,388.87,418.59,160.76,434.11,420.93,774.3,66,478.99
2783,4,118.7,380.97,408.12,157.81,397.31,427.66,776.1,61,499.78
2784,5,118.2,380.49,409.67,157.05,399.29,426.12,779.2,61,506.67
2785,3,118.9,387.94,401.45,156.15,392.14,428.52,783.3,63,516.58
2786,4,120,393.91,412.29,156.14,405.76,426.32,778.9,65,515.38
2787,4,119.1,391.31,410.93,158.16,423.55,420.65,777.9,68,520.89
2788,5,119.3,397.2,409.76,160.85,508.57,411.06,759.2,82,488.38
2789,10,120,395.93,411.61,167.5,568.09,402.04,732.9,130,432.54
2790,12,121.7,413.16,416.36,176.44,555.98,426.74,697.6,147,530.58
2791,11,121.1,421.27,420.67,179.99,464.28,421.39,658.9,118,461.04
2792,11,120,432.32,416.14,178.56,381.78,412.33,617.2,79,409.2
2793,12,119.8,425.3,410.74,177.01,337.92,368.36,579.7,66,188.7
2794,11,118.9,422.35,417.22,176.64,344.33,410.03,548.4,54,443.24
2795,11,117.8,423.14,413.42,176.18,350.36,411.34,523.6,72,431.19
2796,10,117.2,424.12,414.25,176.97,363.74,411.53,519.5,58,433.64
2797,9,116.5,419.09,404.72,178.53,345.82,357.32,542.4,60,161.86
2798,6,116.6,414.65,411.31,178.94,333.02,359.9,564.8,57,176.22
2799,6,117.1,413.04,406.37,173.61,331.37,368.93,592,69,201.16
2800,7,116.3,418.88,404.68,171.54,363.44,383.63,603.5,81,224.65
2801,9,117.1,417.1,401.24,166.84,407.61,450.43,626.7,88,714.98
2802,8,117.6,413.55,404.45,166.41,455.27,456.68,638.1,95,741.85
2803,7,118.2,402.58,407.53,166.63,496.86,456.52,666.1,88,788.91
2804,7,120,396.93,416.83,167.7,491.98,400.85,700.7,121,381.7
2805,9,121,386.11,416.23,166.1,477.93,409.35,721.9,94,436.53
2806,6,120.3,385.58,417.52,162.04,439.18,421.52,749.6,75,459.27
2807,5,120.5,378.84,413.56,159.49,433.01,425.05,775.2,97,467.02
2808,4,120.4,379.06,422.13,156.93,436.46,426.23,775.9,92,470.53
2809,4,120.2,373.42,429.1,155.12,441.47,424.38,767.8,72,482.38
2810,4,121.4,373.01,433.11,156.04,439.79,429.09,747.3,73,480.11
2811,4,122.2,378.73,430,158.12,438.11,422.41,749.8,79,481.19
2812,3,122.3,385.66,427.88,162.63,438.96,413.51,750,82,464.77
2813,8,122.8,401.57,432.73,171.08,444.09,401.47,727.3,79,420.31
2814,7,123.5,410.69,442.13,177.89,453.04,424.81,693.2,72,536.84
2815,8,122.6,414.97,441.7,178.16,493.26,415.71,649.6,96,469.63
2816,11,120.1,415.09,430.49,178.21,523.82,400.2,606.5,84,425.69
2817,12,117.4,410.37,416.98,177.94,523.92,368.5,567.4,89,220.3
2818,11,115.9,409.98,406.93,176.9,462.16,411.54,540.3,92,494.38
2819,9,115,412.41,398.74,177.18,391.08,423.85,532.7,84,495.72
2820,8,114.1,413.78,398.31,177.56,319.82,422.74,546.5,75,481.17
2821,8,113.4,413.96,399.94,175.91,278.89,379.93,542.9,53,193.24
2822,8,112.5,410.5,397.22,176,291.86,372.04,545.8,72,196.32
2823,7,111.6,413.51,395.45,173.35,344.25,374.09,562.1,80,211.49
2824,7,111.6,417.28,393.5,169.54,416.2,375.36,602.3,97,232.27
2825,8,111.7,413.4,405.58,167.62,465.41,452.92,635.1,97,705.12
2826,11,114.2,414.63,404.77,166.72,455.89,460.07,656.5,86,738
2827,11,114.5,408.4,409.53,165.55,449.1,472.54,648.2,70,767.41
2828,9,115.1,401.37,406.22,166.06,422.55,407.62,658.4,81,355.08
2829,6,116.6,390.52,413.93,164.67,432.69,411.22,676.6,65,373.27
2830,6,117.9,386.73,422.02,164.86,415.24,403.6,714.8,65,401.06
2831,6,118.9,387.75,420.7,162.54,411.65,408.15,730.6,71,414.2
2832,4,119.1,390.05,419.03,158.62,406.1,413.33,723.7,67,455.01
2833,4,119.6,393.02,420.74,157.77,406.05,421.13,720.5,66,465.38
2834,4,120.9,401.56,424.42,157.85,396,419.85,712.5,56,481.74
2835,4,121.3,395.51,421.18,158.18,389.69,414.65,714.7,58,459.24
2836,7,123.3,394.82,416.12,163.41,388.51,417.33,691.2,59,441.9
2837,4,125.1,404.19,416.01,172.11,401.07,404.2,664.3,58,382.57
2838,7,124.6,421.91,418.19,180.4,434.01,429.05,624.4,86,516.37
2839,8,120.5,423.87,408.56,182.01,478.85,415.96,604.5,85,452.38
2840,8,115.8,419.75,405.61,179.19,505.58,414.28,579.3,103,417.82
2841,11,115.1,414.28,398.19,177.95,511.17,379.18,567,97,203.5
2842,10,115.2,423.31,408.04,177.32,498.27,417.29,527.9,106,466.07
2843,12,114.5,421.9,399.39,178.4,453.08,415.85,508.3,102,469.15
2844,12,115,420.88,401.22,177.83,425.58,419.38,480,100,479.51
2845,12,117.1,413.01,395.69,173.93,361.4,378.69,507,66,208.72
2846,11,116.8,407.7,405.34,173.08,376.42,379.33,524.3,81,210.67
2847,12,116.8,404.85,412.52,169.05,370.73,381.48,562.5,80,212.37
2848,11,118.1,400.31,410.27,165.79,395.18,384.54,573.9,75,220.63
2849,7,117,393.62,417.52,163.73,411.79,459.24,614,79,696.62
2850,7,117.3,392.64,406.19,162.78,432.92,462.23,637,103,727.76
2851,7,117.9,387.45,414,162.76,449.81,466.92,681.7,116,768.34
2852,7,118.4,388,400.5,163.63,442.46,409.74,717.6,91,369.99
2853,7,118.3,383.71,409.54,161.83,425.69,417.11,750.4,87,420.58
2854,11,117.6,384.52,409.35,159.57,401.55,422.04,779,92,480.65
2855,4,116.7,376.14,416.79,157,382.03,423.47,813.7,73,515.88
2856,4,116.3,378.28,406.94,156.08,374.25,421.8,827.5,68,546.8
2857,4,116,376.46,399.92,154.14,386.8,432.88,814.8,67,569.94
2858,4,115.9,378.53,398.61,154.35,392.25,428.86,778.6,69,584.76
2859,4,115.6,383.36,407.47,154.65,405.81,432.19,734,78,584.97
2860,5,115.5,393.02,410.33,158.07,437.1,426.02,675.6,84,536.26
2861,9,116.3,409.37,398.89,165.8,459.26,416.55,611.2,112,455.92
2862,12,116.8,409.31,403.76,172.58,458.28,428.67,574.2,111,554.58
2863,12,117,417.83,406.75,173.95,443.99,415.97,544.3,83,479.79
2864,10,115.9,411.55,414.5,173.88,413.93,411.83,534.4,93,425.05
2865,7,115.7,413.14,405.23,163.53,382.41,379.76,528.6,70,198.75
2866,12,114.6,408.67,402.04,169.7,345.61,410.93,533.4,57,446.7
2867,9,113.3,413.22,403.84,169.43,349.77,405.73,525.7,48,431.68
2868,7,112.9,411.43,400.93,167.73,358.62,402.58,511.4,50,422.02
2869,12,111.9,414.15,392.6,166.18,359.17,360.02,497.4,62,147.48
2870,9,111.3,413.08,387.1,165.3,359.11,357.85,510.2,56,146.51
2871,9,111.7,405.22,385.88,162.9,377.6,364.56,529.5,70,146.51
2872,9,111.7,395,388.09,159.42,387.78,369.63,569.2,91,153.13
2873,9,112.6,384.91,387.57,156.6,393.45,443.13,573.1,70,616.68
2874,6,113.9,383.73,393.49,155.05,388.8,441.93,607.5,86,651.76
2875,7,114.8,379.33,401.73,153.72,399.75,446.87,654.1,85,708
2876,9,115.3,370.3,410.26,154.07,390.01,386.87,696.4,93,314.28
2877,6,115.9,368.89,413.31,152.34,385.5,392.65,707.4,73,357.12
2878,5,115.6,360.14,408.99,151.58,378.97,394.9,689.2,69,384.83
2879,6,115.5,372.52,406.25,150.26,376.91,406.17,681.2,66,426.38
2880,4,116.2,374.66,409.96,153.6,364.01,406.15,684.9,66,471.41
2881,12,117.6,387.23,416.47,153.16,363.19,416.83,680.9,63,513.45
2882,5,117.6,383.04,424.46,152.95,365.53,414.11,678,68,539.59
2883,4,118.2,386.16,418.33,152.72,367.29,426.27,651.3,68,542.04
2884,4,119,380.16,413.67,153.18,367.8,419.51,616.1,70,500.64
2885,5,119.6,380.75,405.52,154.39,377.91,414.14,593.2,77,423.26
2886,7,118.4,381.92,401.63,156.23,409.8,421.64,560.7,75,522.62
2887,11,115.2,389.62,391.57,156.87,453.02,416.71,537.5,102,452.97
2888,11,113.2,394.45,388,157.83,502.25,403.76,502.7,106,408.91
2889,13,112.6,393.64,388.28,159.68,512.4,373.69,503.9,115,194.77
2890,12,112.8,387.22,397.86,161.8,475.72,402.3,498.7,112,470.61
2891,10,113.4,384.54,397.19,160.1,413.96,405.34,509,99,465.71
2892,10,112.5,386.19,389.99,159.75,367.05,406.48,496.2,85,458.7
2893,10,113,391.07,383.06,161.64,343.94,365.54,505,66,168.15
2894,10,112.8,393.73,380.46,162.88,342.88,360.84,513.4,54,158.31
2895,11,112.5,389,385.47,164.52,376.51,357.29,542.4,55,163.34
2896,12,112.1,388.66,381.09,163.4,409.26,359.47,562.3,89,185.4
2897,9,112,389.7,385.01,161.67,455,431.69,574.6,86,689.6
2898,10,113,391.39,386.14,161.82,514.6,448.39,609.7,152,724.94
2899,11,114.5,388.16,401.34,160.16,532.18,460.32,645,117,763.5
2900,8,116.5,382.52,406.27,152.17,517.08,400.03,678.2,116,333.7
2901,12,117.9,372.89,417,150.86,444.64,396.16,675,84,364.67
2902,7,118.7,368.35,416.21,150.85,407.57,391.17,659,70,367.23
2903,6,120.1,368.14,417.33,150.48,376.1,388.42,645.4,70,369.11
2904,5,119.9,375.58,416.18,150.92,356.64,386.36,638.1,52,367.39
2905,4,119.6,379.75,413.94,151.21,347.06,387.52,641.8,54,379.76
2906,4,118.2,380.56,408.26,150.47,338.72,397.61,639.5,56,382.39
2907,4,116.9,377.98,397.68,150.44,377.04,408.5,623.2,58,387.06
2908,5,117.3,372.61,395.98,152.31,491.3,414.72,602.2,68,370.28
2909,12,118.4,372.91,403.39,152.63,550.17,402.69,570.1,102,334.49
2910,12,118.7,375.49,416.53,153.52,528.06,415.2,540.3,119,462.58
2911,11,117.5,377.9,411.51,154.92,415.5,406.83,517.1,100,413.93
2912,12,114.8,374.65,394.82,155.57,343.19,404.94,510.7,58,369.96
2913,10,113.1,367.45,386.18,155.08,304.19,378.04,496.9,61,155.93
2914,11,113.4,371.77,390.14,155.81,302.51,407.15,477.2,56,418.06
2915,10,112.5,373.94,389.43,156.27,298.93,405.31,457.3,49,414.27
2916,10,111,384.6,370.22,156.08,309.41,400.28,463,44,420.99
2917,5,109.8,380.36,359.96,155.46,282.86,364.81,479.2,49,141.17
2918,6,109.7,383.89,361.02,155.2,291.1,358.27,496.2,50,142.12
2919,10,108.8,383.42,367.88,155.04,308.77,352.38,521.7,57,135.96
2920,7,109.3,388.34,374.54,155.04,357,360.39,559.4,84,147.36
2921,8,109.9,387.4,381.88,154.76,405.74,444.17,599.9,109,635.41
2922,11,111.4,383.82,389.3,154.79,429.4,451.97,627.3,109,681.75
2923,9,111.6,390.06,399.42,155.4,454.67,447.28,636.9,107,732.28
2924,13,112.6,390.88,399.61,155.55,468.68,379.54,644.1,122,312.04
2925,11,113,386.12,400.78,155.33,456.23,388.37,664.4,92,338.5
2926,10,112.8,383.05,392.31,154.94,427.6,393.92,671.6,81,373.85
2927,6,113.3,384.27,395.54,154.59,396.33,408.43,667,69,410.84
2928,4,113.5,389.9,400.91,153.55,391.48,419.89,659.5,68,458.18
2929,4,114.9,379.84,399.33,153.17,400.12,426.37,654.1,71,486.24
2930,4,114.9,375.65,397.22,151.56,395.05,426.63,675.2,76,513.11
2931,4,115.3,384.15,393.25,153.17,424.56,423.02,667.7,83,511.91
2932,5,115.7,400.95,396.96,157.96,507.03,426.39,645.1,87,481.55
2933,10,116,408.58,406.81,168.05,560.13,406.84,586.3,122,406.42
2934,12,116.9,419.62,414.97,176.55,531.81,422.22,520,158,499.12
2935,11,117.4,424.09,415.09,179.95,413.11,415.29,477.3,86,413.04
2936,11,116.3,423.75,410.6,180.26,327.71,414.8,472,41,354.66
2937,12,115.6,420.31,404.15,179.27,305.54,383.11,473.9,51,144.31
2938,9,115.5,421.47,400.84,175.75,321.25,402.9,468.9,53,385.81
2939,7,116.3,419.81,402.67,174.91,349.36,399.67,445,61,372.59
2940,4,115.9,411.97,401.49,175.1,375.53,397.09,433.6,74,359.95
2941,4,115.8,403.45,395.11,174.3,392.71,362.59,443.6,65,94.68
2942,8,115.6,406.92,381.17,172.46,419.58,359.25,453.4,70,104.45
2943,6,114.9,398.86,385.38,167.37,466.57,359.56,485.6,80,118.67
2944,11,114.8,398.17,387.9,164.53,529.61,367.71,510.3,95,142.05
2945,13,115.2,396.08,405.27,163.4,559.71,431.4,537.4,107,636.79
2946,12,114.5,401.37,402.22,163.38,551,436.05,541.6,118,663.53
2947,13,115.5,398.44,414.24,163.95,539.97,444.61,549.8,95,691.11
2948,11,117.5,390.16,407.1,163.24,549.09,392.58,555.1,100,249.63
2949,13,118.9,390.89,414.86,161.01,536.46,392.44,569.1,103,276.57
2950,14,120.7,391.11,417.44,159.38,486.78,391.37,579.7,79,303.98
2951,13,121.1,390.91,421.94,159.3,429.91,394.9,592.4,78,326.11
2952,6,122,377.87,417.2,156.99,403.72,393.59,595,57,346.34
2953,4,122.3,374.29,419.48,154.42,396.97,395.74,583,57,359.96
2954,3,122.9,371.68,413.6,156,405.71,395.25,594.7,58,365.97
2955,4,123.5,377.07,424.32,156.35,422.91,397.09,600,66,363.37
2956,7,124.4,381.81,425.29,161.28,510.64,401.45,600.6,78,345.66
2957,13,124.6,397.34,433.5,168.43,575.93,397.4,575.9,129,311.64
2958,12,122.5,410.78,415.14,176.31,573.3,423.26,545.1,144,460.41
2959,12,119.6,416.56,400.13,178.1,493.54,405.12,521,89,412.9
2960,11,116.1,416.52,387.72,177.1,413.24,397.6,492.8,74,371.75
2961,12,115.1,414.98,393.23,175.7,367.55,366.84,470.3,67,142.83
2962,10,114.6,423.55,394.08,178.61,328.43,412.38,456.1,63,378.91
2963,12,113.4,426.89,403.54,179.44,297.36,408.8,453,51,364.95
2964,8,113,426.69,397.48,177.2,303.41,401.95,470.4,41,360.79
2965,7,112.4,423.6,393.08,171.63,294.39,355.98,496,61,108.76
2966,6,112.5,424.85,382.02,172.16,289.49,358.68,546.2,35,126.54
2967,7,112.4,424.16,378.95,169.47,290.04,373.65,585.8,63,152.55
2968,6,111.7,411.62,378.16,165.74,323.79,379.77,628.9,52,183.32
2969,9,112,405.61,389.56,165.1,369.9,454.37,636.4,92,649.19
2970,10,112.9,406.15,397.88,164.21,402.78,450.87,664.3,78,680.94
2971,10,113.8,405.83,407.85,161.82,430.19,455.28,678.6,68,705.98
2972,10,114.8,403.3,406.65,163.02,448.76,386.41,662.5,91,289.57
2973,7,115.8,389.96,409.5,161.44,436.86,392.09,634.9,70,307.85
2974,8,116.3,387.71,405.85,158.08,416.69,396,599.2,66,321.64
2975,7,117.2,384.69,405.5,158.66,373.41,400.17,596.8,66,332.74
2976,4,117.5,383.63,400.95,159.02,378.28,403.74,598,50,328.37
2977,4,118.2,378.41,405.9,156.7,373.65,405.31,613.4,49,321.01
2978,4,119.7,371.12,406.24,156.68,389.15,408.6,635.1,53,312.16
2979,4,120.8,378.22,413.95,156.5,404.15,403.11,635.5,57,307.54
2980,4,121.8,381.83,412.1,160.88,411.58,393.34,654.8,56,310.46
2981,4,123.3,405.31,409.24,170.38,430.84,385.56,687.9,59,317.08
2982,7,121.7,414.87,407.6,177.58,441.1,416.86,767.7,65,506.1
2983,12,117.5,429.61,402.42,177.67,478.26,423.58,797.2,66,515.75
2984,13,113.4,421.79,400.11,176.31,471.05,428.81,815.6,87,529.75
2985,10,111.5,431.36,396.31,176.62,440.45,397.75,795.7,84,366.92
2986,10,111.2,425.54,393.15,175.73,366,437.25,807,101,667.78
2987,12,109.1,433.62,385.73,174.82,323.32,432.28,792,68,663.76
2988,10,108.4,428.55,383.54,176.27,297.75,432.42,778.8,47,668.77
2989,12,108.2,437.23,383.43,175.47,293.04,391.65,752.1,56,371.89
2990,9,108.5,437.41,381.47,175.81,283.42,400.13,731,52,378.48
2991,11,108.2,437.92,378.87,173.13,293.93,406.77,725.6,44,379.44
2992,9,108.3,434.42,377.95,169.5,312.62,400.23,702.8,57,384.43
2993,8,108.1,424.84,389.72,166.15,327.39,455.74,722.8,41,839.56
2994,10,107.8,409.5,384.3,164.84,316.26,455.64,703.3,57,849.81
2995,7,108.3,398.69,385.52,162.05,353.06,464.78,729.8,58,864.83
2996,7,109.9,390.1,381.33,163.59,379.58,410.54,710.6,57,421.53
2997,7,110.9,389.38,386.63,162.71,393.05,405.14,700.7,71,404.93
2998,6,110.8,389.21,390.24,160.8,369.1,402.28,676.9,48,390.04
2999,6,111.2,389.29,381.1,159.85,355.44,396.45,658.8,40,385.87
3000,5,112.2,396.73,381.86,155.49,352.2,388,660.8,44,392.73
3001,6,113.2,393.9,387.93,155.82,346.46,385.46,655.9,33,396.59
3002,4,114.1,391.01,394.37,156.46,344.63,383.69,661.6,32,387.84
3003,4,114.2,383.2,401.63,155.12,344.7,390.31,673.2,37,381.02
3004,3,116.1,394.74,401.69,158.71,336.07,390.31,695.8,35,378.39
3005,4,116.4,415.44,405.4,169.03,330.26,389.86,723.6,34,373.71
3006,6,115.6,428.73,408.49,175.91,338.31,418.04,750.5,48,540.68
3007,7,114.5,437.6,402.79,178.04,370.67,423.06,747.9,28,531.54
3008,12,113.4,420.99,398.62,178.32,378.71,414.41,747.3,54,529.58
3009,8,112,427.48,386.73,177.27,381.81,384.4,733,99,351.73
3010,9,111.4,418.92,388.5,177.78,367.66,417.12,722.1,77,626.18
3011,11,110.4,426.82,389.36,177.74,336.93,422.3,703.2,55,624.48
3012,11,109.1,417.35,381.52,179.38,310.16,430.43,707.3,42,622.25
3013,9,108.5,420.34,379.44,178.33,260.04,390.64,728.9,45,345.82
3014,12,108.8,422.54,375.54,176.85,280.24,398.67,750.2,54,352.82
3015,10,107.9,429.94,382.28,172.96,316.23,391.87,755.1,42,362.2
3016,11,107.6,419.07,386.79,171.9,344.45,402.57,756.1,59,380.08
3017,11,107.6,411.63,390.04,165.96,344.82,464.34,759.6,59,810.16
3018,10,107.7,401.27,383.78,165.51,332.97,465.16,759.1,100,822.51
3019,11,107.9,399.32,376.93,163.69,326.07,460.72,778.7,61,825.92
3020,11,108.8,390.91,377.15,163.34,320.12,406.14,778,76,405.28
3021,10,109.9,389.48,387.18,161.62,303.61,412.6,766.6,67,407.51
3022,5,109.8,398.41,385.07,159.65,292.48,411.1,740.8,31,398.68
3023,4,109.4,405.99,380.16,156,270.51,406.19,728.4,24,406.81
3024,3,109.5,400.41,371.01,155.29,261.72,402.46,721.2,22,409.3
3025,4,109.8,387.76,368.43,154.24,265.94,412.14,712.5,24,426
3026,3,109.9,385.11,369.53,154.13,296.98,415.21,708.3,25,432.73
3027,4,109,390.82,374,154.88,337.63,417.4,710.4,26,434.25
3028,3,108.9,395.11,386.39,158.31,438.7,411.04,710,29,420.99
3029,9,109.3,402.04,382.21,166.62,466.25,403.61,738,74,401.15
3030,13,109.8,405.7,387.45,172.71,440.78,429.04,761.4,89,562.63
3031,10,110.2,409.9,376.6,173.83,314.77,429.22,768.2,63,559.26
3032,12,109.2,409.83,383.02,173.52,268.64,433.49,767.3,29,553.6
3033,13,109.1,416.11,376.23,173.45,240.77,402.85,772.2,44,359.91
3034,10,109.3,420.92,386.33,173.59,250.04,427.64,788.8,28,639.96
3035,9,109.3,422.69,388.4,172.21,220.96,425.47,773,36,631.02
3036,7,108.3,424.08,388.61,170.53,202.55,422.43,736.6,32,622.44
3037,6,108.1,418.55,384.98,170.67,199.9,392.27,680.5,29,297.22
3038,5,108.1,417.74,383.65,167.46,209.94,380.03,641.7,25,270.08
3039,9,108.3,404.06,389.14,163.23,229.76,381.73,618.9,37,261.21
3040,9,108.1,401.85,383.86,161.02,257.97,378.63,633.2,55,271.5
3041,8,108.3,389.62,393.46,156.76,300.08,450.82,657.5,53,738.96
3042,12,111,387.48,390.46,155.21,316.81,459.3,682.4,59,763.69
3043,8,112.7,386.26,392.61,154.28,322.4,461.92,698,73,793.94
3044,10,113,389.72,394.44,154.49,311.77,406.99,696.4,72,364.72
3045,9,113.2,380.11,394.07,154.89,313.47,411.8,684,49,377.51
3046,9,113.4,378.61,396.68,154.79,304.9,411.73,658.9,37,394.07
3047,4,113.7,378.47,381.73,155.1,288.25,406.05,650.4,24,423.51
3048,4,114,385.7,383.65,155.15,282.97,400.95,671.3,22,450.78
3049,4,114,378.06,382.08,153.94,280.32,407.89,686.2,22,466.48
3050,3,114.1,372.78,388.3,155.53,293.82,417.45,676.6,23,464.85
3051,3,115.2,368.86,395.03,151.47,317.25,421.74,627.6,26,446.36
3052,5,116.1,380.4,402.57,151.6,388.19,414.76,587.4,41,403.23
3053,10,115.9,394.29,399.33,152.99,433.95,397.81,556.2,74,343.77
3054,10,114.1,398.02,393.06,155.92,398.54,408.3,538.2,104,463.66
3055,12,113,397.58,391.75,156.64,310.48,402.49,528.8,53,403.53
3056,13,113.4,389.12,402.03,157.5,226.18,393.85,507.4,25,354
3057,10,114.3,391.1,408.82,157.54,216.68,357.46,479.3,30,128.89
3058,12,114.4,383.62,401.65,157.37,200.55,389.72,453,26,371.11
3059,11,114,380.29,398.67,159.04,202.15,390.28,444.2,26,356.44
3060,8,113.6,382.37,398.99,158.83,192.14,394.53,460,36,363.65
3061,9,112.5,383.53,394.03,157.57,189.2,351.29,457.3,30,104.2
3062,7,112.4,386.37,392.75,157.35,208.81,351.55,455.2,41,106.27
3063,6,112.8,385.42,387.17,157.15,226.67,346.83,443.2,30,98.23
3064,5,113.3,379.31,393.45,156.13,301.75,354.64,467.7,45,98.05
3065,9,113.3,375.64,395.68,151.73,337.81,420.81,490.7,53,589.55
3066,6,112.8,371.22,397.57,151.4,368.22,436.56,522.8,77,651.07
3067,12,113.5,379.55,407.07,151.3,346.75,445.26,554.4,61,715.98
3068,11,115.9,379.16,411.46,152.01,353.95,398.18,587.1,68,304.22
3069,12,117.8,377.32,408.82,152.23,348.04,401.11,608.5,69,326.12
3070,10,118.2,375.77,404.58,153.12,337.44,404.52,608.9,43,342.18
3071,11,118.5,385.39,402.02,154.98,314.17,402.04,600.9,29,361.18
3072,6,119,387.25,416.73,155.73,306.69,403.72,591,28,384.93
3073,4,119.9,391.9,409.55,155.91,302.67,403.01,579.2,29,402.19
3074,4,119.8,379.24,408.42,155.82,298.72,402.19,580.3,29,412.62
3075,3,120.7,372.1,397.75,155.05,324.22,398.11,563,30,392.86
3076,4,122.2,368.22,405.59,154.92,427.18,394.83,542.2,36,356.1
3077,10,122.3,367.23,412.17,154.94,462.48,386.76,509.2,64,295.36
3078,12,121.2,375.55,413.86,154.46,433.54,406.25,502.7,80,428.9
3079,11,118.3,372.11,402.53,152.32,302.56,400.76,494.1,53,388.59
3080,12,115.5,379.08,389.93,150.91,231.08,399.66,493.4,35,361.26
3081,12,114.2,382.05,392.84,152.13,203.97,373.62,487.2,35,151.66
3082,10,113.9,384.05,394.9,152,202.43,409.69,503,43,405.19
3083,12,112.4,378.96,394.8,152.03,210.13,403.61,523.6,32,415.55
3084,11,111.5,380.3,388.53,153.51,207.23,407.33,560.1,31,445.76
3085,5,109.6,372.28,389.99,152.74,226.49,382.88,575,35,221.66
3086,7,110,373.74,394.43,152.61,235.17,393.68,591.4,26,247.23
3087,6,110.4,372.39,386.23,154.45,259.29,391.28,616.7,25,262.15
3088,6,109.7,382.98,391.65,155.56,271.71,384.5,658.1,44,262.34
3089,7,109.7,381.61,394.2,154.81,314.61,450.98,671.4,60,698.82
3090,7,109.9,379.57,397.92,153.86,346.74,452.73,657.8,76,702.97
3091,9,110.9,372.3,390.05,152.69,358.11,448.87,622.4,72,706.49
3092,12,112.9,374.8,380.05,152.17,359.33,384.78,599.8,59,273.99
3093,8,114,369.45,375.5,149.85,356.37,381.58,572.1,67,264.73
3094,4,115.3,365.97,386.59,149.89,356.22,387.79,547,54,255.76
3095,5,115.7,365.2,394.54,151.45,347.25,385.6,531.3,39,247.23
3096,4,116,373.9,405.96,152.02,343.54,393.44,519,41,241.8
3097,5,117,383.73,404.87,150.51,348.19,392.21,513.6,37,234.08
3098,4,117.4,391.89,411,148.32,350.42,379.25,495.1,39,217.3
3099,4,118.5,386.45,414.5,149.09,349.75,365.24,474.8,39,193.09
3100,4,119.7,387.13,415.79,151.69,346.91,357.68,459.1,40,162.27
3101,4,120.7,391.87,410.74,161.28,340.75,367.29,459.8,35,127.69
3102,9,118.8,410.61,416.41,170.23,360.76,393.09,471.7,43,279.57
3103,13,116.6,420.42,412.92,173.5,362.58,385.27,472.8,47,265.16
3104,13,113.2,415.1,402.23,173.91,380.36,381.1,468.5,64,263.51
3105,13,110.8,407.47,384.56,165.01,325.36,361.89,454.4,56,87.93
3106,11,110.1,406.45,383.13,172.03,329.21,403.2,441,71,362.9
3107,11,109.3,413.56,380.49,170.71,311.37,398.45,399.2,72,362.61
3108,8,108.4,422.08,376.73,170.18,295.64,398.46,359.4,47,363.74
3109,6,108.2,424.97,370.04,170.86,259.55,357.5,316.2,41,90.66
3110,6,107.9,420.32,377.08,170.19,225.04,355.58,307.6,28,92.73
3111,6,108.2,402.53,382.38,166.36,241.42,345.85,308.2,33,92.73
3112,10,108.6,399.89,381.63,163.07,252.21,351.02,324.7,34,92.19
3113,10,108.6,399.05,385.38,161.52,287.2,420.25,326.7,47,566.34
3114,11,108.6,408.44,382.44,160.59,304.26,421.97,335.9,73,565.42
3115,9,108.6,410.1,385.38,159.45,321.27,424.5,343.8,56,565.27
3116,6,108.7,403.67,377.55,159.46,311.54,362.05,361.7,79,89.8
3117,7,108.8,399.49,371.5,157.74,327.77,369.39,365.1,53,89.8
3118,7,110.5,390.74,359.97,159.98,306.56,368.2,372.7,56,101.93
3119,8,109.8,386.61,360.32,157.8,301.45,370.9,383.5,30,123.55
3120,4,109,377.64,363.14,156.12,280.72,365.37,393.2,27,151.68
3121,4,108.3,374.71,367.67,155.37,280.11,371.68,399.5,27,174.18
3122,3,108.7,379.04,364.09,155.55,276.78,375.11,391.2,26,194.84
3123,3,109.1,382.21,373,155.89,301.28,377.01,394.6,27,197.04
3124,4,110.3,388.32,381.97,158.96,324.01,373.31,383.6,26,176.73
3125,4,110.3,393.61,390.09,153.42,324.58,365.11,374.7,31,132.67
3126,4,111.5,409.42,391.8,167.27,293.57,392.39,341.8,44,275.45
3127,9,111.8,413.08,387.26,170.12,283.41,391.23,314.9,51,260.59
3128,10,110.8,417.67,385.86,170.43,298.89,390.99,280.8,35,261.38
3129,10,110.2,415.94,381.61,169.13,310.02,366.33,262.4,63,87.41
3130,9,109.5,413.91,385.89,168.39,290.08,397.79,251.5,40,357.83
3131,7,108.8,408.15,381.57,168.64,257.28,394.07,258.1,50,359.86
3132,4,108.7,393.59,380.93,168.06,231.27,389.35,258.5,37,361.56
3133,8,108.2,394.82,374.27,167.78,211.43,351.73,263.3,38,92.25
3134,8,107.9,394.12,377.59,169,212.35,355.75,264.3,31,90.78
3135,6,108.2,411.53,376.52,167.34,239.14,355.12,275.5,37,91.35
3136,6,108,410.67,379.43,173.4,273.27,356.81,284.6,32,92.32
3137,5,108,412.93,386.82,171.19,280.16,421.05,297.5,42,560.18
3138,8,108.1,409.18,380.5,170.25,277.43,423.12,307.3,67,559.87
3139,7,108.6,403.38,381.19,168.62,304.09,424.17,315.5,50,558.74
3140,6,110.3,398,370.25,164.78,319.7,360.84,315.5,49,93.06
3141,5,111.1,390.12,380,156.5,320.32,361.06,309.1,42,106.78
3142,3,111.7,381.58,387.62,154.85,297.85,358.71,309.2,39,136.57
3143,4,111.2,380.68,386.21,151.87,295.4,365.83,311.6,34,176.09
3144,4,110.4,375.08,396.95,151.29,299.43,369.03,316.7,27,209.31
3145,4,110.8,379.59,390.43,152.31,301.48,380.18,314.1,28,230.52
3146,3,111.5,387.37,396.59,154.75,304.32,379.22,322.5,39,247.31
3147,4,111.2,388.02,384.2,155.87,304.07,388.79,329.9,26,236.9
3148,3,111.2,388.93,386,158.56,286.87,370.75,326.8,28,187.62
3149,3,111.2,390.17,382.57,162.73,269.76,360.39,310.5,21,125.98
3150,4,112.8,405.14,390.36,171.09,295.05,374.98,297.5,24,276.49
3151,6,112.9,411.39,387.71,173.18,324.9,378.51,295.2,35,272.93
3152,6,112,416.95,382.21,172.98,324.9,380.71,296.8,62,275.22
3153,9,111.1,417.81,369.43,172.45,297.81,346.25,296.1,63,86.03
3154,10,111,422.25,380.36,173.9,273.57,392.15,295.2,61,349.68
3155,6,110.7,421.96,390.82,174.29,259.23,392.44,296.9,45,348.75
3156,10,110.1,420.86,385.83,172.78,242.79,400.99,296.5,36,349.14
3157,9,109.4,422.23,378.61,169.84,232.58,361.81,293.2,31,89.97
3158,5,109.5,422.33,365.33,167.91,255.42,358.2,292.2,33,93.27
3159,5,109.1,412.73,372.59,166.68,266.08,355.86,293.8,40,94.23
3160,8,109.2,404.03,364.64,163.11,284.16,356.02,288.2,45,91.62
3161,8,109.2,384.62,381.75,159.97,297.81,421.39,275.9,47,568.14
3162,6,109.6,371.61,386.22,157.25,294.55,424.67,259.9,53,567.01
3163,5,111.3,366.64,397.64,155.11,293.72,425.54,255.8,43,563.4
3164,6,112.1,367.91,390.27,154.18,281.44,357.8,254.9,71,84.78
3165,5,112.3,376.37,389.52,154.11,296.37,354.39,264.2,38,83.5
3166,5,113.3,372.04,380.26,151.91,297.32,348.68,271.7,42,85.13
3167,3,112.4,368.76,378.14,150.3,308.12,347.4,269.5,32,83.63
3168,7,113,365.95,382.69,148.97,304.23,345.27,263.8,37,83.35
3169,14,113.4,361.71,391.21,148.32,303.13,347.61,253.8,29,83.14
3170,10,113.6,366.08,396.57,147.36,301.08,363.52,254.4,30,90.53
3171,6,113.8,366.2,398.68,148.03,306.3,363.62,257.1,30,90.44
3172,4,114.2,384.75,392.47,150.48,312.46,365.11,263.4,30,88.92
3173,3,113.9,393.32,395,163,304.3,357.38,268.4,26,82.89
3174,3,114,413.58,387.88,165.51,279.21,384.51,268.2,26,273.31
3175,7,114.5,405.85,398.21,167.29,270.28,385.33,270.5,51,275.13
3176,10,113.4,408.44,396.22,166.53,281.07,381.66,269.6,56,275.25
3177,8,112.8,398.47,400.64,165.35,292.6,352.52,270.8,65,85.56
3178,7,112.8,402.77,394.17,160.49,275.85,388.91,267.4,48,368.44
3179,8,112.2,401.66,399.17,158.45,254.13,386.87,260.5,62,368.51
3180,11,111.6,389.4,401.38,157.66,251.23,392.94,254.3,46,369.42
3181,8,111.2,388.13,401.28,155.98,254.32,355.27,246.5,40,86.94
3182,10,111.1,380.47,394.98,154.68,245.32,358.07,245.6,34,87.45
3183,10,109.4,379.52,383.63,153.9,260.1,357.97,252.5,39,88.86
3184,5,108.8,384.99,375.08,152.7,287.88,356.06,256.8,76,88.89
3185,10,109.1,385.71,380.13,153.13,337.31,407.99,264.6,74,554.28
3186,6,110.1,390.72,379.68,152.9,352.08,403.97,258.6,53,554.13
3187,10,110.6,378.91,391.6,153.45,368.26,408.81,258.8,64,553.68
3188,12,111.1,379.55,388.37,152.3,362.27,362.2,255.5,81,86.68
3189,12,111.5,379.62,392.88,153.03,346.8,359.71,251.7,59,85
3190,12,110.7,384.61,387.48,153.44,307.59,354.88,251.8,38,85.74
3191,5,110.1,383.27,385.34,151.61,277.63,354.57,251.5,26,90.55
3192,4,109.7,382.4,384.49,148.32,276.51,355.71,258.2,27,106.12
3193,3,109.6,376.61,382.35,147.42,288.54,360.08,263.3,26,131.45
3194,3,109.9,369.48,373.45,146.97,301.28,362.12,265.3,27,154.55
3195,4,110,370.76,376.42,148.14,314.22,373.3,266.8,28,158.85
3196,5,109.9,381.57,379.39,150.94,396.28,369.37,274.3,30,134.41
3197,11,110.2,395.7,396.29,157.16,453.7,358.99,282,66,107.6
3198,12,110.9,411.59,395.77,162.75,435.04,374.37,289.7,94,274.23
3199,12,111.3,409.66,396.06,163.81,328.84,384.59,290,50,273.77
3200,12,110.7,400.48,386.45,166.58,243.72,390.74,292.2,23,273.78
3201,7,110.6,388.22,386.33,160.9,217.66,371.78,296.2,22,86.93
3202,4,110.6,394.07,384.64,166.97,210.35,403.3,298.6,22,361.09
3203,5,110.6,406.15,382.14,166.72,199.05,399.33,294.5,32,360.87
3204,4,109.7,408.55,380.96,166,193.24,391.13,289.9,36,363.57
3205,3,108.9,405.64,377.7,164.49,197.17,349.38,283.4,27,89.71
3206,4,108.3,395.59,379.45,163.86,203.39,354.81,285,22,91.98
3207,5,108.3,395.3,376.49,161.49,227.85,353.95,286.5,26,91.43
3208,5,108.7,392.12,379.46,159.4,247.46,358.2,292.9,54,92.36
3209,10,108.5,395.02,386.59,158.15,317.87,416.05,303.8,53,557.25
3210,10,108.3,391.45,385.69,159.64,325.4,422.12,318.8,64,576.08
3211,13,108.8,384.62,380.36,159.36,369.82,424.25,329.3,59,610.38
3212,12,109.7,390.26,371.18,158.73,317.34,372.57,333.8,85,187.18
3213,10,109.6,390.38,370.55,156.92,314.27,377.14,328.3,59,217.52
3214,10,110,389.06,368.25,155.49,263.11,382.57,322.7,39,238.92
3215,4,109.7,383.24,369.68,154.15,258.97,381.37,321.8,28,257.54
3216,4,110.2,381.57,374.7,152.64,251.47,385.8,314.4,21,268.29
3217,2,110.9,381.44,388.84,151.13,260.81,384.61,312.3,20,276.51
3218,3,111.6,376.19,386.97,149.95,269.29,386.72,308.9,22,274.57
3219,3,112.2,370.85,388.44,149.91,294.21,385.62,315,22,267.18
3220,5,112.7,374.01,389.78,148.72,365.86,384.55,320.4,26,257.65
3221,10,112.5,382.28,391.05,151.21,385.78,387.18,326.8,56,248.26
3222,12,111.4,382.93,392.76,153.57,354.75,414.29,335.3,84,421.8
3223,13,110.7,386.66,391.85,153.17,258.08,413.34,335,65,409.07
3224,11,110.2,381.76,385.25,156.07,227.27,404.11,317.6,26,394.08
3225,10,110,385.99,381.51,159.46,213.38,380.68,299.7,35,193.84
3226,8,110.5,386.58,384,158.35,211.56,424.01,291.4,27,457.46
3227,4,111.1,392.35,390.49,158.22,238.37,418.62,298.4,30,429.91
3228,6,111,397.87,394.73,157.46,232.89,407.81,302.2,39,402.66
3229,7,110.8,394.19,388.46,156.99,227.58,362,300.9,24,96.7
3230,6,110.6,398.62,395.01,157.5,191.63,366.13,300.4,30,88.88
3231,6,109.7,391.23,389.77,156.41,203.72,363.95,305.3,20,88.93
3232,9,108.8,384.03,392.5,153.84,249.83,357.29,326.2,52,88.02
3233,9,108.9,374.46,392.26,151.1,322.82,425.09,339,62,570.55
3234,7,109.4,370.62,386.57,150.16,366.56,423.12,359.5,62,579.72
3235,6,110.3,373.72,380.61,150.41,358.29,426.89,367.8,63,599.15
3236,11,111.9,377.28,382.33,150.68,301.89,359.57,380.5,66,145.01
3237,8,113.3,380.03,397.25,151.13,265.75,368.43,381.7,73,167.16
3238,8,115.4,379.63,402.92,149.54,255.33,377.53,384.7,54,182.04
3239,4,115.9,379.93,409.06,148.88,249.25,379.34,388.7,17,189.96
3240,3,115.9,371.56,404.07,148.04,249.71,376.9,390.8,20,195.38
3241,3,115.7,368.34,407.72,148.21,248.57,376.96,389.9,19,197.68
3242,3,116.4,356.93,402.81,147.77,259.92,377.06,380.2,19,199.67
3243,3,116.4,357.72,399.55,146.48,282.89,368.18,370.3,25,202.97
3244,2,116.3,361.15,396.41,145.76,347.31,370.3,348.1,29,203.16
3245,11,115.6,360.74,402.3,149.12,393.64,375,338.2,63,196.45
3246,10,114.8,369.15,403.15,149.73,376.45,414.04,330,88,366.75
3247,12,113.6,372.44,403.61,151.01,303.9,406.16,335.8,63,356.42
3248,12,113.5,384.07,388.39,151.8,234.01,399.66,335,26,340.98
3249,11,113.8,382.02,386.48,151.23,225.25,358.74,332.6,36,129.01
3250,9,114.2,382.88,382.14,152.73,213.5,392.9,324.3,33,373.36
3251,6,114.2,386.59,389.8,153.13,225.09,389.68,307.7,27,353.73
3252,5,113.5,387.91,387.21,155,206.12,395.55,297.8,24,354.79
3253,4,111.5,391.68,392.1,152.7,207.97,358.5,292.9,23,82.94
3254,3,112,373.32,384.99,152.73,202.38,364.75,298.7,35,83.37
3255,4,112.2,375.55,388.93,152.55,230.88,364.95,301.9,35,85.14
3256,7,111.6,375.42,384.98,152.85,274.69,362.14,310.1,36,85.84
3257,6,111.4,385.78,385.3,152.84,313.25,432.07,329.1,66,559.27
3258,7,111.4,385.67,386.51,152.49,340.82,430.3,353,56,562.15
3259,11,112.4,381.25,389.63,151.18,337.27,432.35,369,74,570.04
3260,9,114.4,375.32,401.03,152.17,305.43,359.31,382,66,111.17
3261,10,116.8,372.98,402.65,150.7,274.81,362,388.8,53,125.58
3262,8,118.1,366.64,402.3,149.4,234.59,363.3,392.9,29,144.07
3263,5,118.3,370.58,403.27,148.72,219.82,364.11,398.9,20,158.34
3264,4,119.3,363.67,414.94,146.94,209.85,371.62,398.2,15,171.03
3265,2,119.8,363.78,418.59,147.24,218.85,374.53,401.1,17,183.23
3266,3,120.7,361.18,411.95,146.57,234.97,377.35,397.2,19,198.91
3267,3,120.2,364.49,406.1,147.72,260.86,377.62,391.5,24,202.86
3268,4,120.9,370.21,403.44,150.42,342,375.82,385.3,30,197.92
3269,9,119.9,378.35,406.66,158.65,412.24,371.14,371.3,63,186.13
3270,11,117.1,391.71,399.33,168.06,418.19,405.16,362.5,102,346.56
3271,13,115,400.95,399.72,171.13,339.96,404.04,345.1,49,330.2
3272,13,113,406.63,394.45,173.22,273.47,405.34,331.1,36,309.06
3273,10,113.1,414.36,398.91,172.07,246.4,362.02,326.2,27,113.21
3274,11,113.8,418.52,389.46,172.15,257.05,392.37,325.2,43,372.95
3275,6,113.9,415.36,382.67,172.5,269.79,388.32,326.7,42,363.54
3276,6,114.1,414.55,383.47,172.19,273.33,385.23,311.7,41,362.36
3277,6,113.5,408.54,387.14,172.28,248.7,354.23,302.5,32,83.88
3278,6,114,414.02,388.56,171.14,229.35,357.22,286.2,27,80.83
3279,3,114.4,405.73,382.19,167.18,245.11,363.29,291.4,40,80.23
3280,10,113,404.12,385.21,165.1,281.96,357.81,318.9,53,80.09
3281,9,113.3,398.44,394.44,162.18,359.19,412.07,341.9,64,525.35
3282,8,113,397.73,397.16,158.42,391.25,401.86,363.4,65,526.08
3283,7,113.1,382.8,399.38,156.21,405.8,408.57,363.3,73,536.48
3284,10,114.9,373.39,399.94,156.28,391.68,355.38,375.5,66,118.5
3285,9,116.8,364.41,409.47,153.65,363.34,363.98,370.8,62,151.38
3286,11,118.2,374.33,413.41,150.98,346.47,369.49,365.6,41,184.35
3287,6,119.5,371.36,416.26,148.49,293.62,378.09,364.9,49,208.74
3288,4,120.4,366.01,418.1,146.31,281.75,385.54,371.3,28,222.19
3289,4,121.7,358.95,423.62,145.21,277.96,383.06,370.6,29,230.72
3290,4,122.3,353.36,422.31,145.73,279.38,379.79,362.1,31,236.37
3291,3,122.5,352.64,419.33,145.86,299.11,384.81,363.5,32,245.5
3292,5,122.4,366.54,417.17,151.26,361.32,390.31,354,47,244.91
3293,7,120.8,389.52,413.63,161.07,412.8,388.33,348.8,69,235.46
3294,12,118,409.88,407.01,168.92,403.33,408.47,320.4,108,400.8
3295,13,116,409.62,391.66,171.71,329.51,417.62,308.4,70,379.09
3296,9,113.5,408.82,376.17,171.79,264.44,420.79,294.6,51,345.34
3297,5,112.1,404.08,369.63,170.86,242.95,387.87,286.7,30,126.15
3298,6,111.7,406.3,375.18,170.86,228.64,414.01,282.9,33,375.38
3299,9,110.3,399.65,378.58,170.43,253.92,406.3,271.6,35,365.86
3300,6,108.8,405.38,381.55,169.76,250.28,411.45,263.5,41,365.33
3301,4,108.3,412.21,371.34,168.88,261.74,361.89,251.5,38,89.49
3302,4,108,412.88,378.22,167.91,255.48,363.18,245.3,30,86.94
3303,8,108.2,407.57,373.99,163.19,275.55,361.54,257.5,39,88.94
3304,7,107.7,400.96,385.45,161.38,289.21,364.03,272.1,44,88.84
3305,10,107.5,395.61,389.09,159,293.15,425.94,293.2,54,524.37
3306,10,107.6,386.32,382.76,156.45,306.97,423.1,301.5,77,524.5
3307,10,108.3,386.53,380.13,154.65,319.31,418.33,307.8,59,523.87
3308,10,108.9,384.37,380.3,157.24,350.05,354.69,309.3,84,106.13
3309,7,108.8,385.55,379.83,157.52,364.57,356.17,303.8,67,135.75
3310,5,108.7,378.1,378.22,155,360.22,370.1,306.2,44,173.47
3311,4,108.4,382.56,375.18,148.61,331.39,377.3,311,51,201.41
3312,4,108.6,384.34,382.15,147.2,308.98,384.86,316.5,31,221.17
3313,3,109.5,378.58,372.85,145.7,313.56,389.08,321.8,31,244.31
3314,3,110.4,372.18,370.23,145.16,318.89,385.89,330,31,260.63
3315,4,110,363.62,370.02,145.79,329.69,390.07,336.4,34,265.65
3316,4,110.6,370.03,385.27,152.11,325.94,385.29,336.3,32,239.11
3317,4,110.8,377.24,387.15,160.64,322.08,377.27,323.9,28,190.6
3318,6,111.6,392.99,389.99,165.19,332.78,393.44,313.3,37,314.07
3319,8,111.2,404.87,380.73,167.15,352.04,386.96,293.1,49,278.42
3320,11,110.1,416.01,378.83,167.8,374.07,391.55,282,71,267.15
3321,11,108.5,414.63,374.8,167.22,360.65,358.04,271.5,63,89.7
3322,10,107.8,413.87,374.49,167.36,337.98,396.11,275.2,72,364.54
3323,13,107.4,411.41,373.19,166.64,300.29,397.03,268,46,364.16
3324,12,107.5,410.15,370.06,166.6,301.73,400.51,264.1,49,363.66
3325,13,107,407.04,360,164.21,286.72,355.69,253.6,44,92.19
3326,12,107.3,394.82,361.17,162.09,272.66,352.03,258.9,39,94.01
3327,6,107.2,397.28,365.46,159.94,248.64,353.17,267.3,44,95.22
3328,7,107.1,385.68,375.06,156.98,263.08,357.26,278.7,53,96.03
3329,8,106.6,378.42,375.73,154.76,273.04,436.03,283.6,48,536.33
3330,8,106.5,372.55,372.71,152.65,275.47,437.46,292.5,44,536.19
3331,6,106.5,371.85,375.97,151.18,257.22,440.67,297.8,60,534.94
3332,9,107.5,381.25,371.37,149.23,275.63,364.37,301.7,52,96.57
3333,6,108,378.39,375.74,148.14,287,360.93,303.9,49,99.32
3334,6,107.3,379.44,366.58,147.71,300.63,366.78,312.6,42,113.97
3335,4,106.7,374.64,368.9,148.17,283.22,367.08,326.1,31,133.03
3336,4,107.2,365.59,365.94,147.45,271.01,371.86,327.4,30,155.41
3337,3,107.2,367.11,376.03,146.66,261.56,368.58,327.3,23,177.11
3338,4,107.3,363.85,372.67,146.41,269.78,367.97,328.1,23,194.21
3339,2,107.6,379.94,370.99,147.04,262.03,371.52,357.5,24,208.89
3340,3,108.4,391.21,363.57,150.49,249.51,375.18,388.6,20,209.55
3341,3,108.8,402.98,366.15,158.48,229.17,375.82,403.4,21,194.97
3342,5,109,403.98,371.88,162.95,237.04,394.61,374.3,24,333.92
3343,9,108.3,397.01,368.85,165.17,254.46,382.93,333.3,51,295.74
3344,12,107.7,387.62,366.81,166.86,292.62,387.9,302.8,55,270.55
3345,9,106.9,380.73,364.08,157.14,321.02,363.15,294.7,56,93.24
3346,10,106.7,381.83,372.57,158.62,331.64,412.59,296.4,59,370.84
3347,7,106.6,395.87,374.38,163.8,297.67,404.69,288.2,63,372.65
3348,11,106.8,399.67,367.18,163.15,264.39,405.13,275.3,43,370.67
3349,6,107.3,399.39,364.27,163.01,244.74,353.04,268.5,43,94.76
3350,4,107,394.19,365.8,162.34,246.52,352.37,273.5,44,92.51
3351,4,108.4,392.67,372.9,158.81,264.99,357.66,295.9,36,90.14
3352,5,109.3,382.32,375.76,155.62,281.34,364.74,312.8,47,87.67
3353,12,108.8,375.36,380.25,153.89,317.04,432.06,324.5,66,544.06
3354,11,108.6,374.73,379.25,152.18,332.85,418.19,323,71,544.47
3355,10,109.4,374.12,375.75,150.95,321.87,418.06,322.5,78,549.01
3356,11,109.7,368.16,377.46,146.69,292.82,354.17,336.8,65,111.31
3357,11,110.6,360.02,375.92,145.99,253.69,369.5,353.9,50,145.76
3358,9,110.3,361.17,382.14,146.09,257.64,370.64,366.2,35,192.63
3359,4,110.7,368.76,386.14,146.89,255.06,382.04,377.6,38,239.16
3360,3,110.8,374.47,396.03,147.58,262.67,381.08,393.9,22,273.03
3361,3,110.9,371.85,398.09,146.95,257.64,383.42,397.9,20,285.08
3362,3,111.3,372.15,393.22,146.32,258.27,380.23,395.8,20,277.51
3363,3,111.9,363.44,389.71,145.15,283.29,386.92,393.5,21,259.24
3364,6,112.2,368.86,385.56,145.64,356,390.4,398.2,24,234.6
3365,11,112.8,377.73,383.97,156.05,419.35,385.02,401.4,47,193.06
3366,13,112.7,402.67,389.53,163.5,388.1,394.99,383.1,91,322.33
3367,12,113.3,407.7,395.38,166.08,293.19,391.8,360.1,43,281.97
3368,10,114,406.44,400.71,163.84,211.18,388.95,337.8,29,263.08
3369,9,114.1,405.68,401.83,164.09,193.46,357.43,323.1,39,82.44
3370,7,114.1,405.56,403.02,165.28,197.93,396.2,320.4,25,356.64
3371,7,114,402.26,400.47,164.85,197.1,395.82,306.8,33,355.98
3372,5,113.9,390.77,387.62,163.56,197.3,402.45,294.9,35,355.09
3373,5,113.5,387.83,393.49,160.85,191.01,365.32,289.1,21,94.58
3374,5,113.6,386.82,389.79,158.63,202.11,363.5,296.6,25,109.44
3375,8,112.5,380.62,398.92,154.46,225.71,363.75,320.8,30,123.06
3376,10,112.6,379.05,387.29,152.66,279.87,358.26,357.4,49,123.67
3377,10,112.5,376.46,392.45,150.31,312.09,430.87,383.1,50,594.06
3378,9,112.2,373.96,389.23,148.51,328.46,432.06,400.4,45,604.81
3379,12,112.7,367.54,387.13,147.74,309.18,431.45,399.3,59,624.01
3380,9,113.4,361.52,375.77,146.18,322.65,363.81,418.7,72,171.83
3381,11,114.1,362.31,382.24,145.4,304.45,366,426.8,50,182.54
3382,6,113.5,366.41,389.27,144.83,294.54,377.41,425.2,35,189.06
3383,4,113.3,369.12,394.98,144.17,257.59,372.5,416.9,24,205.06
3384,3,113.5,367.84,393.09,142.73,256.81,380.49,419.2,22,224.23
3385,3,114.1,359.3,394.98,140.8,257.32,370.61,420.9,23,257.62
3386,4,113.7,354.19,397.14,139.76,265.74,382.34,413.6,24,290.4
3387,3,114.4,348.55,397.9,140.05,286.93,375.41,396.1,24,293.95
3388,4,114.9,351.49,400.75,141.83,346.8,371.78,381.2,28,250.02
3389,9,116.1,350.78,397.44,144.12,387.93,367.24,359.8,57,177.77
3390,12,114.8,356.6,395.25,146.36,364.9,392.9,338,100,308.03
3391,12,111,369.39,386.07,150.5,285.79,394.54,316,40,281.98
3392,10,110.3,375.62,393.42,153.96,223.54,388.62,310.4,28,272.95
3393,12,109.8,376.56,390.05,154.63,205.81,355.91,311.3,31,88.01
3394,9,109.9,371.89,390.83,152.22,202.99,393.65,322.7,27,368.74
3395,6,110.7,376.29,383.86,151.34,193.14,390.71,330.6,35,370.74
3396,5,111,378.12,390.66,150.61,190.56,391.57,325.4,34,370.04
3397,6,111,379.47,387.67,150.76,181.03,352.84,312.4,23,87.03
3398,7,110.8,375.83,390.6,151.16,186.74,360.08,283.9,21,88.93
3399,9,110.6,378.89,381.1,149.66,202.15,364.08,278.5,42,89.64
3400,7,110.2,370.76,386.48,150.44,263.68,365.96,283.6,41,90.37
3401,9,110.7,372.56,395.6,148.1,348.61,424.43,311.7,55,538.22
3402,9,111.6,368.25,399.56,147.95,365.07,427.06,344.9,72,556.02
3403,11,112.9,372.7,397.4,148.9,335.9,421.18,371.8,58,580.77
3404,13,113.7,369.55,388.23,148.81,281.61,360.9,397.1,65,167.41
3405,10,113.8,370.25,385.26,148.47,271.75,358.84,410.4,59,196.51
3406,5,116.2,374.48,391.75,147.7,264.87,370.64,430.4,37,224.57
3407,4,117.6,369.96,399.35,146.21,245.18,375.19,434.5,25,241.91
3408,4,118.8,366.05,406.79,144.21,243.43,378.68,428.9,22,241.33
3409,2,119.8,355.24,401.39,144.09,242.33,379.27,423.4,20,233.41
3410,3,120.1,357.87,403.8,144.69,252.02,380.49,418.5,20,229.36
3411,3,120.6,354.82,409.75,144.22,264.43,387.57,411.2,20,232.36
3412,2,120.9,354.11,418.02,144.17,318.2,384.85,388.5,21,232.9
3413,11,119.2,356.72,408.95,145.81,350.83,380.2,354.8,60,232.91
3414,12,116.7,364.92,405.29,147.77,334.78,399.52,319.7,86,402.67
3415,13,115.3,370.1,396.65,149.67,267.87,400.85,295.3,41,388.85
3416,12,113.5,374.57,398.86,150.62,221.49,401.4,288.3,34,370.82
3417,12,112.1,374.71,386.89,152.66,210.4,379.26,294.2,27,177.42
3418,10,111.4,375.8,392.19,151,203.11,420.29,299.3,24,457.06
3419,11,110.6,368.94,392.52,148.7,196.78,424.62,297.7,35,454.71
3420,8,110.2,380.3,394.35,148.92,192.87,420.63,289.5,31,458.96
3421,6,109.1,387.49,386.09,151.28,191.58,379.24,283.4,18,187.3
3422,4,108.6,399.25,381.42,152.09,187.74,366.63,291.4,23,201.63
3423,4,108.3,390.98,376.35,152.15,208.18,366.03,304.3,28,212.57
3424,10,108.3,387.03,372.73,150.68,242.54,364.93,316.2,47,211.85
3425,11,108.3,373.98,376.39,148.4,295.53,440.55,335.9,58,660.63
3426,9,108.5,375.88,389.4,146.47,308.85,446.26,356.3,72,671.12
3427,12,109.5,371.45,389.62,146.11,314.23,445.12,375.8,56,693.69
3428,13,110.9,368.13,393.29,145.56,327.38,386.85,375.3,79,264.66
3429,10,111.7,357.63,388.41,144.4,325.7,387.5,387.8,60,279.75
3430,13,112.7,350.2,395.98,143.93,316.42,394.97,397.5,53,286
3431,13,113.7,354.01,396.88,144.62,277.79,394.98,413.1,37,295.78
3432,9,113.9,353.73,407.74,145.51,267.73,386.27,413.2,26,299.07
3433,5,114.6,364.24,410.65,147.13,270.6,387.16,405.8,24,302.26
3434,3,114.7,365.83,410.85,146.47,274.72,377.87,406.4,29,292.21
3435,4,114.3,374.17,398.92,147.47,311.62,385.6,404.9,28,284.95
3436,6,114.4,384.15,394.4,151.83,378.58,378.07,405.8,34,276.77
3437,12,114.1,399.34,383.04,161.84,438.07,378.63,396.1,77,267.58
3438,12,113.1,417.65,383.76,171.87,422.15,398.85,384.4,89,425.45
3439,11,111.7,425.55,383.86,174.61,348.2,398.58,374.6,49,396.61
3440,11,110.5,424.25,385.39,169.64,263.98,397.44,365.4,31,363.38
3441,12,109.2,414.94,387.83,170.1,230.36,370.29,363.4,40,156.6
3442,8,108.5,410.19,394.15,168.25,210.85,419.25,364.9,28,427.82
3443,12,108.2,407.04,391.27,167.62,206.25,413.95,361.1,31,414.7
3444,10,107.9,401.8,381.69,166.25,224.99,410.14,360.4,27,403.26
3445,8,108.1,398.62,374.25,166.09,221.45,357,371.4,27,102.69
3446,10,107.8,393.29,379.51,164.5,232.64,356.01,387.6,28,107.62
3447,10,107.9,390.92,384.54,160.77,230.37,349.49,404.5,35,114.39
3448,8,108.8,387.7,385.15,157.55,263.89,346.51,400.3,46,112.99
3449,9,109.9,384.31,390.31,155.28,320.99,413.75,399.2,74,568.13
3450,7,109.9,382.28,386.46,154.25,335.73,420.53,390.6,53,576.77
3451,9,110.2,377.33,380.48,153.53,332.93,422.16,385.5,61,602.25
3452,11,110.9,382.3,373.28,152.65,293.29,361.44,374.2,64,172.28
3453,9,110.3,382.88,375.99,150.95,289.36,365.06,372.7,58,190.28
3454,9,109.7,371.43,380.19,149.85,280.13,367.91,397.3,37,196.59
3455,11,109.4,363.44,379.49,148.02,283.87,372.19,420,43,200.29
3456,5,109.9,355.95,374.51,145.52,283.25,366.74,434.5,38,204.09
3457,4,110.4,361.55,367.21,144.92,294.42,371.76,433.6,40,207.06
3458,3,111.1,363.88,371.7,144.45,302.21,367.92,432.5,41,200.88
3459,4,111,365.99,376.66,143.7,322.05,373.89,437.6,43,194.5
3460,6,111.4,379.51,384.14,146.37,383.25,372.4,428.5,48,181.09
3461,9,111.5,392.3,378.53,154.07,407.74,371.75,422,68,166.13
3462,10,110.6,407.71,377.81,162.61,367.18,386.14,409.4,105,331.47
3463,11,109.8,402.74,373.03,164.4,284.03,379.98,389.4,63,307.02
3464,8,109.8,398.14,376.5,164.13,234.63,377.62,359.4,38,289.37
3465,10,108.5,398.04,374.96,164.06,221.16,359.91,326.6,26,92.57
3466,10,108.1,397.91,382.17,163.72,218.24,397.12,310.4,26,378.35
3467,9,107.8,395.5,380.25,162.75,223.8,391.58,307,30,378.25
3468,10,107.6,394.4,381.14,164.6,251.98,391.83,315.6,27,377.71
3469,10,107,397.29,377.58,161.92,247.96,357.29,324.7,31,93.27
3470,10,107.1,398.72,374.24,159.84,233.05,357.3,347.8,33,92.18
3471,10,107.1,385.88,378.45,156.5,228.94,350.65,364.2,29,93.2
3472,12,107.3,378.04,379.4,153.38,248.42,347.43,382.4,49,93.18
3473,10,107.9,374.83,388.86,151.78,265.29,413.7,393.8,65,543.25
3474,10,107.3,379.52,380.44,151.78,262.31,418.89,403.8,50,543.95
3475,6,107.4,382.2,378.38,150.53,257.75,426.75,411.7,49,556.56
3476,7,107.8,375.12,363.78,149.23,299.64,362.17,412.6,52,123.89
3477,7,108.6,369.9,374.57,147.7,317.63,363.61,411.9,45,140.53
3478,7,109.1,364.86,372.63,145.77,330.9,357.2,412.3,41,149.14
3479,4,109,360.05,378.13,145.11,293.91,365.88,403.6,56,158.3
3480,4,108.9,362.98,367.18,144.85,290.46,370.77,398.9,28,166.07
3481,4,108.5,357.99,369.24,141.69,295.46,370.85,396.8,28,170.18
3482,4,108.8,364.04,370.17,140.42,296.56,372.24,399.3,29,171.47
3483,3,109,362.76,383.16,142.22,297.2,372.25,414.1,29,171.89
3484,4,109.4,373.69,387.65,145.22,291.95,375.25,432.7,28,171.74
3485,4,109.8,386.64,387.54,154.69,285.61,373.62,447.9,29,169.11
3486,4,109.8,393.25,377.45,162.72,280.82,390.77,446.7,42,345.4
3487,8,110.4,398.74,366.81,165.2,283.53,398.59,445.3,45,345.02
3488,9,111.1,397.38,365.31,164.03,302.22,396.34,469.8,56,350.18
3489,9,110.2,406.48,363.52,165.61,301.9,381.54,489.8,54,178.5
3490,9,109.4,404.17,376.01,164.29,299.29,412.32,498.9,65,466.64
3491,8,110.1,399.88,378.04,163.5,277.78,406.83,486.2,51,467.22
3492,9,108.9,394.3,382.28,163.09,278.43,403.72,486.2,45,469.28
3493,9,108.6,395.74,372.49,163.28,265.05,363.72,496.9,29,188.13
3494,8,108.7,395.4,373.11,161.91,268.73,367.7,507,30,191.83
3495,5,108.4,394.48,367.37,157.53,258.7,367.76,534.9,54,191.94
3496,11,108.2,389.45,370.39,157.7,262.39,374.87,548.5,49,198.5
3497,9,108.4,386.58,378.65,154.7,265.05,447.09,573.2,46,675.4
3498,7,108.3,378.98,382.91,152.04,268.88,451.25,550.1,44,681.47
3499,6,108.4,380.47,386.09,152.53,259.47,448.56,531.3,50,688.46
3500,5,109.4,376.15,371.93,151.56,242.96,386.32,509.5,42,219.69
3501,8,110.3,374.54,367.67,150.08,234.02,386.84,504.2,57,227.21
3502,5,110.4,365.31,369.07,148.32,248.88,384.81,507.6,30,238.38
3503,6,111,366.64,383.59,146.17,259.21,383.29,498.7,37,249.59
3504,4,112.9,370.87,393.29,144.09,255.44,381.31,508.1,21,261.93
3505,3,112.9,373.11,402.4,144.37,241.34,383.3,518.2,19,269.49
3506,2,112.8,368.93,393.24,144.25,236,383.83,530.9,20,276.96
3507,3,113.4,362.85,392.71,146.25,238.91,385.97,530.9,21,279.58
3508,3,114,378.4,386.08,150.31,236.03,391.92,538.3,17,276.22
3509,2,113.9,396.73,393.23,160.01,231.05,385.28,542.7,17,276.9
3510,6,113.1,415.54,394.03,170.52,224.19,400.06,560.2,18,460.42
3511,7,112.3,409.54,387.26,172.91,259.52,396.44,568,39,461.79
3512,9,111.9,401.46,386.31,172,298.1,400.35,590.3,51,465.7
3513,10,111.6,394.49,386.31,162.03,336.53,386.37,614.2,55,291.64
3514,8,111.7,399.68,392.09,169.28,322.67,413.96,633,57,583.92
3515,9,111.6,400.75,391.57,168.56,288.05,416.88,662.8,45,581.48
3516,8,111.6,404.32,389.53,167.86,259.88,417.74,671.5,50,567.05
3517,9,110.8,396.43,386.42,167.5,243.1,394.27,671.5,35,277.14
3518,9,111.1,401.93,382.35,162.88,254.87,394.13,649.4,32,267.78
3519,8,110.3,404.41,377.6,161.93,259.22,384.95,647.3,44,262.79
3520,9,108.9,404.36,372.98,158.62,279.2,376.39,648.3,36,248.71
3521,6,109.7,389.05,375.18,156.27,301.47,437.65,631,80,726.49
3522,7,108.5,376.79,378.59,154.82,333.57,440.95,592.6,83,725.12
3523,8,109.1,368.39,376.11,154.55,346.61,440.97,569,64,728.02
3524,8,110.8,373.63,379.35,153.59,369.31,376.42,575.5,54,243.67
3525,9,111.4,371.12,382.1,154.88,348.33,379.26,574,48,246.56
3526,8,111.7,377.57,386.09,153.25,320.13,384.99,560.2,40,252.42
3527,7,111.6,375.2,389.26,154.06,271.99,386.46,534.3,35,265.73
3528,4,111.8,377.71,390.98,152.44,256.71,387.97,519.4,25,275.36
3529,4,113.1,372.04,391.9,150.88,269.62,387.3,507,25,286.33
3530,5,113.4,370.72,394.25,149.22,284.77,389.64,518.7,28,290.34
3531,4,114,367.67,400.53,152.26,312.01,390.07,536.6,26,293.55
3532,6,114.1,379.56,402.67,154.05,389.8,387.43,549.5,29,282.65
3533,10,113.9,393.51,394.49,160.96,436.57,390.31,558.5,50,269.22
3534,11,113.5,406.1,387.94,167.16,406.69,417.04,561,81,406.88
3535,9,113,409.75,382.42,172.6,296.11,414.39,557,38,351.73
3536,10,112.9,405.84,383.21,171.49,207.04,403.46,520.3,36,297.56
3537,7,112.5,407.31,385.02,173.89,189.22,366.2,480.9,41,91.5
3538,8,112.4,406.25,397.59,173.61,187.03,400.9,451.8,29,360.88
3539,7,112.3,405.92,394.96,168.54,198.87,400.89,420.1,25,362.73
3540,4,111.1,399.37,393.81,168.72,203.6,400.85,395.1,32,361.55
3541,4,111,400.86,382.01,168.47,203.59,365,369.3,21,88.15
3542,4,110.9,403.11,387.61,165.75,201.33,366.55,353.1,26,88.96
3543,7,110,396.41,380.74,161.36,212.49,360.02,336.1,32,89.24
3544,7,110.7,386.08,382.97,158.6,249.07,359.15,317.4,38,86.78
3545,6,111.3,381.56,381.27,153.98,280.93,415.51,321.7,63,518.69
3546,6,111.8,385.04,383.31,153.3,308.07,420.48,347.6,53,517.31
3547,7,112.2,385.29,385.7,153.97,310.14,418.09,378.3,55,531.89
3548,10,111.7,375.18,381.78,149.58,313.12,366.19,402.6,58,131.58
3549,9,111.6,366.37,384.51,149.88,302.99,374.26,392.2,52,172.51
3550,9,111.5,368.68,382.57,150.48,283.69,380.51,414.7,34,192.34
3551,6,111.9,374.3,384.54,148.75,266.75,370.34,428.6,26,197.67
3552,3,112,375.64,380.57,149.49,254.86,369.29,471.8,22,216.17
3553,3,112,371.4,387.3,148.88,261.48,371.97,478.2,21,245.57
3554,3,112.2,371.33,390.11,146.22,264.65,382.92,453.4,21,270.68
3555,3,112.3,374.26,395.35,144.18,285.75,380.45,422.6,20,250.18
3556,3,113.2,377.65,390.18,146.89,338.96,373.48,398.4,23,201.88
3557,8,113,377.86,388.33,148.28,372.62,354.05,393.6,43,137.32
3558,9,112.8,374.82,384.95,147.43,343.58,380.94,371,75,290.31
3559,9,111.6,370.12,384.86,148.25,267.21,375.52,340.2,64,276.54
3560,10,110.6,368.24,379.88,149.53,205.92,381.74,312.3,32,277.32
3561,8,109.8,376.02,389.27,150.46,194.64,352.77,300.6,23,86.84
3562,9,109.9,379.75,387.49,149.69,193.59,401.31,299.1,26,347.78
3563,5,110.4,376.52,378.45,150.82,198.74,403.86,297.3,30,348.31
3564,6,110.3,365.89,366.06,151.05,200.17,403.28,294.8,29,349.74
3565,6,109.9,360.21,359.66,148.78,200.43,362.37,281,36,90.31
3566,5,109.1,355.41,365.58,147.13,206.74,352.94,288.4,28,90.47
3567,5,108.9,364.29,362.05,145.92,233.8,354.78,289.9,35,90.85
3568,5,108.9,364.63,364.9,144.91,257.85,343.62,295.1,41,89.12
3569,6,108.9,372.46,369.76,143.12,286.58,418.05,288.3,65,552.26
3570,8,109.6,359.03,379.91,142.98,290.52,416.39,307.3,62,551.36
3571,9,110.4,355.97,385.86,142.94,289.97,422.75,333.1,68,564.04
3572,8,111.3,348.22,391.5,141.23,275.85,361.86,344.5,50,133.95
3573,9,111.9,359.34,391.49,141.08,258.54,355.78,334.5,43,187.93
3574,5,113.1,364.15,396.44,141.3,230.99,361.77,325.5,46,239.6
3575,4,111.8,361.66,391.22,140.68,199.07,365.75,337.1,15,288.58
3576,4,111.5,356.51,396.05,140.52,176.07,378.8,355.8,9,318.3
3577,3,111.6,350.64,394.9,140.93,172.34,386.72,360.9,10,346.47
3578,3,112.1,351.85,393.96,140.57,173.02,397.58,356.7,11,345.03
3579,2,112.3,352.63,390.59,140.26,184.79,400.63,332.9,12,318.13
3580,3,112.3,359.37,388.48,139.72,260.3,393.65,311.8,16,241.23
3581,7,112.6,365.84,391.2,140.81,342.86,376.24,298.8,56,159.44
3582,8,113.7,367.62,392.63,143.42,363.38,385.17,294.6,83,294.21
3583,9,114.1,360.34,397.42,144.38,300.92,383.82,291.4,35,277.86
3584,9,114.6,367.3,390.73,145.11,223.74,383.53,284.1,36,275.52
3585,6,114.5,368.13,386.73,145.63,206.84,364.91,278.9,24,80.97
3586,4,114.1,378.44,388.04,146.14,210.54,404.66,277.1,27,340.26
3587,5,112.9,376.53,395.21,146.45,210.61,405.13,271.7,28,344.22
3588,7,112.5,381.75,389.38,148.68,204.93,404.58,268.7,20,346.16
3589,4,111.4,374.77,371.73,149.49,200.59,357.67,256.1,26,86.62
3590,5,110.5,368.99,375.57,149.31,206.58,352.18,255.6,29,86.35
3591,7,110.9,371.56,378.22,149.98,237.52,347.23,247.5,33,87.35
3592,6,110.5,384.9,392.45,149.95,253.59,339.74,249.4,42,88.25
3593,7,110,386.85,394.17,149.2,291.23,407.42,258.9,32,535.43
3594,9,110.4,369.66,391.96,148.13,311.48,412.99,272.7,55,536.67
3595,8,110.6,357.35,378.7,146.14,323.67,427.43,291,64,534.29
3596,9,112,353.21,370.29,145.15,296.78,360.81,294.8,56,85.72
3597,8,112.4,363.22,375.41,147.8,271.78,358.56,302.6,47,83.87
3598,10,112.7,360.68,388.41,147.27,245.21,353.83,311.5,37,92.37
3599,6,113.4,366.25,387.62,146.5,244.31,359.46,322.5,21,107.04
3600,3,113.9,358.09,390.3,146.14,232.18,357.72,327.8,20,125.3
3601,3,114.2,356.21,390.3,145.45,241.43,360.06,315.9,21,139.72
3602,3,114.2,359.95,399.61,144.72,256.67,357.36,305.2,22,148.58
3603,4,114.8,367.72,399.5,145.47,300.01,363.49,293.9,20,138.19
3604,3,116,376.73,401.64,148.39,356.9,355.77,291.9,24,114.89
3605,7,115.5,384.54,398.39,156.51,395.95,356.81,287.7,53,89.21
3606,9,114.6,397.11,402.52,164.55,345.4,383.59,285.6,72,265.6
3607,9,113.5,404.87,393.56,167.51,285.94,384.52,282.3,50,267.9
3608,7,111.7,395.12,376.16,167.97,215.34,380.95,272.1,24,270.14
3609,5,110.3,393.09,366.03,167.15,208.57,347.13,263.2,26,87.28
3610,5,110.2,397.7,369.62,168.2,192.48,400.2,257.5,19,355.3
3611,4,109.8,399.62,375.97,167.98,189.12,407.44,254.8,23,354.92
3612,3,109.4,400.11,369.62,166.13,189.54,413.89,249.7,22,355.9
3613,5,108.7,395.02,364.14,165.88,188.21,367.62,242.7,31,87.64
3614,6,109,399.89,367.23,164.37,199.96,365.96,237.5,39,89.55
3615,3,108.6,398.62,372.39,162.11,209.97,364.83,245.7,37,87.91
3616,6,107.9,388.99,365.16,158.8,258.47,369.12,260.1,34,88.66
3617,8,108.2,392.22,363.91,155.9,294.18,433.22,272.1,50,566.08
3618,8,108.2,387.96,368.43,155.34,335.76,422.27,281.4,60,568.72
3619,10,108.5,391.8,377,155.43,327.13,416.06,299.9,72,576.74
3620,9,108.8,385.1,380.19,154.33,330.5,355.03,324.3,55,127.47
3621,9,109.7,381.62,372.95,153.84,306.76,368.22,327.9,52,163.37
3622,9,110,382.7,375.62,153.32,298.71,380.34,322.5,38,200.64
3623,5,110.2,388.4,375.98,153.54,283.13,378.79,322.6,27,226.71
3624,4,111.1,380.98,381.43,151.95,288.73,386.06,340.1,24,246.08
3625,4,112.4,369.34,379.17,150.21,299.49,376.57,357.2,25,247.96
3626,3,113.4,365.32,379.91,149.46,296.14,380.28,362.7,28,242.81
3627,3,113.7,370.5,390.72,150.17,316.25,370.6,353.5,26,214.67
3628,3,113.3,388.92,394.22,152.26,362.27,365.94,344.6,23,181.02
3629,8,113,393.61,398.96,160.81,385.71,357.73,342.5,57,135.05
3630,9,112.6,408.66,391.02,168.34,341.17,377.27,334.4,78,298.45
3631,10,112.1,415.02,388.23,171.73,274.59,382.57,318.4,43,283.13
3632,9,110.4,417.71,379.22,171.52,239.33,381.13,299.3,31,281.01
3633,10,109.3,413.78,378.52,170.52,233.41,359.99,294.9,26,87.87
3634,9,108.1,407.97,382.15,170.03,222.38,397.17,294.7,24,368.63
3635,9,108.2,406.56,380.74,171.68,216.71,400.48,290.3,33,367.96
3636,4,108.5,413.92,374.77,169.14,228.45,397.66,280.1,39,369.46
3637,4,108.6,416.6,374.44,168.13,234.37,361.73,273.8,38,91.21
3638,5,108.6,418.3,366.67,167.84,238.03,367.03,271.6,43,91.86
3639,5,108.4,409.36,369.2,164.61,240.91,365.55,282.1,49,91.18
3640,9,108.5,403.19,366.43,161.37,236.84,367.25,291.4,36,93.34
3641,7,107.9,404.52,379.3,158.6,266.44,423.85,299.5,38,542.25
3642,7,108,402.06,378.5,159.42,262.33,426,307,49,541.94
3643,9,108.3,398.5,380.2,157.23,289.95,423.33,312,75,540.32
3644,8,109.6,392.46,374.94,154.13,259.47,357.28,327.6,62,101.93
3645,6,109.8,382.58,379.67,153.25,260.61,364.87,341.6,37,127.53
3646,6,110,375,379.54,152.3,220.48,368.99,354,31,160.13
3647,5,109.8,369.66,383.9,150.98,204.37,377.18,348,23,189.84
3648,7,109.7,372.16,381.31,149.66,178.41,378.37,343.3,12,217.02
3649,3,109.9,375.78,383.67,148.56,180.44,377.32,353.4,14,238.95
3650,3,110.3,369.31,394.06,147.83,183.19,381.42,369.1,12,247.81
3651,2,110.5,369.95,396.59,148.07,186.07,377.34,361.7,11,224.14
3652,3,110.7,372.09,397.33,150.57,188.63,375.9,337.4,10,172.53
3653,3,111.2,377.36,390.19,159.03,189.94,369.86,308.5,17,119.95
3654,3,112,388.83,397.11,167.44,226.1,387.38,288.6,23,279.43
3655,8,110.7,405.05,387.41,169.23,276.6,377.96,272.9,47,273.2
3656,9,110.3,424.38,376.73,169.32,300,373.2,262.3,36,275.25
3657,10,108.8,436.4,365.34,168.22,310.14,349.41,250.7,53,87.84
3658,9,108.5,426.79,375.22,168.84,274.3,391.05,240.8,58,373.18
3659,6,108.8,417.85,371.88,168.69,271.95,388.79,236.7,50,373.79
3660,9,108.6,397.62,370.76,170.11,244.58,399.06,243.6,39,374.17
3661,6,108,393.49,363.54,168.25,228.04,366.26,243.5,29,91.23
3662,7,108.2,397.25,375.01,167.73,242.54,366.17,242.6,45,90.71
3663,10,107.7,405.86,376.19,164.91,254.12,352.36,243.3,39,89.57
3664,6,107.6,408.37,369.6,161.85,288.63,346.22,255.6,46,88.87
3665,9,107.7,398.41,368.74,159.02,275.92,409.06,275.2,47,546.02
3666,6,108.2,396.54,365.19,159.58,267.27,418.51,286.3,54,546.29
3667,5,108.6,384.23,375.86,158.28,247.95,420.77,295.1,47,547.34
3668,4,108.8,372.62,376.86,155.59,239.74,358.87,293.6,46,89.71
3669,6,109.1,366.22,378.53,155.68,228.77,358.98,292.6,60,109.87
3670,5,109.3,369.32,376.7,153.9,214.82,359.26,294.3,37,143.18
3671,4,108.8,380.32,372.14,151.25,191.35,366.92,297.8,22,191.27
3672,3,109.4,385.32,384.23,150.34,191.1,378.19,311.3,16,220.72
3673,3,110.7,389.12,388.8,150.42,201.34,383.98,322.7,15,243.54
3674,3,111.2,389.46,397.56,150.7,213.72,386.77,318.4,18,248.12
3675,2,110.9,380.28,394.28,152.64,213.67,373.38,304.9,15,220.82
3676,3,110.4,382.99,394.44,155.22,198.76,364.24,279.1,12,163.31
3677,2,110.5,386.41,390.77,163.97,196.12,358.82,261.6,13,110.73
3678,5,110.8,404.84,386.96,171.79,210.87,379.65,251.3,23,265.82
3679,6,110.6,408.8,386.89,176.83,230.3,381.86,248.8,48,266.94
3680,9,109.5,409.62,384.63,175.69,289.24,375.75,249.8,56,268.78
3681,11,108.7,411.96,378.38,175.6,296.62,359.3,249.3,45,90.77
3682,7,108.8,414.06,383.48,174.8,296.65,396.84,252.2,64,385.64
3683,6,108.6,418.39,379.67,172.51,254.83,395.43,260.1,32,384.05
3684,5,108.5,418.37,375.05,171.81,237.71,389.93,259.4,47,384.32
3685,6,107.9,419.2,367.41,171.87,229.74,352.48,259.1,40,88.72
3686,10,108.2,411.1,367.66,169.01,216.81,360.96,256.7,30,89.52
3687,11,108,396.63,375.96,167.97,236.3,359.57,262.3,31,89.66
3688,10,108.1,397.01,378.48,165.83,267.35,361.65,263.1,30,91.16
3689,8,107.7,400.1,380.72,163.84,313.76,419.13,258.5,59,548.66
3690,9,107.3,400.68,378.52,159.7,336.91,424.99,262.1,70,551.71
3691,11,107.7,392.56,377.39,160.01,336.11,426.63,264.6,63,549.86
3692,11,107.8,386.84,380.63,159.15,328.53,367.22,273.7,62,92.62
3693,10,108.2,389.77,380.97,159.32,287.43,366.37,276.8,35,90.53
3694,9,108.5,382.9,385.84,155.42,251.37,365.58,279.8,28,97.75
3695,4,109,384.43,384.56,153.45,196.64,368.2,278.5,15,127.14
3696,2,109.4,376.62,388.87,153.08,179.35,367.15,282.7,16,171.44
3697,3,110,375.07,388.06,151.39,169.72,369.62,291.8,12,213.84
3698,2,110.3,375.48,394.12,151.03,173.62,375.15,293.1,10,228.84
3699,3,111,376.69,398.23,152.57,187.09,378.92,289.9,9,200.67
3700,3,110.8,385.63,388.19,153.87,265.5,377.26,277.8,14,151.26
3701,9,110.6,388.17,387.55,162.42,314.08,365.59,270.6,36,106.26
3702,10,110.1,403.33,383.65,169.96,330.48,393.98,264.6,70,274.9
3703,11,109.4,406.68,381.95,171.68,263.48,390.19,261.1,33,275.09
3704,9,108.4,407.56,376.09,171.87,222.87,393.37,262,26,276.87
3705,11,108.2,404.76,372.74,165.9,229.97,369.16,255.5,28,91.14
3706,9,108.3,410.78,386.29,168.87,233.71,407.52,249,23,388.58
3707,10,108.6,415.74,386.14,168.23,228.63,408.45,238.6,35,387.21
3708,6,107.5,414.6,381.25,167.77,191.92,393.08,235.1,35,389.32
3709,6,107.1,410.74,365.57,166.03,190,354.02,235.9,22,92.6
3710,5,107.3,401.79,364.19,164.3,203.97,353.57,245,25,92.25
3711,6,107.7,393.92,362.71,160.56,231.45,356.78,247,26,90.58
3712,5,107.7,392.16,363.81,158.21,259.48,358.24,245.3,51,90.14
3713,10,107.3,392.91,367.68,155.98,290.92,424.37,240.2,48,553.11
3714,8,106.8,393.09,369.96,154.04,313.54,427.16,239,63,554.68
3715,8,106.6,382.38,374.55,151.58,321.17,419.13,241.6,54,555.72
3716,6,106.6,379.9,367.28,150.53,326.62,358.89,242.3,40,93.59
3717,7,106.9,369.56,361.15,148.83,306.58,354.84,238.6,45,96.37
3718,5,108,366.39,353.68,148.19,281.31,361.26,240.6,32,104.58
3719,4,107.9,357.46,357.71,147.81,247.49,349.64,242.3,19,118.55
3720,3,108,355.67,365.12,146.49,245.31,352.01,247.1,26,133.32
3721,4,108.2,360.46,367.15,144.91,263.3,357.72,246.1,25,155.67
3722,3,108,366.6,375.15,144.31,283.55,369.13,243.9,28,170.02
3723,3,108.4,369.43,380.67,143.54,310.01,368.14,243.7,25,150.95
3724,6,108.6,370.4,385.13,145.48,378.94,364.27,239.9,29,120.42
3725,9,108.4,375.27,378.2,148.12,431.66,357.46,235.5,61,92.78
3726,11,108.3,388.58,375.03,151.42,434.77,381.25,233.2,75,262.84
3727,9,107.4,388.02,369.43,154.82,357.54,374.09,235.1,75,265.55
3728,11,107.3,386.27,370.65,156.93,292.46,369.47,240.8,30,264.46
3729,7,106.7,378.5,371.59,157.12,262.49,352.39,247.9,36,94.42
3730,6,106.5,385.07,371.67,156.13,250.81,395.3,252.8,35,361.22
3731,5,106.9,384.29,368.27,153.38,242.27,396.07,250.2,33,360.85
3732,4,106.3,377.83,365.73,153.96,219.25,392.47,242.8,29,360.89
3733,7,105.9,380.83,367.42,154.55,220.23,358.4,237.9,31,91.73
3734,6,105.7,384.44,373.74,154.47,215.82,356.89,239.1,34,93.54
3735,8,105.8,397.02,379.56,150.81,255.66,358.27,237.1,34,93.81
3736,7,105.7,391.16,379.46,152.37,279.48,357.72,237.4,50,95.44
3737,7,105.8,380.49,376.53,151.57,303.93,425.41,240.9,62,556.54
3738,6,105.8,371.14,368.11,151.52,324.35,416.05,244.7,59,558.13
3739,6,105.8,364.75,367.26,148.9,342.75,417.12,241.9,73,556.72
3740,5,105.8,365.9,359.15,147.31,372.36,354.74,236.1,59,96.62
3741,11,105.8,373.31,362.25,147.58,351.08,362.09,239.3,45,95.93
3742,9,105.8,381.73,371.33,148.11,340.09,354.26,242.7,73,97.14
3743,11,105.5,388.54,380.07,149.48,319.94,361.51,245.2,57,98.04
3744,7,105.5,381.7,380.8,149.75,327.95,358.74,242,36,110.37
3745,6,105.4,370.97,365.05,148.65,324.03,364.19,237.7,39,126.95
3746,4,105.5,360.2,352.76,143.46,323.39,360.61,235.9,33,135.31
3747,3,105.6,359,354.4,139.42,310.38,363.06,228.6,26,123.93
3748,3,106.1,362.55,369.58,146.18,306.41,363.28,222.3,25,106.02
3749,4,106.1,376.05,378.62,146.14,301.42,354.04,219.5,29,95.72
3750,7,105.9,378.9,375.71,149.1,305.18,374.83,221.6,27,285.37
3751,10,106,387.27,374.62,151.51,308.52,375.53,225.6,37,285.33
3752,9,106,390.07,375.68,153.03,328.82,378.4,226.2,47,285.31
3753,10,106.2,397.93,379.52,153.1,350.87,364.11,230.5,68,92.59
3754,9,106.7,399.19,371.33,153.53,340.91,397.27,233.8,62,357.96
3755,10,106.4,396.02,369.93,152.99,319.44,397.32,235.5,57,359.05
3756,8,106.3,391.48,371.83,153.71,276.31,391.23,233.3,48,360.93
3757,11,106.3,383.46,377.43,153.1,252.05,355.17,231.2,46,94.67
3758,8,106.4,380.45,379.88,153.19,251.21,353.8,229.6,35,93.05
3759,8,106.5,384.31,373.59,153.18,252.9,353.4,229.2,52,91.88
3760,8,106.4,386.73,372.26,152.66,282.56,362.26,240.4,50,93.13
3761,10,106.6,388.84,380.2,151.47,317.95,428.4,255.5,79,556.3
3762,9,106.9,378.41,378.65,150.24,358.67,422.36,270.2,61,556.06
3763,8,107.4,375.96,376.88,149.55,385.07,417.11,271.4,71,553.96
3764,6,108,367.24,366.63,148.66,365.72,352.55,263.3,60,88.26
3765,9,109.3,365.6,370.26,148.21,354.5,354.66,249.6,45,89.58
3766,6,108.4,365.23,367.83,147.23,328.16,354.93,239.4,49,89.9
3767,5,108.7,370.79,371.74,146.43,313.06,357.94,238.7,33,92.24
3768,3,108.7,370.84,369.98,146.17,304.16,359.2,243.9,29,90.51
3769,4,107.4,373.78,377.69,145.85,308.79,351.02,238.8,29,91.21
3770,3,107.3,370.96,365.9,145.02,310.08,352.64,229.6,30,90.26
3771,4,107.6,368.18,370.68,146.14,321.94,352.65,219.2,30,91.32
3772,6,108.3,376.26,373.91,149.01,387.64,359.58,219.7,34,91.62
3773,9,108.6,381.65,384.82,158.51,416.57,355.82,222.6,60,92.68
3774,11,108.9,407.08,384.5,167.95,392.65,387.28,225.4,69,269.11
3775,8,108.8,408.9,382.95,171.32,293.97,387.19,231.4,31,268.39
3776,11,108.8,419.61,385.3,172.59,230.1,392.4,230.5,25,266.95
3777,10,108.2,413.62,384.16,172.8,204.85,365.79,231.7,18,90.16
3778,10,108.1,426.99,386.03,172.41,194.87,395.72,224.4,21,371.03
3779,9,108.3,435.22,386.8,173,199,389.77,218.7,27,372.12
3780,8,107.6,438.43,386.81,172.93,196.17,387.95,212.3,34,372.31
3781,6,107.3,428.76,377.44,171.11,199.55,355.79,212,24,91.15
3782,6,107.6,416.15,376.77,167.82,204,361.33,218.8,33,90.35
3783,5,108.3,408.57,374.55,164.54,230.06,362.48,231.1,29,89.19
3784,6,108.3,397.97,377.86,162.21,264.59,357.14,245,42,89.3
3785,8,107.8,398.68,378.7,159.04,275.77,417.84,251.4,43,560.33
3786,10,107.9,395.1,382.79,159.39,269.76,416.31,245.8,57,560.43
3787,9,108.3,392.87,389.96,157.1,245.12,420.27,240,50,560.67
3788,10,108.5,387.47,385.32,154.79,249.25,357.79,231.2,72,90.67
3789,10,109.1,385.58,389.52,154.17,239.65,359.7,232.7,45,90.92
3790,9,109.5,376.89,384.87,153.38,245.33,363.95,231.3,28,92.56
3791,6,109.7,380.49,390.06,147.46,232.12,364.13,237.2,24,92.44
3792,3,109.1,371.46,383.62,149.86,245.51,366.94,240.5,19,92.21
3793,3,108.9,371.96,380.09,149.1,251.35,368.53,240.2,19,89.19
3794,3,108.7,350.28,382.05,147.4,260.9,368.81,244.5,21,89.65
3795,4,109.1,353.74,380.14,138.97,266.32,363.96,243.6,22,88.97
3796,4,109.9,362.71,380.68,151.36,324.52,358.92,245.8,17,88.94
3797,9,109.8,390.43,369.73,160.48,357.99,363.37,240.5,51,86.49
3798,9,110.1,398.47,378.31,168.63,365.4,392.05,230.8,77,262.53
3799,11,109.2,408.77,384.71,170.81,300.67,390.67,220.8,41,263.92
3800,10,108.2,399.23,388.2,170.62,246.79,383.07,209.5,45,265.67
3801,9,107.6,418.57,375.33,163.73,218.79,353.2,200.4,35,91.74
3802,11,107.2,419.98,371.76,170.89,199.4,400.82,193.9,24,386.46
3803,6,107,430.84,368.51,169.86,205.14,399.98,189.8,32,387.4
3804,5,106.9,416.21,367.31,170.28,200.98,395.71,190.8,34,389.44
3805,7,106.2,410.67,361.54,170.6,202.12,353.64,190,23,95.64
3806,7,106.4,402.79,364.42,170,196.48,352.85,190.8,19,95.42
3807,7,106.8,400.79,367.13,168.13,207.01,350.11,201.2,40,91
3808,6,107.3,399.82,370.65,165.88,232.99,351.26,220.4,30,92.1
3809,5,107,396.38,367.72,162.2,265.3,412.83,246.2,52,535.6
3810,11,107,395.8,375.74,160.98,275.22,417.55,263.8,58,538.7
3811,10,106.9,392.27,373.42,159.64,272.35,414.59,273.7,62,535.15
3812,7,107.2,392.77,378.79,157.97,274.23,355.43,262.6,58,90.66
3813,6,107.8,387.18,374.57,156.35,285.55,357.03,245.9,50,89.37
3814,5,108.1,387.75,378.05,154.87,293.52,358.05,230.8,34,91.19
3815,4,107.7,382.12,371.01,153.02,279.35,360.55,220.5,25,90.82
3816,6,108.2,374.09,367.88,150.69,266.45,359.2,219.3,25,90.66
3817,3,108.5,368.64,365.14,148.75,260.47,358.66,215.5,25,94.3
3818,4,109.1,370.9,370.64,144.29,261.67,356.18,216.1,22,93.51
3819,3,109.3,373.45,380.56,144.38,263.2,363.77,213.4,19,92.69
3820,3,110.4,377.01,386.01,147.63,259.72,363.75,202.2,17,88.83
3821,3,110.1,385.11,383.34,156.78,246.78,356.62,196.9,22,90.19
3822,3,110.1,400.72,380.01,162.73,235.2,389.24,185.5,21,272.74
3823,6,109.6,405.46,376.15,165.9,260.97,388.86,184,38,272.53
3824,9,108.3,414.24,375.7,169.06,312.56,396.36,177.2,55,273.61
3825,9,107.7,414.27,370.73,168.08,352.58,359.04,178.4,53,92.17
3826,10,107.4,421.89,376.12,168.48,343.4,400.13,195,55,378.04
3827,9,107.2,416.43,373.71,167.4,297.54,400.73,213.9,54,380.2
3828,9,106.7,414.74,371.64,168.33,251.94,403.88,230.4,56,379.71
3829,11,106.6,411.29,368.79,168.1,216.21,361.82,230.4,31,95.16
3830,9,107,410.26,373.72,166.34,215.6,351.73,231.7,42,92.62
3831,11,107.2,413.33,380.37,161.36,211.94,347.39,233.2,38,91.52
3832,7,107.2,409.95,381.72,157.59,233.17,347.16,232.9,38,91.74
3833,8,106.7,397.13,380.1,155.02,229.77,418.84,233.5,58,545.94
3834,9,107,390.36,376.43,152.92,259.04,416.51,232.2,45,548.58
3835,8,107.2,377.81,369.99,151.45,255.74,415.55,232,44,548.64
3836,6,107.4,380.82,365.53,151.45,258.31,355.48,230.6,37,94.64
3837,6,107.3,378.37,361.54,149.75,227.7,360.49,230.7,37,94.74
3838,6,107.2,381.74,361.57,149.18,205.35,357.36,227.6,28,93.13
3839,6,106.7,379.95,363.97,147.52,196.86,348.01,228.2,23,93.42
3840,3,106.4,366.28,364.77,146.07,206.85,340.74,228.9,19,95.04
3841,7,107.3,362.38,366.55,145.86,214.42,347.44,228.1,15,103.44
3842,5,107.3,357.36,378.75,144.54,211.87,348.94,226.9,13,106.84
3843,11,108.2,369.35,376,144.95,197.53,354.74,223.8,14,103.89
3844,4,108.7,375.36,381.29,148.38,190.23,355.22,225.3,14,95.02
3845,3,108.3,392.43,372.13,157.29,191.31,361.39,225.8,26,92.02
3846,3,108.3,406.29,378.64,164.75,205.97,386.95,228.2,32,280.32
3847,7,108.2,417.97,365.04,167.04,256.82,390.17,228.1,41,282.2
3848,10,106.5,419.34,366,166.56,298.78,386.56,220.5,36,282.17
3849,8,106.5,420.45,358.31,168.28,323.14,361.77,214.3,46,95.16
3850,11,106.5,423.8,372.56,169.78,291.72,394.52,213.5,64,374.18
3851,10,106.8,420.39,376.61,168.3,251.68,395.99,220.3,40,373.33
3852,12,106.9,415.22,377.09,167.88,227.51,398.45,226.5,47,373.58
3853,11,106.4,406.8,373.8,168.55,228.45,362.43,224,28,96.73
3854,10,105.8,404.52,365.97,167.28,231,356.64,222.8,47,98.62
3855,10,105.5,397.79,362.09,162.9,245.09,350.01,219.9,33,98.17
3856,9,105.5,398.69,352.99,160.09,253.25,350.65,228.1,38,96.18
3857,11,105.4,402.22,358.96,158.78,286.63,416.77,236.8,43,554.88
3858,11,105.3,403.45,367.42,155.95,282.96,416.81,248.1,54,557.01
3859,9,104.9,396.18,366.05,155.56,307.45,415.08,249.3,45,557.77
3860,11,105.4,386.25,360.85,154.33,300.22,358.94,246.2,38,96.14
3861,11,106.2,379.58,363.59,150.92,288.92,365.61,241.4,58,93.09
3862,8,106,376.32,373.65,150.53,234.67,358.6,233.1,21,91.36
3863,5,106,367.49,371.81,146.3,213.48,354.15,233,13,93.78
3864,2,106,371.55,370.83,145.09,209.8,349.75,237.3,27,93.33
3865,3,106.4,366.84,371.76,145.45,227.73,353.37,245.1,10,94.95
3866,3,106.6,375.41,377.38,143.59,225.85,348.7,245.5,12,95.43
3867,3,106.9,369.84,379.7,145.85,228.62,354.96,234.3,11,97.09
3868,5,107,385.64,376.17,147.79,227.29,356.7,227.2,15,94.15
3869,9,106.6,392.99,372.46,157.51,227.12,358.85,221.7,55,91.89
3870,11,106.7,405.91,371.46,165.18,230.87,382.3,218.9,68,272.34
3871,11,106.1,407.77,367.29,167.95,229.7,382.1,224.5,45,274.25
3872,9,105.7,410.16,371.52,167.53,228.7,388.6,227.9,30,274.29
3873,9,106.5,409.73,362.44,167.91,228.91,358.49,228.1,32,92.88
3874,9,105.9,411.68,366.8,167.04,233.27,397.18,222,29,367.81
3875,9,105.8,406.95,361.94,168.4,241.23,394.27,223.2,27,368.52
3876,5,105.9,406.33,368.94,165.8,240.45,398.51,226.7,33,369.15
3877,4,105.6,408.85,369.78,165.5,240.26,356.94,228.8,19,95.42
3878,4,105.7,414.01,375.25,166.01,233.59,351.84,228.3,19,93.8
3879,7,105.8,410.69,373.93,164.73,236.42,351.21,230,27,92.51
3880,11,105.7,400.38,368.79,162.75,232.76,355.74,233,41,91.41
3881,11,105.6,395.47,368.27,157.83,233.14,428,228.8,50,543.68
3882,11,105.7,396.03,366.93,159.42,230.47,426.48,224.6,39,544.58
3883,8,105.8,392.48,371.67,154.77,233.78,425.59,220.6,48,544.95
3884,7,105.8,389.62,362.73,154.25,236.13,363.19,218.9,41,94.55
3885,8,105.7,383.73,363.57,153.08,235.05,363.64,218.6,38,96.4
3886,6,106.1,380.74,368.06,151.41,235.94,362.84,214.1,22,95.19
3887,5,106.2,380.38,373.47,151.91,211.5,354.3,215.2,36,95.18
3888,5,106.5,382.62,370.56,151.17,203.25,352.18,213,14,93.33
3889,4,106.4,379.29,363.35,149.56,193.03,354.86,218.8,14,94.25
3890,3,106.2,378.72,354.47,147.97,213.36,361.24,219.3,15,93.85
3891,3,106.5,373.38,358.55,147.94,237.61,357.38,224.6,17,94.69
3892,5,106.8,367.16,366.07,145.72,287.35,358.57,220.1,21,94.99
3893,8,106.4,365.31,369.41,147.52,317.87,355.48,223.1,62,94.51
3894,10,106,368.33,365.48,150.18,314.2,397.83,233,67,284.48
3895,9,105.9,381.41,356.91,152.3,264.61,399.01,246.2,32,284.66
3896,10,106.3,389.59,364.42,154.38,239.7,398.78,250.3,28,285.51
3897,7,105.8,397.77,374.19,156.34,214.9,357.48,243,20,95.78
3898,7,106.2,392.69,381.86,158.11,211.01,388.32,234.6,19,363.05
3899,6,106.5,388.83,374.19,155.59,192.46,387.04,230.3,28,363.34
3900,4,106.2,380.84,368.06,154.75,193.05,397.64,226.1,27,361.44
3901,6,106.4,389.19,369.37,153.56,194.77,361.28,227.8,18,94.43
3902,5,106.3,392.9,372.95,152.98,218.31,363.95,228.1,31,94.6
3903,4,106.2,391.42,373.45,151.26,232.34,356.98,228.4,22,95.71
3904,7,106.3,384.37,367.75,149.4,249.53,357.37,224.9,32,95.48
3905,11,106.3,377.59,369.16,147.35,263.5,421.17,219.3,50,528.26
3906,9,106.8,381.24,373.63,147.04,275.1,426.91,216.7,54,528.34
3907,10,107.5,383.06,377.41,147.24,284.83,430.7,223.6,59,526.34
3908,8,107.7,373.08,371.23,147.29,270.07,361,231.2,55,93.99
3909,9,107.6,363.65,362.78,146.44,281.45,351.05,244.8,58,101.82
3910,10,107.6,362.73,355.87,148.13,272.62,353.11,254.5,32,115.88
3911,4,107.4,361.83,367.25,147.26,278.73,364.67,269.3,23,134.02
3912,3,108.5,356.59,369.72,145.24,265.4,368.51,275.4,20,143.27
3913,4,107.8,355.1,375.08,145.01,277.29,364.58,277.7,22,147.54
3914,3,107.6,349.23,371.01,144.17,279.81,364.04,266.3,21,140.8
3915,5,108,355.03,373.71,144.12,297.02,367.9,259.2,20,128.52
3916,2,107.6,351.42,374.36,144.18,339.06,366.7,250.7,21,107.85
3917,7,108.1,357.6,376.01,147.38,386.43,362.87,253.1,37,94.74
3918,11,108.1,354.46,379.13,147.98,355.09,385.61,257.5,70,270.93
3919,9,108.8,359.05,379.15,148.61,293.93,384.17,260.5,45,273.46
3920,10,108.7,367.54,379.26,151.3,217.89,385.96,261,39,271.69
3921,9,108.4,379,375.99,151.65,210.24,357.91,257.6,29,89.14
3922,9,108.5,384.3,375.51,154.23,198.47,397.29,255.9,21,349.43
3923,9,107.8,389.46,379.49,154.15,192.35,399.56,252.9,24,352.35
3924,7,106.4,384.92,375.78,153.87,189.44,398.87,246.4,27,353.56
3925,4,105.8,381.87,377.5,153.54,187.76,366.91,237.2,28,94.76
3926,4,106.3,382.71,368.16,152.81,204.2,361.47,226.5,22,94.37
3927,6,106.5,390.45,373.73,152.08,222.3,364.57,217.5,40,94.6
3928,9,106.7,380.38,375.94,150.57,245.4,360.47,217.8,39,93.63
3929,8,106.9,372.91,383.59,150.34,250.98,431.48,231.7,63,549.21
3930,9,107.3,363.97,378.88,149.13,260.9,436.35,245.7,42,548.79
3931,10,107.4,374.88,371.54,147.99,264.19,433.68,255.9,61,550.05
3932,11,107.7,374.25,367.93,149.07,292.74,363.63,261.6,54,93.87
3933,10,108,377.06,372.78,149.3,290.17,357.14,271.4,47,93.74
3934,8,108.5,371.51,375.19,150.49,276.06,355.99,266.7,31,92.64
3935,5,108.6,371.5,374.85,148.6,238.81,354.83,259.6,21,91.74
3936,3,109.1,376.49,382.21,148.97,218.52,359.06,249.5,15,91.03
3937,3,109.6,367.94,382.77,146.77,210.66,357.72,246.1,13,90.15
3938,2,109.7,370,382.44,145.51,208.75,351.56,235,14,88.43
3939,3,109.5,362.06,378.73,148.36,216.6,345.26,229,15,88.14
3940,3,110.1,376.41,382.26,150.19,286,346.84,227.9,15,88.89
3941,7,109.3,381.89,389.49,156.26,333.73,357.17,235,42,91.02
3942,9,109.1,394.13,394.67,165.17,328.11,383.92,235.3,62,267.1
3943,10,108.9,407.27,391.71,168.47,258.99,387.41,233.9,54,265.96
3944,8,108.3,415.88,383.3,168.33,218.38,386.86,227.9,30,265.9
3945,9,107.2,418.85,363.82,160.57,215.61,361.02,227,23,91.79
3946,5,106.2,415.62,360.63,168.65,208.96,405.92,224.6,24,374.58
3947,5,106.7,415.1,361.93,171.49,190.83,403.93,225.8,41,373.67
3948,5,106.7,416.96,365.4,170.53,190.74,403.22,223,30,372.52
3949,5,107,415.98,360.36,169.65,201.95,355.12,229.1,27,91.05
3950,5,107.3,410.69,360.26,168.89,233.37,350.22,230.1,31,92.94
3951,6,107.1,404.27,367.18,167.49,246.18,352.76,235.9,36,92.69
3952,6,106.7,398.72,371.61,164.59,271.24,355.58,240.6,41,92.95
3953,9,106.8,394.58,381.09,164.43,267.51,421.72,244.3,49,550.11
3954,8,107.7,389.87,382.12,161.5,274.44,423.96,239.6,46,549.97
3955,9,108.2,386.67,388.49,158.9,275.53,423.16,234.5,42,549.65
3956,8,107.9,386.16,388.06,159.37,281.16,356.05,227.3,48,91.54
3957,9,108.2,398.35,395.87,159.04,277.29,356.07,231.7,39,91.69
3958,5,108.5,396.93,394.75,158.8,237.4,359.28,230.4,43,90.52
3959,5,108.3,400.21,385.54,156.17,200.63,362.24,236.6,24,90.28
3960,3,108.8,384.9,376.09,153.41,174.41,363.54,240.1,11,89.55
3961,3,108.6,386.64,380.18,154.39,171.63,356.67,246.3,11,94.4
3962,2,109.1,380.89,379.19,152.24,175.1,363.26,249.7,9,95.51
3963,3,109.4,386.3,385.61,153.71,192.41,362.8,249.7,10,94.85
3964,4,109.7,390.79,379.2,155.26,222.23,368.35,238.5,15,89.8
3965,7,109.3,400.61,382.67,164.15,275.94,360.26,227.8,39,88.55
3966,11,108.7,402.39,375.17,171.02,286.95,387.97,219.5,64,270.09
3967,9,108.6,405.82,369.49,169.91,274.23,386.93,223.9,48,269.34
3968,9,108,407.15,365.79,168.32,246.43,391.97,222.1,34,271.73
3969,9,107,410.4,369.86,169.84,256.69,366.75,220.7,42,91.88
3970,5,107.1,405.21,374.63,169.87,262.58,403.12,217,26,372.83
3971,7,107.2,406.99,381.29,169.35,241.38,405.12,221.5,29,370.2
3972,6,106.7,408.44,373.3,169.11,223.99,403.2,224.1,45,371.17
3973,7,106.1,411.66,368.15,168.65,222.66,361.16,228.8,38,92.57
3974,5,106.7,414.21,362.81,167.46,240.43,362.44,236.2,34,92.85
3975,4,106.4,402.46,367.19,163.2,257.35,357.84,240.1,31,94.28
3976,9,105.9,404.03,371.5,159.16,269.8,362.8,243.8,35,95.9
3977,11,106.4,392.85,377.27,158.64,284.92,425.27,249.9,41,559.03
3978,8,106.9,395.29,382.22,158.68,265.49,423.76,256.8,51,557.54
3979,8,107.3,383.51,382.41,157.94,258.12,426.14,252.7,53,556.39
3980,8,106.9,379.08,374.71,157.05,244.97,356.23,243.7,43,94.01
3981,9,107.1,375.54,364.57,156.43,235.36,355.09,242.3,35,91.6
3982,6,107.3,376.13,368.62,154.68,210.96,349.42,251.2,31,92.75
3983,4,106.6,373.87,368.34,153.52,198.52,346.57,259.8,19,107.63
3984,4,106.5,376.87,370.68,152.99,199.81,349.94,265.8,19,138.64
3985,3,106.4,380.31,370.67,154.25,203.06,360.85,262.6,13,166.93
3986,3,107,374.35,380.83,154.41,199.43,363.04,257.1,17,175.03
3987,3,107.3,381.06,383.22,155.43,192.96,365.84,247.2,13,148.39
3988,2,106.9,391.1,378.53,158.54,188.23,355.43,247.7,15,118.9
3989,3,107.1,411.52,370.8,168.49,186.55,361.52,251.9,16,95.86
3990,8,107.5,420.96,371.31,176.71,222.56,386.63,253.7,31,272.58
3991,6,107.8,426.23,370.5,166.66,272.69,384.41,247.7,53,274.45
3992,8,107.1,425.75,368.17,179.76,305.41,382.63,236.8,42,274.74
3993,9,106.5,427.43,369.73,180.25,321.35,354.55,230.9,36,97.93
3994,11,106.6,426.96,373.22,181.57,290.64,402.27,225.8,48,365.99
3995,9,106.3,436.22,380.07,179.93,262.5,401.33,225.7,57,366.26
3996,11,107,433.12,375.86,180.21,232.07,398.92,223.7,56,364.98
3997,11,106.2,431.34,372.44,178.31,224.33,355.05,221.4,31,94.21
3998,9,107.2,427.75,372.36,177.42,259.79,351.84,221.5,34,92.77
3999,10,107.2,423.77,372.87,175.22,284.79,354.7,218.9,37,92.28
4000,9,106.2,419.91,373.44,171.74,293.82,354.66,225.9,31,91.6
4001,8,106.9,409.62,374,167.13,261.29,414.78,225.6,50,514.52
4002,6,106.8,405.62,380.2,166.7,233.04,416.77,229.6,49,514.21
4003,7,107,396.65,381.79,165.74,229.79,416.08,229.3,41,514.37
4004,5,106.9,390.7,381.24,163.51,231.17,353.43,232.5,36,93.46
4005,6,107.3,392.5,374.42,160.81,221.03,348.19,234.9,25,93.57
4006,5,106.5,399.31,376.65,161.77,211.52,343.15,234.6,30,95.62
4007,4,106.3,411.36,371.94,162.83,221.68,354.7,232.5,20,96.56
4008,4,106.4,416.73,376.81,161.44,232.04,358.75,227.5,18,96.6
4009,2,107.2,418.25,377.68,161.42,244.93,366.3,225.2,21,96.23
4010,3,107.5,414.2,374.58,159.26,235.21,364.47,221.4,18,93.71
4011,2,107.6,404.06,372.01,159.09,224.53,374.37,220.3,12,93.84
4012,2,107.6,409.58,371.2,157.61,206.53,370.49,221.7,12,93.75
4013,3,106.8,418.11,377.42,164.25,196.45,363.47,230.8,10,95.54
4014,7,106.3,434.15,382.15,171.51,210.87,376.07,240.1,23,284.56
4015,7,105.8,431.26,377.61,170.68,244.71,378.07,239.3,28,285.82
4016,9,105.5,429.48,378.39,170.82,269.2,373.46,233.3,46,286.05
4017,10,105.6,423.39,369.28,171.07,273.32,355.77,229.2,39,95.16
4018,5,106,424.42,367.26,171.77,266.41,398.9,229.2,52,380.04
4019,7,106.1,413.63,361.25,171.75,262.05,404.64,230.3,36,378.93
4020,9,106.2,403.93,367.94,171.39,249.87,394.73,224,39,381.06
4021,5,105.9,400.74,366.02,167.11,233.49,357.3,220.6,30,95.58
4022,5,105.9,397.46,361.14,164.68,247.89,356.46,219.3,26,94.32
4023,6,105.7,399.26,350.15,161.48,275.06,367.92,227,40,93.84
4024,7,105.6,389.65,356.28,158.77,313.01,361.7,240.4,44,93.65
4025,8,105.4,389.79,361.4,156.46,317.96,430.69,247.8,67,595.97
4026,9,105.4,380.58,369.26,155.53,322.58,420,255.6,74,597.39
4027,10,105.2,376.56,365.17,154.7,298.25,425.41,237,52,596.46
4028,9,105.2,377.41,362.6,152.78,290.96,352.01,216.7,49,97.3
4029,6,105.7,385.63,357.59,153.14,250.45,359.27,206.7,57,97.5
4030,5,105.8,392.09,359.86,154.78,244.76,359.89,216.1,34,97.97
4031,3,105.5,394.79,359.5,153.47,222,359.93,231.6,16,97.11
4032,3,105.3,389.05,362.92,152.13,233.84,360.49,232.5,18,96.32
4033,3,105.6,379.97,363.85,150.19,235.58,360.7,236.6,20,96.94
4034,2,105.7,368.77,369.27,149.69,244.18,368.21,238.7,21,96.63
4035,4,105.7,376.17,372.59,149.69,266.24,366.99,232.2,17,95.15
4036,4,105.5,385.6,371.19,153.28,306.56,363.21,226.3,22,93.34
4037,9,105.2,401.74,365.21,163.33,339.15,361.9,223.2,42,92.39
4038,9,105.8,401.94,366.09,169.68,324.75,382.11,224.9,66,272.17
4039,9,105.8,407.43,368.97,171.06,265.98,380.54,222.6,46,273.07
4040,9,106.2,399.69,373.1,170.45,221.51,379.21,216.3,42,274.15
4041,11,106.7,410.25,368.07,164.34,209.9,363.63,214.7,24,94.4
4042,6,105.8,408.64,378.47,171.37,216.04,403.71,215.8,36,359.92
4043,8,106.3,417.53,373.96,170.31,218.95,404.68,211.8,26,359.94
4044,6,106.3,407.48,376.93,170.13,206.45,398.63,207.6,27,359.96
4045,7,105.9,413.22,367.53,169.19,203.93,360.37,201.4,27,94.16
4046,5,105.8,407.48,370.5,166.87,208.91,357.7,198.8,29,93.86
4047,6,105.8,413.7,368.18,162.16,229.75,360.43,198.7,35,94.33
4048,9,106,409.06,362.56,159.73,265.93,358.53,196.4,36,94.04
4049,9,105.5,409.59,368.87,158.43,288.34,432.41,203.3,43,560.83
4050,9,105.3,394.5,372.13,156.99,299.67,425.77,206.1,42,562.46
4051,11,105.4,386.56,372.77,154.5,311.69,425.57,211.3,48,563.19
4052,9,105.4,380.59,378.98,149.52,299.92,359.79,212,51,98.67
4053,10,105.7,368.64,374.89,146.81,274.85,370.15,212.7,38,96.46
4054,7,106.2,362.12,380.96,146.12,223.62,373.04,212.7,18,96.73
4055,4,105.7,358.16,372.12,145.31,194.84,363.71,212.7,16,93.12
4056,4,106.2,368.56,373.65,145.56,181.65,349.99,215.4,12,93.63
4057,2,105.7,371.16,373.88,144.59,182.84,349.99,215.7,10,95.43
4058,3,105.6,368.6,365.39,143.38,182,361.09,213.2,10,97.34
4059,3,105.6,361.89,366.55,143.6,193.34,366.3,206,11,97.84
4060,3,105.7,357.99,358.25,143.26,245.37,363.23,201.9,23,95.45
4061,8,105.3,357.28,362.4,145.74,297.99,357.13,198.9,41,93.83
4062,11,105.5,360.81,361.28,149.04,307.55,396.36,202,68,284.17
4063,9,105.7,367.87,361.31,149.53,266.84,397.72,211.8,32,284.84
4064,10,106.2,380.17,358.49,151.72,222.37,397.48,214.2,37,284.51
4065,11,107.1,383.21,361.41,153.85,223.74,358.31,215.7,21,92.28
4066,9,107.5,382.06,369.65,154.41,220.46,398.36,208.3,21,369.69
4067,11,107.7,374.83,375.08,154.17,220.87,401.69,206.9,27,371.17
4068,8,107.5,380.46,376.02,154.49,211.11,400.72,200,25,370.88
4069,5,107.1,380.09,373.73,153.33,210.34,363.44,195,27,92.64
4070,7,106.9,382.18,373.01,151.87,210.39,362.97,194.3,30,92.38
4071,4,106.7,375.92,380.1,151.08,216.79,362.45,197.2,34,94.51
4072,10,105.9,377.3,381.53,150.05,241.83,361.89,203.8,29,94.78
4073,10,106.3,371.12,396.85,149.75,293.61,436.83,207.9,43,529.66
4074,6,106.1,372.21,384.37,148.13,333.1,435.29,211.8,51,529.51
4075,7,106.1,369.61,382.08,147.65,353.34,431.9,216.5,45,530.09
4076,5,106.8,373.84,363.18,146.23,334.94,354.31,220.7,50,93.65
4077,9,106.7,377.58,365.6,145.09,290.67,360.06,225.6,41,92.61
4078,6,108.1,377.29,363.98,144.3,246.84,357.19,223.6,32,91.47
4079,5,108.2,373.26,381.23,143.97,226.4,351.78,217.2,18,90.99
4080,3,108.1,367.82,379.77,144.07,234.17,347.74,213.3,19,90.33
4081,3,108,367.06,381.82,143.2,241.24,351.5,211.1,19,88.77
4082,3,108.9,359.82,366.33,142.22,241.79,354.3,206.2,19,89.2
4083,2,109.2,357.66,371.88,140.78,255.26,360.05,197.2,17,88.26
4084,3,108.9,358.65,369.06,140.44,304.39,364.03,189.9,20,87.67
4085,8,108.6,365.94,376.58,142.49,333.62,362.62,191.7,37,88.77
4086,10,107.9,370.23,368.35,144.53,326.13,387.77,194,72,279.84
4087,9,107.3,370.09,369.47,146.52,267.96,383.79,191.9,31,282.05
4088,9,106.9,375,358.46,147.92,234.26,395.99,187.4,33,280.22
4089,10,107.2,377.92,360.74,149.45,214.62,366.21,185.5,17,90.18
4090,10,106.9,376.8,363.45,151.12,208.56,408.02,189.8,20,359.42
4091,9,106.9,382.4,367.55,152.47,198.65,406.05,194.2,23,361.69
4092,9,106.7,381.99,367.2,152.68,204.4,400.43,196.7,38,362.23
4093,9,106.6,381.33,368.3,152.53,217.15,363.56,195.3,23,93.6
4094,6,106.7,377.03,378.31,153.16,235.67,354.2,199.2,26,92.71
4095,7,106.5,374.96,381.18,154.14,249.4,356.13,201.6,21,94.65
4096,10,106.4,387.36,374.33,153.87,269.91,351.96,205.5,35,93.06
4097,9,106.6,384.38,372.9,152.9,307.76,422.32,209.8,50,546.1
4098,11,107.2,385.55,370.46,152.59,333.28,429.74,218.6,73,544.39
4099,11,106.5,379.21,377.34,151.6,334.08,431.32,228.9,56,545.76
4100,9,107,372.97,373,150.57,317.17,362.8,238.5,58,91.66
4101,9,107.6,370.23,370.12,149.78,306.77,366.89,238,47,91.42
4102,4,108.1,359.73,372.1,147.29,295.25,369.19,233.1,37,90.14
4103,5,108.1,364.6,374.73,143.42,268.89,371.19,217.8,23,91.52
4104,3,107.7,363.66,385.31,142.32,258.66,366.18,207.9,24,91.33
4105,3,107.3,360.77,378.66,142.38,256.61,365.44,199.1,26,93.2
4106,4,107.5,348.7,375.75,139.26,272.41,363.99,198.1,21,93.22
4107,3,107.3,351.16,366.84,129.33,276.85,358.31,191.4,22,92.88
4108,3,108.3,366.53,368.99,143.38,308.14,353.7,192.6,25,91.33
4109,6,107.9,381.36,370.64,151.43,340.81,352.34,195.9,37,90.42
4110,11,108.5,393.48,374.58,160.53,348.75,384.17,206.4,68,277.29
4111,11,108,401.25,375.51,164.59,335.81,380.32,215.3,51,277.9
4112,9,107.4,405.95,373.04,165.57,298.79,377.77,224.7,52,278.74
4113,10,107,408.07,370.39,166.56,271.94,354.48,231.5,33,93.67
4114,11,106.9,405.64,377.35,165.81,232.97,399.3,232.9,26,386.55
4115,11,107,410.93,375.87,165.71,215.88,402.07,229.9,28,386.18
4116,8,107,408.65,377.7,164.66,212.34,396.43,228.2,25,385.89
4117,5,106.6,408.9,364.02,164.92,210.92,355.32,224.5,26,92.22
4118,7,107.4,403.74,366.91,164.78,211.35,356.95,220.1,28,93.28
4119,6,107.1,408.26,364.66,159.95,229.35,352.57,214,38,94.27
4120,6,106.6,398.12,372.56,158.75,254.34,351.71,215.3,47,94.28
4121,9,106.4,399.23,370.34,157.44,270.75,419.27,215.8,52,555.12
4122,5,106.3,381.99,373.47,155.98,268.67,424.67,217.9,51,552.44
4123,6,106.4,380.85,362.22,155.15,280.86,419.86,216.9,44,553.03
4124,4,106.7,378.28,364.15,153.61,287.72,351.8,214.6,48,91.96
4125,5,106.5,383.56,362.45,152.72,297.24,352.2,213.8,34,93.82
4126,3,106.9,381.25,372.3,151.3,288.05,355.96,210.3,34,93.2
4127,4,107,371.24,368.87,143.8,280.86,352.56,210.8,35,91.59
4128,3,107.5,365.71,366.11,147.46,281.42,353.41,215.2,26,90.26
4129,3,107,369.57,363.23,147.97,287.18,356.29,221.3,30,91.31
4130,3,107.2,373.63,365.75,145.76,294.25,361.27,216.7,27,91.29
4131,3,107.1,379.39,372.04,146.5,297.78,368.02,209.3,28,93.87
4132,4,107.6,384.42,374.13,151.2,303.69,369.69,202.7,27,93.38
4133,8,106.6,396.18,370.47,158.8,319.92,365.43,207.8,35,93.66
4134,6,107.6,404.3,377.18,167.42,364.79,390.32,209.3,42,265.49
4135,10,107.3,402.02,377.5,168.53,402.04,387.36,216.6,51,266.51
4136,8,106.8,394.51,377.52,168.46,421.53,389.07,221.8,67,267.44
4137,10,106.5,396.42,369.17,170.44,376.06,353.5,233.5,65,94.48
4138,6,106.6,403.28,372.26,170.63,338.91,397.39,240.2,67,370.74
4139,7,106.8,413.83,374.23,169.57,285.99,397.21,248.3,66,372.86
4140,5,106.8,412.66,371.06,169.09,266.08,403.61,249.4,40,371.49
4141,7,106.1,410.14,369.93,169.33,224.43,362.76,254.2,32,94.92
4142,7,106.4,409.5,376.84,166.59,207.28,360.85,245.4,23,92.97
4143,9,106.7,403.27,370.75,162.63,200.94,354.3,237.2,27,91.98
4144,8,106.4,397.15,371.87,159.72,214.11,353.09,224.9,18,92.34
4145,4,106.6,384.09,370.53,156.34,216.37,430.16,221,31,544.48
4146,5,106.1,373.04,379,154.44,211.3,437.38,219.3,27,547.06
4147,7,106.5,370.95,379.44,153.12,232.43,441.96,217.1,32,546.79
4148,4,106.6,378.76,364.62,151.83,268.36,368.52,221.5,33,94.82
4149,5,106.7,383.25,367.51,150.34,290.73,368,223.2,35,94.96
4150,5,107.2,379.54,367.7,149.06,285.32,366.65,221.2,29,93.89
4151,4,107,365.5,375.68,147.1,271.97,373.28,215.1,24,94.32
4152,4,107.4,361.69,367.81,145.82,274.95,371.53,212.2,25,93.25
4153,3,107.5,363.22,370.02,144.74,286.16,366.13,208.6,26,94.97
4154,4,107.8,366,366.46,143.7,293.52,363.12,209.7,26,93.78
4155,3,107.8,363.5,373.74,143.73,288.02,356.96,212.8,27,95.24
4156,3,108,365.29,371.55,147.65,273.3,362.22,218.9,21,93.27
4157,4,107.9,376.22,380,156.88,260.21,362.91,222.2,14,93.66
4158,3,108.2,392.91,382.38,165.39,263.12,398.99,214.3,13,270.3
4159,6,107.6,401.43,376.74,167.09,258.02,391.76,211.9,26,271.95
4160,11,107.1,408.62,375.36,166.67,255.79,387.76,204.1,29,271.9
4161,11,106.7,416.31,367.52,169.19,249.29,360.36,205.6,40,96.37
4162,9,106.8,417.96,369.13,169.62,237.66,406.55,210.8,32,371.23
4163,8,106.6,419.95,367.34,169.28,235.93,405.9,225.4,32,371.77
4164,7,106.5,416.6,363.77,169.48,217.2,402.77,237,39,368.68
4165,3,106.3,412.71,364.62,171.75,233.93,370.99,238,33,91.48
4166,9,106.5,406.78,355.75,168.6,238.6,367.3,232.6,37,91.64
4167,6,106.9,399.69,362.96,163.42,240.35,361.99,229,35,91.4
4168,9,106.5,395.02,362.19,161.32,243.04,347.57,227.2,29,94.15
4169,7,106.2,388.58,372.95,158.25,225.85,430.19,225.9,43,511.09
4170,5,106,384.94,366.25,157.85,229.36,437.31,221.4,39,511.52
4171,4,105.7,384.04,362.54,159.59,219.62,438.69,219.4,34,511.19
4172,6,105.7,385.4,362.02,155.89,256.76,367.61,214.1,39,95.95
4173,5,105.7,382.59,368.01,152.11,292.71,360.95,213.5,45,96.79
4174,4,105.9,385.81,365.33,150.94,303.25,360.82,205.8,34,96.94
4175,4,105.6,376.77,363.06,150.3,299.74,348.6,201.6,26,94.69
4176,3,105.4,368.58,362.22,149.06,292.77,352.92,199.3,24,95.04
4177,3,105.4,369.35,366.76,146.88,301.56,356.72,199.4,26,94.64
4178,3,105.3,380.88,362.98,147.09,305.94,361.46,202,26,97.18
4179,3,105.6,384.67,362.59,148.07,306.31,365.48,204.3,25,95.22
4180,3,105.4,383.47,364.81,151.56,290.55,362.36,203.8,21,96.5
4181,3,105,391.53,369.4,157.8,260.64,360.81,203.9,18,94.75
4182,6,104.7,404.02,371.95,164.51,233.18,384.7,201,15,278.15
4183,5,104.8,412.34,374.81,167.83,222.67,392.71,207.2,22,277.14
4184,7,105.2,407.22,374.65,169.16,232.14,395.39,208.9,31,276.73
4185,6,105.8,402.45,369.19,169.61,240.42,366.17,211.2,35,93.86
4186,4,106.1,406.19,364.77,168.57,242.09,403.71,211.3,45,352.7
4187,5,106.5,404.45,365.34,167.69,227.58,401.28,211.7,31,355.25
4188,7,106.3,409.22,363.15,165.91,215.63,403.23,211.1,37,356.14
4189,9,106.1,406.24,360.98,164.84,236.32,358.46,205.5,29,96.23
4190,10,105.7,401.45,361.29,163.17,251.28,354.84,204.6,25,94.96
4191,11,105.6,391.9,369.98,159.76,271.53,351.58,210.1,28,96.39
4192,9,105.3,381.48,365.16,156.57,254.49,357.69,214.5,52,97.57
4193,9,105.4,377.97,368.58,154.25,271.21,430.88,217.6,53,538.38
4194,6,104.8,378.75,363.32,149.63,267.11,433.74,214.8,42,538.85
4195,6,104.6,375.59,368.45,147.55,264.93,428.37,215.8,31,538.36
4196,9,104.8,369.19,363.21,145.98,259.7,358.5,209.9,46,96.33
4197,8,105,355.26,363.66,144.86,290.5,358.1,204.5,68,94.19
4198,7,104.9,355.41,368.58,144.56,304.26,356.63,197.2,31,93.93
4199,4,104.8,358.8,372.36,146.09,292.4,358.57,195.3,24,95.63
4200,3,104.8,370.96,379.92,144.83,262.02,354.62,194.5,20,96.33
4201,3,104.6,361.92,374.72,142.19,261.29,358.44,196.1,21,99.82
4202,3,104.7,359.39,368.72,140.34,261.77,357.25,199.6,21,99.36
4203,3,104.8,348.46,357.56,141.09,277.24,356.42,199.9,21,99.96
4204,4,104.7,359.34,355.4,141.72,313.79,352.89,201.6,21,98.01
4205,9,104.4,362.73,359.26,144.5,334.88,351.74,203.8,37,97.31
4206,8,104.6,375.67,368,147.08,314.29,387.57,208.6,66,285.15
4207,11,104.5,379.76,372.75,149.08,256.51,387.99,210.6,34,283.85
4208,9,104.8,382.66,368.59,149.92,218.57,386.57,212.2,23,283.5
4209,6,105.4,377.32,361.5,149.93,201.83,348.16,208.8,36,96.09
4210,4,105.2,371.76,370.26,149.18,198.79,386.23,203.6,21,382.74
4211,4,105.3,371.46,369.96,150,195.8,393.26,195.4,26,385.02
4212,5,105.7,372.63,377.85,150.38,204.77,402.05,192,26,383.59
4213,3,105.5,373.37,368.86,147.96,214.42,361.47,191.7,22,97.9
4214,5,105.5,375.67,369.43,146.42,231.06,356.62,194.8,26,94.07
4215,6,105.9,374.61,359.73,145.25,235.09,355.25,196.1,32,96.13
4216,6,105.3,365.61,355.53,143.61,252.28,363.99,199.6,35,95.56
4217,8,105.3,358.65,364.55,140.81,261.34,431.75,203,38,564.15
4218,9,105.1,350.6,366.07,140.08,277.66,429.57,205.2,48,562.97
4219,10,105.8,353.33,374.24,139.44,271.1,425.19,207.7,45,563.58
4220,11,105.3,349.47,366.3,138.19,254.52,360.33,205.6,30,96.56
4221,8,105.1,351.54,371.43,138.22,238.36,364.95,209.9,28,95.63
4222,10,105.1,353.83,367.81,137.96,222.45,366.35,216.6,31,96.17
4223,6,105.1,353.42,374.24,139.33,236.66,371.74,219.5,18,96.4
4224,4,104.9,352,369.89,137.25,228.91,364.68,216.6,17,96.54
4225,3,104.9,349.68,367.92,138.42,227.78,361.54,208.2,13,95.61
4226,3,105,358.72,357.25,139.4,212.51,353.83,198.8,14,95.81
4227,3,105.2,364.09,359.42,138.93,208.46,353.55,189.8,15,95.96
4228,4,105.1,363.8,362.63,138.71,240.18,350.02,182.1,12,96.21
4229,7,104.5,358.43,367.57,140.37,274.37,349.14,182.1,67,97.12
4230,9,104.3,359.81,377.31,142.26,290.67,378.97,182.2,55,273.78
4231,10,104.5,364.17,375.39,143.23,268.04,381.12,183.3,30,272.62
4232,9,104.8,369.42,373.28,144.81,235.48,375.61,183.3,28,272.57
4233,9,104.9,374.96,365.46,145.4,236.31,346.36,186.5,22,96.36
4234,8,105.7,369.23,362.49,146.06,222.37,385.72,188.5,23,367.45
4235,5,105.8,359.75,362.28,146.15,217.56,391.25,191.8,24,365.97
4236,5,105.6,358.31,355.96,146.43,194.88,396.27,192.7,19,366.45
4237,6,105.5,357.26,357.31,146.89,201.39,357.78,191.6,20,95.25
4238,6,105,362.13,359.48,146.21,207.68,356.24,192.7,28,94.97
4239,6,105.1,359.3,367.66,145.26,254.16,356.46,194.7,27,93.8
4240,5,104.9,371,367.24,144.77,270.84,358.31,200.8,29,92.57
4241,10,105,374.37,369.55,146.72,284.78,422.56,205.7,47,578.61
4242,9,105.4,369.82,371.84,146.73,257.49,428.3,210,40,577.6
4243,7,105.8,361.75,363.24,146.2,256.84,419.21,207.7,46,579.91
4244,9,106.8,357.16,361.72,144.83,253.47,359.72,205.1,49,95.01
4245,10,105.5,358.07,357.24,141.91,270.15,355.95,198.1,58,96.39
4246,9,106.2,354.29,367.33,143.8,268.7,367.83,198.1,28,97.41
4247,6,106.1,357.1,369.02,143.72,263.65,366.62,197.8,21,97.57
4248,4,105.5,354.15,367.66,141.57,251.34,358.47,201.8,22,97.67
4249,3,105.3,356.18,368.34,138.99,251.38,361.75,203.2,22,98.15
4250,3,105,351.86,363.17,138.96,245.96,355.7,204.9,21,96.23
4251,3,104.4,355.35,356.63,138.92,247.56,356.75,204.9,16,97.98
4252,4,104.5,362.91,354.12,139.96,262.67,347.82,198.2,18,96.92
4253,6,104.5,363.37,352.58,140.06,287.09,348.15,191.5,46,98.94
4254,8,104.4,367.52,358.04,141.41,309.64,373.29,188.1,44,278.21
4255,10,105.1,360.15,363.84,143.66,279.3,372.03,189.6,44,277.72
4256,8,105.8,360.22,374.08,144,263.1,369.58,191.3,26,276.87
4257,6,105.2,364.24,379.25,145.53,224.87,348.66,196.8,16,94.81
4258,4,105.6,373.03,381.62,146.41,223.31,389.93,200.1,27,368.98
4259,6,105.5,374.34,376.28,146.82,214.91,396,198.4,19,370.09
4260,5,105.3,376.1,375.48,147.65,210.03,396.58,191.6,26,371.06
4261,3,105.3,374.66,369.51,147.57,219.66,358.01,188.3,31,97.35
4262,5,105.2,376.26,376.39,147.69,209.72,356.55,188.3,31,97.37
4263,5,105.3,376.75,369.76,146.75,221.88,357.17,191.2,33,97.89
4264,6,105.7,376.95,371.35,147.39,239.74,356.64,197,35,97.75
4265,8,105.6,376.12,365.23,146.93,262.96,421.46,201.9,42,562.1
4266,9,105.5,370.34,370.85,146.67,263.2,419.3,209,46,561.85
4267,7,105.5,367.75,362.41,146.32,246.24,424.82,214.7,55,559.11
4268,5,105.9,378.1,357.42,145.45,232.94,360.28,223.2,55,93.15
4269,8,105.7,384.23,350.88,144.69,232.9,363.13,223.4,34,92.28
4270,7,106.1,385.08,357.35,147.22,216.12,355.04,218.1,28,95.5
4271,6,105.2,375.83,361.58,145.93,201.65,357.17,205.6,12,96.5
4272,3,104.3,366.54,373.22,144.7,182.57,355.81,196.9,13,98.73
4273,2,104.3,359.21,371.01,142.83,178.67,356.23,193.5,12,99.85
4274,3,104.3,361.36,372.96,142.36,176.3,354.88,195.2,12,102.24
4275,3,104.7,356.68,365.22,142.94,185.04,350.5,192.7,10,101.61
4276,3,104.8,366.83,367.93,146.08,213.29,350.55,192.9,16,99.61
4277,8,104.2,368.74,365.33,156.05,256.41,351.76,192,42,98.02
4278,10,104.4,388.92,371.38,162.71,287.1,388.99,200.5,62,285.02
4279,11,105.1,403.62,365.71,166.29,271.37,393.53,205.2,36,283.87
4280,8,104.8,406.04,356.44,168.34,237.87,393.71,208.4,37,284.6
4281,10,104.5,407.82,351.33,160.13,212.16,364.94,203.7,14,96.5
4282,8,104.8,406.1,351.67,164.7,211.21,397.4,197.8,23,373.52
4283,4,104.7,427.62,365.49,167.18,210.8,402.13,194.2,20,371.25
4284,4,104.7,432.32,362.2,167.1,203.47,395.73,195.7,23,372.66
4285,7,105,429.47,363.15,167.04,203.99,362.83,198.3,22,94.65
4286,5,106,416.77,369.33,165.95,203.26,360.46,201.8,25,95.03
4287,6,105.7,407.28,371.9,162.83,225.49,363.55,196.5,28,93.18
4288,7,105.6,394.39,374.72,160.38,251.28,361.26,193.8,39,95.8
4289,9,105.8,383.98,373.52,157.31,287.43,430.55,194.3,37,545.6
4290,10,105.9,379.22,376.67,155.96,290.32,427.37,198.8,45,547.21
4291,10,105.7,385.94,381.28,153.22,291.68,427.2,201.3,39,546.36
4292,10,105.5,383.32,367.74,151.64,267.18,355.33,199.8,39,97.2
4293,8,105.7,374.77,367.58,149.89,248.4,358.6,199.3,25,96.22
4294,6,106.5,371.81,362.56,148.26,228.8,356.51,197.1,32,96.75
4295,4,105.7,362.98,364.07,147.6,219.35,353.53,189.3,18,96.69
4296,3,105.7,367.29,361.53,145.57,219.19,345.53,184.2,16,94.91
4297,3,105.8,370.18,355.77,145.03,217.29,348.1,184.2,17,94.1
4298,2,105.5,375.81,362.41,145.08,228.36,355.06,188.6,20,93.16
4299,3,105.6,380.69,361.48,145.65,244.13,372.77,190.7,17,95.14
4300,3,106.1,382.72,366.46,148.78,282.12,374.66,195.7,20,96.76
4301,7,105.6,394.72,362.26,157.57,318.4,376.77,202.9,25,97.67
4302,9,105.3,406.69,364.73,165.53,331.04,392.23,214.6,54,277.63
4303,8,105.9,414.67,370.75,168.61,296.41,391.74,217.1,38,276.47
4304,9,105.7,423.66,367.16,168.82,262.36,385.41,221.2,37,276.55
4305,6,105.2,421.02,363.51,168.19,226.82,358.28,218.1,34,96.33
4306,5,105.3,420.41,361.57,167.25,220.73,397.95,214.5,21,364.04
4307,6,105.4,414.41,361.99,166.56,203.19,397.23,215.8,27,362.47
4308,4,105.5,410.59,364.28,167.06,211.78,403.74,220.7,19,361.42
4309,4,105.6,408.58,360.45,167.57,212.6,365.66,228.3,37,92.04
4310,4,106.7,411.38,359.93,167.26,212.49,364.28,217.1,37,92.92
4311,6,106.2,411.31,361.49,164.38,232.4,360.23,205.8,27,93.16
4312,5,105.8,398.27,368.75,161.09,238.41,361.83,204.6,32,95.41
4313,4,105.7,390.13,378.83,157.99,252.2,424.55,212.3,38,519.23
4314,7,105.4,388.95,376.1,157.88,246.27,425.98,218.9,38,519.29
4315,8,105.4,393.48,369.56,157.01,240.89,425.64,209.3,43,518.74
4316,8,105.3,393.98,362.01,156.61,258.98,366.81,196.2,55,95.32
4317,8,105.5,391.95,367.21,154.06,273.07,368.77,186.8,54,95.88
4318,8,105.9,393.64,368.54,153.8,286.97,369.15,181.9,38,96.7
4319,4,105.8,384,362.87,151.69,267.1,366.36,185.7,21,97.73
4320,3,105.9,376.05,362.97,149.28,245.36,361.22,184.4,23,98.09
4321,3,105.9,371.24,365.9,148.73,238.78,362.71,187.4,21,97.39
4322,3,105.6,377.81,375.76,148.44,250.38,362.53,187.9,27,96.66
4323,4,105.6,386.99,361.27,148.4,260.5,360.65,193.8,28,96.13
4324,4,105.9,382.5,357.14,151.91,262.88,356.64,200.5,20,97.51
4325,4,105,393.74,357.66,160.27,256.99,357.56,212.4,22,97.23
4326,5,105.1,401.2,371.08,166.1,257.29,396.7,219,22,278.7
4327,7,105.6,420.29,372.05,167.93,272.7,400.59,216.3,34,277.9
4328,11,105.2,419.04,371.95,169.28,297.23,409.23,209.8,50,277.35
4329,11,105,421.31,368.49,170.37,296.57,375.93,204.2,36,97.81
4330,8,105.3,418.48,376.04,169.12,275.18,412.33,210.9,41,356.94
4331,6,105.6,413.45,374.66,168.75,266.86,397.36,216.1,37,355.93
4332,6,106.2,400.86,374.98,168.4,259.53,394.22,222.4,30,355.21
4333,9,105.8,389.07,370.92,168.73,254.51,348.89,216.5,35,96.64
4334,8,106.1,393.4,368.86,167.37,230.6,350.38,211.1,37,99.51
4335,7,106.2,394.49,365.16,165.1,236.65,353.31,207.2,27,97.61
4336,9,106.4,402.88,361.58,163.91,259.35,353.36,212.5,30,96.16
4337,5,105.8,397.54,370.47,161.69,268.43,422.01,215.6,45,555.29
4338,5,105.8,398.16,377.25,160.51,255.26,416.05,214.1,49,556.57
4339,9,105.8,391.35,380.54,158.52,247.53,420.49,210.6,26,557.73
4340,7,105.7,390.7,372.01,156.38,264.74,357.17,209.5,43,97.6
4341,5,105.4,379.23,367.36,154.54,279.81,361.56,208.7,33,100.01
4342,4,105.2,383.04,361.16,154.37,278.06,363.1,208.4,32,100.41
4343,4,105.1,378.3,362.43,152.83,265.27,357.69,204.7,31,101.08
4344,4,105.5,390.17,357.38,152.35,270.75,360.5,206,27,97.58
4345,5,105.5,382.74,360.37,150.09,278.96,354.32,205.8,27,96.97
4346,5,105.8,384.07,369.97,149.36,286.66,356.31,208.6,27,96.86
4347,4,105.6,378.76,370.37,150.11,287.23,357.09,210.7,24,98.67
4348,3,105.4,387.6,369.9,152.91,284.55,360.88,215.3,22,96.68
4349,3,104.9,394.25,360.22,160.62,265.88,368.52,226.2,20,95.19
4350,4,105,414.5,370.69,166.96,251.8,392.15,232.8,16,271.56
4351,6,106.2,411.3,367.13,169.73,250.58,394.02,237.2,30,272.76
4352,9,105.4,407.37,368.28,169.43,269.91,387.4,229.8,30,272.88
4353,10,105.6,394.35,362.5,164.29,299.26,356.7,222.5,48,97.92
4354,8,106.5,395.01,365.25,170.14,292.81,403.29,218.9,31,366.83
4355,9,106.6,400.73,367.5,171.18,270.84,403.33,214.9,25,366.83
4356,8,106.2,416.15,370.94,170.72,245.72,404.28,212.6,31,365.03
4357,6,105.6,423.84,368.19,169.84,228.56,357.87,210.1,27,96.4
4358,6,105.4,429.22,362.07,169.78,228.52,358.92,213.7,27,98.55
4359,4,105.6,410.32,357.2,165.45,233.05,356.18,222.4,23,98.62
4360,5,105.3,407.95,354.53,161.18,259.71,353.68,227.3,31,98.39
4361,7,105.2,396.38,365.03,158.21,266.74,420.98,232.6,33,548.98
4362,6,105.6,395.4,371.04,157.18,259.25,418.08,227.3,47,548.9
4363,7,106.2,387.52,376.23,155.18,250.55,419.7,217.9,40,550.19
4364,10,105.6,384.26,367.09,153.61,241.38,358.57,207.6,44,98.61
4365,8,105.1,393.27,362.86,153.09,249.03,351.95,199.1,27,98.11
4366,9,104.6,389.86,363.79,152.05,252.01,351.62,195.4,30,96.91
4367,4,104.5,388.44,358.58,150.34,265.88,336.1,190.9,28,97.16
4368,4,104.7,379.55,360.26,148.6,265.43,353.44,192.7,21,99.45
4369,4,104.9,375.83,355.68,147.52,268.48,351.17,196.7,23,104.07
4370,4,105,381.25,362.82,145.92,274.58,362.01,200,24,103.63
4371,3,104.5,375.49,356.66,146.84,286.36,353.04,205.7,22,101.79
4372,4,104.4,389.18,355.55,149.6,299.73,361.73,210.9,20,95.83
4373,8,104.4,387.38,352.98,157.35,323.05,369.1,217.1,35,96.91
4374,11,104.5,402.34,359.42,164.94,304.18,394.65,220.6,43,272.04
4375,9,104.9,403.7,365.45,168.26,281.79,383.18,220.6,27,274.58
4376,10,105.3,408.22,363.57,159.01,238.94,378.72,213.8,32,272.89
4377,8,105.7,403.9,363.11,167.88,256.99,359.88,205.7,30,99.17
4378,7,105.7,404.06,368.06,166.87,241.9,402.62,204,21,381.5
4379,7,106.1,406.13,375.7,165.97,236.27,395.83,209.5,25,381.69
4380,8,105.8,398.09,375.74,164.59,207.09,398.12,217.1,22,379.67
4381,6,105.8,393.84,369.07,162.22,218.18,358.81,217.8,21,95.21
4382,4,106.1,386.63,360.69,159.24,223.81,361.42,218.7,22,94.48
4383,5,106.6,383.67,354.61,156.24,232.93,356.47,220.1,32,94.23
4384,8,106,381.45,356.92,153.58,232.61,352.12,220.9,32,93.96
4385,8,105.1,372.97,368.68,151.39,235.93,416.76,218.9,31,570.52
4386,11,104.9,369.86,369.99,150.1,230.69,412.7,212.5,41,570.92
4387,8,105,360.08,369.53,148.05,224.18,410.88,209.6,46,572.17
4388,9,104.9,368.46,360.4,146.22,228.62,344.32,212.4,36,94.69
4389,8,105,368.17,366.46,144.53,218.27,347.72,214,28,94.43
4390,7,105.2,371.41,368.79,143.16,205.62,351.95,209.9,16,95.38
4391,4,105,369.13,361.28,141.75,180.97,354.51,202.7,17,96.32
4392,3,105.1,369.24,362.54,141.13,200.87,350.87,198.4,16,95.71
4393,3,105.3,364.77,360.67,140.72,216.85,356.42,196.3,16,98.04
4394,3,105.3,356.89,367.72,140.26,232.85,360.46,195,17,98.49
4395,2,105.8,356.68,363.06,140.9,239.67,366.65,193.5,16,99.89
4396,4,106.2,354.58,362.32,140.05,247.19,364.5,191.5,16,97.81
4397,9,105.4,354.67,360.96,142.81,268.77,363.91,190,26,98.41
4398,11,104.4,357.84,359.67,146.79,256.71,385.63,192.2,47,272.59
4399,9,104.4,365.81,356.25,148.21,247,382.22,196,49,271.21
4400,8,104.7,373.08,355.44,149.08,221.71,379.03,205.6,27,271.62
4401,6,105.5,374.19,362.86,149.46,223.11,353,210.6,28,95.73
4402,5,105.6,377.62,369.84,150.19,223.49,402.6,214.6,27,375.59
4403,8,105.5,377.57,381.75,149.31,231.37,410.11,211.5,20,376.92
4404,8,105.4,381.87,378.07,148.68,225.97,421.51,210.2,30,378.96
4405,7,105.5,372.4,376.44,148.05,235.02,378.09,209.4,26,99.66
4406,7,105.3,368.97,364.35,147.61,220.5,372.16,207.3,31,98.7
4407,5,105.4,367.6,362.62,147.27,213.71,355.72,207.6,26,97.96
4408,8,105.9,368.62,361.06,147.23,205.45,350.92,211.2,31,97.08
4409,6,105.6,366.29,368.2,144.75,218.05,412.49,211.9,46,555.01
4410,6,105.5,361.92,367.19,143.5,219.18,417.14,209.6,42,553.64
4411,6,105.8,360.04,368.89,142.58,216.74,423.49,208.6,40,552.55
4412,9,106,362.73,368.42,142.58,208.99,365.83,208.8,42,92.57
4413,6,106.5,360.58,365.02,141.47,210.19,366.71,207.3,26,93.02
4414,9,105.6,357.19,364.42,141.85,200.58,359.66,204.7,24,93.62
4415,6,105.9,356.3,364.29,140.87,199.08,353.68,202.6,23,93.02
4416,3,106,357.11,367.69,141.38,215.03,349.12,201,17,96.56
4417,5,106.2,360.6,364.82,140.06,213.56,356.95,198.6,13,102.7
4418,3,106.5,355.96,365.1,139.76,214.83,361.23,197.4,11,106.89
4419,3,106.6,353.28,357.97,137.8,200.92,362.87,195.7,11,102.94
4420,4,106.4,356.61,360.13,139.55,232.01,352.88,190.9,13,96.64
4421,6,106.2,364.54,364.48,144.05,279.01,355.35,190.3,23,92.92
4422,10,106.6,371.58,366.07,143.3,286.11,390.3,192.2,60,265.62
4423,9,106,374.8,369.3,147.49,275.32,401.31,196.6,27,265.34
4424,9,106.4,368.8,365.39,146.08,246.21,392.67,201.8,29,266.63
4425,6,106.7,372.95,367.37,147.72,238.58,368.7,204.5,32,95.55
4426,6,105.8,375.14,369.56,148.07,227.48,397.87,211,18,370.2
4427,9,106.3,376.17,370.7,148.33,205.94,401.25,210.8,24,367.89
4428,6,106.2,369.38,371.55,147.72,205.8,388.63,208.9,26,366.3
4429,6,105.7,362.56,362.69,146.64,196.81,351.14,202.5,18,92.8
4430,5,105.4,362.13,358.04,147.3,197.71,351.28,202.7,27,95.18
4431,4,105.2,354.39,365.81,146.83,204.15,356.05,205.2,23,95.63
4432,4,105.6,361.01,366.42,146.57,221,360.16,208.5,28,96.42
4433,5,105.4,361.82,371.75,146.7,232.13,422.06,206.7,33,549.75
4434,7,105.2,375.43,365.65,146.08,222.87,423.55,216.5,39,551.24
4435,6,105.5,370.3,368.03,146.49,232.59,420.1,222.9,39,550.93
4436,8,105.7,370.34,367.18,144.9,221.25,356.31,229.2,35,97.67
4437,8,105.9,360.32,370.21,143.72,220.55,359.19,218.7,32,96.73
4438,8,105.7,363.06,368.28,142.41,206.91,357.87,206.5,27,96.11
4439,3,105.2,360.91,364.86,142.48,223.97,358.44,197.1,20,95.79
4440,3,106.4,356.48,361.75,142.38,229.53,353.81,195.1,17,95.81
4441,3,105.9,347.58,360.88,141.6,228.87,362.03,197.8,14,95.71
4442,2,106.6,347.3,365.87,139.77,227.34,362.51,200.9,14,95.12
4443,3,106.8,351.72,376.26,140.57,228.74,364.1,200.1,14,95.32
4444,4,107.2,363.87,372.92,142.66,239.38,357.32,197.3,10,95.77
4445,5,106.2,370.86,369.43,150.94,257.04,358.95,196.2,28,96.95
4446,10,105.7,385.21,368.07,159.4,267.02,383.98,199,40,263.88
4447,8,106.5,390.14,369.79,162.72,258.78,383.29,200.8,25,264.19
4448,6,105.8,404.3,366.04,163.97,235.01,380.07,196.9,27,264.48
4449,4,105.8,407.6,358.04,163.76,218.82,355.29,189.5,28,98.11
4450,5,106.1,409.24,373.09,163.37,215.61,402.3,179.5,19,362.16
4451,5,105.9,401.47,381.32,164.14,200.3,402.77,173.4,19,359.95
4452,5,106.2,398.03,379.64,163.91,199.21,397.83,172.3,24,360.83
4453,4,105.7,400.32,363.48,163.53,187.16,347.09,176.7,22,98.71
4454,3,105.6,398.15,359.92,161.69,199.96,358.63,183.1,24,99.97
4455,5,105.9,401.2,365.6,157.09,198.06,360.37,186.8,24,101.51
4456,7,106,396,375.7,158.75,226.05,372.49,192.2,23,98.89
4457,6,105.8,395.07,374.2,156.9,229.32,427.75,196.4,31,573.01
4458,7,105.7,381.7,374.53,152,232.14,427.26,205.1,40,568.97
4459,9,105.7,373.75,367.4,150.23,214.61,420.16,215.3,27,569.58
4460,8,105.9,372.15,368.47,150.44,207.28,356.73,217.2,43,93.77
4461,7,106,374.74,366.22,148.76,218.04,359.36,214.7,25,94.95
4462,7,106.2,377.73,375.97,148.09,208.74,357.48,204.6,23,93.85
4463,4,106,367.09,375.76,145.13,206.22,349.65,201.4,26,93.9
4464,3,106.4,365.77,376.01,143.34,203.66,348.21,196.3,17,94
4465,3,107.4,363.25,370.72,139.29,222.15,351.81,195.7,18,94.5
4466,3,107.1,366.79,369.03,141.1,227.2,351.86,196.3,18,94.48
4467,2,106.7,363.9,365.91,143.48,222.41,352.54,193.9,14,92.48
4468,2,107.4,369.79,372.07,143.39,223.29,352.04,196.3,16,90.74
4469,7,106.7,373.32,378.11,149.23,244.21,361.86,198.8,27,90.99
4470,10,106.5,387.65,383.65,155.59,259.53,385.36,197.8,46,269.86
4471,11,107.1,387.29,378.48,158.69,257.04,391.7,198.4,32,272
4472,8,106.1,395.55,379.47,159.36,234.81,389.07,196.7,26,273.13
4473,10,105.9,391.15,381.15,159.99,210.59,362.95,203.7,29,94.81
4474,9,105.9,397.84,380.35,160.47,202.99,396.56,206.2,29,359.19
4475,6,105.7,396.57,372.52,161.06,205.57,392.32,211.3,24,360.72
4476,4,105.9,402.02,361.19,160.52,207.1,390.9,211.8,28,362.75
4477,5,105.4,403.74,361.82,160.86,208.48,349.41,212.4,27,99.1
4478,4,105.7,401.29,366.37,158.91,206.53,351.52,207.9,18,97.52
4479,5,105.6,397.51,377.3,156.57,213.85,358.13,209.1,26,95.49
4480,4,105.5,390.64,376.49,155.21,211.16,355.31,209.6,23,95.26
4481,6,105.2,389.19,378.35,152.97,220.9,417.88,214.8,30,542.67
4482,9,105.1,381.76,369.62,152.4,214.31,420.25,219.1,28,546.71
4483,8,105,379.5,368.24,150.01,222.9,426.38,216.5,30,545.61
4484,4,105.2,384.96,359.01,148.9,210.08,359.83,211.1,29,99.87
4485,5,105.1,383.64,364.76,148.68,205.1,350.47,204.5,25,96.86
4486,5,105.2,377.07,360.71,148.71,196.86,343.73,201.8,21,97.65
4487,3,105.1,365.88,365.43,147.01,187.32,352.19,197.4,17,97.38
4488,2,105.6,365.63,369.56,144.89,185.14,347.83,195,10,95.99
4489,3,106.3,365.07,375.54,142.96,176.88,349.75,190.1,10,96.2
4490,2,106.8,364.63,377,139.25,178.76,349.05,187,16,93.27
4491,3,107.6,358.59,376.04,140.46,177.52,360.09,185.4,12,94.66
4492,2,106.8,366.06,380.06,144,183.21,361.64,183.3,9,94.97
4493,3,105.8,375.75,376.42,151.12,186.88,361.64,187.2,12,97.23
4494,2,105.7,389.87,376.7,158.02,204.31,386.77,189.5,13,271.39
4495,5,106.3,398.31,376.09,162.3,209.47,385.36,196.1,21,269.85
4496,9,106.1,400.63,379.36,165.41,218.74,384.74,202.2,32,269.02
4497,9,106.1,408.56,367.61,165.59,219.51,365.78,209.7,36,93.69
4498,9,106.1,409.98,362.41,165.61,223.27,397.03,215.5,26,371.54
4499,10,105.8,415.74,362.17,166.03,217.01,391.53,210.7,40,372.67
4500,9,105.6,409,367.42,166.01,219.85,383.57,205,26,373.47
4501,9,105.5,406.48,371.47,164.69,210.57,352.25,201.6,33,97.4
4502,7,105.3,399.37,375.74,163.04,214.69,355.28,208.5,23,96.29
4503,7,105.8,400.44,376.2,159.45,194.17,356.31,212.8,21,96.4
4504,6,106.6,391.92,368.32,156.77,197.9,353.95,215.5,20,95.53
4505,6,106.4,389.29,366.05,154.61,199.77,423.93,209.8,23,568.86
4506,5,106.1,385.92,366.05,152.83,227.64,423.57,205.1,25,568.01
4507,5,106,389.43,376.16,154.59,240.58,432.43,206.9,21,567.89
4508,5,107,390.49,369.6,156.37,230.56,366.05,209.3,30,94.44
4509,3,107.5,389.77,374.62,156.95,208.94,365.73,212.1,20,95.13
4510,5,106.7,388.28,373.74,152.91,188.75,363.15,210.3,20,93.46
4511,3,106.7,383.08,380.52,151.96,201.57,351.1,210.5,21,93.17
4512,3,107.4,379.11,380.04,150.94,215.28,344.24,207.8,16,93.09
4513,5,107.3,373.39,375.07,147.84,221.71,346.25,205.4,16,93.49
4514,3,107.4,363.88,379.34,145.11,213.41,353.98,204.4,14,93.49
4515,2,107.8,366.12,376.81,141.01,203.46,366.15,204,13,92.46
4516,3,107.3,370.41,380.05,142.92,199.63,366.17,203,12,93.7
4517,2,106.6,381.43,372.05,150.82,193.47,361.17,200.3,12,93.32
4518,4,107.3,386.69,368.54,158.65,194.54,386.28,200.2,12,281.31
4519,7,107.6,390.56,363.84,160.01,209.98,379.54,198.2,20,279.58
4520,8,106.4,397.09,362.69,160.58,223.07,383.95,206.8,25,277.53
4521,10,106.2,402.99,365.4,163.24,237.24,349.72,210.5,29,89.56
4522,9,106.2,391.66,367.25,164.65,229.56,397.49,213.6,38,365.1
4523,9,106.4,390.55,370.02,164.88,231.39,400.33,203.2,25,369.68
4524,6,106.1,384.34,372.6,163.09,213.42,402.74,197.9,24,371.6
4525,5,105.6,392.41,369.45,163.47,202.66,354.99,194.1,24,99.34
4526,5,105.3,391.48,364.95,162.14,187.89,356.01,196.2,18,98.76
4527,8,105.1,391.82,357.69,159.69,198.74,355.35,195.6,28,96.83
4528,7,104.9,394.06,358.98,156.68,217.48,355.96,196.8,17,95.9
4529,6,104.6,386.13,370.41,154.93,246.4,416.08,199.2,33,542.25
4530,10,104.6,384.62,379.01,154.53,262.23,416.24,200.3,29,543.46
4531,7,104.7,379.89,376.12,151.65,258.82,420.86,207.3,27,543.29
4532,7,104.8,387.72,373.2,149.76,232.62,358.77,210.5,26,96.5
4533,10,105.2,386.65,366.89,147.69,211.56,359.42,216.5,20,95.68
4534,6,104.7,380.3,365.27,146.79,201.31,353.21,211.7,24,94.86
4535,3,104.7,369.8,352.45,145.87,217.54,352.33,206.2,23,94.25
4536,3,104.6,364.5,349.35,144.97,224.69,353.38,199.7,21,96.09
4537,2,104.2,367.49,354.03,144.09,235.24,359.94,195.8,16,97.75
4538,3,104.5,376.19,358.13,143.27,232.93,357.41,192.3,17,97.58
4539,3,104.7,383.55,360.15,144.61,225.34,359.91,190.9,16,97.95
4540,4,104.6,391.85,355.78,147.35,214.99,356.21,195.8,13,99.28
4541,4,104.4,392.69,352.77,154.44,217.34,359.84,203.9,25,100
4542,7,104.7,392.3,354.53,160.67,230.08,392.23,209.6,33,283.99
4543,10,105.1,389.5,362.04,163.59,235.52,392.2,210.2,30,281.37
4544,9,105.1,399.95,372.96,164.46,241.75,398.95,208.5,35,280.39
4545,7,105.1,405.58,380.92,163.98,236.65,364.26,209.6,22,95.09
4546,6,105.2,405.17,383.47,163.98,238.05,400.41,209.8,14,375.78
4547,4,105.4,404.49,375.96,162.89,231.01,398.24,203.7,21,375
4548,5,105.9,399,367.05,162.92,225.7,405.51,200.6,20,374.7
4549,3,105.5,407.19,363.44,161.19,220.7,366.94,200.1,20,93.7
4550,5,105,403.7,363.5,159.12,230.22,358.5,209.3,25,95.66
4551,5,105.1,407.17,366.69,157.09,225.67,354.94,211.2,23,96.39
4552,5,104.8,402.69,370.84,155.23,234.21,360.34,210.3,24,96.69
4553,8,104.9,394.24,377.73,153.73,223.44,425.64,205.8,33,547.74
4554,8,104.7,384.41,384.04,153.62,221.66,419.5,206.4,32,548.48
4555,5,104.4,378.69,372.42,151.07,223.59,418.47,207.9,31,550.38
4556,5,104.4,378.63,367.2,149.16,221.49,355.51,207.5,34,100.7
4557,7,104.3,380.24,360.1,147.77,225.35,360.79,203.7,24,99.34
4558,5,104.4,382.81,360.72,146.86,219.42,361.82,198.1,17,98.12
4559,4,104.5,383.6,362.65,147.03,201.84,365.58,196.2,18,97.19
4560,4,104.9,375.35,368.05,143.98,193.18,356.2,195.2,16,99.63
4561,2,105.3,363.64,380.15,139.98,175.72,360.82,196.5,9,98.15
4562,3,105,360.18,379.38,139.46,179.48,359.4,195.1,10,97.21
4563,2,105.5,361.22,366.78,141.28,182.88,365.17,194.7,10,96.4
4564,3,105.2,364.3,360.29,141.05,197.27,358.11,196.1,14,97.04
4565,4,104.8,362.35,360.08,141.66,218.48,358.58,195.8,16,97.08
4566,7,104.2,374.35,367.41,145.27,237.03,387.96,201.6,33,276.19
4567,8,104.3,378.14,366.36,147.14,246.87,389.23,202.3,27,277.16
4568,8,104.7,377.76,362.88,148.8,237.33,386.58,204.8,33,276.9
4569,5,105.1,370.3,362.51,150.11,223.65,364.72,201.8,18,97.03
4570,5,105.7,369.83,369.76,150.19,212.94,405.66,204.1,20,364.34
4571,7,105.5,376.28,377.01,150.22,221.97,410.07,209.1,16,365.54
4572,5,105.5,375.51,372.75,151.01,214.55,411.91,211.1,23,365.61
4573,5,105.6,381.35,364.13,151.26,213.93,373.53,211.4,19,95.57
4574,4,105.9,378.71,352.96,151.1,205.56,370.53,209.2,19,95.19
4575,5,105.2,374.99,364.65,150.36,219.76,356.12,204.9,28,93.12
4576,5,105.9,372.39,369.5,149.53,220.58,351.21,199.2,23,94.38
4577,6,105.7,379.35,374.75,148.05,213.05,428.99,197,33,547.87
4578,5,106.7,380.1,368.1,146.94,209.6,436.76,202.3,34,548.66
4579,7,106.2,373.48,365.68,146.33,213.48,433.45,210.2,32,548.89
4580,7,107.4,360.8,365.85,145.07,224.31,353.83,212.9,33,95.37
4581,6,107.5,360.23,370.77,144.4,228.99,348.42,210.4,22,93.47
4582,5,107,358.93,376.24,141.68,221.12,351.56,204,28,91.95
4583,4,108,358.82,380.05,138.11,204.23,350.88,202.9,16,90.26
4584,3,107.5,360.35,374.89,137.9,185.17,353.01,203,13,91.48
4585,3,108,355.49,368.54,138.24,191.95,354.92,201.3,12,90.36
4586,2,107.8,354.65,367.91,137.58,197.71,349.05,197.9,13,91.22
4587,4,107.7,360.74,368.81,137.67,205.13,353.52,193.4,13,91.38
4588,5,108.2,359.21,370.4,137.91,206.51,358.37,190.4,9,94.25
4589,4,107.1,364.38,370.69,139.71,220.91,359.1,193.9,22,94.48
4590,5,106.2,358.17,367.18,141.14,242.97,388.19,194.7,41,275.83
4591,9,106.6,364.71,363.04,142.65,239.8,385.4,198.1,27,274.62
4592,8,105.8,361.06,360.12,144.39,233.65,393.3,195.4,26,274.57
4593,6,105.5,368.72,368.51,145.4,222.72,362.01,196.1,23,93.17
4594,5,105.8,373.81,377.28,145.79,216.76,400.95,196,25,378.12
4595,5,105.3,383.08,377.39,146.07,224.42,402.74,197,21,379.17
4596,6,105.5,376.88,372.7,146.61,217.85,403.35,196.3,29,381.07
4597,4,105.4,382.67,366.55,148.17,215.51,371.72,195,21,97.06
4598,4,106,378.14,370.06,148.9,212.07,366.34,193.3,22,97.18
4599,4,105.1,379.52,370.06,148.83,211.6,371.45,191.6,26,98.04
4600,4,105.3,379.32,374.68,148.02,208.71,361.35,197.5,20,99.02
4601,6,105.6,386.94,371.81,146.46,209.57,428.41,201.3,22,572.99
4602,5,105.7,383.74,367.4,146.16,213.97,426.13,206.5,32,573.03
4603,5,105.4,374.66,364.37,145.65,219.19,425.49,209.9,35,573.57
4604,7,106.2,363.23,366.74,144.52,209.89,366.93,211.7,34,98.96
4605,5,106.6,359.05,380.38,144.2,213.93,360.65,213.6,30,94.26
4606,6,107.1,364.15,373.03,144.11,211.35,366.29,212.2,36,93.09
4607,6,106.5,355.6,371.73,143.63,215.97,362.22,213.3,19,91.66
4608,4,107.2,359.03,362.45,143.66,210.15,364.3,209.9,14,94.92
4609,2,107,359.56,370.84,142.64,217.04,356.24,203.4,14,92.61
4610,2,107.3,362.58,376.94,142.52,213.05,350.55,194.7,15,91.61
4611,3,106.8,363.98,380.36,142.67,217.16,348.09,195.9,14,92.61
4612,2,106.9,366.91,372.21,143.63,215.28,355.58,198.9,12,95.37
4613,4,106,371.95,370.02,150.57,234.29,359.27,205.3,25,97.51
4614,5,105.5,388.09,372.46,155.83,238.91,392.58,210.4,41,275.87
4615,9,104.9,395.29,378.45,158.88,238.95,389.16,211.4,25,274.72
4616,6,105.2,409.38,366.23,160.18,221.13,385.07,213.9,21,274.11
4617,5,104.8,407.06,357.66,161.66,205.97,356.08,213.2,26,94.59
4618,5,104.7,405.86,361.28,161.48,204.49,398.67,217.1,25,375.86
4619,4,104.7,407.02,370.65,160.67,195.27,396.34,212.1,34,376.92
4620,3,104.7,398.2,364.68,160.88,196.34,392.93,204.5,20,376.8
4621,3,104.6,386.59,356.79,160.52,194.74,346.88,196.8,28,97.7
4622,3,104.7,385.55,357.16,159.36,191.8,348.65,196.5,25,94.65
4623,4,104.7,390.73,368.68,157.61,194.98,351.3,194.3,20,92.93
4624,2,104.3,395.78,372.49,155.65,199.18,355.2,192.4,33,93.06
4625,6,104.2,391.25,377.79,152.71,211.05,434.03,194.1,25,577.43
4626,6,104.1,381.66,373.91,151.52,212.65,436.41,193.9,24,577.51
4627,4,104.2,379.03,376.05,151.11,215.73,434.33,196,34,576.16
4628,4,104.4,374.56,367.18,149.09,213.47,358.9,190.6,32,96.33
4629,5,104.6,375.53,368.02,146.04,215.83,362.36,192,24,97.11
4630,3,104.9,375.82,360.23,145.23,207.81,365.26,185.6,24,98.46
4631,5,104.5,362.93,361.66,144.97,196.68,370.47,186.8,20,96.72
4632,3,104,361.06,354.86,144.13,184.82,359.06,182.6,13,99.51
4633,3,104.4,362.58,361.56,143.26,191.74,351.57,183.2,13,99.95
4634,4,104.2,370.55,357.59,144.11,197.9,345.97,180.8,13,100.54
4635,2,104.2,368.4,363.35,144.89,208.42,354.53,180.8,13,98.8
4636,4,104.3,368.96,357.31,147.08,206.63,365.91,185.3,10,96.63
4637,3,104.2,381.9,357.18,153.27,213.6,364.66,187.3,17,95.72
4638,5,104.3,401,359.44,159.37,212.95,390.27,191.8,28,268.17
4639,6,104.3,409.17,365.27,160.96,226.17,386.05,195.6,34,270.05
4640,7,103.9,402.23,370.93,160.84,230.25,384.62,197.9,41,268.71
4641,5,104.2,398.18,363.08,160.76,226.93,352.45,198.7,31,98.62
4642,4,104.2,394.89,358.47,160.43,216.85,390.64,195.2,23,364
4643,4,104.2,401.57,351.11,160.21,206.84,390.24,192.7,22,365.57
4644,5,104.3,399.18,351.52,160.21,197.91,402.36,188.9,23,363.47
4645,5,104.3,398.09,359.27,160.03,185.34,358.89,184.2,25,98.91
4646,5,104.1,397.47,367.53,156.9,186.65,361.83,185.6,22,99.74
4647,4,104.2,395.12,367.67,153.19,198.75,354.06,186.1,28,101.41
4648,5,104.2,393.17,368.19,153.49,213.52,358.73,191.5,20,99.23
4649,5,104.1,384.19,373.78,151.85,222.67,430.81,190.9,29,565.27
4650,4,104.2,376.21,371.5,152.73,237.51,425.88,195.4,30,564.99
4651,5,104.2,374.65,361.92,151.38,227.03,420.15,197.2,40,565.4
4652,9,104.4,382.89,345.61,150.26,225.09,350.06,193.2,39,99.01
4653,5,104.3,389.36,351.18,148.9,205,350.44,187.3,36,98.55
4654,5,104.2,381.36,354.97,146.7,208.39,352.68,179.4,23,98.74
4655,3,104.4,369.26,360.7,145.76,197.09,349.45,176.9,13,99.47
4656,3,104,366.9,353.59,144.76,189.67,349.82,173.6,25,98.38
4657,3,104.1,371.73,348.37,144.63,182.75,347.23,173.7,11,95.23
4658,3,104.4,367.38,349.68,143.69,178.13,346.28,176.5,9,93.53
4659,2,104.4,367.72,359.99,144.49,172.27,347.84,179.2,10,93.34
4660,2,104.8,375.38,358.15,146.04,175.02,357.1,174.7,10,96.31
4661,3,104.7,389.11,352.78,152.95,173.43,368.2,173.8,12,96.97
4662,3,104.6,391.85,355.99,159.42,190.33,400.37,178.6,19,276.5
4663,5,104.3,397.07,358.46,161.44,201.87,397.18,195.1,25,274.63
4664,4,104.3,398.63,362.84,163.46,232.37,393.57,206.9,29,274.04
4665,6,104.4,399.25,351.97,163.9,240.69,362.15,212.1,30,95.83
4666,4,104.2,396.5,362.84,163.33,233.4,402.71,206.9,26,382.61
4667,4,104.3,397.64,355.6,162.92,215.62,401.63,202.1,25,382.52
4668,5,104.4,400.26,359.47,161.05,197.87,404.13,198.2,22,381.98
4669,5,104.4,398.65,356.53,159.77,196.96,366.13,198.8,16,96.71
4670,4,104.4,395.23,366.03,160.12,200.79,365.99,196.1,19,96.34
4671,4,104.4,396.32,365.56,156.87,207.68,361.42,188,18,97.18
4672,5,104.5,387.99,359.63,155.26,217.91,360.29,178.1,29,97.83
4673,4,104.4,379.99,362.14,147.2,216.85,420.67,179.4,30,592.89
4674,5,104.4,370.38,359.26,142.17,230.21,425.92,189.8,31,590.88
4675,4,104.6,367.14,361.74,143.25,226.96,422.15,195.8,35,590.19
4676,6,104.7,369.29,357.37,145.54,220.26,354.71,199.7,46,95.92
4677,4,105,364.11,361.05,144.12,202.56,347.08,194.6,18,96
4678,4,105.1,366.39,365.26,144.07,189.87,356.28,194,20,97.17
4679,2,104.9,357.73,361.36,143.86,186.45,357.14,185.5,15,96.9
4680,4,104.7,356.04,356.38,142.28,179.82,365.55,181.8,10,97.19
4681,3,104.8,347.92,350.63,143.53,174.49,360.24,178.6,10,97.03
4682,4,104.7,354.84,355.6,143.61,170.17,367.3,178,9,96.1
4683,3,105.3,363.61,362.35,143.01,170.32,360.3,179,9,96.52
4684,2,105.7,368.21,364.98,145.55,175.68,356.38,188.5,9,94.15
4685,3,105.9,374.51,361.04,146.87,182,349.59,194.3,9,94.44
4686,2,105.9,381.18,359.7,152.76,197.69,384.32,199,16,276.69
4687,4,105.4,388.84,357.73,155.21,209.07,391.12,195.4,23,278.5
4688,4,105.2,396.87,358.94,156.73,222.48,394.44,196.9,33,279.29
4689,3,105.1,393.77,364.03,157.9,216.7,370.99,196.5,26,96.59
4690,7,105.1,394.41,369.82,158.66,217.83,407.13,198.5,25,373.34
4691,7,104.9,400.7,369.63,161.21,204.54,406.55,197.7,28,372.61
4692,5,104.8,400.6,369.18,159.78,206.74,399.22,201.8,28,374.42
4693,8,104.7,410.61,365.92,159.53,195.19,359.5,200.8,25,100.35
4694,8,104.4,398.06,362.52,157.14,191.32,354.95,199.8,30,101.52
4695,6,104.4,397.96,346.51,154.9,193.92,355.53,194.1,24,101.16
4696,8,104.4,384.68,340.11,153.2,196.74,353.23,190.9,37,97.19
4697,9,104.4,385.22,352.86,152.11,212.4,424.03,190.3,34,552.1
4698,6,104.4,380.41,367.91,153.43,221.53,422.62,190.6,34,552.19
4699,5,104.5,379.84,366.7,151.68,242.09,426.69,193.9,26,553.77
4700,5,104.4,374.12,361.35,149.91,250.89,361.19,192.1,39,98.04
4701,6,104.5,371.93,360.37,147.48,235.11,357.59,192,39,96.88
4702,4,104.5,372.22,371.75,145.95,213.25,354.35,187.1,21,96.04
4703,4,104.7,366.24,373.46,143.51,189.05,353.45,184.5,14,96.11
4704,4,105.1,362.31,376.88,142.74,182.07,357.53,183.3,10,95.45
4705,3,105.2,357.24,374.57,141.66,176.15,356.98,184.4,9,96.32
4706,3,105.6,355.67,373.95,141.1,174.94,359.11,185.6,9,96.84
4707,2,106.2,351.43,369.49,139.32,175.33,354.11,183.1,9,95.52
4708,2,106.8,351.46,371.9,141.79,182.31,349.53,183.4,11,95.72
4709,2,106.7,351.48,365.03,146.82,189.36,347.94,184.8,22,95.81
4710,4,105.9,366.05,366.4,151.05,200.25,378.56,189.6,27,276.71
4711,7,105.3,371.79,363.85,152.24,207.2,379.98,192.7,27,275.36
4712,5,105.3,380.45,373.11,154.59,222.69,372.99,195.2,23,274.83
4713,3,105.2,384.7,369.76,158.16,241.81,348.23,193.7,33,94.78
4714,4,105.4,391.81,374.76,157.69,241.73,389.69,189.1,29,352.6
4715,6,105.3,399.15,369.13,158.03,227.86,398.2,191.2,22,352.04
4716,5,105.4,397.25,374.91,158.48,199.88,398.27,194.9,17,353.83
4717,4,105.8,399.09,364.39,158.61,191.62,362.8,199,17,94.97
4718,4,104.7,390.67,367.43,155.76,189.71,357.8,193.3,16,95.58
4719,4,105.1,384.29,362.2,153.29,190.62,356.92,187.9,18,95.02
4720,3,104.6,375.88,360.5,152.67,203.57,361.85,187.2,20,96.27
4721,4,104.4,381.17,361.91,150.83,208.79,434.02,189.7,24,547.76
4722,4,104.2,383.7,366.82,150.58,213.09,439.29,193.4,29,548.91
4723,3,104.4,380.62,367.52,148.13,201.7,434.33,193.7,29,548.49
4724,6,104.5,368.83,357.46,145.14,206.24,362.8,193.5,32,97.08
4725,4,104.5,361.12,354.56,144.32,218.41,366.08,189.6,17,96.62
4726,3,104.8,361.35,352.68,144.82,215.78,368.55,186.8,18,96.35
4727,3,105,365.1,364.15,144.29,197.29,367.12,183.3,16,97.25
4728,3,104.9,365.61,368.95,141.54,178.78,357.95,182.5,12,97.68
4729,2,105.4,361.78,379.59,141.3,175.41,359.37,181.5,9,97.59
4730,3,105.7,356.57,375.05,139.71,178.03,366.28,182.1,9,97.35
4731,2,106,348.7,377.19,138.49,177.03,360.24,183,9,94.55
4732,2,106.9,349.49,379.42,138.12,174.94,351.36,182.2,11,93.06
4733,3,106.7,354.89,377.09,140.25,175.8,346.24,182.3,24,93.79
4734,2,105.6,362.44,376.59,139.48,182.93,386.14,185.4,28,278.17
4735,6,105.1,369.82,366.08,143.38,205.28,390.49,190.3,26,281.03
4736,4,104.6,374.6,366.15,145.46,213.77,392.23,196,27,279.47
4737,3,104.5,383.18,351.45,147.06,214.72,356.14,199.5,27,96.24
4738,5,104.5,378.52,358.65,147.99,202.2,397.7,201.7,22,369.5
4739,4,104.6,367.43,358.4,147.22,197.33,398.36,197.7,21,372.09
4740,3,104.6,364.65,363.26,146.22,190.38,401.79,193.7,21,372.64
4741,3,104.5,365.32,358.44,146.21,186.61,360.56,193.1,17,100.39
4742,3,104.3,370.53,357.09,146.13,183.88,361.63,194.5,18,100.55
4743,2,104.3,369.05,358.77,145.91,188.06,356.13,194.3,14,100.86
4744,5,104.4,367.32,364.23,145.36,196.56,357.01,189.2,20,99.79
4745,4,104.5,369.69,368,143.36,198.62,429.18,185.3,22,549.25
4746,3,104.4,367.5,370.75,143.02,215.83,441.59,182.2,23,548.95
4747,4,104.2,362.41,366.78,143.23,215.68,436.29,186.7,23,548.4
4748,3,104.4,364.41,366.45,133.28,226.03,368.09,186.4,24,94.54
4749,4,104.3,366.99,363.23,139.78,213.21,365.12,186,21,94.64
4750,2,104.2,371.48,359.54,142.58,200.03,371.18,179.8,14,94.59
4751,3,104.1,371.24,359.47,141.79,184.34,367.16,180.1,15,97.18
4752,2,104,368.7,361.13,141.75,176.28,359.3,176.7,10,100.22
4753,2,103.9,365.9,360.52,140.88,177.53,354.43,173.1,9,101.58
4754,2,103.8,356.64,353.99,140.06,180.52,349.85,173,8,101.84
4755,2,103.9,357.05,352.65,138.25,177.56,347.73,172.9,12,98.89
4756,2,104.1,348.78,358.57,137.57,182.43,351.47,171.9,10,98.87
4757,3,104.1,351.8,367.33,139.41,183.2,352.48,168.7,20,98.45
4758,2,104.2,341.5,373.9,140.82,184.65,376,169.7,37,275.78
4759,4,104.3,348.81,372.63,140.17,197.87,373.74,181.1,24,275.56
4760,5,104.2,353.2,368.16,141.89,204.48,379.66,191.9,25,274.55
4761,3,104.3,355.57,361.59,141.42,209.14,363.81,200.6,19,97.11
4762,3,104.4,361.5,359.2,142.47,194.71,398.85,197.9,22,368.53
4763,3,104.4,364.21,357.79,144.05,187.63,393.79,192.4,22,369.14
4764,2,104.4,374.48,357.6,144.52,181.56,393,187.8,23,371.07
4765,3,104.4,375.62,357.69,147.4,181.34,360.77,187.7,15,100.18
4766,2,104.2,381.58,360.39,148.37,186.18,364.49,190.8,16,99.36
4767,3,104.3,376.69,355.51,148.89,193.21,366.14,197.2,22,96.91
4768,2,104.3,374.34,352.52,146.39,196.24,362.29,194.6,21,96.07
4769,3,104.4,363.61,360.82,144.16,191.29,429.97,194,24,574.33
4770,3,104.4,366.93,362.98,143.55,193.84,427.62,199.5,32,574.81
4771,5,104.5,362.8,364.7,142.56,192.62,424.27,211.5,22,573.27
4772,4,104.4,357.31,356.63,142.39,193.8,348.72,213.9,32,96.28
4773,3,104.5,351.19,356.06,141.85,200.41,344.86,206.9,24,96.42
4774,3,104.3,356.78,362.18,141.91,209.02,346.16,201.2,13,99.88
4775,3,104.1,364.02,356.77,141.97,205.69,357.25,198.4,9,99.11
4776,2,104,363.57,359.75,140.31,190.03,360.26,199,12,101.03
4777,2,103.9,358.96,353.11,139.93,177.38,361.72,196.7,9,111.35
4778,2,104,356.14,358.84,141.54,177.5,358.74,197.8,8,127.49
4779,2,104.4,362.86,357.85,140.88,179.12,359.59,196.3,10,126.38
4780,2,104.7,365.4,360.74,141.84,175.09,359.18,192.7,8,113.66
4781,2,104.4,371.38,364.38,146.85,185.21,355.3,188.7,22,99.09
4782,3,104.4,376.03,365.25,149.71,186.87,379.56,186.7,21,297.71
4783,4,104.1,380.02,362.51,151.1,197.13,381.88,187.9,21,297.84
4784,4,104.1,385.5,356.63,151.45,199.28,383.33,191.5,27,295.71
4785,6,104.1,389.86,362.35,151.87,200.05,356.6,196.4,20,96.17
4786,6,104.2,393.67,367.99,153.17,202.34,392.37,198.1,23,363.08
4787,4,104.2,386.58,373.68,154.55,197.44,394.18,199.4,18,365.02
4788,3,104.2,387.63,367.62,154.6,200.48,394.47,194.6,24,366.1
4789,3,104.1,383.84,368.78,154.38,195.62,359.97,201.1,17,100.03
4790,3,104.1,389.44,365.8,154.34,200.35,364.42,204.5,17,99.26
4791,2,104.2,380,368.54,152.67,197.42,361.81,212,25,98.34
4792,5,104.2,385.77,359.18,151.33,197.51,358.9,214.3,19,98.65
4793,4,104.2,378.59,357.42,149.45,206.42,411.33,214.3,18,571
4794,3,104.3,379.92,359.39,148.88,218.79,414.47,218.6,21,573.06
4795,4,104.3,375.27,368.5,147.52,222.98,422.12,218.8,24,573.14
4796,4,104.3,376.8,377.64,147.8,222.24,366.2,215.1,23,101.04
4797,5,104.3,376.01,368.41,146.7,212.77,364.67,205.5,23,98.37
4798,6,104.3,367.46,366.02,146.35,203.06,359.56,198.3,15,98.47
4799,2,104,362.53,353.26,145.85,181.36,353.39,199.8,13,98.44
4800,3,104,358.41,355.54,144.62,178.97,351.74,200.6,12,99.82
4801,2,103.9,364.28,351.98,144.15,177.3,352.43,201,9,98.85
4802,2,104,370.45,357.15,143.91,175.36,355.36,198.4,8,96.69
4803,2,104.1,374.82,358.16,143.88,172.99,358.61,191.2,9,96.88
4804,2,104.6,381.57,360.52,145.1,176.39,356.09,178.4,8,95.98
4805,3,104.4,382.98,362.36,148.17,184.83,356.29,170.4,17,98.27
4806,3,104.3,389.6,370.72,152.37,191.98,389.62,172.4,28,282.89
4807,6,104.2,389.09,372.77,154.98,195.48,384.57,184.2,18,283.32
4808,8,104.1,390.41,371.08,157.15,209.6,382.61,195.8,32,284.07
4809,5,104,388.59,363.97,156.59,204.5,350.9,202.2,22,100.89
4810,4,104,393.07,362.72,155.99,207.56,390.73,203.4,17,372.86
4811,3,104.1,398.78,363.03,156.28,188.58,390.88,201.2,20,371.6
4812,3,104,400.25,359.76,156.55,192.3,393.15,197.5,18,369.61
4813,4,104,389.55,358.83,156,194.12,355.52,193.9,16,98.64
4814,5,104,384.05,353.02,155.54,202.08,361.18,196.8,18,98.37
4815,5,104,379.99,356.66,154.49,198.33,353.28,199.6,17,97.88
4816,5,104,382.52,352.43,152.04,198.77,363.66,207.8,23,97.28
4817,3,104,373.77,360.39,149.76,196.53,431.53,212.3,20,543.73
4818,5,104,377.75,358,149.15,207.03,438.87,218.8,17,543.67
4819,3,103.9,371.98,359.03,147.4,203.56,430.12,218.6,20,544.18
4820,3,104.1,377.42,354.74,146.58,206.19,359.36,211.9,22,97.59
4821,3,104.1,367.34,348.45,145.8,203.15,366.5,203.7,23,98.48
4822,3,103.9,369.53,344.42,145.09,196,363.97,202.5,17,97.21
4823,2,103.7,367.18,347.12,144.8,185.87,363.62,203.4,10,110.28
4824,2,103.5,363.97,356.32,143.66,174.92,355.85,206,10,130.07
4825,3,103.6,364.12,360.59,142.25,170.81,363.97,204.6,9,155.16
4826,2,103.8,365.6,361.78,142.07,172.39,370.24,205.9,9,168.52
4827,2,103.9,369.56,359.23,141.82,173.81,371.58,208.7,9,157.15
4828,2,104,371.97,359.77,143.68,175.68,363.51,215.4,11,131.93
4829,2,104.1,377.61,353.05,148.75,175.95,360.32,218.6,10,106.64
4830,2,103.8,383.4,364.24,153.63,180.02,387.24,215,12,278.39
4831,3,103.8,388.59,366.86,155.31,202.25,391.35,212.2,32,282.33
4832,4,103.8,386.16,370.38,156.26,228.51,386.35,213.9,36,280.54
4833,6,103.8,393.56,362.95,151.36,230.59,357.23,222.9,30,100.1
4834,6,103.9,394.77,358.61,156.94,226.49,395.83,220.9,23,394.64
4835,5,103.8,395.81,355.77,156.19,206.7,397.91,217.4,23,396.46
4836,6,103.8,386.86,355.4,156.9,207.64,396.95,213.4,17,396.92
4837,3,103.6,383.59,358.88,156.71,194.64,354.96,207.9,16,97.99
4838,4,103.8,383.49,368.83,156.1,194.4,355.27,204.6,13,97.4
4839,4,103.7,388.95,365.49,155.53,200.26,359.03,199.3,15,97.07
4840,3,103.8,385.14,368.9,154.62,211.36,364.59,203.4,26,96.52
4841,4,103.8,385.28,369.92,152.82,220.86,430.38,201.9,21,566.37
4842,6,104,384.68,372.47,151.49,209.82,425.68,204.1,29,565.21
4843,8,103.9,383.45,370.35,150.31,204.25,429.55,205.7,32,568.45
4844,6,103.9,380.15,360.78,149.32,198.61,360.51,210,21,96.86
4845,2,104.1,373.34,353.16,147.96,206.35,363.7,207.9,13,98.48
4846,2,103.9,374.37,353.13,147.4,200.71,362.93,206.1,13,106.16
4847,3,103.7,374.92,355.34,145.11,188.11,365.12,202.6,13,127.75
4848,3,103.5,370.92,364.38,143.55,175.28,365.31,204.3,10,149.92
4849,2,103.5,369.56,363.08,142.75,174.41,366.81,203.2,9,161.2
4850,2,103.3,367.53,364.71,142.3,173.68,367.13,205.6,10,154.26
4851,3,103.3,363.55,359.14,142.49,172.87,365.17,205.2,8,130.72
4852,2,103.4,368.38,363.92,143.26,175.04,353.13,202.6,9,110.74
4853,2,103.3,374.9,356.94,148.84,179.36,352.3,198.9,9,98.44
4854,3,103.5,388.02,362.1,154.64,186.08,384.69,198.5,10,286.2
4855,3,103.6,390.31,359.5,156.54,188.97,385.24,201.5,16,286.08
4856,5,103.5,391.22,361.3,156.9,198.44,380.83,204.5,22,286.56
4857,5,103.6,396.33,362.26,157.91,213.19,347.77,202.4,24,99.91
4858,7,103.7,398.85,362.01,159.19,207.66,394.97,206.2,22,373.8
4859,5,103.6,397.44,364.39,158.89,201.97,399.07,209.9,22,371.79
4860,5,103.7,396.09,360.84,158.64,184.34,398.11,217.1,16,370.7
4861,4,103.5,400.57,356.47,155.43,184.68,358.01,212.3,27,97.1
4862,3,103.4,405.28,363.79,159.59,184.69,364.15,207.3,23,99.13
4863,4,103.4,401.7,361.43,158.37,186.14,367.1,201.9,26,101.34
4864,3,103.5,389.47,355.4,157.14,205.39,367.84,201.9,19,101.76
4865,6,103.5,385.72,350.22,155.18,211.01,430.29,196.8,16,567.83
4866,6,103.7,388.73,353.92,154.96,221.37,426.19,191.9,28,567.47
4867,5,103.7,385.5,360.87,154.24,215.54,417.46,188.6,35,566.63
4868,3,103.6,383.96,361.74,152.58,220.72,345.69,189.4,26,100.88
4869,4,103.5,379.16,364.58,150.64,215.9,347.48,189.7,16,100.73
4870,4,103.5,383.32,364.58,149.21,207.41,357.46,188.5,26,101.81
4871,4,103.4,378.39,354.59,148.4,190.49,359.03,195.8,11,101.25
4872,2,103.2,376.9,346.16,146.87,182.7,370.49,210.4,10,101.23
4873,3,103.2,373.61,346.97,146.81,174.4,365.21,214.1,9,100.78
4874,3,103.2,377.07,347.31,148.68,172.53,365.19,207.5,8,100.42
4875,2,103.1,378.1,350.58,149.08,176.99,352.2,195.1,9,101.36
4876,2,103.2,382.66,355.67,149.47,181.11,352.57,197,9,102.23
4877,3,103.1,378.14,362.47,151.53,190.77,360.85,200.3,12,102.63
4878,4,103.1,375.24,366.19,155.12,201.02,390.13,202.4,35,288.67
4879,8,103.2,384.49,357.49,157.99,205.26,385.94,205,20,287.08
4880,5,103.2,394.62,357.24,159.12,213.98,387.35,209.2,16,286.01
4881,5,103.4,396.72,354.23,160.07,205.63,357.84,211.3,15,97.97
4882,3,103.5,391.22,362.61,159.6,213.9,398.6,206.6,19,370.44
4883,3,103.6,391.2,364.89,159.9,208.48,393.98,203.2,16,371
4884,3,103.7,399.94,369.15,160.03,203.93,399.75,205.1,22,370.02
4885,3,103.6,397.27,365.38,160.3,191.87,366.89,210.3,15,95.89
4886,3,103.6,397.9,364.39,159.82,188.76,358.95,211.7,18,94.71
4887,4,103.5,400.46,359.33,158.19,195.75,361.22,209,20,95.22
4888,3,103.6,402.78,363.26,156.73,205.88,354,207.6,22,98.22
4889,4,103.9,403.94,364.2,153.71,219,430.81,209.4,23,527.21
4890,3,104,390.6,365.61,153.34,223.58,426.63,207.9,28,528.51
4891,4,103.9,383.24,365.99,153.11,224.22,432.54,207.2,26,526.24
4892,3,103.9,371.83,361.9,151.75,219.13,361.22,204.1,27,97.91
4893,6,103.9,373.34,357.62,150.25,217.11,363.71,202.4,20,97.55
4894,6,103.7,379.2,351.57,150.26,206.59,362.79,200.6,13,106.41
4895,4,103.7,383.15,358.06,149.6,194.14,370.88,198.4,15,122.93
4896,3,103.5,382.22,354.64,148.27,180.27,365.43,200.5,8,137.65
4897,2,103.4,383.82,356.65,149.37,177.38,373.87,195.4,9,154.41
4898,2,103.7,374.97,349.53,146.04,172.73,363.01,194.1,9,158.99
4899,2,103.6,370.85,357.28,145.14,179.64,370.55,192.8,9,143.7
4900,2,103.8,368.34,355.5,144.72,181.65,359.08,197.3,9,119.86
4901,2,103.8,374.46,360.88,146.69,193.62,364.17,200.3,13,100.67
4902,5,103.5,380.9,363.6,148.87,207.02,382.83,201.4,25,304.45
4903,5,103.5,377.62,368.15,150.7,218.42,381.38,201.5,19,304.78
4904,3,103.5,390.03,369.43,152.85,215.26,378.33,204,17,303.28
4905,3,103.6,394.25,367.21,154.13,203.86,356.4,206.5,33,99.7
4906,4,103.6,394.18,365.82,153.84,199.38,401.82,210.6,20,361.76
4907,3,103.7,385.77,362.67,154.1,198.24,407.88,209,22,363.03
4908,3,103.7,379.69,364.72,152.47,199.01,406.99,209.8,16,363.7
4909,2,103.7,383.1,358.45,150.97,194.63,366.22,207.2,20,101.3
4910,3,103.6,376.77,357.73,150.37,199.66,367.77,206.4,15,100.61
4911,4,103.5,376.54,354.56,150.01,205.85,367.54,205.5,21,97.7
4912,3,103.5,375.44,357.08,148.92,210.61,362.7,206.4,20,96.2
4913,4,103.5,373.63,359.34,148.01,211.04,416.86,210.8,28,510.76
4914,4,103.6,372.38,358.21,148.42,206.87,421.79,213.7,28,513.6
4915,3,103.7,369.7,364.44,147.57,209.99,424.99,213.2,26,513.76
4916,5,103.7,373.54,360.14,145.61,211.71,365.02,212.2,31,98.71
4917,6,103.6,373.53,366.5,144.32,213.37,356.27,213,23,98.05
4918,5,103.7,371.69,362.24,144.15,204.6,350.98,215.9,22,100.71
4919,3,103.5,373.56,359.28,144.58,191.58,357.82,215.1,11,100.36
4920,2,103.4,369.89,355.53,143.68,181.45,355.47,214.2,9,100.31
4921,2,103.4,369.93,350.49,141.94,174.64,357.55,213.6,9,97.64
4922,2,103.2,362.01,356.62,143.82,172.29,349.35,210.4,9,97.21
4923,2,103.3,361.52,354.98,140.99,174.27,352.11,206,8,97.39
4924,2,103.2,360.46,362.07,139.9,179.62,353.56,206.3,12,98
4925,4,103,354.6,364.92,141.56,193.03,357.17,211.1,18,99.36
4926,5,103.2,365.75,361.68,143.81,200.21,390.58,211.5,31,271.44
4927,8,103.3,368.34,357.4,146.11,210.86,392.5,206.3,16,270.51
4928,6,103.4,374.14,348.15,147.26,224.66,391.1,201.9,24,270.4
4929,3,103.4,367.1,360.31,147.49,222.24,356.08,198.6,26,97.19
4930,4,103.6,355.81,363.9,147.8,219.49,399.31,202.2,26,370.85
4931,3,103.6,355.61,363.73,148.23,199.47,397.3,199.7,18,370.68
4932,4,103.6,356.74,363.91,147.41,201.02,399.28,202.1,17,371.8
4933,3,103.5,367.7,359.47,145.96,199.63,359.72,199.1,17,98.97
4934,3,103.5,372.17,358.37,145.43,202.33,355.55,204.2,16,98.89
4935,5,103.6,374.5,346.28,147.87,194.83,360.61,204.9,15,98.17
4936,4,103.6,373.63,349.51,147.45,197.8,356.95,203.4,21,100.27
4937,5,103.6,374.51,361.09,146.47,206.19,426.51,201.5,18,545.53
4938,5,103.6,376.58,362.46,147.58,216.92,429.11,201.6,21,547.25
4939,4,103.8,376.56,360.41,146.91,209.88,432.19,204.8,39,546
4940,4,103.8,369.88,355.16,144.87,210.65,361.71,203.7,23,98.4
4941,6,103.9,367.25,362.81,144.69,207.88,358.88,206.2,19,96.32
4942,10,103.7,371.67,365.43,145.6,205,358.13,206.2,23,96.11
4943,5,103.5,376.74,362.69,143.85,189.77,359.65,209.6,11,100.59
4944,3,103.4,374.12,356.69,142.6,180.42,355.91,208.3,9,102.77
4945,2,103.3,372.41,357.93,141.88,177.09,356.68,204.8,8,103.91
4946,2,103.2,374.47,365.86,141.71,174.33,354.69,205.3,10,101.55
4947,4,103.3,378.7,362.72,141.97,174.72,357.77,205.5,8,102.37
4948,2,103.3,375.23,363.95,143.29,177.64,353.49,211.3,9,102.26
4949,3,103.2,379.66,357.03,148.47,183.75,359.42,210.5,16,99.17
4950,4,103.5,384.38,357.6,154.39,190.96,388.44,215.3,20,276.87
4951,5,103.6,384.84,347.6,155.7,203.25,387.08,215.7,23,274.74
4952,8,103.7,391.12,353.73,156.6,205.82,383.76,216.4,20,276.78
4953,4,103.7,381.01,362.76,155.16,209.3,354.47,214.1,21,97.47
4954,5,103.7,391.18,370.56,157.15,204.13,397.95,215.7,14,386.18
4955,3,103.7,388.91,365,160.07,206.91,400.29,217.2,14,387.08
4956,4,103.7,400.06,353.28,158.92,207.59,392.88,214.2,27,386.22
4957,4,103.6,399.87,354.54,158.48,208.76,350.68,206.9,24,98.54
4958,4,103.5,395.86,355.1,158.12,204.68,350.11,198.7,17,99.16
4959,4,103.6,388.81,356.03,156.19,196.77,354.05,195.1,17,100.14
4960,6,103.7,384.21,354.24,155.59,194.49,349.74,197.9,18,98.47
4961,5,103.7,385.44,354.92,152.59,196.78,414.98,202,26,572.69
4962,6,103.8,382.75,362.72,150.12,206.87,417.28,202.7,27,570.68
4963,7,103.9,384.15,358.4,150.52,209.72,422.65,203.8,25,570.7
4964,6,104,378.67,359.46,149.78,212.58,358.77,203.6,19,96.63
4965,6,104,373.45,355.32,148.47,210.66,353.87,207.4,21,99.35
4966,4,104.1,364.15,351.19,147.26,203.24,350.85,210.2,20,99.68
4967,4,104.5,360.85,353.89,145.68,191.36,350.53,213.5,14,98.14
4968,2,104.3,361.81,360.37,143.64,178.82,353.83,212.9,11,96.1
4969,3,104.4,364.38,367.25,142.8,174.65,354.11,213.6,9,95.36
4970,2,104.7,364.71,365.28,143.36,172.65,355.76,212.7,8,95.06
4971,3,104.9,372.87,364.15,142.17,174.74,356.51,214.8,9,94.21
4972,2,105.4,378.91,368.83,144.44,175.64,355.82,221.7,8,93.86
4973,2,105.7,393.14,374.99,149.41,182.58,359.54,223.7,12,93.66
4974,3,105.7,401.32,376.53,155.04,194.29,382.08,222.7,23,277.94
4975,4,104.8,401,372.24,157.53,200.77,382.56,214.2,24,280.23
4976,6,104.5,403.63,365.98,159.35,199,375.91,209.5,22,281.28
4977,4,104.3,399.99,360.12,160.77,192.35,347.89,207.5,24,98.49
4978,4,104.3,403.77,360.5,162.5,192.23,382.96,205.9,25,369
4979,3,104.2,399.14,363.03,161.39,198.05,389.04,205.2,24,368.35
4980,3,104,403.42,366.08,161.32,207.39,397.15,201.6,15,368.46
4981,4,103.9,397.06,359.55,161.39,207.11,362.17,193,15,98.12
4982,3,103.8,395.35,352.28,159.61,200.14,360.66,195.2,19,99.7
4983,3,103.6,387.99,353.08,157.71,189.46,355.1,205.1,16,99.15
4984,4,103.9,394.84,354.86,155.97,194.98,354.59,209.5,20,98.13
4985,5,104.5,389.53,360.91,154.01,199.78,417.89,209.5,30,564.82
4986,6,104.4,386.36,368.23,152.99,205.42,419.26,203.1,22,565.58
4987,3,104.3,378.38,372.48,150.28,204.63,426.44,201.4,21,565.12
4988,6,104.3,373.75,373.65,148.96,207.54,352.33,201.4,15,96.24
4989,5,104.4,367.9,369.68,147.87,200.08,352.23,204,22,93.37
4990,4,104.5,363.82,367.8,146.64,189.69,356.77,211.8,17,95.25
4991,5,104.5,361.62,364.63,145,180.5,357.25,211.5,11,98.88
4992,3,104.2,363.17,366.43,144.65,176.15,356.24,208.3,14,102.17
4993,2,104.3,366.67,371.7,142.56,177.01,347.03,201.7,10,99.88
4994,2,104.8,369.27,380.07,142.33,174.59,355.58,200.4,8,96.92
4995,3,104.9,369.42,370.75,142.59,170.53,360.24,199,15,95.36
4996,2,104.7,368.08,375.61,144.38,167.49,361.87,199.9,10,95.88
4997,2,104.8,373.48,367.61,149,167.47,367,199.5,10,96.21
4998,4,105.4,383.61,371.37,153.29,172.67,389.52,201.6,14,281.95
4999,3,105.1,389.21,366.52,156.32,194.44,392.79,204.2,19,281.67
5000,3,104.2,395.14,364.67,157.79,211.92,386.58,206.7,20,282.42
5001,4,104.1,389.73,362.39,157.99,216.86,364.23,205,24,94.94
5002,5,104.2,391.28,365.01,158.58,204,397.58,202.8,37,382.94
5003,4,104,393.84,358.9,158.86,207.79,394.92,199.8,28,381.28
5004,7,104.1,397.15,356.42,157.75,213.23,387.41,198.4,22,383.91
5005,7,104.3,393.43,353.77,158.9,209.05,349.37,203.9,18,97.51
5006,6,103.9,389.15,363.75,160.14,195.91,350.03,207,25,99.12
5007,6,104,390.9,367.6,158.79,197.33,355.94,208.7,16,99.74
5008,6,104,394.05,366.1,156.97,213.53,359.29,204.5,17,100.47
5009,9,104,391.89,369.64,156.48,228.46,434.58,203,25,547.33
5010,5,104,389.65,371.69,154.74,230.19,436.33,204.8,23,547.1
5011,4,103.9,383.03,365.56,152.85,220.19,437.82,207.7,22,545.19
5012,5,104,383.95,356.83,151.58,206.74,367.5,209.6,26,99.13
5013,4,104.2,382.63,353.75,149.54,197.36,360.52,212.5,16,98.42
5014,3,104.5,382.02,360.45,148.15,190.3,357.6,210.8,13,98.47
5015,3,104.8,373.59,355.57,146.26,181.07,352.56,208.4,10,96.63
5016,3,105.1,366.84,352.63,144.82,176.58,356.08,204.4,9,96.36
5017,2,105.8,366.18,353.24,143.15,172.73,354.91,202.4,8,95.66
5018,2,106.1,359.77,366.03,142.42,170.77,348.59,200.2,9,95.05
5019,2,106.4,364.54,370.04,142.48,169.14,345.37,199.3,8,93.86
5020,2,106.7,363.57,367.86,143.48,171.85,343.75,199.1,9,93.58
5021,3,106.3,369.36,365.65,148.68,177.41,342.66,199.8,9,93.98
5022,3,106,370.71,366.62,154.06,187.47,378.92,197.2,10,284.11
5023,4,105.2,376.88,370.45,156.77,193.24,381.15,193.8,16,285.66
5024,7,104.6,392.09,365.9,158.68,200.46,391.58,193.7,20,286.05
5025,7,104.3,400.55,359.79,159.6,198.95,362.7,192.9,32,97.32
5026,6,104.2,398.87,364.91,160.3,201.24,405.88,197,27,385.35
5027,8,104.3,390.58,370.73,160.16,200.95,408.03,194.8,25,384.05
5028,5,104.8,393.69,372.03,162.16,199.66,408.04,198.6,24,382.74
5029,6,104.9,401.68,365.15,161.05,205.88,365.5,200.6,24,93.63
5030,5,104.6,403.45,359.06,157.84,205.11,364.1,201,20,95.96
5031,5,104.4,394.97,364.23,154.91,208.88,362.04,199.8,22,96.68
5032,5,104.4,392.28,359.42,154.34,214.99,356.23,195.2,30,96.64
5033,7,104.4,384.71,369.49,152.84,217.88,410.26,197.7,28,566.05
5034,7,104.4,376.1,371.35,152.19,216.4,401.27,203.9,46,565.6
5035,4,104.2,368.81,371.09,151.04,211.38,408.51,208.3,28,567.18
5036,5,104.4,364.67,362.55,149.6,208.96,351.41,215,25,98.29
5037,4,104.5,363.34,363.18,148.28,207.29,357.82,213.7,28,100.15
5038,4,104.7,363.49,363.4,146.66,190.42,355.88,216.9,24,99.46
5039,2,104.8,365.08,361.26,144.59,183.25,362.87,212.4,11,98.66
5040,2,105,369.65,359.79,141.19,175.41,366.21,207.2,8,100.2
5041,3,105.2,365.64,363.58,141.33,177.99,366.36,205.4,9,99.63
5042,2,105.5,362.87,360.8,141.68,177.18,362.76,206.4,8,98.7
5043,2,105.5,360,358.07,141.9,181.43,368.41,208.7,8,97.75
5044,2,106,361.28,365.81,142.45,183.96,364.14,204.3,9,96.78
5045,3,106.2,369.17,379.43,143.75,194.01,367.64,202,15,96.33
5046,9,105.8,377.85,379.63,148.68,204.19,386.52,201.8,25,288.98
5047,8,105.2,381.05,368.51,151.8,213.9,389.79,204.5,23,291.19
5048,6,104.9,381.57,358.13,153.15,209.43,387.05,207.7,21,290.83
5049,4,104.7,376.51,364.93,154.56,207.31,353.55,210.5,17,96.66
5050,6,105.3,382.31,374.96,155.1,206.41,388.92,210.7,17,375.97
5051,4,105.1,386.38,381.82,154.81,205.29,388.08,205.2,17,377.17
5052,6,104.6,393.07,378.01,156.19,201.12,396.32,197.2,18,377.39
5053,3,104.5,384.02,365.99,156.08,193.99,363.28,192.5,18,96.16
5054,3,104.4,381.97,356.84,154.61,192.39,364.43,191.8,20,97.09
5055,5,104.2,380.83,350.5,152.32,201.23,369.98,190.9,16,99.38
5056,3,104.3,382.71,353.28,149.66,211.34,365.63,192.9,17,101.11
5057,6,104.3,373.13,359.94,143.74,221.7,432.25,193.3,27,570.57
5058,4,104.4,363.14,360.53,138.7,214.85,427.74,200.2,26,567.6
5059,4,104.4,358.57,365.27,144.06,206.42,431.39,201.7,28,565.89
5060,4,104.8,365.39,363.59,144.07,207,361.82,201.7,27,94.47
5061,4,105.2,363.51,370.37,143.13,205.15,356.35,197.9,20,95.45
5062,4,104.7,362.34,368.96,143.09,198.71,354.27,211.8,12,96.6
5063,3,104.8,351.4,366.1,141.19,185.23,359.31,212.8,11,95.75
5064,3,105.3,345.66,363.33,139.65,175.12,369.95,214.3,9,94.61
5065,2,105.6,347.62,358.36,140.47,171.88,364.45,200.4,8,93.75
5066,2,106.2,351.76,353.39,140.33,173.2,359.87,200.4,9,95.07
5067,2,106.3,356.19,356.14,139.52,179.77,345.64,199.2,8,94.9
5068,2,106.6,357.12,366.63,139.09,188.17,349.27,196.2,9,95.06
5069,3,107.3,355.55,375.08,141.12,194.65,350.05,201.2,13,93.6
5070,5,106,361.67,371.9,142.54,202.12,378.02,203.9,21,288.63
5071,5,105.1,360.61,360.59,144.96,213.73,379.02,207.8,30,287.26
5072,4,104.8,368.82,363.06,146.56,212.77,376.01,203.6,17,290.41
5073,4,104.6,372.03,363.63,147.34,210.64,355.12,199.8,22,97.7
5074,4,104.7,379.15,372.72,147.34,199.7,394.9,195.9,20,364.47
5075,6,104.6,370.53,368.27,146.84,199.01,401.25,191,19,365.4
5076,3,104.4,369.28,364.47,147.08,192.7,400.32,191.8,22,364.12
5077,5,104.4,356.52,355.79,147.03,195.21,359,188.2,19,99.37
5078,4,104.4,362.84,357.15,147.86,197,349.17,192.1,16,98.15
5079,4,104.8,362.4,356.79,147.05,203.42,346.31,192.1,23,98.47
5080,6,104.3,372.36,358.87,146.07,217.4,348.71,193.4,19,98.41
5081,7,104,372.69,369.17,144.79,230.38,424.1,193.5,26,549.19
5082,5,104,370.98,370.62,143.99,234.08,429.72,196,22,549.44
5083,4,104,370.96,363.6,142.89,221.77,433.71,202.8,34,549.15
5084,7,104.3,376.06,350.55,142.96,219.66,365.92,206.3,22,97.96
5085,5,104.9,372.4,347.74,142.79,210.09,366.83,204.6,29,96.93
5086,3,104.6,367.51,356.31,141.11,197.54,362.33,211.7,17,96.96
5087,3,104.5,360.88,352.77,140.8,173.85,359.67,216,11,96.19
5088,2,104.6,356.75,358.51,140.11,170.19,354.03,215.5,14,94.47
5089,2,105.1,352.3,359.74,139.08,172.02,352.39,199.7,8,93.68
5090,2,106.2,348.82,364.54,138.85,175.97,357.96,183.2,8,93.76
5091,2,105.9,348.48,364.47,137.35,175.89,359.46,174.8,9,96.75
5092,2,106,350.22,365.06,137.36,179.65,358.26,176.7,8,98.58
5093,3,106,360.77,366.1,139.55,191.59,350.28,181.9,14,98.31
5094,4,105.7,374.65,366,142.43,202.57,386.94,188.5,28,279.58
5095,5,105.1,375.97,364.71,143.75,201.47,391.92,195.3,30,278.26
5096,3,104.6,364.09,364.95,144.52,197.52,396.66,197.6,20,279.79
5097,4,104.3,358.03,363.48,143.84,199.89,358.75,198.6,17,96.65
5098,4,104.3,362.05,370.44,144.32,207.99,387.38,190.3,17,363.2
5099,5,104,367.78,367.44,144.76,209.96,381.17,186.9,21,360.87
5100,6,104.5,367.94,367.83,145,206.07,380.74,188.4,26,361.83
5101,4,104.6,367.38,369.12,145.03,201.44,348.97,192,20,96.47
5102,3,104,363.32,370.31,144.8,205.92,353.46,194.4,16,97.15
5103,5,103.9,360.75,368.69,144.94,205.51,358.79,191.7,19,96.71
5104,6,103.9,367.87,355.23,143.41,205.98,361.1,194.9,18,97.13
5105,5,103.9,375.05,358.49,143.52,211.67,430.46,193.3,25,550.64
5106,5,104.1,377.33,358.22,144.17,208.05,430.72,196.4,36,550.6
5107,6,104,372.92,364.9,143.67,221.4,435.81,197.6,34,549.32
5108,5,104.1,372.1,364.45,142.65,217.42,363.13,203.4,36,97.45
5109,5,104.2,371.95,366.12,144.13,225.38,361.33,201.7,26,98.9
5110,3,104.1,372.61,367.53,143.35,216.93,357.79,192.7,16,99.15
5111,4,104.5,368.88,361.37,142.44,202.07,362.03,185.5,15,97.53
5112,2,104,359.3,362.61,141.96,191.2,359.1,183.7,12,95.38
5113,3,104.7,354.52,360.07,143.81,179.49,353.94,185,8,93.61
5114,2,104.8,358.56,365.29,141.62,178.21,352.39,188.2,8,93.17
5115,2,105.1,364.62,363.26,139.99,179.7,354.69,189.4,9,94.44
5116,2,105.7,371.79,361.52,141.29,181.22,362,193.8,9,94.48
5117,2,106.5,371.87,358.49,147.42,198.27,362.05,196.4,16,93.37
5118,4,106.9,385.17,363.89,152.23,212.05,382.8,199.7,27,268.89
5119,5,106.3,392.14,367.18,154.41,222.06,375.38,201.4,29,270.26
5120,5,104.6,396.11,368.43,156.03,217.58,371.62,202.8,28,273.71
5121,4,104.3,398.15,362.81,156.64,202.57,349.66,198,16,97.48
5122,7,104.3,404.26,361.16,156.94,196.92,386.81,199.6,16,366.31
5123,4,104.1,405.13,363.34,157.78,189.66,388.26,201.4,24,364.18
5124,6,104.2,403.98,363.4,155.72,186.93,394.35,210.1,25,366.1
5125,3,104.1,392.55,361.29,154.63,185.11,360.15,211.2,19,98
5126,3,104,386.91,362.16,154,192.77,363.25,216.4,18,98
5127,4,103.8,383.32,364.16,151.02,202.53,352.82,220.6,17,96.11
5128,4,104,377.36,360.04,149.79,213.59,353.26,224.9,22,96.49
5129,4,104.1,375.97,362.92,148.72,217.44,410.63,230.7,28,569.58
5130,6,104,374.04,357.25,147.98,225.38,415.8,236.7,31,569.95
5131,7,104.1,371.96,363.4,146.57,221.18,411.5,247.4,35,570.15
5132,5,104.2,364.88,346.28,146.6,217.85,358.79,247.6,33,100.12
5133,4,104,359.22,350.34,145.3,211.03,366.57,247.2,25,111.9
5134,3,103.9,356.1,352.42,143.78,207.95,370.13,244.7,17,119.78
5135,3,104.1,363.64,363.57,143.47,197.63,360.79,242.8,22,128.86
5136,3,104.1,367.87,358.33,141.07,190.63,353.07,243.5,12,134.11
5137,2,103.5,376.74,362.46,140.44,185.46,351.61,245.4,12,149.67
5138,2,103.6,373.86,366.88,142,185.28,359.34,255.9,9,171.86
5139,2,103.7,374.1,369.44,145.27,185.02,358.64,253.9,8,175.62
5140,2,103.7,370.12,361.37,145.09,189.07,365.18,248.9,11,152.35
5141,3,103.8,381,350.6,150.02,210.85,354.41,236.8,12,119.53
5142,4,104.6,380.04,356.87,155.42,219.12,375.58,236.5,30,277.64
5143,5,104.3,384.15,353.08,156.08,224.14,374.57,232.6,24,278.72
5144,5,104,376.72,362.12,157.6,213.04,379.85,232.1,18,278.42
5145,6,104.1,386.85,361.85,157.94,216.4,364.3,224.3,18,100.07
5146,5,104.3,394.63,370.09,158.58,216.52,401.55,223.4,21,379.25
5147,5,104.2,409.77,363.95,158.1,204.74,404.54,221.8,25,379.94
5148,4,104.2,401.3,364.43,158.21,195.47,400.25,223.4,24,380.94
5149,4,104,396.72,361.02,157.42,192.24,361.36,218.3,25,100.72
5150,4,103.9,385.34,365.31,157.17,201.88,359.83,216,25,102.05
5151,3,104.3,388.74,357.87,154.28,210.73,358.13,219.6,28,101.19
5152,4,104.4,383.24,359.09,151.69,211.12,361.08,224,24,100.4
5153,4,104.4,382.35,363.37,150.32,230.13,424.67,230,25,574.11
5154,4,104.1,376.29,361.62,148.73,232.8,425.87,236.1,29,574.05
5155,4,104.1,378.23,365.44,148.22,253.03,420.12,242.6,26,573.24
5156,4,104.1,378.88,367.04,148.64,229.01,360.59,241.8,31,103.56
5157,4,104.1,379.08,375.44,148.74,212.42,366.37,232.3,20,114.83
5158,3,103.9,380.18,373.6,147.55,190.31,368.21,232,22,134.26
5159,3,103.8,377.1,373.79,148.22,192.58,364.12,233.2,17,146.14
5160,3,104.1,380.03,365.98,146.68,191.81,357.34,238.9,11,149.43
5161,2,103.5,373.01,358.48,145.3,184.85,362.16,238.2,9,145.3
5162,2,103.3,363.85,350.07,144.7,176.51,366.54,239.2,9,148.88
5163,2,103.6,350.41,355.07,144.01,176.47,368.4,236.2,8,144.44
5164,2,103.7,353.07,358.82,146,179.45,362.48,227.6,8,131.81
5165,3,104.4,366.72,357.98,151.78,184.75,356.38,218.9,10,108.83
5166,2,105.1,381.21,360.19,155.73,184.33,385.49,217.7,12,268.97
5167,3,104.8,391.45,361.33,156.4,199.39,386.81,218.2,16,265.23
5168,5,104.8,386.56,367.45,157.28,219.5,395.73,221.4,23,266.55
5169,5,104.5,383.6,364.39,158.27,251.45,365.06,214.8,24,95.98
5170,5,103.9,385.3,360.18,158.89,249.57,405.87,213.7,41,370.7
5171,6,104,390.41,357.99,159.39,244.66,397.83,210.6,38,370.38
5172,6,104,390.72,363.64,159.34,221.49,395.62,214.7,31,369.44
5173,5,104,393.44,367.55,159.18,220.09,353.94,218.8,21,97.23
5174,8,104.1,387.97,369.71,156.92,201.31,359.88,217,17,97.23
5175,10,104,392.01,362.3,155.47,214.34,360.51,217,20,99.59
5176,6,104.1,374.97,364.02,153.71,216.34,359.02,215.5,21,99.71
5177,6,103.9,371.71,363.25,152.5,228.96,413.76,216,35,551
5178,8,104,361.94,364.18,150.91,240.06,424.31,220.9,30,549.38
5179,4,104.1,368.62,361.29,149.06,234.82,423.92,225.6,38,546.6
5180,7,103.9,370.08,360.11,148.62,239.39,359.78,226.7,39,96.72
5181,4,103.9,370.75,357.72,148.34,221.75,351.54,222.2,19,97.58
5182,3,103.8,370.64,353.56,146.6,214.6,355.23,213.5,16,104.64
5183,3,104.1,375.65,353.6,145.78,194.09,365.27,216,16,116.49
5184,3,103.8,374.19,358.17,143.54,181.72,368.45,220.4,10,137.62
5185,2,103.6,370.76,363.2,142.58,177.49,364.72,229.3,23,160.24
5186,3,103.2,370.35,364.61,143.61,175.71,362.36,233.1,24,182.53
5187,3,103.3,375.11,362.69,143.77,174.42,366.21,233.4,23,188.82
5188,4,103.9,380.33,363.26,144.55,175.37,371.71,231.2,23,161.12
5189,3,103.5,385.02,359.04,151.44,183.19,370.68,222.9,23,125.9
5190,2,104.1,395.18,361.28,157.39,190.29,396.28,214.6,24,270.79
5191,5,104.4,395.05,362.25,159.78,198.56,392.11,210.7,23,269.79
5192,6,104.2,394.52,371.91,161.23,216.69,394.73,215.5,23,268.7
5193,8,104.3,394.1,373.52,161.74,232.13,359.91,224.2,23,95.46
5194,7,104.6,400.84,378.45,162.08,242.74,409.25,230.8,24,363.77
5195,6,104.9,406.53,373.81,160.26,246.89,403.27,226.7,23,364.16
5196,8,105,402.33,362.92,161.74,250.51,400.66,225,23,364.8
5197,5,104.9,398.59,358.46,161.25,246.47,347.84,221.6,24,98.56
5198,3,104.7,392.64,358.3,159.44,238.21,354.64,225.2,23,99.68
5199,5,104.4,392.87,366.49,158.39,223.9,364.2,225.2,23,98.48
5200,6,104.3,391.82,364.65,155.93,228.26,365.16,229.2,23,96.08
5201,8,104.2,387.18,363.29,152.96,227.12,423.38,230.1,24,536.82
5202,6,104.3,381.59,361.63,150.93,232.08,409.41,231.5,23,537.88
5203,7,104.5,371.34,358.99,148.77,231.2,408.33,233.1,23,540.04
5204,6,104.4,372.29,360.56,148.19,236.91,344.15,234.7,23,99.85
5205,7,104.3,364.84,367.47,148.6,230.92,351.92,235,24,103.29
5206,4,104.4,365.62,377.54,147.46,213.67,350.74,232,23,116.11
5207,4,104.3,358.72,371.49,146.41,190.61,350.17,231.8,23,140.45
5208,2,104.6,361.19,364.38,144.64,182.14,363.33,229.2,23,173.43
5209,3,104.7,357.71,355.67,143.2,179.38,379.9,231.1,24,200.23
5210,2,104.9,360.25,355.86,144.71,181.71,389.38,230.2,23,224.8
5211,2,105.1,359.33,355.53,143.57,190.12,383.83,231.9,8,228.87
5212,2,105.5,373.4,356.67,145.07,201.54,374.01,228,11,193.81
5213,4,105.6,380.02,363.28,149.57,228.24,365.66,228.4,24,144.58
5214,8,105.4,393.48,365.59,155.77,237.4,385.73,229.2,38,281.23
5215,10,105.1,394.6,370.79,159.46,240.39,378.96,224.3,35,274.75
5216,7,105.2,400.07,372.26,159.94,224.96,378.49,221.3,17,272.18
5217,8,105.1,405.96,373.4,161.5,218.03,344.39,219.8,37,94.88
5218,7,104.8,406.27,376.96,161.5,209.14,389.22,221.4,24,387.13
5219,7,104.7,402.17,366.53,160.86,208.85,391.64,226.4,24,389.12
5220,5,104.6,385.91,363.05,155.93,204.01,396.86,221.9,25,390.26
5221,5,104.4,385.46,355.37,154.88,204.63,358.55,219.9,20,98.35
5222,6,104.3,385.25,360.79,155.55,203.86,356.67,209.6,21,98.96
5223,4,104.3,392.21,367.75,154.54,217.94,360.29,207.4,20,97.26
5224,5,104.2,384.69,363.36,154.36,233.22,360.66,213.5,39,96.93
5225,7,104.2,381.38,366.01,151.64,247.08,423.26,216.3,28,558.64
5226,5,104.2,377.59,360.44,150.06,250.09,416.56,217.5,42,560.82
5227,7,104.1,369.53,362.38,148.67,251.36,410.45,213.7,50,560.9
5228,7,104.4,366.3,355.36,147.75,236.71,344.94,214.2,33,98.73
5229,7,104.5,365.87,354.47,146.72,221.7,352.94,216.6,35,95.15
5230,3,104.6,378,355.57,145.27,199.17,360.37,214.5,25,94.88
5231,3,104.5,377.52,364.91,145.91,186.81,361.96,213.4,11,96.93
5232,3,104.8,375.99,363.36,144.71,173.67,358.01,209.2,10,98.17
5233,2,105,367.41,368.1,144.48,174.59,350.98,210.6,9,100.58
5234,2,105.3,367.27,368.64,143.83,183.43,348.91,198.8,12,103.77
5235,3,105.8,366.57,372.27,142.54,202.83,351.45,194.1,13,102.26
5236,2,106.7,369.08,372.04,142.52,230.55,354.34,186.2,14,100.08
5237,3,107,374.55,370.28,144.53,247.79,356.91,188.8,22,93.93
5238,9,106.6,374.31,374.55,145.99,246.11,385.15,188.1,41,275.89
5239,9,105.4,378.63,371.87,147.89,229.1,388.27,189.2,24,277.79
5240,9,105.1,376.28,365.57,149.34,222.4,388.65,197.3,24,276.57
5241,8,105,381.68,363.68,150.08,236.72,363.19,207,19,96.27
5242,6,104.9,385.59,365.23,151.48,243.49,399.25,215.7,26,380.68
5243,4,105,384.15,367.91,151.59,235.32,396.64,216.7,24,383.07
5244,8,105.1,378.34,366.14,151.35,218.22,387.85,213.1,23,382.98
5245,3,104.9,386.88,366.86,150.37,206.25,354.5,211.4,23,96.79
5246,5,104.6,383.07,373.32,147.44,202.99,355.69,213.2,16,96.34
5247,3,104.7,379.71,369.69,142.85,205.08,360.27,224.9,25,95.03
5248,5,104.6,358.05,366.78,147.37,225.45,362.68,236.1,34,95.71
5249,5,104.6,359.96,359.75,146.35,244.34,427.51,235.4,25,555.62
5250,4,104.7,364.32,368.13,145.33,255.17,427.87,234.4,33,556.64
5251,6,104.9,366.81,368.73,145.26,245.52,421.55,225.8,33,556.27
5252,6,105.2,370.89,368.11,144.88,238.73,359.15,231.1,31,95.91
5253,7,105.1,364.84,363.45,144.61,222.38,362.03,227.3,23,94.94
5254,5,105.4,370.03,363.99,143.66,209.61,363.01,226.8,19,94.71
5255,3,105.5,367.78,362.62,143.06,187.78,363.51,227.3,12,93.23
5256,3,105.3,377.57,366.54,142.44,174.13,366.24,227.3,12,94.14
5257,2,105.2,372.92,367.87,141.62,165.95,359.57,231.6,9,94.04
5258,2,104.9,363.09,373.18,140.4,172.88,354.65,229.6,8,96.98
5259,3,105.1,355.48,366.9,140.77,184.17,348.4,228.6,9,98.16
5260,2,105.7,353.92,363.56,140.46,211.84,355.58,222.2,10,99.2
5261,3,106.5,359.8,362.42,141.6,234.52,359.68,220.2,21,96.05
5262,8,107.1,365.21,370.45,143.1,243.65,383.82,216,39,275.63
5263,9,106,370.74,374.46,145.24,228.6,386.48,218,34,274.72
5264,8,106,373.58,370.12,146.77,217.67,389.53,215.5,30,276.39
5265,5,105.3,374.49,366.59,147.86,217.22,363.47,218,31,97.29
5266,4,105.3,374.88,363.51,148.85,220.6,406.99,215.8,28,377.38
5267,5,105.1,371.08,363.73,150.01,211.63,402.6,219.5,18,378.28
5268,4,105.1,368.15,361.55,149.75,201.28,403.78,214.7,26,377.1
5269,8,105,370.82,357.36,149.82,192.77,350.25,213.9,21,98.12
5270,7,104.9,370.49,355.85,150,193.14,352.68,209.7,16,96.99
5271,5,104.7,372.26,360.47,148.99,207.34,360.54,212.6,18,99.83
5272,7,104.6,366.97,369.57,148.1,212.11,372.78,215.1,20,98.84
5273,4,104.8,371.69,387.68,147.34,231.95,436.84,223.4,28,557.32
5274,5,105,372.29,383.91,146.96,233.11,428.01,221.7,41,555.62
5275,9,104.8,378.37,381.4,146.58,246.92,421.33,221.6,28,558.19
5276,8,104.9,375.62,366.75,146.62,231.11,361.44,220.9,33,100.95
5277,8,105.2,372.79,365.11,145.47,220.48,364.11,224.4,26,98.71
5278,7,106,364.36,367.57,144.8,200.76,366.89,223.1,22,96.55
5279,3,106.4,366.96,373.87,144.55,188.85,364.27,215.6,10,93.6
5280,3,105.9,370.88,377.93,144.16,177.93,367.6,213.8,11,93.97
5281,2,105.9,372.93,371.74,143.31,173.36,367.82,215.1,10,92.17
5282,2,106.5,371.67,369.59,143.5,174.78,363.04,223,8,92.56
5283,3,107.2,365.02,364.82,144.64,178.71,359.55,225.4,9,93.28
5284,2,106.8,370.46,367.14,146.28,203.5,354.86,224.6,15,94.81
5285,3,106.9,377.05,371.3,153.79,232.87,360.5,218.2,17,96.6
5286,8,106.8,385.2,371.67,160.01,245.7,389.01,213,51,275.17
5287,8,106.6,395.24,379.41,165.44,232.73,392.62,215.2,38,273.49
5288,10,105.6,402.72,373.77,166.33,207.95,390.57,215.8,26,273.63
5289,10,105.3,411.63,373.27,167.2,209.8,356.06,215.7,22,95.22
5290,9,105.6,412.5,368.63,167.82,207.5,396.93,211.7,18,353.83
5291,7,105.3,404.31,363.82,168.53,213.83,391.09,212.5,23,353.19
5292,4,105,401.99,362.69,167.91,202.76,392.92,216,27,352.42
5293,5,104.8,400.88,358.49,167.37,200.92,354.08,213.2,23,93.73
5294,5,104.5,404.94,359.26,166.17,209.13,357.23,208.2,22,94.52
5295,5,104.5,403.53,357.75,161.95,216.7,355.93,204.8,25,94.94
5296,7,104.7,392.66,357.22,159.03,232.23,349.67,208.4,26,96.14
5297,7,105,389.63,359.53,156.42,225.34,422.22,217.3,26,552.85
5298,5,105,392.73,358.1,154.66,238.22,425.44,224.6,30,551.69
5299,6,104.5,388.69,353.73,153.82,240.13,431.65,231.1,42,551.48
5300,6,104.5,389.52,358.77,152.25,241.64,363.74,224.2,38,94.8
5301,7,104.6,380.97,365.48,151.18,219.4,369.03,219.3,20,96.89
5302,6,105.1,381.01,373.25,150.72,198.5,367.38,210.3,20,98.77
5303,6,105.4,380.28,367.67,149.16,183.19,359.57,208.4,11,98.52
5304,2,105,371.29,367.93,147.02,176.54,355.04,205.6,10,98.61
5305,3,105,371.69,369.82,145.9,173.63,354.27,204.4,9,97.51
5306,2,105.2,363.03,371.37,145.31,172.88,355.95,207,10,98.1
5307,2,105.1,359.85,376.61,146.28,176.29,358.72,209.1,10,95.88
5308,2,106,362.42,372.83,148.4,193.61,360.97,211.5,9,94.78
5309,4,105.8,376.23,374.61,155.84,206.08,359.8,212.9,20,93.26
5310,8,106.1,396.82,373.24,162.6,231.6,376.84,214.4,35,276.81
5311,8,105.8,409.6,369.56,164.74,231.87,373.37,212.4,31,276.51
5312,7,105.4,405.03,366.02,165.46,233.61,386.15,211.6,24,275.84
5313,6,104.7,412.88,353.31,166.36,225.65,367.09,210.7,24,93.23
5314,6,104.7,407.77,359.58,166.93,227.72,400.86,215,15,361.25
5315,6,105.4,416.05,359.05,165.69,219.85,394.11,216.5,15,362.79
5316,5,105.3,415.28,364.71,165.6,213.63,395.47,218.1,23,361.56
5317,4,104.9,413.59,359.61,165.43,213.69,363.43,218.1,21,97.36
5318,3,104.7,408.66,361.96,165.25,238.03,369.27,219.5,26,96.46
5319,5,104.8,397.37,359.76,160.74,257.24,363.74,221.8,25,97
5320,7,104.7,392.97,368.32,158.01,253.11,364.39,225.1,29,93.28
5321,5,105,388.44,374.21,155.78,246.26,423.44,233.2,28,547.94
5322,9,104.8,385.09,374.51,156.12,229.36,429.29,239.5,36,548.61
5323,6,104.7,382.25,370.21,153.81,232.52,424.18,237.1,35,549.67
5324,5,105.1,379.9,366.4,151.52,224.25,352.29,229.9,33,95.3
5325,6,105.1,370.68,371.08,149.9,217.16,356.72,227.2,26,96.1
5326,7,105.1,372.15,364.65,147.95,201.74,365.57,229.8,19,96.39
5327,4,104.7,367.14,368.26,146.25,187.63,377.55,228,14,97.63
5328,3,104.3,375.42,368.38,144.45,180.5,368.99,224.1,17,99.61
5329,2,104.3,370.8,367.5,145.26,179.62,362.02,225.5,11,99.33
5330,2,104.7,375.77,360.61,145.49,174.07,359.42,228,10,97.69
5331,2,104.7,371.43,357.82,145.54,175.62,361.51,230,8,96.8
5332,3,104.6,378.53,362.47,146.9,175.57,359.6,226.1,11,97.51
5333,2,104.8,390.6,357.59,154.05,190.4,356.72,223.5,14,98.3
5334,5,104.9,396.71,360.72,163.64,202.67,378.66,217.6,16,281.01
5335,5,104.5,402.17,357.68,167.94,224.97,374.6,214.3,25,280.1
5336,7,104.8,403.3,361.17,167.1,243.94,381.51,212.8,39,281.28
5337,8,105.3,411.96,360.46,165.93,251.13,359.04,213.3,41,98.47
5338,9,104.8,411.3,364.94,166.86,257.69,409.68,219,31,375
5339,6,104.7,406.05,364.53,165.51,254.37,400.28,222.3,29,373.73
5340,8,104.7,396.51,365.88,163.82,252.16,402.21,225.5,36,371.22
5341,10,104.6,404.53,360.87,164.21,240.71,358.28,222.7,29,96.16
5342,5,104.5,398.48,359.26,163.26,222.57,353.9,220.6,34,96.74
5343,6,104.4,396.24,351.54,160.97,232.18,350.89,219.2,27,99.52
5344,9,104.4,381.54,351.78,158.61,230.25,353.27,220.5,36,97.37
5345,8,104.5,380.15,360.31,155.59,248.92,427.48,223.4,42,550.9
5346,6,104.5,379.96,367.16,154.19,225.45,429.57,226.7,42,549.71
5347,4,104.4,380.27,367.32,152.19,230.46,419.68,222.3,40,549.22
5348,5,104.6,383.78,363.55,151.71,218.76,352.67,223.4,37,94.03
5349,4,104.6,386.12,362.19,150.2,220.61,351.45,224.3,25,96.71
5350,4,104.9,381.05,359.57,149.94,199.91,357.5,231.6,20,108.56
5351,3,104,370.45,357.25,147.88,190.45,354.08,230.6,14,121.87
5352,3,103.8,356.21,360.22,145.06,184.47,357.4,227.6,11,129.08
5353,2,103.9,359.37,358.28,144,181.42,360.44,225.8,8,134.73
5354,2,103.8,359.04,365.23,144,186,363.52,217.9,11,142.24
5355,2,104,369.72,359.12,144.28,195.41,369.08,214.3,13,151.76
5356,2,104.2,368.8,360.22,146.96,206.16,367.41,208.7,13,136.42
5357,3,104.2,377.46,353.99,153.23,205.58,360.69,210.8,11,116.4
5358,4,104.7,395.91,361.92,159.69,202.83,377.11,209.9,16,284.77
5359,7,104.8,410.04,367.6,164.64,221.52,377.74,210.8,20,284.32
5360,9,104.9,416.49,368.12,166.11,244.97,385.37,210.1,32,285.24
5361,10,104.6,410.35,370.27,166.16,285.53,357.8,213.9,42,97.58
5362,8,104.6,412.55,375.2,168.17,281.09,392.49,217.6,46,371.34
5363,8,104.7,414.16,384.99,168.75,280.69,391.83,224.5,31,371.13
5364,5,104.7,410.32,381.78,168.18,262.58,395.67,220.9,49,372.48
5365,3,104.5,397.16,377.63,167.06,261.08,361.54,213.6,46,99.76
5366,5,104.5,392.19,367.67,167.85,263.95,357.35,201.8,25,100.93
5367,9,104.5,389.07,362.04,165.11,258.79,360.05,201.2,34,97.6
5368,9,104.6,388.81,362.86,162.32,266.44,361.49,207,39,97.1
5369,7,104.6,383.83,369.63,158.02,276.34,434.45,222.8,47,536.56
5370,6,104.6,386.95,369.54,155.59,295.81,429.82,227.4,49,538.61
5371,6,104.8,387.85,363.84,154.17,320.23,425.33,234.3,44,539.22
5372,9,104.8,392.17,361.24,153.76,335.16,354.15,229,53,97.34
5373,6,104.9,381.95,366.57,152.7,317.35,349.48,231.5,26,97.22
5374,8,105.1,378.94,366.63,150.53,278.88,349.72,227.2,23,95.42
5375,5,105,373.08,362.03,149.3,231.32,353.47,225.7,16,97.67
5376,3,104.5,371.41,361.57,147.28,219.86,356.76,223.3,16,98
5377,3,104.5,377.85,369.2,145.99,218.7,364.67,219.4,16,98.67
5378,3,104.2,379.7,366.17,146.08,221.88,356.99,218.9,18,97.4
5379,3,104.6,381.59,366.23,147.17,232.59,356.55,215.4,18,97.35
5380,3,104.7,382.46,363.59,150.85,287.03,347.55,211.9,21,99
5381,6,104.8,386.76,367.62,156.95,341.37,354.1,212.5,41,99.44
5382,10,104.7,400.78,362.8,163.46,329.05,382.73,211.3,51,284.88
5383,9,104.6,405.42,347.3,166.04,271.49,380.8,213.6,25,284.14
5384,8,104.8,407.7,344.42,168.17,213.68,380.65,211.2,19,282.99
5385,4,106,403.69,349.58,167.13,207.94,356.33,211.2,27,95.32
5386,4,106.5,398.38,370.05,166.06,204.81,397.21,213.5,22,367.74
5387,3,107.1,406.56,375.71,166.05,203.86,401.5,216.6,19,368.54
5388,5,106.4,404.93,376.38,163.9,214.82,403.18,219.3,22,370.13
5389,7,105.2,399.48,370.26,162.04,221.11,368.75,216.1,24,95.71
5390,6,104.9,388.47,364.82,158.93,212.82,360.42,212.8,17,96.29
5391,7,105,379.31,352.73,157.35,205.2,354.13,213.3,27,98.14
5392,5,105.1,382.62,349.12,156.78,216.81,357.25,214.7,39,98.75
5393,4,105.7,380.69,351.59,154.61,238.07,421.38,215.9,30,542.17
5394,7,105.4,388.72,361.46,152.62,266.43,426.94,213.6,54,541.53
5395,6,105,393.25,365.21,151.52,281.71,425.11,215.1,47,542.76
5396,9,105,390.32,362.36,151.38,276.78,358.11,213.1,40,99.27
5397,9,105,391.46,358.09,149.56,261.93,355.49,209.9,36,98.42
5398,7,105.1,377.1,356.11,148.04,243.53,348.68,209.4,25,97.88
5399,5,104.7,378.96,360.75,146.21,244.89,355.03,208.9,28,99.17
5400,2,104.4,370.21,362.59,145.58,235.98,352.84,209.6,18,100.1
5401,3,104.3,372.22,368.68,144.9,231.79,353.15,206.1,19,100.04
5402,2,104.4,361.17,357.71,144.8,238.6,347.1,205,21,98.75
5403,3,104.7,364.94,360.06,143.86,256.23,349.77,204.4,19,97.48
5404,2,105,364.44,355.67,141.8,301.79,346.89,205.4,22,96.84
5405,6,105.3,369.14,363.55,142.37,333.34,356.94,206.4,38,95.71
5406,8,105.6,364.79,368.64,144.48,316.88,383.06,208.6,38,283
5407,7,104.8,378.9,368.98,148.57,265.44,392.04,210.8,41,283
5408,8,105.3,385.93,371.48,149.82,210.89,386.4,215.9,21,283.35
5409,9,105.3,391.34,361.27,150.71,201.1,361.63,221.3,13,96.15
5410,8,105.5,380.99,366.5,152.28,193.7,392.63,221.5,15,377.03
5411,9,105.6,376.87,359.93,150.69,198.71,394.83,218.5,27,377.7
5412,9,106.3,373.69,365.03,150.75,197.6,389.44,213.4,31,376.06
5413,8,107,373.22,363.16,149.45,198.36,360.36,211.5,24,95.61
5414,10,105.8,372.37,372.42,148.33,199.18,356.57,211.1,16,95.32
5415,8,105.7,369.39,368.15,148.66,228.27,363.3,211.7,18,96.86
5416,8,105.6,375.29,364.38,147.77,254.6,354.01,213.3,38,94.92
5417,8,105.4,374.99,362.95,146.38,264.42,426.93,215,35,550.37
5418,9,105.2,375.28,364.9,145.18,265.51,418.41,215.8,38,550.45
5419,9,105.5,370.5,363.73,144.85,265.51,417.08,214.8,44,553.11
5420,8,105.8,367.74,353.53,146.38,260.63,349.71,215.2,43,98.08
5421,7,106,368.19,350.65,145.1,238.17,359.11,219.6,28,98.51
5422,5,105.5,360.51,353.68,142.58,208.54,363.22,222.5,23,99.75
5423,4,105.5,358.47,360.94,141.47,191.43,358.19,222,33,99.18
5424,3,105.9,357.88,366.76,141.82,191.61,354.33,223.6,20,98.1
5425,3,105.5,363.38,369.69,141.05,205.79,356.97,221,18,96.88
5426,3,105.2,364.58,367.64,140.23,221.61,361.84,229.4,17,96.74
5427,2,105,353.48,359.23,140.32,232.32,361.11,228.7,18,97.95
5428,3,104.9,352.24,357.09,139.1,271.87,354.51,230.9,20,96.42
5429,4,104.7,359.05,359.01,140.53,323.38,350.66,217.3,46,95.86
5430,8,105.3,363.51,366.36,142.33,324.25,375.41,211,52,268.24
5431,9,105.2,364.52,370.21,135.68,292.24,385.67,211.7,40,268.7
5432,7,105.5,364.7,371.67,144.6,248.27,384.62,217.3,23,268.69
5433,9,105.1,369.58,370.52,146.17,229.56,365.37,213.4,28,98.11
5434,7,104.9,368.61,369.18,147.07,213.54,400.67,209.8,27,383.59
5435,8,104.7,371.36,370.41,147.88,195.63,399.7,207.7,35,383.9
5436,7,104.9,374.75,367.67,148.72,215.64,399.63,211.3,31,380.85
5437,5,105.1,372.25,360.62,148.59,217.2,356.87,216.3,22,95.07
5438,7,104.8,367.39,356.89,147.45,221.32,359.19,215,17,94.62
5439,6,105.1,362.67,355.12,147.83,220.35,353.73,221.4,21,94.44
5440,7,105.1,367.25,359.1,147,245.18,353.61,221.8,28,94.53
5441,7,105.7,361.71,366.34,146.31,280.27,422.27,227.4,41,541.62
5442,8,105.5,362.41,371.01,145.65,302.89,421.37,224.9,45,541.19
5443,9,105.7,362.14,370.39,146.39,305.82,421.29,224.2,37,542.16
5444,6,106.2,365.53,370.46,147.76,287.4,351.99,219.7,38,95.1
5445,8,105.5,370.71,373.71,146.31,253.41,351.94,217.4,40,95.77
5446,8,105.3,373.04,373.94,145.17,219.62,353.45,214.6,22,96.55
5447,4,105.5,368.58,368.35,144.42,198.11,353.57,217.2,15,98.8
5448,3,105.6,365.98,369.72,143.81,199.74,357.86,217.6,17,100.34
5449,3,105.1,362.62,367.83,143.67,198.19,357.65,219.9,15,99.04
5450,3,105.4,369.97,363.2,143.49,203.18,354.29,223.6,10,102.48
5451,2,104.8,367.02,357.04,143.31,213.53,354.65,228.8,12,108.41
5452,4,103.2,375.98,358.42,146.38,262.09,354.13,232.8,16,108.85
5453,5,103.3,390.32,363.52,155.01,293.47,359.22,234.8,30,102.74
5454,10,104.7,406.17,369.43,163.04,278.56,388.31,232.9,47,275.92
5455,7,104.6,409.3,366.89,167.59,248.05,390.28,232.3,43,274.52
5456,10,104.8,401.32,360.22,164.54,223.5,385.89,233.7,18,275.02
5457,9,104.9,401.01,353.02,159.05,222.49,353.48,238,21,96.56
5458,10,104.8,406.52,361.2,166.12,214.85,390.07,239.2,22,384.7
5459,8,104.8,412.84,363.18,167.81,209.62,390.28,237.8,22,384.7
5460,5,105.1,412.33,358.78,167.51,206.31,389.69,235,19,382.41
5461,3,105.3,401.6,354.64,167.45,201.74,348.86,233.6,26,94.07
5462,7,105.6,399.43,356.45,166.33,204.92,347.91,225.4,20,96.14
5463,7,105.6,395.13,356.6,161.69,229.1,351.69,227.6,27,98.64
5464,6,104.7,398.5,355.38,158.23,237.44,356.57,234.9,31,99.34
5465,6,104.7,398.86,360.73,155.73,275.52,428.98,244,40,570.29
5466,6,104.8,401.3,373.29,155.79,265.69,429.11,246.5,40,568.91
5467,6,104.9,402.88,373.66,156.03,262.45,422.04,241.4,43,569.79
5468,5,105,396.57,371.99,157.82,233.6,352.33,239,47,98.05
5469,5,105.1,390.61,366.16,154.05,225.77,355.13,234.4,36,97.42
5470,8,105.2,378.08,363.35,151.57,214.31,367.76,234.3,24,96.89
5471,4,104.7,372.73,359.13,150.15,191.41,366.42,235.9,22,98.06
5472,3,104.8,370.01,362.58,148.01,178.32,357.85,238.3,9,98.56
5473,2,104.7,367.1,367.78,146.13,174.18,344.39,238.6,10,99.07
5474,2,105,362.33,364.45,145.36,174.84,345.32,245.6,11,99.12
5475,3,105.1,361.1,357.03,146.97,185.73,350.52,244.3,13,99.05
5476,3,105.7,368.91,350.8,148.81,228.1,361.06,235,11,98.31
5477,6,105.8,385.68,360.73,155.78,267.27,357.84,224,25,95.78
5478,9,105.7,405.4,360.28,165.02,281.02,381.65,225.3,43,273.63
5479,9,104.9,415.79,366.65,167.07,252.7,376.52,235.2,32,274.26
5480,8,105,418.57,363.26,167.46,233.35,377.33,237.1,19,274.55
5481,5,104.8,413.51,367.75,168.13,225.37,349.24,235.5,23,96.48
5482,4,104.7,411.1,366.16,168.52,223.02,395.24,230.4,28,353.63
5483,7,104.7,410.09,369.36,167.61,213.03,400.8,232.2,36,354.49
5484,7,105.1,404.47,369.56,168.67,201.23,404.28,232,30,353.83
5485,7,105,406.71,363.45,169.39,202.68,364.94,230,21,98.08
5486,5,105.4,402.84,355.23,169.47,199.16,362.81,230.4,36,96.62
5487,10,105.6,397.61,349.04,164.3,203.66,361.01,236.1,37,96.95
5488,8,105.2,394.46,358.69,161.06,213.64,357.76,219.5,26,95.01
5489,8,105.4,394.5,374.04,160.64,230.66,419.37,222.6,38,546.56
5490,6,105.5,395.93,384.42,160.71,235.37,422.86,232.6,30,544.97
5491,6,105.6,391.28,379.63,159.1,232.34,423.51,282.1,37,545.03
5492,6,105.5,384.49,363.39,156.37,221.72,363.65,294.3,43,94.77
5493,4,105.5,377.83,355.67,154.4,213.83,358.15,292.5,25,96.13
5494,5,105.7,366.68,352.48,150.58,200.96,358.4,273.7,18,95.9
5495,5,105.4,367.11,357.1,149.57,192,363.21,271,17,95.34
5496,4,105.1,364.16,365.25,147.24,195.08,367.64,271.6,16,95.24
5497,4,105,369.07,373.46,146.96,202.95,363.2,273.2,16,95.1
5498,3,105,365.52,371.64,147.53,213.77,363.4,276.7,15,97
5499,3,104.9,372.27,358.66,148.91,220.42,363.09,275.2,16,98.13
5500,2,105.2,379.41,349.91,150.56,220.58,371.32,277.4,17,99.25
5501,3,105.5,389.33,357.1,157.33,220.64,361.54,273.8,15,96.72
5502,5,105.9,398.1,368.23,164.52,217.67,383.74,271.8,23,285.06
5503,5,105.1,408.66,370.14,169.85,227.12,380.42,273.7,31,285.96
5504,6,104.5,419.3,362.76,171.19,250.3,374.45,276.2,43,286.89
5505,9,104.5,421.83,356.62,170.35,280.31,357.51,282.1,51,100.82
5506,7,104.8,425.72,357.4,169.41,299.25,400.91,289.5,40,364.75
5507,6,105.1,419.21,367.34,170.13,282.82,407.92,296.7,40,363.54
5508,4,105.3,420.25,376.97,170.08,247.22,405.55,302,39,359.92
5509,6,105.4,411.52,375.65,168.91,215.96,359.56,292,41,93.8
5510,6,105.6,409.5,362.31,168.34,219.08,361.22,284.8,35,95.28
5511,7,105.9,403.2,357.09,165.49,229.22,353.37,276.3,37,95.18
5512,7,105.8,404.24,359.44,161.05,237.76,356.85,270.1,44,93.79
5513,6,105.5,400.93,373.11,158.96,233.31,428.44,279.5,38,541.72
5514,4,105.2,403.32,375.18,157.86,230.33,432.95,285,37,542.28
5515,5,105.4,392.98,371.04,157.83,221.95,425.18,293.8,32,544.77
5516,5,105.1,388.12,367.82,157.09,220.57,356.32,283.3,32,94.05
5517,5,105.3,382.04,363.76,153.97,222.7,359.24,279.7,28,96.3
5518,3,105.7,381.23,370.6,153.71,216.55,370.19,283.1,26,99.18
5519,4,105.4,367.73,364.76,152.87,204.1,368.97,285.1,21,109.48
5520,3,105,364.34,369.07,148.23,187.89,364.49,281.7,18,117.16
5521,2,105.3,363.78,357.79,146.35,183.18,355.18,280.9,13,121.55
5522,2,104.9,377.5,361.64,146.47,177.09,355.94,282.7,10,120.17
5523,3,105.2,378.26,355.04,147.77,177.22,361.04,288.5,9,120.54
5524,2,105.1,383.44,364.16,152.37,176.92,372.61,292.7,11,125.36
5525,2,105.1,391.41,366.43,159.93,185.09,375.18,295.5,16,133.2
5526,4,105.5,409.03,368.62,170.39,200.71,405,296.9,14,310.32
5527,7,105,422.48,365.02,170.7,228.23,396.6,285.3,23,298.5
5528,10,105.4,423.33,359.26,170.61,259.31,395.3,277.5,35,283.62
5529,10,105.8,413.97,359.02,169.84,268.94,359.12,279.5,38,97.06
5530,9,105.7,406.53,362.66,169.24,275.1,400.02,284.8,42,380.06
5531,7,106.1,409.03,364.94,168.25,258.13,393.87,285.9,57,380.84
5532,6,106.3,408.8,367.22,167.29,259.53,399.72,281,45,378.8
5533,7,105.8,413.41,369.09,165.42,249.23,365.88,280.3,44,94.16
5534,6,105.7,409.46,364.86,169.12,243.8,370.1,280.9,36,94.01
5535,6,105.5,408.17,360.62,167.2,233.91,364.68,279.7,54,95.04
5536,7,105.6,398.31,358.06,162.23,238.7,370.99,278.5,33,95.29
5537,10,105.3,394.02,365.4,159.31,280.9,443.87,283.7,49,563.89
5538,10,105.2,392.71,368.34,158.32,316.51,450.85,283.1,68,563.02
5539,7,105.9,397.61,366.19,158.08,341.35,438.42,275.9,48,562.05
5540,9,105.3,388.69,362.41,157.37,303.3,361.33,262.9,45,92.63
5541,7,104.9,380.51,358.54,154.66,256.76,355.18,261.1,34,94.67
5542,5,104.7,362.76,359.72,152.15,205.23,354.07,265,16,98.17
5543,3,104.4,363.11,356.88,151.2,183.53,357.62,274,12,101.2
5544,3,104.4,375.13,359.99,148.3,174.37,354.8,273.3,14,103.15
5545,2,104.5,383.99,364.69,147.49,173.49,355.37,274.5,11,107.27
5546,3,104.3,387.59,360.82,147.27,183.26,353.47,264.3,14,120.67
5547,2,104,377.05,351.94,148.2,216.12,354.49,264.2,12,134.98
5548,3,104,381.16,344.92,149.9,275,352.19,266.6,18,137.39
5549,6,103.7,389.46,345.64,157.95,334.39,353.16,272.8,46,120.44
5550,9,104.3,405.13,345.74,165.71,325.76,381.5,268.8,71,278.04
5551,8,104.5,404.95,354.7,168.61,273.59,382.42,254,35,271.34
5552,9,104.3,412.14,361.54,168.75,222.64,389.91,236.1,33,272.56
5553,5,104.9,402.91,373.68,167.78,203.09,363.62,229.8,25,97.49
5554,4,105.3,412.03,370.62,167.61,196,395.43,234.2,16,374.03
5555,4,105.2,405.84,370.33,166.26,179.62,387.68,246.4,25,375.2
5556,5,105.1,411.14,366.36,165.46,183.49,387.15,251.6,32,375
5557,6,105.3,399.26,367.48,162.67,197.04,347.59,255.4,22,96.66
5558,3,105.6,396.66,366.85,160.04,204.07,348.68,259.1,23,95.72
5559,5,105.3,387.9,368.04,156.73,219.45,347.53,265.6,25,97.39
5560,9,105.1,390.49,364.89,154.79,240.13,355.24,267.1,38,97.42
5561,6,105.3,386.01,375.04,153.22,273.43,423.29,258.5,32,532.07
5562,7,105,380.61,375.89,152.15,266.96,424.68,252.9,48,531.15
5563,6,105.2,375.98,371.69,152.74,252.13,424.5,249.9,68,531.67
5564,7,105,375.33,361.75,150.81,242.38,354.47,256,42,96.85
5565,8,105,379.72,363.34,148.46,253.66,358.09,263.1,33,103.56
5566,5,105.5,375.68,366.6,146.93,252.96,360.1,268.4,24,122.41
5567,3,104.8,373.52,364.94,144.95,241.51,367.69,265.6,19,147.97
5568,3,104.5,369.2,358.12,145.42,236.28,362.86,257.8,20,158.82
5569,2,104.3,365.13,358.55,143.76,239.88,361.28,256.4,20,150.75
5570,3,104.5,362.49,354.39,143.89,244.38,360.09,264.2,20,143.06
5571,3,104.6,359.65,357.72,144.47,266.44,361.91,267.6,22,156.71
5572,4,104.5,367.69,354.78,146,337.83,362.01,267.4,24,160.14
5573,6,104.3,366.03,362.19,148.25,389.35,359.42,267.6,46,141.07
5574,9,104.3,379.77,371.02,150.11,386.06,382.67,266,71,298.35
5575,10,104.8,379.01,370.15,151.99,315.41,386.85,271,47,281.67
5576,10,105.3,389.04,367.54,152.81,243.28,384.95,267.3,30,282.65
5577,6,105.2,382.23,358.98,152.88,210.75,360.49,272.4,26,94.86
5578,5,105.3,385.42,368.68,152.1,190.39,399.09,270,32,371.63
5579,7,105.7,383.58,370.33,153.67,191.38,399.29,266.8,22,371.84
5580,6,106.4,388.28,371.41,152.09,189.8,400.52,258.2,24,371.38
5581,5,106.6,383.34,366.44,150.04,193.96,356.95,252.5,23,95.55
5582,6,105.5,379.58,364.77,150.03,195.56,356.17,259.1,23,95.17
5583,3,105.9,370.35,371.61,149.92,206.39,352.3,266.3,30,94.33
5584,5,106.2,374.98,369.2,147.89,230.49,355.3,274.7,33,94.7
5585,8,106.3,375.27,376.89,146.35,271.69,419.3,279.1,42,560.33
5586,9,106.2,383.12,372.92,147.67,280.74,426.57,278.1,66,560.99
5587,9,106.2,373.81,377.45,148.14,286.73,423.33,280.4,73,579.69
5588,9,106.1,366.53,370.32,146.65,291.05,368.22,279.8,59,139.45
5589,10,106.4,359.59,374.1,144.82,303.59,366.48,288.1,60,170.91
5590,9,106.4,364.52,364.05,144.33,303.99,374.46,293.7,52,180.45
5591,4,105.2,367.44,360.33,142.93,296.54,370.42,296,25,196.11
5592,4,105.5,366.56,356.96,144.96,291.83,376.4,297.7,27,216.6
5593,5,105.5,361.88,362.57,143.15,294.1,374.62,297.6,26,243.7
5594,4,106.1,363.75,364.02,142.12,294.49,374.99,304.9,28,251.62
5595,3,106.2,366.64,360.7,144.05,319.42,374.15,300.6,29,252.68
5596,4,106.2,368.22,360.68,142.46,397.94,376.82,296.6,28,236.4
5597,6,105.9,371.33,365.95,143.25,423.91,376.97,296.1,48,203.52
5598,9,106.1,370.59,373.26,145.33,386.51,399.14,306.4,75,339.99
5599,10,106.8,378.78,376,147.03,274.72,392.03,306.3,53,301.98
5600,10,105.9,377.64,377.43,148.05,211.41,394.57,297.9,44,286.2
5601,6,106.2,381.93,365.76,148.85,198.96,362.58,290.3,37,95.27
5602,5,105.9,371.12,369.4,149.37,201.82,401.25,298.7,19,375.23
5603,6,106.2,373.74,370.14,149.66,200.08,385.09,302.2,20,375.48
5604,5,105.9,374.41,378.69,151.18,193.3,389.5,296,22,376.48
5605,4,105.8,378.63,379.77,150.12,184.84,346.84,290,25,94.51
5606,3,105.7,374.46,372.67,150.12,183.55,355.47,289.6,23,95.37
5607,3,105.9,372.97,372.56,149.12,206.3,351.39,294.6,25,94.29
5608,4,105.9,375.81,366.48,148.44,234.65,353.97,296.5,30,93.88
5609,7,106.4,372.05,376.62,148.52,267.65,421.76,304.7,38,555.5
5610,9,106,368.66,377.96,148.32,263.29,421.83,305.9,52,557.63
5611,7,105.8,367.35,376.08,149.52,267.09,423.53,310.4,56,558.61
5612,5,105.9,366.89,360.9,150.42,249.21,354.36,300.9,40,94.89
5613,7,105.5,376.1,362.2,147.43,236.38,354.62,297,34,94.94
5614,4,105.2,380.09,366.18,148.42,202.4,356.33,288.7,26,101.56
5615,3,105.2,387.22,373.15,146.39,184.04,360.53,285,28,117.41
5616,3,105.9,386.17,366.6,147.54,176.32,359.4,295.1,12,138.03
5617,2,105.7,379.58,358.15,147.78,175.66,359.24,293.3,10,159.04
5618,3,105.9,373.51,359.1,147.36,175.03,358.6,295.3,10,182.58
5619,2,105.4,368.05,358.01,149.17,178.5,373.12,284.4,15,202.43
5620,3,105.7,381.19,365.64,151.47,246.75,372.36,287.2,13,206.69
5621,7,105.6,395.86,365.04,160.83,310.64,370.54,281.8,47,185.38
5622,10,105.7,410.81,356.53,168,322.48,386.56,272.2,61,324.55
5623,9,106.1,410.95,357.31,170.93,270.8,386.42,253.2,44,293.49
5624,8,105.2,411.32,357.25,169.31,214.89,383.81,240.4,31,275.84
5625,9,105.3,412.19,367.63,172.25,204.38,357.23,237.9,25,95.45
5626,9,105,419.74,368.51,172.67,192.49,396.84,238.9,17,368.47
5627,7,105.2,428.85,367.89,173.64,185.19,393.43,243.2,23,369.36
5628,5,105.2,428.59,367.78,175.02,179.96,394.52,248.7,21,369.83
5629,5,105.4,432.58,365.89,173.57,184.6,351.36,257,23,100.03
5630,7,105,427.14,367.55,173.07,188.15,353.11,262.3,25,100.93
5631,5,105.3,426.92,367.95,168.42,208.79,357.82,263.5,26,101.51
5632,5,105.4,418.33,374.47,166.71,223.88,356.55,261.4,30,99.53
5633,5,105.7,416.72,375.66,166.46,251.93,431.63,267.4,34,561.68
5634,6,105.4,413.25,373.27,166.11,248.67,427,283.8,47,559.4
5635,6,105.4,413.42,372.69,161.99,265.53,425.43,304.7,55,567.54
5636,7,105.6,402.51,369.53,160.7,242.62,354.37,307.9,48,121.74
5637,9,105.4,396.48,374.8,158.17,233.36,353.26,303,31,153.42
5638,8,105.5,392.4,369.86,158.19,194.48,367.7,295,17,184.59
5639,4,105.9,392.39,370.92,154.95,185.16,377.92,294.6,13,212.41
5640,3,106.3,385.05,372.25,152.25,179.08,390.81,300,9,232.29
5641,3,106.3,386.48,374.55,151.01,177.6,385.29,306.8,9,246.45
5642,2,106.6,381.13,369.97,150.93,176.08,393.14,305.8,9,262.35
5643,2,106.4,380.85,367.55,153.02,176.19,392.55,293.4,10,273.88
5644,3,106.7,376.11,361.54,154.79,257.57,401.37,290.8,13,267.22
5645,4,106.3,396.8,371.77,161.27,294.88,386.1,293.9,35,221.06
5646,9,106.8,405.71,379.06,169.87,313.28,398.75,296.2,51,344.34
5647,9,106.6,411.48,389.38,172.31,244.73,382.67,285.8,42,296.32
5648,8,106.6,406.29,384.42,170.77,214.45,384.43,278.9,32,281.86
5649,9,105.5,414.36,373.06,169.41,203.34,358.46,274.6,40,94.72
5650,10,105.8,419.2,370.08,169.42,203.77,401.04,267,23,371.57
5651,8,106,418.25,365.24,169.8,207.2,400.59,262.7,25,370.34
5652,8,105.4,413.34,374.94,161.56,206.83,403.96,261,22,374.1
5653,5,105.3,411.53,373.98,168.87,199.81,363.7,261.8,26,98.52
5654,4,105.3,414.2,379.06,167.83,203.47,360.23,262.9,30,99.06
5655,5,105.9,412.56,374.69,165.66,211.45,358.37,264,32,96.83
5656,4,105.8,407.98,368.76,162.82,246.33,359.36,272.5,31,93.55
5657,4,105.5,404.99,368.58,161.21,270.97,432.31,284.9,45,532.73
5658,6,105.5,402.2,356.83,161.86,273.88,433.19,300.3,42,532.46
5659,5,105.8,395,359.57,160.2,244.33,431.85,308.1,45,534.55
5660,5,106.1,387.79,358.29,159.68,216.9,363.02,303.2,44,94.5
5661,5,106.3,391.34,368.94,156.64,213.98,358.99,292.4,37,96.01
5662,3,106.4,399.59,368.9,156.19,225.42,359.76,285.3,25,94.99
5663,5,106.3,397.58,371.73,154.78,233.49,354.37,285.9,20,97.36
5664,4,106.6,390.48,373.57,152.58,235.55,355.16,290.4,23,94.42
5665,3,107.1,378,368.87,149.58,234.51,354.42,288.5,21,95.25
5666,3,107,377.84,370.65,151.15,240.29,358.67,288.9,21,92.8
5667,2,106.9,382.75,365.93,151.4,246.32,360.32,275.4,22,93.77
5668,3,106.9,389.06,372.92,154.41,255.83,367.56,267.7,26,93.21
5669,3,106.7,402.43,374.15,162.73,253.51,362.35,260.6,23,92.23
5670,6,107.5,412.42,382.31,173.56,255.35,386.31,260.5,32,276.38
5671,6,107.4,422.38,380.23,174.53,258.26,375.58,262.5,41,276.06
5672,7,106.1,428.66,374.96,175.19,272.86,372.75,251,43,278.14
5673,9,105.5,426.79,370.39,175.68,283.91,345.85,246.5,59,95.29
5674,8,105.8,428.47,367.72,177.14,267.07,386.81,241.5,60,370.9
5675,9,106.2,427.49,364.11,177.21,259.58,389.42,252,43,369.92
5676,7,106,424.46,359.82,176.8,238.19,392.71,257.8,39,370.87
5677,5,105.8,433.1,357.34,176.26,233.09,353.5,261.6,38,94.21
5678,5,106.3,426.89,360.46,177.82,218.14,361.47,260.7,38,94.81
5679,7,106.6,433.38,360.74,174.02,227.49,360.92,268.6,35,97.46
5680,6,106.2,424.33,365.4,170.69,256.47,367.71,292,29,107.33
5681,7,105.7,418.04,370.99,168.86,253.46,425.84,317.6,29,560.69
5682,5,105.7,409.27,375.79,167.98,248.76,427.37,331.9,27,575.81
5683,5,105.7,401.78,377.82,168.52,221.64,427.25,338,36,585.77
5684,6,105.8,401.65,372.43,164.29,256.84,367.08,341.2,39,146.71
5685,7,105.9,395.62,367.63,160.58,268.62,370.82,348.3,31,140.39
5686,5,106.1,387.97,365.51,159.66,282.52,364.21,338.8,36,133.25
5687,3,106,381.71,366.58,157.76,265.93,371.79,330.4,26,132.16
5688,3,106.8,380.08,377.13,155.88,257.37,373.92,329.8,21,131.31
5689,4,106.2,385.94,372.19,156.71,248.2,378.56,332.1,16,126.08
5690,3,106.3,390.96,368.14,154.95,236.08,368.87,323.4,17,115.79
5691,3,106.2,390.12,354.7,156.76,232.31,362.26,316.4,18,102.78
5692,2,106.1,397.75,360.54,159.16,235.17,357.05,313.5,18,97.71
5693,3,105.9,408.22,364,168.81,251.14,350.43,313.4,20,94.29
5694,4,105.5,419.22,367.72,173.92,264.18,371.42,309.3,22,271.69
5695,5,105.8,420.18,369.68,175.72,277.77,370.29,304.6,34,272.01
5696,8,105.6,418.69,370.3,175.37,279.57,381.21,303,53,273.79
5697,9,105.6,418.62,373.85,177.6,276.94,357.71,296.5,40,97.47
5698,8,106,416.05,379.23,176.55,269.57,407.74,297.7,43,354.66
5699,8,106.3,421.19,370.09,175.11,243.37,400.84,297.6,57,354.58
5700,9,105.6,420.56,368.95,175.97,231.92,402.15,297.9,45,353.05
5701,6,105.8,423.33,356,176.58,221.06,355.84,291.2,38,93.76
5702,7,106,410.27,364.69,174.42,237.62,354.64,298.4,30,92.31
5703,7,105.6,422.03,361.39,172.6,286.12,361.35,308.7,31,94.39
5704,9,105.3,424.02,365.47,173.21,316.88,362.67,323.1,32,95.45
5705,10,105.5,426.3,365.34,166.72,363.79,439.55,321.8,53,571
5706,7,105.4,413.98,369.69,164.25,369.85,434.12,322.5,69,570.8
5707,8,105.6,404.12,365.09,163.27,371.84,438.73,321.1,58,571.27
5708,9,105.5,405.01,367.27,162.81,350.19,364.27,321.4,46,94.7
5709,6,105.8,398.03,357.97,158.88,319.16,362.49,317.6,46,95.92
5710,6,105.3,395.99,362.4,157.25,300.76,352.15,310.9,32,95.84
5711,5,105.3,386.2,365.36,155.04,285.4,354.48,304.3,27,96.59
5712,3,105,388.72,378.84,151.8,280.29,360.94,298.2,25,94.85
5713,3,105,383.8,372.6,151.82,288.01,369.78,295,25,96.55
5714,4,104.9,388.46,363.28,150.61,290.51,365.6,303.1,27,97.9
5715,3,104.8,392.55,352.48,152.75,303.44,362.97,307.7,27,98.49
5716,5,104.7,397.13,365.98,154.85,381.75,355.61,312.9,30,96.89
5717,5,104.4,412.54,367.86,164.07,429.53,353.52,316.4,59,97.36
5718,10,104.4,428.63,375.85,172.82,407.2,374.43,317.8,72,270.91
5719,10,104.6,441.57,369.53,174.99,307.09,375.8,313.8,48,271.19
5720,7,105.1,431.53,367.09,176.2,236.67,381.54,301.5,29,269.34
5721,8,106,422.43,355.16,173.33,225.99,360.75,294.6,23,94.14
5722,7,105.6,422.6,355.76,174.3,215.21,401.42,293.5,22,364.09
5723,7,105.7,430.56,368.42,172.87,198.68,405.01,294.8,24,363.27
5724,6,105.8,424.92,376.26,171.38,191.63,400.23,297.8,36,363.99
5725,5,105.7,417.16,378.96,169.71,191.26,366.2,296.4,25,91.51
5726,5,105.6,413.14,364.98,168.03,199.32,359.19,294.5,18,92.45
5727,8,105.5,410.01,362.53,164.01,222.52,361.08,297.3,28,92.01
5728,5,105.4,409.77,361.85,160.43,242.86,357.15,309.2,36,93.88
5729,7,105.9,396.2,368.15,158.59,285.76,430.14,316.5,45,547.99
5730,9,105.2,385.08,368.99,156.8,317.22,429.38,325.6,58,549.46
5731,10,105.3,382.49,362.61,156.44,358.74,423.12,324.8,46,550.84
5732,7,105.6,383.37,364.51,154.59,350.03,354.19,329.3,62,98.54
5733,8,105.5,390.81,365.98,151.79,318.52,354.89,314.5,47,98.05
5734,6,105.1,381.26,370.93,150.11,274.36,367.14,312.3,33,97.3
5735,4,104.9,376.47,370.11,149.05,248.56,359.76,311.3,21,95.64
5736,3,104.6,366.57,367.19,148.28,233.9,359.04,325,17,96.17
5737,3,104.5,365.02,368.03,146.9,226.58,347.03,328,17,97.66
5738,2,104.6,365.15,362.63,146.88,225.12,352.03,329,17,97.8
5739,3,104.5,362.08,365.93,147.47,226.45,353.14,313.8,16,99.78
5740,3,104.7,373.74,355.46,148.23,287.56,363.94,296.4,17,96.36
5741,7,104.9,382.07,355,150.71,313.86,365.31,284.1,54,97.36
5742,9,104.6,392.01,363.52,152.92,306.4,389.51,285,67,272.38
5743,9,104.7,398.44,373.11,154.7,231.51,384.8,292.4,38,271.96
5744,9,105.1,403.67,379.11,155.94,199.81,386.58,299.1,23,272.12
5745,6,105.6,406.54,366.38,156.13,192.25,355.72,304.9,31,94.71
5746,4,105.7,397.52,363.73,156.37,196.61,398.19,303.4,22,374.29
5747,5,105.4,381.59,360.53,155.44,194.38,392.11,303,24,372.67
5748,5,105.6,377.89,363.3,155.91,192.38,397.1,297.6,32,373.34
5749,7,105.7,379.89,370.92,155.25,191.86,354.38,297.2,22,95.45
5750,7,105.3,391.39,375.16,155.27,199.11,351.5,289.2,21,97.33
5751,4,105.2,391.91,375.49,153.73,221.1,347.41,281.1,35,96.28
5752,4,105.4,389.19,369.28,154.64,234.64,349.68,284.2,31,97.34
5753,6,105.8,381.85,375.36,150.58,269.88,419.74,290.9,38,557.7
5754,7,106.4,380.86,371.18,150.36,285.12,425.01,306.1,46,559.05
5755,9,106.4,379.61,364.91,151.65,313.55,423.48,308.9,41,557.96
5756,9,106.8,382.41,358.92,151.89,288.08,354.4,307.8,58,97.18
5757,8,106.2,386.36,364.78,149.49,258.52,351.87,301.6,49,95.66
5758,6,107.1,388.16,366.42,151.11,222.17,347.86,294.8,28,96.47
5759,3,106.2,390.96,355.79,149.23,222.84,343.97,289.7,21,95.6
5760,4,106,386.75,357.85,150.6,233.45,345.93,280.5,20,95.88
5761,2,106.2,383.4,360.65,149.63,242.28,348.55,271.4,22,96.32
5762,3,106.1,381.68,369.69,148.86,242.17,358.59,267.3,22,96.37
5763,3,105.9,380.81,365.02,149.91,237.76,360.56,274.5,23,95.03
5764,3,105.8,382.99,367.12,148.52,300.56,354.93,273.8,20,93.99
5765,6,106.4,372.65,364.12,149.17,335.77,347.1,269.5,52,94.84
5766,9,106.5,374.88,367.88,150.77,337.46,369.91,258.8,72,278.75
5767,8,106.6,367.55,370.46,150.69,258.8,376.87,254.9,29,278.19
5768,9,106.7,378.18,372.15,152.89,204.13,381.15,250.2,27,276.17
5769,10,107,378.36,370.13,152.96,183.23,354.27,246.7,26,92.14
5770,8,107.7,383.89,374.86,154.76,183.41,400.03,241.2,22,357.42
5771,9,107.8,381.81,379.56,153.53,180.91,403.94,241.7,25,357.07
5772,10,108.1,382.85,376.67,152.45,184.65,409.27,235.7,29,356.28
5773,5,107.8,379.52,370.57,152.49,188.78,364.01,238.8,23,88.75
5774,4,107.5,378.61,365.36,151.74,192.91,357.99,239.1,23,89.27
5775,4,107.4,374.53,369.22,151.02,208.13,358.08,247.1,32,91.5
5776,5,107.4,374.31,374.88,152.1,215.32,365.87,257.9,24,91.76
5777,4,107.7,368.34,384.02,151.24,249.5,440.24,265.9,50,580.35
5778,5,107.6,379.79,391.55,151.05,258.87,437.25,274.7,47,580.67
5779,7,107,380.06,386.28,151.87,281.29,422.71,283.7,57,582.72
5780,10,107,385.29,378.81,150.73,273.1,351.15,294,49,106.85
5781,10,107.6,372.58,371.84,148.72,273.36,355.94,307.8,49,117.83
5782,9,107.9,375.53,373.83,148.57,253.11,366.62,311.9,26,135.7
5783,5,108.9,373.52,376.89,147.39,239.63,367.54,311.3,18,144.11
5784,4,108.6,379.29,374.38,147.42,230.84,369.09,305.3,17,159.95
5785,2,108.8,370.61,373.2,147.49,232,364.66,297.9,18,171.31
5786,3,109,366.01,370.3,147.44,230.73,372.92,297.9,20,181.22
5787,3,109.5,369.8,379.08,149,239.83,374.17,292.4,17,185.24
5788,2,109.8,381.46,373.73,153.92,283.1,380.6,288.8,21,176.48
5789,7,110.1,396.6,377.99,161.33,317.2,371.18,285.7,46,147.55
5790,9,110.7,403.34,370.15,169.45,307.92,393.95,290.4,60,285.15
5791,9,109.9,414.03,377.53,172.02,251.6,387.18,291.5,32,264.93
5792,4,108.9,412.39,372.64,173.36,207.94,390,283.1,29,261.79
5793,5,108.1,411.26,366.95,175.12,193.64,360.25,263.4,27,90.67
5794,5,107.5,407.15,370.13,172.08,196.17,395.9,255.8,21,361.91
5795,4,106.9,412.56,360.35,171.7,191.91,395.65,254.6,18,363.53
5796,5,106.2,405.3,365.39,171.02,194.91,397.04,263.1,26,366.03
5797,5,106,407.22,360.47,168.51,190.09,357.02,261.9,19,94.04
5798,4,106.4,404.5,375.65,168.66,203.94,357.9,260.1,26,95.22
5799,6,107,405.7,370.57,164.46,221.76,358.13,258.8,24,95.34
5800,4,106.7,404.48,366.24,161.72,245.34,359.67,259.3,42,95.99
5801,5,106.5,402.32,370.6,160.71,267.27,426.1,265.8,43,546.39
5802,7,106.7,404.93,380.89,161.14,264.42,422.04,277.3,58,548.12
5803,6,106.8,393.49,388.15,159.75,264.28,427.56,290.3,47,554.04
5804,5,107,389.88,388.46,158.82,256.89,359.08,297,40,124.24
5805,6,107,376.9,383.25,158.47,239.45,371,302.7,52,153.44
5806,7,107.3,377.41,381.17,155.54,214.04,378.55,310,33,189.15
5807,3,107.8,371.68,371.46,152.71,178.86,387.65,320.8,18,207.78
5808,3,107.8,370.96,366.61,149.08,173.61,391.44,323.1,13,215.67
5809,2,107.8,369.07,365.15,151.19,169.74,392.67,319.9,13,218.34
5810,3,108,372.79,359.39,151.8,173.44,393.12,307.5,12,219.35
5811,2,108.2,378.11,365.3,151.73,179.34,391.02,298.5,12,215.56
5812,4,108.3,381.68,360.72,153.59,252.14,382.27,308,16,195.11
5813,6,108.8,391.62,371.65,160.74,300.99,371.24,317.6,44,157.15
5814,9,110.3,401.92,375.33,168.07,312.95,390.92,310.1,57,311.35
5815,9,111.1,411.24,374.25,171.31,254.93,387.42,283.2,46,286.95
5816,6,109.2,420.39,374.08,169.34,217.03,392.2,263.6,33,282.39
5817,6,108.7,420.38,369.85,168.48,201.91,358.34,259.5,26,91.64
5818,6,108.5,424.27,376.79,168.65,194.9,395.77,263.1,25,375.47
5819,5,107.8,414.47,368.94,170.03,190.47,387.25,263.2,17,374.22
5820,3,107.8,414.6,374.29,170.07,196.02,386.02,256.5,24,374.59
5821,8,107.4,411.74,373.28,173.77,199.54,350.21,253.6,24,89.99
5822,4,107.5,417.65,374.53,172.51,215.16,350.38,251.8,29,91.08
5823,6,107.7,406.88,362.86,167.24,221.31,350.82,258.1,33,91.74
5824,6,107.1,402.65,370.72,163.03,238.08,346.72,263,36,93.16
5825,6,107.1,398.78,385.5,162.58,235.22,416.49,272.4,53,538.34
5826,6,107,401.22,397.96,164.9,240.64,420.71,292.6,57,538.76
5827,6,107.1,402.43,386.85,162.09,229.33,432.6,309.6,50,552.19
5828,5,107.7,393.28,373.13,160.19,223.92,373.6,317.9,40,126.9
5829,4,108.1,393.86,371.09,159.35,214.9,372.22,317.5,33,134.73
5830,4,108.7,379.95,371.3,157.52,201.48,363.79,309.2,33,122.39
5831,3,108.7,382.04,369.69,155.89,187.39,356.5,301.6,22,105.41
5832,3,108.5,391.5,373.57,154.47,175.8,360.75,291.3,14,97.56
5833,3,108.7,400.22,377.81,156.63,192.15,364.25,296.5,16,107.76
5834,2,109.6,394.2,379.6,153.69,201.75,366.94,296.6,16,126.37
5835,3,110.5,388.06,380.51,154.36,220.73,368.55,299.4,15,149.71
5836,2,111,395.27,380.65,158.74,213.08,369.55,300.1,16,159.4
5837,3,111.5,407.81,379.68,168.49,216.15,369.29,306.8,19,140.99
5838,7,113,416.7,374.66,173.29,225.81,392.66,302.7,38,289.5
5839,8,112.1,415.06,372.51,174.81,270.27,389.64,295.2,44,267.46
5840,8,109.5,410.58,377.36,170.28,307.61,396.4,288.2,58,264.66
5841,7,109.6,408.26,377.36,167.55,302.39,372.18,291.9,51,91.83
5842,8,109.4,410.44,387.09,174.5,265.73,405.7,287.8,46,368.28
5843,6,109.2,422.86,383.99,173.01,240.72,398.97,289.5,41,368.29
5844,7,108.3,425.92,379.69,172.12,248.78,402.31,291.1,42,368.79
5845,5,107.6,422.96,374.4,171.9,257.83,368.02,296.9,40,93.7
5846,6,107.5,411.63,377.96,171.31,255.45,373.72,298.4,38,94.18
5847,6,107.4,401.22,378.9,169.03,250.66,375.49,294.4,37,94.47
5848,5,107.6,406.15,375.68,166.03,252.64,370.86,289.2,37,90.28
5849,7,107.8,408.2,376.43,169.26,255.19,430.86,280.4,37,520.83
5850,5,108,411.16,373.62,166.27,248.24,421.73,272.3,37,520.52
5851,5,108.3,406.86,382.19,166.43,233.42,421.62,274.7,47,531.92
5852,5,109,409.23,378.21,166.7,232.37,362.59,290.5,56,117.78
5853,4,109.5,401.87,385.92,164.42,245.82,367.48,307.1,40,141.49
5854,4,110.1,394.39,372.46,160.1,260.76,370,322,24,164.66
5855,4,109.2,382.7,377.03,157.4,271.26,369.34,328.3,25,188.68
5856,3,109,385.15,370.31,157.76,268.21,367.99,338,25,211.54
5857,2,108.9,387.17,381.89,154.98,269.09,377.29,344.1,29,240.49
5858,3,108.5,382.39,385.63,154.36,266.73,369.84,358.6,23,255.48
5859,3,108.5,383.64,392.59,155.15,269.43,375.31,363.2,24,278.76
5860,3,108.9,386.18,387.76,158.05,284.21,378.47,373.3,25,276.31
5861,3,109.5,408.15,380.7,168.42,276.34,382.68,370.8,30,256.73
5862,5,109.2,419.47,381.5,175.37,283.93,393.77,367.5,27,377.52
5863,7,110.4,421.19,382.67,175.02,266.73,382.02,358.2,37,317.5
5864,7,110.2,415.95,383.71,172.14,280.97,377.62,345.3,34,280.88
5865,8,109.6,414.23,383.95,172.4,272.98,362.87,326.9,50,88.43
5866,7,109.2,419.14,381.24,173.1,282.42,405.4,295,75,369.65
5867,7,109.3,423.84,385.56,166.83,275.27,405.29,271.1,53,369.3
5868,7,108.6,422.72,379.43,168.89,261.89,395.37,266.6,31,369.91
5869,5,108.4,424.95,375.78,170.01,237.68,352.89,270.8,27,89.55
5870,5,108.3,420.62,370.98,170.52,220.47,360.66,271.3,27,90.16
5871,9,108.2,420.19,373.61,168.82,227.05,366.32,265.9,44,90.71
5872,8,107.9,415.61,369.71,165.15,239.1,368.84,269.8,43,92.75
5873,8,108.1,404.96,371.12,163.11,274.7,415.07,282.7,53,551.23
5874,9,107.3,398.72,361.24,162.83,294.99,416.99,297.4,60,548.72
5875,7,107.7,398.84,365.72,164.49,312.03,414.97,293.5,51,549.56
5876,9,108.6,404.53,362.15,165,288.82,361.89,286.9,47,89.73
5877,8,109.7,404.15,374.67,162.24,268.64,359.23,287.8,37,89.13
5878,6,110.8,397.59,378.83,158.57,248.33,359.61,294.7,26,85.28
5879,3,113,401.2,380.5,155.47,237.23,358.6,305.5,22,85.81
5880,4,111,397.06,385.8,156.87,233.06,356.41,304.3,18,87.64
5881,3,112.1,398.45,395.85,156.26,235.37,351.6,306.5,18,92.64
5882,3,112,388.07,395.63,154.91,247.54,351.86,303,19,96.06
5883,3,112.1,391.39,394.88,158.9,263.53,359.21,305.4,20,106.17
5884,4,112.3,398.71,389.19,162.81,331.78,363.76,309.5,24,117.58
5885,8,112.6,413.02,386.86,170.61,398.96,369.53,311.4,60,127.43
5886,8,112.8,429.22,382,174.56,383.18,387.23,304.8,93,295.62
5887,9,112.3,430.36,366.09,176.28,299.4,382.71,297.3,35,284.98
5888,10,110,426.04,369.2,175.9,205.12,376.07,297,29,272.01
5889,7,108.4,414.27,360.43,174.95,186.4,355.9,303.4,27,95.33
5890,6,107.1,408.74,372.42,175.05,180.08,393.12,310.1,19,365.96
5891,5,106.9,405.23,378.88,173.94,185.15,401.02,307.4,21,365.8
5892,3,106.7,411.24,388.54,173.05,191.56,405.36,297.6,26,365.41
5893,4,106.9,408.23,382.15,170.44,196.02,374.73,294.2,21,91.13
5894,3,107.2,405.37,369.26,167.34,200.6,366.46,291.1,16,92.28
5895,6,107,399.6,367.93,164.35,207.74,357.1,298.2,24,93.95
5896,5,106.7,396.68,366.63,161.6,225.44,352.1,306.5,41,95.09
5897,6,106.8,391.29,379.95,161.35,260.05,420.21,334.3,35,614.97
5898,7,106.9,388.82,386.73,161.86,280.3,428.32,365.1,52,660.32
5899,7,107.4,395.13,394.79,163.13,285.41,432.82,383.3,42,723.43
5900,9,107.8,397.12,391.73,162.11,265.64,378.76,381.9,44,277.45
5901,8,108.1,396.69,386.57,160.31,261.08,379.72,364.7,41,309.86
5902,6,108,386.72,383.05,157.11,253.87,386.57,364.7,28,329.92
5903,6,108.6,392.98,380.43,157.09,252.93,383.28,374.8,21,339.74
5904,3,108.7,392.84,374.03,155.46,242.36,388.86,395.1,19,337.1
5905,3,109.2,398.44,381.72,155.51,248.62,395.83,399.2,26,333.64
5906,2,109.3,398.37,377.24,155.43,254.46,394.83,403.9,21,330.32
5907,3,109.4,394.57,383.82,155.48,270.49,398.93,404.8,23,336.62
5908,4,109.4,388.49,384.06,156.63,333.09,389.73,407.1,25,337.14
5909,7,110.1,387.56,387.69,157.32,397.19,387.27,412.6,50,307.98
5910,10,111,393.98,384.82,158.62,386.67,406.2,423.4,77,445.88
5911,8,110.3,400.16,378.7,159.81,298.07,395.81,433.8,32,380.86
5912,9,109.7,399.24,373.71,159.07,208.65,388.67,420.6,26,330.96
5913,9,108.3,393.16,371.44,160.57,188.79,349.37,405.7,23,109.95
5914,6,107.5,393.05,369.2,159.96,192.19,391.1,384.7,20,369.72
5915,5,107.3,393.99,368.63,160.94,187.28,390.41,372.3,23,367.01
5916,5,107.6,397.33,369.33,159.53,188.39,387.5,352.2,23,366.84
5917,5,106.8,396.57,370.99,158.98,188.57,351.67,350.7,32,92.13
5918,3,106.6,397.52,372.3,159.66,191.32,355.37,354.4,18,93.26
5919,5,106.9,397.4,364.91,160.29,204.54,364.81,362.5,23,92.67
5920,7,107.5,394.37,369.35,157.86,242.01,362.13,367,43,97.72
5921,8,108.7,393.23,376.5,158.07,270.04,432.45,375.7,50,580.51
5922,9,108.6,394.05,392.75,157.84,285.45,441.45,382.6,48,641.73
5923,7,109,394.13,388.69,159.15,273.47,453.74,382.5,35,714.89
5924,4,108.7,387.09,386.42,156.88,262.37,398.36,396.8,52,316.78
5925,5,109,377.8,378.25,155.06,251.11,403.46,417.2,42,348.77
5926,6,109.8,377.08,381.76,154.21,234.05,407.2,443.6,34,367.98
5927,5,110.3,378.79,398.2,152.16,226.49,407.83,442.3,23,389.44
5928,3,111.9,383.77,400.69,152.17,219.12,407.58,440.5,19,411.13
5929,3,111.6,379.75,406.34,153.4,225.06,410.55,455.5,19,426.53
5930,2,111.6,377.08,392.79,153.25,232.9,410.04,479.8,21,449.22
5931,3,111.4,371.83,399.33,153.71,246.73,412.49,494.2,22,454.56
5932,3,112.1,381.91,388.09,154.37,325.46,410.7,472.5,28,448.21
5933,6,113,387.67,397.6,156.05,379.69,404.76,443.2,56,404.16
5934,9,113.9,394.09,398.19,158.59,382.07,421.38,413.5,74,518.68
5935,8,114.4,395.58,402.83,158.14,292.86,412.48,378.8,40,430.12
5936,9,112.2,392.37,394.24,157.43,220.12,402.21,354.9,31,344.8
5937,8,110.8,382.87,385.86,156.63,195.14,366.32,344.5,24,110.5
5938,9,110,381.31,381.93,157.09,190.71,399.6,343.3,25,366.42
5939,8,108.8,381.12,366.45,158.48,194.47,392.69,326.5,25,365.76
5940,6,108,391.33,370.25,157.97,188.68,391.14,312.1,30,367.36
5941,6,107.7,391.18,369.64,157.05,186.16,358.35,307.1,26,91.42
5942,4,108,393.13,376.91,156.31,191.49,365.33,312.3,28,93.15
5943,7,108.5,401.07,369.49,156.69,218.02,363.42,310.2,23,91.66
5944,4,109,399.23,377.45,158.15,243.19,354.99,316.5,38,90.52
5945,4,109.5,402.38,384.26,158.39,257.52,418.68,326.6,44,550.64
5946,5,109.3,388.53,389.7,158.88,254.79,424.09,340.2,42,559.97
5947,8,109.8,388.29,384.05,157.14,263.5,427.25,344.1,58,575.54
5948,8,110.4,382.46,378.67,156.91,261.03,366.28,345.7,40,135.77
5949,6,112,379.91,383.13,155.87,238.66,371.26,345.6,40,148.29
5950,8,112.8,369.04,392.33,153.63,201.82,368.38,346,26,163
5951,4,113.6,362.63,396.82,153.61,182.03,370.75,344.4,17,167.62
5952,4,114.1,366.27,394.59,153.98,176.18,370.53,342.4,13,163.75
5953,2,114.2,374.28,391.53,154.86,177.71,373.09,341.2,15,155.47
5954,3,114.5,383.06,397.79,153.11,180.08,374.88,335.7,14,153.84
5955,2,115.8,387.19,408.34,156.9,204.69,372.02,335.9,19,164.07
5956,3,116.4,390.57,409.88,159.77,279.98,370.64,328.7,20,174.59
5957,6,117.4,402.97,409.92,169.01,345.8,359,328.6,49,157.97
5958,9,118.9,415.68,405.13,175.48,341.46,379.27,310,71,312.71
5959,9,118.3,423.43,400.44,178.16,273.11,376.82,295.2,37,278
5960,8,115.7,415.29,387.39,171.99,211.69,389.27,278.9,37,269.07
5961,9,111.8,411.72,377.76,166.1,203.71,365.07,275.8,32,84.23
5962,9,110.2,411.2,380.41,173.88,218.06,403.71,274.5,23,350.7
5963,6,109.6,415.1,384.07,174.3,210.92,397.75,267.3,20,352.15
5964,5,109,412.2,382.36,172.29,205.6,396.19,264.1,27,353.63
5965,3,109.3,411.58,372.53,172.48,189.72,362.39,261.5,24,92.42
5966,4,108.6,405.59,373.36,170.78,199.85,366.02,270.7,21,92.61
5967,5,108.9,399.18,373.7,167.24,207.12,367.99,272,24,91.92
5968,5,108.8,404.44,378.53,165.96,235.62,357.91,277.3,38,89.46
5969,8,108.3,409.75,383.9,164.31,265.33,418.82,274.8,40,549.4
5970,7,108.4,409.36,384.79,164.16,269.57,418.18,265.6,52,554.38
5971,9,108.8,397.05,390.02,163.4,286.88,432.72,255.4,48,570.75
5972,8,110,389.97,388.73,162.43,284.94,371.35,246,45,132.76
5973,8,111.3,383.71,393.13,159.79,296.24,373.85,248.8,33,151.97
5974,7,112.3,380.69,383.76,157.43,260.43,374.89,254.1,29,161.06
5975,5,112.1,383.34,386.75,154.1,233.38,373.27,258,19,161.03
5976,3,112.3,383.38,384.8,153.21,216.38,374.39,259.8,16,164.53
5977,3,113.3,384.76,393.99,152.4,211.13,367.36,270.2,16,164.21
5978,2,114.1,388.34,386.85,152.33,212.06,372.57,288.2,15,163.03
5979,3,114.1,392.95,398.12,153.73,221.67,371.2,309.4,18,162.07
5980,3,115,397.43,389.02,156.7,304.51,374.99,326.3,20,158.23
5981,7,115.1,403.21,400.33,164.58,337.06,369.54,336.1,43,144.86
5982,8,114.7,415.62,396.08,173.71,338.71,394.5,340,85,299.6
5983,9,115.4,422.6,394.74,177.47,257.36,391.8,318.5,45,277.41
5984,10,111.8,425.6,391.21,178.23,223.59,394.13,299,32,269.59
5985,8,109.8,424.14,382.05,175.61,203.37,362.57,277.5,24,89.34
5986,7,108.7,423.59,379.96,176.21,199.71,398.72,273.2,20,367.69
5987,4,108.3,419.89,368.54,176.5,196.85,392.32,262.7,24,367.84
5988,5,107.8,422.28,366.45,177.84,204.99,397.12,256.1,24,369.49
5989,5,106.7,416.13,376.99,173.52,206.42,355.62,250,26,91.81
5990,7,106.9,410.63,376.41,172.42,208.48,352.81,252.8,25,92.76
5991,8,107.2,399.33,365.07,169.76,219.99,352.04,254.5,31,90.58
5992,7,107.1,402.67,365.57,168.25,240.41,357.76,263.3,30,91.52
5993,5,108.2,404.33,375.8,165.91,248.83,427.31,269.5,42,554.95
5994,6,108.3,397.92,378.83,164.4,237.86,429.19,273.3,53,554.83
5995,7,108.6,398.23,375.3,163.16,233.41,431.03,266.4,44,554.52
5996,4,108.8,395.33,369.44,161.82,240.78,365.75,266.3,29,90.96
5997,6,108.3,397.48,376.17,159.49,235.72,367.81,261.3,24,90.35
5998,6,108.2,387.02,371.15,157.37,211.45,366.21,256.1,20,91.58
5999,4,108.2,382.23,368.24,154.45,183.89,370.06,248.8,16,90.08
6000,4,109.3,385.87,368.77,152.22,177.44,373.97,248.7,14,92.19
6001,3,108.7,385.34,374.37,151.17,177.57,369.63,245.7,13,90.16
6002,2,109.3,382.16,379.2,150.72,181.15,368.46,245,16,91.06
6003,3,108.9,391.01,373.06,152.6,204.16,361.78,245.7,16,89.83
6004,2,109.4,400.67,373.87,161.98,213.42,364.02,255.5,18,88.33
6005,3,110.4,421.36,376.31,169.93,219.96,362.22,259.4,18,86.23
6006,3,112.2,426.58,389.23,177.1,226.29,393.48,259.5,22,271.25
6007,9,111.2,428.24,386.08,178.21,248.72,389.88,257.2,41,272.73
6008,8,109.8,424.87,386.13,179.88,275.05,389.81,246.2,44,275.48
6009,9,109,420.01,385.73,179.76,293.74,353.22,242.5,38,89.26
6010,8,108.8,427.12,388.35,177.8,287.49,391.42,239.6,54,352.99
6011,7,109,421.14,381.84,177.32,272.39,387.95,243.2,31,351.68
6012,9,108.2,426.2,379.15,177.85,250.67,394.62,244.4,33,352.34
6013,5,108.3,415.67,381.92,177.9,234.3,359.74,245.4,37,89.87
6014,4,108.9,416.01,378.98,175.58,241.19,366.82,245.6,35,91.23
6015,5,108,409.79,372.38,172.21,246.66,368.24,244.3,54,90.77
6016,6,108.5,412.76,367.95,171.03,260.19,366.68,247,39,90.33
6017,5,108.3,413.32,372.82,169.27,256.5,445.51,250.7,25,540.41
6018,5,108.6,416.25,369.76,169.69,238.52,442.65,251.3,39,541.73
6019,5,108.8,416.04,366.39,168.97,231,437.7,244,43,540.72
6020,7,109,411.26,366.98,167.12,249.38,349.32,238.1,34,88.31
6021,6,108.8,406.28,380.01,164.21,269.38,351.14,229.6,29,87.97
6022,5,108.7,399.08,380.32,161.15,278.42,350.55,227,34,89.35
6023,3,108.9,399.52,377.33,158.58,258.57,355.74,225.6,31,91.82
6024,3,107.9,398.33,371.23,157.2,263.57,352.04,232.6,27,94.55
6025,3,107.9,403.44,369.89,157.4,265.9,364.47,234.3,24,94.58
6026,3,107.4,398.62,366.91,159.19,276.41,359.64,241.8,25,93.48
6027,4,107.2,397.05,366.94,160.57,281.67,364.41,241.9,26,91.98
6028,3,107.3,396.17,365.11,163.5,289.7,356.32,246.1,26,92.61
6029,5,107.6,412.42,366.21,172.21,291.18,358.93,241.7,26,93.6
6030,5,108.4,417.33,368.87,180.66,292.9,388.85,245.1,32,271.79
6031,7,109.6,425.69,375.38,183.24,305.34,388.25,242.6,35,270.43
6032,9,108.4,428.48,372.58,183.96,312.68,386.6,238.1,57,270.21
6033,9,108.4,432.79,369.25,184.57,298.13,351.44,227.2,40,91.09
6034,8,108.3,434.15,366.23,184.33,278.13,388.65,221.2,56,375.29
6035,9,108.2,429.95,369.03,182.63,271.61,386.39,222.7,43,374.8
6036,9,108.1,436.72,371.81,182.25,263.47,385.28,222.8,40,375.21
6037,7,107.7,437.81,373.03,180.58,246.01,344.14,219.7,23,90.43
6038,5,108.1,436.11,381.71,180.08,237.08,346.52,214.1,32,89.74
6039,6,108,429.58,378.82,177.09,237.33,346.14,214.8,36,90.2
6040,9,108,426.44,382.82,175.25,274.31,352.8,218.7,45,93.58
6041,9,108.2,425.13,386.27,172.99,291.72,415.66,225.1,61,571.26
6042,7,108.9,418.32,387.23,172.54,302.82,420.97,232.9,49,571.68
6043,8,108.7,404.66,379.31,171.85,282.42,412.35,240.3,53,569.26
6044,9,108.8,393.7,369.57,171.57,277.8,349.26,248.1,33,92.53
6045,6,108.3,395.14,367.09,168.97,267.35,346.36,251.6,38,91.55
6046,5,108.2,402.96,368.95,165.33,256.19,352.64,246.3,27,91.75
6047,4,107.9,408.21,369.39,161.94,234.93,356.17,240.6,19,91.64
6048,5,107.8,403.8,365.35,160.74,233.57,352.12,236.2,22,91.9
6049,3,107.6,404.64,363.91,161.17,239.8,360.37,243.8,18,91.75
6050,3,107.6,401.66,359.36,160.86,243.09,366.03,245.9,18,92.6
6051,3,107.6,400.46,363.73,161.21,258.02,361.88,247.8,19,95.37
6052,3,107.5,399.98,364.22,164.71,337.29,357.23,242.6,20,95.34
6053,6,107.7,408.81,366.1,173.79,381.22,350.11,251.8,45,93.4
6054,9,108.3,423.29,371.58,180.82,353.7,385.33,253.9,65,271.68
6055,9,109.2,435.31,373.94,184.21,257.97,382.8,264.1,32,271.99
6056,8,108.8,443,376.9,184.26,196.46,381.2,256.8,30,272.04
6057,7,108.6,447.23,369.63,181.15,195.18,354.52,253.6,28,91.29
6058,5,108.9,445.85,370.95,182.04,193.3,402.38,249,15,390.27
6059,6,108.3,442.28,377.45,180.21,189.2,411.76,246.8,23,394.63
6060,5,107.6,436.32,377.88,179.5,183.74,411.75,244,24,393.61
6061,6,107.8,427.4,369.63,177.3,190.03,358.42,238.4,22,94.41
6062,6,108.1,420.67,364.17,168.33,194.98,350.97,243.3,21,89.99
6063,5,108.4,409.22,364.55,163.07,210.69,350.28,249.1,20,90.96
6064,7,108.2,398.91,373.43,160.13,233.53,361.25,257.8,47,90.57
6065,9,108.2,392,376.86,159.3,257.36,422.4,258.7,50,556.38
6066,9,107.9,389.26,381.13,157.67,267.44,416.76,261.7,41,556.32
6067,9,107.8,392.94,379.63,156.41,287.62,409.07,257.3,62,558.29
6068,7,108,398.58,373.44,156.86,301.29,351.17,253.7,43,94.37
6069,8,107.8,397.9,375.45,158.7,301.3,354.53,246.9,37,94.29
6070,5,107.6,399.36,366.65,155.83,271.7,356.15,237.8,23,93.44
6071,4,107.1,386.96,361.74,153.77,249.07,356.44,226.5,18,93.88
6072,3,107,384.75,354.09,152.65,237.94,354.27,229.7,18,95.12
6073,3,107.3,381.92,356.44,151.99,230.22,354.77,235.6,20,95.4
6074,2,107.5,382.39,360.09,152.26,234.49,352.95,241.2,20,94.59
6075,3,107.5,386.36,361.32,151.83,257.39,360.76,236,20,91.75
6076,6,107.6,381.91,371.78,153.06,332.55,359.65,237.1,24,90.59
6077,8,108,384.15,373.87,157.33,374.69,364.3,241,52,89.34
6078,9,108.1,386.62,378.3,158.76,351.9,386.62,245.8,96,269.43
6079,7,108.4,392.75,374.09,161.09,266.04,391,253.9,43,271.17
6080,9,108.8,396.05,370.49,161.5,199.97,389.51,269.3,28,271.41
6081,7,108.1,405.51,371.52,162.28,189.66,355.75,285.5,25,92.8
6082,4,107.6,401.38,379.76,162.73,189.35,400.41,286.4,19,364.97
6083,8,107.7,405.31,378.75,162.35,189.82,392.49,274.3,21,366.14
6084,4,107.7,388.8,381.57,161.82,191.49,400.06,263.7,28,365.41
6085,5,107.7,391.4,370.99,161.02,188.6,356.42,259.2,19,91.04
6086,5,107.6,387.63,372.6,160.47,198.23,358.75,260.9,21,91.51
6087,9,107.6,388.19,367.9,158.61,236.64,360.02,263.5,27,92.52
6088,7,107.3,390.51,372.16,157.35,293.32,359.42,267,39,94.94
6089,9,107.3,384.78,380.59,155.75,347.97,428.88,268.8,55,566.31
6090,7,107.9,386.53,378.82,156.07,362.99,425.58,264.6,54,564.59
6091,6,108.5,376.28,382.95,156.18,347.18,426.54,254.6,57,562.97
6092,8,109,361.04,376.47,146.88,328.97,359.88,242.6,46,89.16
6093,8,109,344.92,378.04,135.5,287.92,357.88,234.6,33,87.57
6094,8,109,328.3,379.66,128.85,262.19,353.19,233.9,23,86.99
6095,4,108.7,329.89,377.08,123.96,229.58,353.16,229.8,21,86.95
6096,3,109.1,326.52,376.24,127.41,226.45,357.32,229.2,25,89.32
6097,2,109.6,343.51,376.04,133.36,225.74,351.91,227.9,19,88.43
6098,3,110.8,358.13,384.9,144.17,228.97,345.74,228.6,19,88.7
6099,3,110.8,365.55,392.1,145.82,255.41,344.78,222.1,20,87.49
6100,3,111.5,366.09,385.48,146.08,327.42,351.9,217.1,26,85.4
6101,7,113.1,359.41,388.13,146.81,389.3,361.02,216,59,82.16
6102,9,114,369.06,388.04,150.37,378.18,384.04,218.9,83,265.64
6103,10,113.6,368.53,401.35,151.42,305.7,380.66,225.9,34,265.88
6104,8,112.5,374.67,399.23,152.81,242.8,368.97,231.2,26,268.17
6105,10,110.3,377.39,392.82,150.94,210.43,348.21,234.9,25,86.72
6106,10,108.7,385.75,384,158.47,197.78,397.69,234.3,21,362.44
6107,7,108.3,395.54,378.24,158.17,186.34,408.87,233.2,23,362.79
6108,6,107.6,392.43,379.75,159.46,183.13,408.02,233.7,26,361.11
6109,4,107.6,391.72,370.85,158.52,191.97,359.42,234.2,23,90.64
6110,4,107.1,385.47,375.62,156.6,204.83,354.45,240.2,21,93.14
6111,3,107.5,387.24,367.48,153.89,239.67,354.34,248.3,22,94.29
6112,7,107,378.84,371.73,156.24,263.97,355.62,260.5,38,93.2
6113,9,107.4,375.21,369.26,155.55,276.12,421.82,264.1,60,561.96
6114,10,107.7,375.25,375.81,153.1,307.98,422.86,262.1,53,560.83
6115,9,108.4,382.88,380.91,152.12,318.53,418.72,262.8,55,559.92
6116,7,109.4,382.58,373.36,151.23,336.41,355.41,264.8,49,88.98
6117,7,108.9,376.28,373.1,150.88,308.04,357.66,260.2,41,89.93
6118,6,108.9,373.68,363.42,149.67,289.61,370.6,246.5,27,90.76
6119,4,108.9,369.78,369.44,148.98,269.41,370.78,231.1,23,92.27
6120,4,109.5,361.62,365.23,146.48,261.7,368.83,228.9,22,96.96
6121,3,109.4,351.61,372.24,137.69,259.43,368.64,232.8,22,115.78
6122,4,109.6,354.37,371.69,140.16,269.61,375.94,246,23,142.09
6123,3,109.2,362.52,379.96,148.08,289.67,377.67,264,26,167.47
6124,3,109.1,377.17,383.26,149.86,373.19,381.23,288.5,27,184
6125,9,108.7,391.14,385.58,159.9,406.42,379.01,314,66,196.97
6126,9,109.7,410.53,389.31,169.65,392.26,400.97,333,106,371.43
6127,9,110,411.28,390.27,171.15,302.87,387.26,347.3,46,342.23
6128,9,109.4,411.4,385.45,171.22,245.79,378.23,339.4,29,302.69
6129,9,108.9,411.92,383.58,170.03,217.83,359.66,337,26,99.74
6130,10,108.8,414.49,380.94,173.36,201,402.22,321.4,23,347.42
6131,10,108.9,414.13,379.9,170.08,192.71,404.82,321.6,20,349.13
6132,8,108.1,416.25,374.56,170.34,182.75,399.3,315,25,347.66
6133,5,107.8,412.65,369.9,167.39,189.22,365.37,316.2,25,93.59
6134,6,107.8,407.69,368.2,164.93,190.98,364.27,317.9,29,91.01
6135,5,108,399.72,363.2,161.52,211.62,362.99,307.4,24,89.56
6136,6,108,394.29,369.34,159.05,225.29,360.15,308.6,46,90.01
6137,7,107.6,398.25,381.58,157.45,282.89,432.56,311.5,50,567.01
6138,7,108,388.33,392.54,157.49,332.11,445.69,331.6,55,609.81
6139,9,108.7,383.5,387.28,156.71,356.87,448.16,351.2,69,662.8
6140,8,109.2,372.31,379.37,155.42,340.42,387.34,371.8,58,249.65
6141,10,109.2,374.73,368.71,151.82,315.09,393.63,380.9,37,281.23
6142,9,109.6,381.36,374.42,156.7,297.09,396.03,383.7,40,302.53
6143,7,109.4,380.17,378.47,155.67,281.03,400.38,384.5,30,318.9
6144,4,108.6,374.61,382.87,151.09,272.14,388.03,391.7,26,325.59
6145,3,109.1,372.2,375.75,148.08,281.25,394.12,393.3,25,333.92
6146,4,108.9,375.91,380.08,148.45,284.88,388.64,402.2,26,333.4
6147,3,110,385.12,382.66,150.63,304.36,398.36,417.2,29,335.83
6148,5,110.7,380.14,387.52,153.58,352.64,390.27,432.8,31,327.99
6149,9,111.3,389.23,383.18,160.4,397.8,393.88,435.2,51,311.11
6150,9,112.4,395.74,384.71,168.77,384.21,410.45,413.4,85,440.96
6151,8,111.4,407.99,385.81,170.08,310.68,406.85,381.5,53,379.14
6152,8,110.5,399.47,379.03,169.36,247.38,393.93,360.6,29,317.39
6153,10,109.6,397.21,375.58,168.33,228.09,361.64,352.4,31,104.46
6154,5,108.9,402.07,377.66,168.11,221.16,395.11,356,35,379.15
6155,6,108,409.65,380.04,168.19,205.15,391.22,351.6,26,380.41
6156,5,107.1,413.51,380.84,167.63,195.44,394.08,336.4,39,384.35
6157,5,106.3,412.74,377.05,168.6,199.97,352.98,318,27,98.22
6158,4,106.4,408.49,380.27,165.89,210.23,355.86,312,30,97.55
6159,5,106.7,399.62,375.68,162.63,221.83,349.73,327.1,35,93.8
6160,6,107.5,395.7,371.47,159.63,248.29,352.56,346.9,45,92.49
6161,9,107.2,394.63,376.03,159.29,272.29,410.75,351.1,43,533.14
6162,7,107.5,389.84,377.07,159.2,291.79,420.55,350.7,61,548.13
6163,8,108.1,384.26,377.48,157.83,280.44,426.28,344,43,559.84
6164,8,109.1,372.63,370.52,156.84,270.71,370.66,345,36,131.88
6165,6,109.4,369.63,383.2,154.09,252.7,367.5,337.8,31,132.7
6166,4,109.3,365.23,383.51,151.84,248.98,369.96,324.5,26,139.86
6167,4,108.5,380.07,389.55,149.39,244.31,369.24,306.8,22,148.66
6168,3,109.2,377.39,376.65,147.52,244.63,375.91,300.8,20,165.68
6169,3,109.1,382.65,385.18,147.39,241.95,372.9,309.4,19,189.61
6170,3,109.2,377.22,380.63,146.75,241.96,379.47,322.3,20,221.39
6171,3,109.7,378.42,385.56,148.11,239.43,373.66,330.4,20,253.38
6172,2,110.1,378.9,374.73,152.02,241.62,384.72,340.8,21,275.22
6173,3,111.5,387.35,384.73,160.05,262.17,382.71,348.7,22,262.96
6174,6,113.7,404.73,393.93,167.76,294.37,409.81,358.5,30,400.7
6175,7,112.4,418.41,395.23,169.75,304.26,392.05,349.7,42,332.68
6176,8,111.1,417.82,390.56,171.2,307.6,385.46,340.6,42,289.96
6177,8,109.8,421.33,374.19,170.83,296.62,350.9,322.3,64,85.93
6178,8,109,415.43,382.19,168.23,294.03,389.77,315.4,58,358.85
6179,8,108.9,406.33,374.85,167.76,278.64,384.65,303.5,57,359.21
6180,8,108.1,401.33,384.58,159.62,261.48,387.3,302.3,36,360.12
6181,7,108.7,392.48,379.51,164.16,248.39,348.62,299.2,35,89.01
6182,7,108.7,399.7,386.25,163.93,238.78,362.35,313.5,34,89.25
6183,4,110.1,402.46,387.32,162.71,248.18,359.22,316.6,35,88.93
6184,8,110,413.27,386.87,165.21,269.23,360.48,325.6,34,95.56
6185,8,110.1,418.13,389.39,166,313.55,428.13,332.1,54,604.69
6186,5,110.3,406.26,382.75,165.78,322.84,434.83,364.2,55,647.67
6187,7,111.7,397.36,385.54,166.81,323.78,444.09,389.1,54,701.42
6188,4,112.2,389.95,390.72,163.98,294.67,381.04,406,48,254.19
6189,6,112.8,390.14,400.13,161.61,291.56,392.62,412.4,49,294.03
6190,4,113.3,388.29,398.08,157.83,289.55,397.24,412.5,48,320.45
6191,4,112.7,380.48,396.75,156.69,293.51,397.24,408.8,39,348.33
6192,3,112.4,384.09,395.14,157.15,288.29,400.34,396.9,34,359.66
6193,3,113,383.31,402.39,156.03,295.04,406.54,402.5,29,371.19
6194,4,112.5,395.44,397.61,155.19,304.74,408.38,408.5,31,376.36
6195,3,112,401.41,396.6,155.29,319.65,405.95,421.9,34,369.94
6196,3,112,413.31,384.67,161.62,323.55,395.52,418.5,36,344.69
6197,4,111.9,421.72,387.98,170.56,351.19,393.68,413.6,37,308.11
6198,5,113.3,427.9,380.53,178.65,373.74,415.18,402.2,37,467.21
6199,7,113.4,433.24,391.83,180.78,402.33,410.05,393.8,47,424.58
6200,7,112,435.5,384.89,180.71,379.85,398.69,389,53,386.06
6201,7,110.9,425.36,391.5,180.92,343.92,370.88,386.7,69,154.35
6202,8,110.6,425.5,390.01,180.63,298.96,406.68,386.3,60,400.98
6203,5,110.8,421.75,393.01,178.53,280.54,405.72,380.2,54,387.73
6204,6,110.5,428.26,389.63,179,275.83,394.13,375.3,41,384.83
6205,5,110.4,418.73,384.68,177.31,263.27,360.19,375.6,31,119.13
6206,8,108.9,415.87,379.71,176.53,253.84,359.7,380.9,34,125.19
6207,7,108.1,412.22,384.08,172.1,268.02,365.24,396.3,29,133.36
6208,9,107.9,409.39,385.13,170.59,306.19,363.42,422.4,62,145.39
6209,10,108.6,413.22,385.63,170.33,350.9,448.62,434.2,48,608.98
6210,10,109.4,404.78,379.12,169.69,372.26,457.7,431.1,69,621.91
6211,9,110.2,404.93,381.17,166.21,365.47,460.41,417.5,55,632.83
6212,8,110.4,392.42,386.56,162.4,342.47,377.77,422.4,50,184.76
6213,7,110.3,386.05,386.42,159.42,308.98,370.83,421.7,42,183.49
6214,6,110.7,381.26,392.75,156.76,286.93,368.79,416.5,28,179.14
6215,3,110.5,376.51,388.71,153.66,259.71,377,411.2,25,182.03
6216,4,110.4,370.27,392.69,152.54,247.26,386.6,414.6,23,181.1
6217,3,110.3,362.15,378.68,150.71,246.28,388.86,412,24,185.51
6218,3,109.8,367.71,382.1,150.65,255.8,386.57,411.6,24,186.44
6219,3,110.2,384.46,379.3,152.28,278.41,385.43,393.7,23,197.34
6220,3,110.7,400.54,383.43,156.37,346.9,387.58,390.1,26,205.71
6221,7,111.8,405.47,380.34,165.45,382.15,382.2,394.7,46,214.8
6222,10,112.4,409.93,391.49,172.83,374.57,400.35,425,80,400.46
6223,10,112.4,416.57,395.64,175.31,292.32,395.78,435.3,46,383.29
6224,7,111.5,418.1,391.73,175.86,236.1,393.27,427.4,44,362.27
6225,10,111,422.1,378.73,168.75,204.28,364.75,402.6,25,155.99
6226,10,109.5,428.1,382.85,173.85,200.73,397.34,400.4,18,415.35
6227,10,108.8,440.5,382.61,173.34,194.23,392.89,403,24,416.24
6228,7,108.4,439.94,385.32,171.05,201.01,392.36,411.8,27,413.4
6229,8,108.2,428.66,378.74,170.62,187.72,358.4,412.5,24,152.65
6230,5,108.1,408.18,366.37,167.3,195.39,371.46,421.6,27,148.41
6231,4,108,401.5,368.78,163.32,208.09,369.96,435.7,38,148.94
6232,7,108,392.92,362.12,160.87,232.12,372.71,449.8,39,150.8
6233,9,107.6,394.89,378.86,158.05,303.88,433.22,452.4,62,612.64
6234,8,107.6,382.05,379.99,157.51,334.55,430.59,433.8,65,630.35
6235,10,107.9,380.79,389.21,155.76,368.77,430.37,425,56,639.67
6236,9,108.1,369.88,387.66,155.28,339.63,367.13,444.8,63,196.36
6237,9,108.3,375.71,385.21,153.12,325.67,372.4,475.2,46,197.47
6238,10,108.4,377.42,383.6,152.3,301.61,372.32,481.1,38,202.46
6239,5,108.2,386.22,387.8,151.25,277.05,375.19,459.5,25,204.88
6240,4,108.9,385.98,391.44,150.76,262.22,375.94,433.4,24,201.82
6241,4,108.9,382.76,388.7,150.38,267.36,381.32,412.6,25,202.55
6242,3,108.7,373.37,380.76,148.73,273.35,378.91,409.7,28,203.59
6243,4,109.1,373.75,374.8,148.67,304.07,384.37,420.3,29,206.04
6244,4,109.7,369.65,376.08,148.97,374.76,385.86,429.4,29,202.02
6245,7,109.8,379.64,379.69,151.24,417.3,381.22,411.3,65,199.33
6246,10,110.1,374.15,380.1,152.94,387.25,407.38,390.1,91,379.19
6247,9,110.9,387.04,382.54,154.69,287.53,403.38,386.1,40,362.04
6248,8,111.2,388.02,376.56,156.61,212.8,406.67,402.7,34,334.81
6249,10,110.2,394.41,376.76,158.07,194.96,371.31,408.3,26,127.83
6250,8,109.4,383.68,376.37,158.29,197.48,392.27,406.9,26,384.14
6251,7,108.8,383.19,381.11,157.97,199.55,397.92,402.9,21,389.49
6252,6,108.6,382.09,382.9,158.01,197.65,393.05,403.4,29,388.87
6253,6,108.4,383.12,380.77,157.8,193.39,373.11,400.9,28,124.06
6254,3,108,380.82,389.01,156.96,197.48,359.8,388.9,18,121.92
6255,5,108.9,383.29,385.34,156.44,204.7,361.97,403.4,23,127.95
6256,7,109.7,388.84,384.94,156.65,230.46,357.02,427.3,41,139.85
6257,9,109,387.91,383.99,154.45,271.16,430.63,453.7,54,619.27
6258,8,109.6,388.37,388.32,156.51,282.19,446.11,466.4,36,637.2
6259,5,111.1,388.21,385.49,156.06,287.99,444.9,474,49,643.47
6260,7,111.8,382.72,376.37,154.89,264.38,382.48,471.2,50,190.17
6261,8,111.3,379.2,376.65,153.21,274.76,376.86,463.2,34,192.4
6262,6,111.9,372.4,376.54,151.57,241,376.89,454.2,25,197.05
6263,4,112.8,364.59,382.25,149.93,219.63,377.11,454.5,15,201.28
6264,3,113.5,361.68,381.46,149.37,192.1,377.06,455.1,13,214.03
6265,2,113.4,364.6,387.24,148.79,203.48,386.89,463.9,15,238.01
6266,3,113.4,368.11,391.55,148.56,210.89,385.04,470.1,17,246.73
6267,3,112.1,368.25,389.31,149.23,231.71,391.96,463.7,16,258.44
6268,3,112.8,373.12,393.98,150.4,300.05,389.97,458.6,18,259
6269,6,113.4,380.01,390.05,151.88,360.47,385.6,443.1,72,248.76
6270,8,114.7,379.12,396.47,151.76,338.41,394.39,442.8,78,405.89
6271,10,114.8,378.76,393.37,152.96,268.92,393.22,430.1,49,360.7
6272,7,112.5,379.16,390.68,154.69,204.68,391.79,430.4,28,328.49
6273,9,111.5,378.21,382.8,156.48,206.59,369.28,430.5,29,115.12
6274,8,111.3,372.51,381.02,158.83,198.75,402.01,444.3,21,379.58
6275,7,110.9,387.93,373.57,157.95,198.85,401.31,456.3,25,374.59
6276,4,109.9,397.76,376.42,158.17,197.32,402.11,472,22,377.97
6277,3,109.4,407.32,362.15,158.88,199.79,355.69,468.6,32,109.02
6278,6,110.3,407.88,373.59,159.53,203.11,360.78,472.4,19,118.17
6279,3,111,403.7,375.62,159.5,219.2,362.98,464.9,17,127.98
6280,8,110.3,402.27,393.96,159.51,254.48,373.93,466.1,29,145.81
6281,8,110.5,387.54,405.44,159.13,277.83,436.81,476.9,41,636.79
6282,8,111.3,384.89,408.21,159.02,292.22,438.9,484.3,47,658.92
6283,6,111.5,385.76,401.06,158.75,272.18,433.49,490.8,51,671.51
6284,9,111.6,381.28,396.25,157.17,256.88,375.69,474.7,61,208.85
6285,10,112.2,389.35,388.33,155.44,226.64,376.34,480.9,56,215.92
6286,6,111.7,384.19,383.75,154.43,204.63,373.25,480.6,23,220.78
6287,4,111.9,381.92,382.56,153.65,183.72,368.29,490.4,14,227.23
6288,3,112.2,375.42,390.94,153.67,177.07,370.51,482.4,13,230.16
6289,3,113,371.2,393.15,153.28,172.99,385.22,480.4,15,229.68
6290,3,114,381.05,381.84,153.53,177.44,381.18,474.6,13,231.52
6291,2,113.3,385.38,381.67,154.84,189.74,385.01,479.4,16,230.23
6292,3,113,400.13,385.03,160.13,269.11,382.42,490.8,18,233.88
6293,7,113.4,410.57,388.72,170.55,308.9,385.96,489.8,45,228.3
6294,10,114.5,425.32,398.31,177.88,310.99,410.5,481.5,76,410.59
6295,7,114.6,425.44,410.98,180.19,242.65,406.98,477.5,43,396.55
6296,9,114.3,429.9,412.55,178.89,207.23,404.47,486.4,28,385.36
6297,8,112.9,425.1,398.43,179.59,194.88,375.37,487.2,21,178.8
6298,5,111.6,425.37,392.92,179.71,193.41,418.76,480.6,18,460.5
6299,5,110.8,429.15,387.98,179.48,182.36,413.39,467.7,19,441.61
6300,4,111,427.87,379.82,179.66,182.88,408.78,447.4,20,431.21
6301,4,111.6,437.39,362.37,178.81,184.47,360.11,428.7,20,127.39
6302,4,110.9,432.15,363.79,178.02,198.96,366.67,429.9,22,124.37
6303,4,110.6,430.53,375.46,174.49,211.54,365.66,458.2,28,134.97
6304,7,111.2,416.03,387.95,172.53,236.02,376.22,500.6,44,165.1
6305,6,112.3,405.71,398.81,171.01,253.88,435.92,539.1,38,676.5
6306,6,111.8,400.5,401.81,171.08,281.8,442.1,576.1,44,702.51
6307,6,113.5,402.09,408.42,169.71,298.13,436.5,595.7,61,715.58
6308,7,113.3,402.8,402.29,167.1,328.47,381.81,604.1,63,259.91
6309,10,113.5,400.32,401.13,163.95,315.93,377.78,613,61,289.11
6310,10,114.4,387.84,397.7,161.64,294.04,390.25,620.5,31,322.4
6311,7,114.9,383.73,397.43,159.35,263.96,390.55,644.4,25,354.63
6312,4,114.5,386.99,391.18,158.3,262.69,403.37,658.8,23,383.9
6313,3,115.2,395.36,397.51,157,260.7,398.16,648.7,21,397.56
6314,3,116.1,400.6,399.72,157.14,253.86,403.6,641.5,20,400.87
6315,5,117,398.18,406.97,158.77,262.8,404.14,620.2,19,389.3
6316,3,117.8,407.6,401.69,164.48,307.82,409.34,606.8,23,377.43
6317,7,117.8,417.78,400.21,174.24,349.98,400.83,566.4,50,349.7
6318,10,119.7,433.69,405.6,182.3,332.1,417.06,535.6,75,479.41
6319,8,119.9,441.94,408.94,184.77,272.77,406.76,513.6,39,434.83
6320,9,117.4,441.7,406.24,184.11,214.64,406.6,502.5,28,401.03
6321,10,115,443.47,401.31,184.28,213.02,381.23,475.8,30,209.03
6322,8,113.5,436.32,394.86,183.13,211.68,424.41,459.1,28,457.26
6323,7,111.8,441.33,387.62,181.04,204.58,418.31,450.4,20,430.4
6324,7,111.4,443.29,385.19,181.01,188.34,408.57,454.1,33,409.97
6325,6,110.4,443.87,383.48,182.05,187.07,361.15,455.8,21,130.53
6326,4,111.4,436.56,393.06,180.04,208.06,359.69,459.7,20,135.85
6327,5,111.7,419.44,393.13,177.69,236.62,366.63,481.1,41,147.99
6328,8,112,420.46,388.63,174.88,256.51,367.02,491.5,40,165.85
6329,7,111.1,404.87,389,172.94,266.74,439.88,501.2,51,635.71
6330,8,111.7,403.74,392.05,172.9,262.81,442.77,496,60,649.65
6331,6,114.1,390.39,408.49,170.56,259,442.66,493.5,36,653.81
6332,7,116.1,402.84,411.41,168.53,272.35,390.07,489.4,43,203.16
6333,5,117.4,399.39,410.11,166.19,280.04,386.44,478.7,34,201.41
6334,5,119.1,401.01,413.37,163.9,290.02,385.02,471.8,35,193.39
6335,7,119.6,396.71,412.21,161.99,271.92,380.71,468,29,188.23
6336,6,119,399.81,415.99,160.43,274.09,381.27,464,27,184.23
6337,3,119,399.64,407.92,159.49,273.47,379.92,462.4,28,189.96
6338,4,120.2,388.59,412.33,160.29,285.49,370.61,459.7,29,192.09
6339,3,119.7,388.89,408.15,161.47,286.8,377.56,458.4,28,195.81
6340,3,120,401.47,409.93,166.3,291.22,382.36,475.6,27,193.31
6341,4,121.7,421.03,411.08,174.51,295.32,378.63,463.2,30,182.95
6342,5,124.4,428.11,425.46,181.49,310.74,400.72,461.3,37,342.39
6343,9,125.2,427.58,425.89,183.44,327.06,398.25,424.9,39,317.64
6344,10,120.3,424.4,423.85,184.03,352.23,399.41,398.9,70,290.48
6345,10,117,433.38,403.16,184.53,351.02,358.89,364.5,89,92.98
6346,8,113.9,435.28,395.61,183.41,333.57,390,354.1,52,372.34
6347,10,111.6,432.61,387.6,183.1,309.73,381.92,361.9,52,373.75
6348,10,110.6,426.69,389.94,181.4,286.78,386.57,385.9,51,374.03
6349,8,110,424.7,380.12,180.03,274.11,356.65,396.2,39,88.09
6350,9,109.9,427.18,378.3,178.67,269.43,355.52,401.1,41,87.9
6351,6,110,425.68,371.44,174.93,294.03,352.47,387.2,37,88.67
6352,8,109.5,415.52,380.03,172.7,339.27,342.15,397.7,42,95.09
6353,8,109.5,410.44,392.48,172.12,362.86,421.81,413.2,59,583.61
6354,8,110.5,409.93,388.35,171.05,376.15,434.3,448.7,61,591.05
6355,10,112.1,417.42,386.62,169.6,359.56,441.58,463.9,49,591.85
6356,7,113.5,408.19,378.98,166.92,347.82,371.26,454.7,55,105.46
6357,5,114.6,399.25,392.3,164.2,332.22,363.58,428.6,51,98.4
6358,5,115.2,391.19,400.32,161.1,330.21,361.08,398.4,51,92.03
6359,4,115.2,393.74,399.75,158.66,331.59,361.26,377.6,45,90.38
6360,4,114.8,392.32,396.06,157.27,335.06,357.66,364.1,40,90.29
6361,3,113.7,395.27,386.3,156.71,332.66,360.25,361.9,41,87.32
6362,4,113.3,391.94,379.64,157.08,326.63,356.46,365.8,38,86.56
6363,3,113.2,391.62,378.28,158.26,326.55,359.43,374.8,44,85.19
6364,3,113.2,394.61,380.57,163.39,331.44,355.13,385.4,39,85.08
6365,3,113.8,411.76,388.52,172.19,356.26,348.48,403.5,42,82.88
6366,5,114.9,425.05,397.16,180.67,364.73,378.62,409.5,54,272.93
6367,9,117.1,433.05,399.75,183.74,379.75,380.2,404.7,59,272.52
6368,10,116.6,437.15,393,184.13,377.05,387.52,395.8,55,274.48
6369,10,113.7,430.34,383.78,183.64,370.06,364.26,381.7,78,83.28
6370,8,112.5,436.54,381.77,183.77,350.26,405.54,373.6,87,329.54
6371,10,111.2,438.75,378.01,184.48,317.26,403.15,362.4,61,330.72
6372,9,109.1,451.3,378.74,184.6,299.18,391.59,372.2,35,338.88
6373,10,108.2,449.22,380.18,183.11,280.82,350.83,381.6,63,103.5
6374,10,108.7,448.73,378.26,182.37,292.07,356.21,391.3,55,112.07
6375,9,108.7,445.64,380.89,179.09,309.18,357.44,399.5,57,119.06
6376,10,109,442.11,379.17,174.78,380.67,364.56,419.9,65,131.32
6377,9,109.3,433.6,390.63,174.82,402.6,430.21,442.5,74,589.19
6378,9,109.2,425.82,393.43,173.9,422.88,437.89,461.3,83,607.78
6379,9,109.9,412.84,391.23,172.21,377.11,436.42,478,58,626.85
6380,10,110.1,413.32,387.72,168.16,390.32,369.8,493.6,62,213.85
6381,8,110.1,414.11,382.92,165.8,363.61,371.02,500.8,55,231.05
6382,8,110.2,413.12,383.88,163.87,361.64,374.16,491.7,51,244.91
6383,4,110.1,406.28,384.64,160.53,331.72,379.26,486.2,44,240.14
6384,4,110.6,398.61,385.58,160.39,332.7,378.75,486,43,237.55
6385,4,111.4,397.86,389.25,159.14,341.69,375.01,493.3,43,228.88
6386,4,112.1,396.41,387.13,158.59,354.02,376.33,503.7,47,225.44
6387,3,112.8,400.87,386.52,159.99,389.88,382.74,520.2,50,216.31
6388,5,113.4,406.25,383.52,164.2,468.3,382.87,515.9,53,211.25
6389,8,113.5,418.52,385.84,173.59,544.77,377.15,517.5,96,205.06
6390,9,113.9,423.84,396.23,180.63,542.98,409.38,507.1,127,375.75
6391,11,114.9,433.74,397.46,182.88,460.68,412.31,503.1,70,361.39
6392,9,114,439.84,399.64,182.32,372.52,412.91,471.2,58,342.26
6393,10,112.4,451.8,390.31,180.17,341.69,370.44,445.6,64,152.48
6394,10,111.3,452.22,389.44,183.48,327.26,413.22,430.9,39,410.84
6395,9,110.1,448.23,388.09,181.11,313.59,409.04,430.8,53,406.06
6396,8,109,435.11,387.24,180.04,286.91,409.48,435.5,36,397.28
6397,7,109,426.36,384.75,178.08,269.71,362.08,444.3,34,121.09
6398,6,109.4,414.8,380.55,176.92,276.41,365.61,453.6,38,116.99
6399,6,110,403.43,378.96,171.89,319.76,364.35,462.3,68,134.41
6400,6,109.6,394.72,374.12,165.95,381.62,364.49,488,69,163.8
6401,8,110,397.57,377.37,163.82,450.54,434.5,502.4,65,651.69
6402,8,110.3,401.93,379.93,163.33,473.36,435.92,506.5,76,668.54
6403,9,110.5,402.5,380.08,163.13,460.8,437.36,484.6,75,670.68
6404,10,110.3,390.05,376.06,160.24,439.84,375.8,471.6,86,208.66
6405,8,111.4,385.34,373.96,156.51,408.02,385.87,462.5,79,196.72
6406,7,111.7,380.55,392.71,153.8,405.18,384.33,456.3,49,185.03
6407,7,111.8,386.2,397.97,154.79,384.7,377.38,442.1,55,176.48
6408,4,111.3,380.47,402.94,154.2,396.46,368.51,432.9,53,168.26
6409,3,111.1,379.93,388.11,152.95,395.16,360.5,423.7,56,162.86
6410,4,111.4,382.01,386.86,151.91,401.49,361.79,419.4,59,158.24
6411,4,111.3,379.49,376.14,151.72,435.35,364.11,407.2,64,162.58
6412,5,111.3,383.07,377.25,152.51,519.68,377.23,398,67,173.48
6413,10,110.6,381.52,377.56,155.56,576.94,380.4,400.1,114,175.99
6414,11,111,391.27,381.26,157.73,560.54,406.97,403.3,140,339.03
6415,11,111.7,393.21,385.26,159.22,469.37,400.79,413.2,87,307.11
6416,10,112.1,392.76,386.82,158.78,394.2,388.65,408.8,76,279.13
6417,10,112.9,392.67,389.21,158.58,354.8,357.55,404.4,56,86.4
6418,8,113.2,387.31,387.92,158.68,336.26,388.38,390.7,49,348.51
6419,7,112.3,383.66,381.41,157.74,312.13,390.72,381.6,42,349.06
6420,7,111.1,380.97,379.14,157.17,290.8,395.92,365.4,41,347.83
6421,9,110.1,386.43,374.6,156.97,277.42,364.36,359.2,34,85.35
6422,8,109.2,383.43,377.13,157.54,274.42,366.77,350.8,39,87.58
6423,7,109.1,380.68,375.26,157.61,305.85,360.81,352.1,39,92.12
6424,8,109,379.35,382.94,156.92,343.64,358.86,349.3,55,90.57
6425,9,109.6,385.61,395.1,156.57,402.65,428.06,364.6,76,544.6
6426,8,110.9,389.73,402.04,157.58,438.49,433.14,376.3,97,574.96
6427,7,112.4,389.81,397.79,156.91,478.78,442.81,391.1,77,625.62
6428,9,112,385.15,387.16,156.05,455.36,389.32,396.7,69,228.19
6429,8,113.6,387.79,389.65,154.85,408.38,400.13,409.8,80,263.38
6430,7,114,384.59,397.81,153.32,344.79,400.35,424,49,290.26
6431,5,116.2,380.51,402.4,152.72,327.95,393.93,440.8,46,311.13
6432,3,116.4,379.04,401.77,152.17,323.7,389.6,452.9,40,334.61
6433,4,115.8,380.39,399.83,152.65,314.12,391.54,458.9,40,356.06
6434,4,114.7,378.93,398.09,151.38,296.62,388.97,470.8,37,374.67
6435,7,113.6,374.59,394.79,151.19,312.71,393.22,493.4,33,392.39
6436,4,113.2,367.98,392,152.36,398,395.19,498,39,395.74
6437,7,112.9,378.85,390.76,154.2,484.17,400.26,474.5,78,377.46
6438,10,115.1,382.31,393.99,155.11,498.02,416.35,426.6,120,496.87
6439,8,115.5,385.96,394.59,156.14,425.58,404.16,397.8,76,399.74
6440,10,115,381.55,392.81,156.29,355.33,389.01,379.1,59,318.56
6441,8,114.3,378.41,387.61,155.72,318.99,354.99,362.9,49,89.83
6442,8,113.1,386.53,391.93,155.84,304.41,403.25,334.6,42,347.37
6443,6,112.1,385.03,389.91,156.1,281.53,401.23,315.3,37,349.14
6444,6,111.7,382.7,397.13,157.62,266.59,414.69,305.8,42,350.2
6445,4,110.6,376.76,390.1,157.58,236.37,360.08,306.9,34,87.4
6446,5,110.3,386.75,387.2,158.14,225.04,361.49,308.6,28,87.25
6447,5,110.5,389.95,385.15,159.11,237.04,345.8,311.2,34,86.55
6448,8,111.1,394.37,380.77,158.4,314.46,349.27,342.9,51,86.92
6449,9,111,396.44,398.37,158.69,374.76,400.48,387.9,83,538.51
6450,9,111.4,393.88,395.7,159.91,445.49,410.46,417.2,82,550.02
6451,6,111.8,387.68,401.86,159.63,449.68,411.79,410.5,80,567.72
6452,10,112,376.24,390.29,158.29,444.26,368.77,395.7,69,140.86
6453,7,112.8,383.66,391.39,156.43,383.79,373.89,401.3,66,155.91
6454,7,112.5,387.82,387.4,155.29,342.57,376.96,420.5,54,173.41
6455,4,110.9,385.72,381.95,154.17,308.55,378.93,423.2,48,183.83
6456,4,111,387.99,382.11,153.95,316.96,371.36,427.7,39,200.39
6457,4,112.2,380.47,388.57,153.66,328.39,379.07,412.4,47,219.18
6458,3,112.2,383.67,387.63,153.46,351.65,381.23,414.1,45,232.48
6459,4,110.9,382.07,391.65,155.17,369.76,381.42,408.9,45,244.32
6460,4,111.5,392.34,389.01,160.04,443.82,383.27,407.9,49,239.45
6461,7,111.3,408.57,393.06,169.19,483.44,378.94,400.2,93,227.03
6462,9,112.2,417.74,388.7,177.52,480.03,403.21,382.2,132,362.43
6463,9,113.1,424.58,393.59,179.83,413.25,393.12,371,62,313.74
6464,9,111.9,428.59,397.26,179.25,350.83,391.81,340.9,63,277.14
6465,8,111.1,425.17,397.73,177.85,316.11,360.62,320.5,42,87.04
6466,8,110,429.33,390.58,178.05,276.51,402.81,305.1,40,357.29
6467,6,109.7,423.46,387.38,177.64,259.12,399.26,318.4,38,358.99
6468,6,109.5,430.77,383.95,177.33,247.16,402.09,331.2,31,359.16
6469,4,109.6,429.91,380.69,175.91,266.63,355.12,339,33,89.43
6470,4,109.5,428.86,379.65,175.67,303.61,355.78,339.5,38,89.39
6471,8,110.1,421.77,382.86,171.73,394.73,351.6,347.6,50,89.41
6472,8,109.9,416.6,390.61,169.93,428.17,351.43,365.7,80,91.35
6473,9,110.4,409.99,394.68,168.66,489.52,410.6,390.5,85,527.73
6474,6,109.8,404.75,386.41,168.31,481.17,422.47,410.9,91,555.01
6475,8,110.5,400.95,386.61,166.11,497.59,430.38,423,85,586.37
6476,11,110.1,400.9,388.86,164.14,459.16,376.39,421.2,86,182.15
6477,11,110.1,395.14,394.77,160.81,431.81,372.95,421.2,79,189.3
6478,11,109.8,388.48,394.73,158.78,405.71,372.36,412,66,197.55
6479,8,109.5,381.7,387.75,156.89,400.02,369.7,407.9,58,191.56
6480,4,108.4,374.44,380.83,156.02,396.61,370.38,402.1,55,178.9
6481,3,108.1,373.42,368.6,154.94,404.54,362.45,406.8,61,156.6
6482,4,109.3,379.91,362.56,155.15,401.87,361.51,410.5,59,143.98
6483,4,108.7,395.1,366.87,155.81,426.07,361.16,399.4,61,135.28
6484,6,109,405.98,369.99,157.78,490.37,367.64,390.3,70,126.99
6485,7,109.3,412.55,373.96,165.87,552.88,373.62,380.6,104,120.21
6486,11,109.9,418.19,377.35,173.49,542.95,398.41,388,131,294.4
6487,11,110.6,416.92,383.19,176.78,476.75,398.16,377.9,93,282.31
6488,11,110.2,416.19,384.06,176.97,415.94,393.2,363.9,76,273.97
6489,10,110.7,412.68,379.05,176.27,391.92,362.06,343.5,61,87.16
6490,9,110.2,421.56,377.27,175.54,375.61,402.93,346.1,62,343.26
6491,6,110.2,426.87,382,175.21,382.32,392.64,348.1,64,344.46
6492,6,109.9,428.94,384.45,173.53,395.6,392.39,351,60,343.41
6493,6,110.2,419.56,385,168.73,420.91,350.88,337,61,87.38
6494,6,111.1,414.66,389.4,176.33,430.97,353.75,341.4,67,84.7
6495,5,111.7,408.13,402.21,171.67,431.52,360.56,350.2,72,86.03
6496,11,111.7,412.18,404.03,169.03,460.69,361.82,374.2,75,85.91
6497,10,111.5,409.75,406.59,166.52,475.88,435.5,389.8,78,558.95
6498,6,112.4,410.49,391.76,167.38,501.73,433.34,402.7,89,560.45
6499,6,112.3,407.76,391.36,165.11,483.05,430.06,393.9,91,567.98
6500,8,112,403.54,383.19,163.75,469.34,362.69,380.5,84,107.24
6501,8,111.7,405.71,389.8,161.06,461.6,366.59,364.3,85,117.42
6502,7,110.9,400.36,384.32,158.09,451.32,372.73,355.3,79,127.34
6503,5,109.5,394.79,383.67,154.54,445.1,373.66,353.8,78,136.14
6504,4,110.5,389.62,382.03,154.07,443.69,366.25,346.2,94,144.66
6505,4,110.3,384.88,391.9,153.45,463.74,361.89,346.5,89,149.99
6506,4,110.5,383.91,397.52,154.33,485.62,363.39,345.6,79,155.97
6507,4,110.8,385.2,400.67,155.9,502.88,372.18,360.4,84,161.48
6508,9,110.8,394.41,395.7,160,512.36,375.44,369.9,91,164.83
6509,14,110,417.05,388.54,170.07,520.21,378.62,374.5,90,161.96
6510,16,111.3,425.61,391.56,179.33,537.03,396.55,380.2,96,317.64
6511,12,113.6,435.16,389.7,184.78,555.72,388.66,380.3,112,288.91
6512,9,114,429.97,391.79,189.6,557.65,384.37,369.3,131,265.56
6513,9,112.7,438.05,391.39,189.46,514.54,356.17,346.6,102,82.98
6514,8,111.7,439.86,396.91,189.06,462.45,393.84,331.7,75,391.01
6515,8,111.2,445.05,397.73,187.38,426.57,390.47,323.9,63,390.9
6516,10,111.9,448.6,390.53,187.5,397.81,396.45,324.6,58,391.45
6517,10,110.1,453.13,383.53,186.54,398.89,361.98,338,60,86.3
6518,10,110.1,444.54,373.95,185.07,392.85,352.38,356.3,72,87.13
6519,7,111.5,437.51,371.08,180.9,414.1,349.16,370.7,76,85.73
6520,10,113.3,417.52,377.34,178.13,403.55,346.79,389.6,99,91.09
6521,9,113.3,413.44,390.01,176.37,415.59,432.45,414.8,69,568.31
6522,7,113.7,403.02,396.32,175.65,413.01,430.99,425.4,72,591.1
6523,5,114.7,408.25,390.57,173.13,412.73,439.79,428.1,70,617.58
6524,4,114.4,405.06,386.42,170.88,397.4,369.58,414.5,66,181.62
6525,5,113.9,400.88,386.4,168.39,393.27,378.86,411.4,55,200.16
6526,7,114.1,390.47,394.89,164.83,389.58,380.95,398.3,58,209.05
6527,5,114.3,382.11,404.26,161.06,371.05,380.42,399.9,55,210.58
6528,4,115.8,383.68,402.71,159.26,356.4,379.48,399.2,44,212.88
6529,3,115.4,399.27,401.86,158.27,339.75,381.42,406.1,43,203.71
6530,4,115.9,402.95,392.31,157.98,335.17,383.61,398,41,185.48
6531,3,116.6,400.74,396.54,159.72,328.81,384.23,399.8,41,162.58
6532,4,116.6,393.9,400.99,164.27,334.17,379.84,397.8,41,150.27
6533,5,117.7,413.38,410.76,173.25,354.24,382.68,395.4,42,143.29
6534,5,120.7,422.03,425.81,180.17,368.84,407.73,390.5,52,312.16
6535,4,123.6,430.93,428.35,183.39,375.14,403.03,385.9,65,299.11
6536,9,120.6,425.9,426.81,183.8,383.45,395.4,380.3,69,281.99
6537,10,118.3,433,408.23,176.2,384.16,361.42,379.5,74,91.27
6538,9,114.7,433.75,397.12,182.31,376.49,403.54,384.2,75,362.2
6539,9,112.4,436.02,384.07,182.53,356.02,404.48,411.5,79,363.1
6540,9,112.3,433.17,377.53,182.4,369.54,405.75,430.7,50,367.99
6541,6,112.3,434.39,379.05,181.32,369.93,362.25,438.5,51,99.84
6542,8,111.3,430.84,389.48,180.12,408.95,361.68,438.8,43,116.22
6543,9,111.2,432.93,389.87,176.88,409.36,362.84,443.2,63,132.79
6544,8,111.7,427.8,388.46,174.89,430.69,360.9,456.2,74,141.93
6545,10,113.2,425.13,384.08,173.74,430.54,425.42,451.4,88,606.19
6546,9,113.3,414.89,386.18,173.35,455.52,427.25,449,84,598.85
6547,9,113.4,409.17,386.23,172.84,474.66,432.85,447.2,81,594.74
6548,11,112.6,403.31,384.71,169.51,462.83,369.23,445.4,93,125.92
6549,10,113,403.05,380.65,165.99,433.08,368.95,432.9,75,126.06
6550,6,113,404.27,386.54,162.59,398.74,368.62,417.2,59,126.15
6551,4,112.8,408,387.93,159.57,375.15,364.53,407.9,51,128.87
6552,4,112.6,403.65,390.86,158.81,371.74,358.9,402.4,52,127.88
6553,4,112.8,396.02,384.42,158.73,376.27,355.62,387.8,54,124.2
6554,3,112.6,381.43,384.36,158.88,389.57,357.96,383.8,56,116.76
6555,4,112.7,385.49,389.54,159.63,415.37,361.34,379.9,58,119.98
6556,4,112.1,388.82,387.26,163.84,521.41,357.48,398.5,67,124.4
6557,7,112.1,406.16,389,171.74,606.38,354.48,402.4,112,133.59
6558,10,112.8,422.1,394.7,179.49,584.77,377.6,408.6,130,308.21
6559,11,113.4,432.45,392.88,182.21,483.16,375.7,398.7,101,291.32
6560,11,114.2,440.08,388.43,182.24,383.56,376.42,396.4,68,271.78
6561,10,112.5,433.29,382.98,182.14,378.3,357.79,378.7,54,81.87
6562,11,111,429.15,385.83,181.69,365.48,403.08,366.7,48,357.59
6563,7,110.9,422.82,387.14,179.68,352.5,407.09,353.5,47,359.77
6564,6,111.5,420.4,381.29,178.03,318.6,393.5,360.9,45,361.88
6565,6,110.2,427.96,377.69,176.37,299.77,353.8,367.1,39,88.6
6566,6,110.1,424.18,374.43,173,306.56,351.6,371.7,49,91.28
6567,5,109.9,421.6,371.44,168.86,336.65,358.21,378.5,61,90.84
6568,6,110.2,410.41,375.52,166.45,392.79,354.68,377,73,93.48
6569,8,110.8,407.75,388.09,164.5,453.84,418.04,390.8,93,539.17
6570,10,110.7,397.01,392.84,163.09,486.87,423.97,384.8,88,539.3
6571,9,110.8,393.08,394.9,160.66,512.45,422.58,388,81,536.56
6572,10,111,380.59,384.75,158.66,506.57,354.26,376.5,97,88.76
6573,9,112.2,378.64,385.31,155.98,478.61,346.37,377.5,81,85.61
6574,8,112.7,376.03,383.68,153.95,425.04,352.74,368.9,69,82.84
6575,5,111.4,380.99,385.94,152.66,388.85,353.22,361.4,58,82.69
6576,4,111,382.02,385.86,151.63,386.15,357.92,357.2,57,87.91
6577,4,111,378.12,386.18,151.25,403.22,358.13,350,57,95.86
6578,4,110.7,379.15,379.44,151.05,416.07,359.17,346.7,63,98.05
6579,4,110.8,375.68,378.47,151.55,454.51,353.96,341.8,66,97.32
6580,4,110.8,379.17,379.3,151.86,540.84,353.44,337.3,75,92.2
6581,8,110.5,379.67,387.54,154.41,610.97,356.99,334.4,116,90.18
6582,11,110.5,393.69,394.73,156.29,610.18,396.03,335.1,146,272.29
6583,10,111.3,398.99,396.91,157.74,517.07,395.27,336.9,101,270.17
6584,9,112.3,407.98,394.14,159.86,432.32,393.41,336.8,71,268.61
6585,8,112.7,399.69,383.82,160.78,387.36,360.56,329.2,59,82.47
6586,10,113,400.48,381.77,161.17,359.85,398.78,335.8,50,362.72
6587,8,111.9,402.7,385.47,160.92,338.52,398.4,337.9,46,362.65
6588,7,112.5,403.47,394.23,160.73,331.96,395.26,347.8,57,363.55
6589,6,112.1,394.85,389.87,160.56,346.42,356.88,347.8,63,84.1
6590,6,111.9,383.04,382.31,159.75,373.41,358.02,351.6,52,85.36
6591,5,111.2,379.67,374.73,159.52,404.29,359.57,355.4,60,87.27
6592,6,111,387.17,374.26,158.95,451,355.45,367.9,99,88.46
6593,6,111.5,397.47,376.91,158.18,500.59,413.48,376.1,112,546.75
6594,9,112.1,399.93,380.24,156.64,549.57,412.51,393.6,102,547.66
6595,11,112.9,392.07,384.1,154.64,556.73,413.45,413.3,107,546.83
6596,8,113,377.93,386.59,152.34,520.13,352.99,437,106,88.46
6597,8,112.9,373.25,387.96,150.15,487.58,352.89,427.6,83,83.33
6598,6,113.5,379,385.71,148.4,451.76,361.27,411.3,80,81.77
6599,5,113.6,376.67,385.02,145.76,433.61,361.29,384.8,62,79.85
6600,4,114,379.55,383.74,146.29,402.09,358.36,363.6,60,83.57
6601,4,113.1,372.14,389,146.96,395.83,352.64,335.3,64,86.45
6602,4,113.4,372.75,390.09,146.73,404.18,352.87,328.6,66,88.29
6603,3,112.9,371.48,404.45,146.83,433.65,364.11,334.3,66,86.38
6604,4,113,369.48,399.74,148.46,515.09,364.75,344.7,71,84.2
6605,7,112.8,375.29,402.5,151.01,606.72,369.12,342,116,83.53
6606,10,113.9,374.78,394.25,150.85,612.59,389.4,345.2,156,266.84
6607,11,115.9,380.29,397.41,152,485.82,389.02,349,85,265.29
6608,10,115.8,379.48,403.38,153.12,343.47,383.89,356.7,94,263.71
6609,9,115.3,374.69,406.37,154.96,308.13,356.78,350.2,79,77.88
6610,10,115.9,374.63,402.18,155.47,349.61,391.97,331.8,63,347.6
6611,9,114.1,372.52,388.32,154.66,378.36,392.31,316.5,58,348.85
6612,9,111.8,384.17,378.39,153.58,361.65,393.62,309.9,55,353.7
6613,5,110.8,380.77,375.98,151.31,347.15,359.12,319.8,58,88.49
6614,4,110.2,381.83,373.3,154.05,361.34,361.48,330,58,88.84
6615,7,111,373.43,374.48,154.47,406.95,358.16,346,72,88.81
6616,6,111,382.04,370.01,154,450.65,364.72,357.1,98,87.39
6617,6,110.9,376.59,382.3,153.93,515.61,430.42,369.6,123,540.71
6618,8,111.4,379.82,386.83,152.96,549.79,433.47,370.2,117,538.09
6619,10,113,374.41,400.63,152.11,581.66,430.06,369.6,132,535.99
6620,10,113.9,377.56,398,150.05,568.65,360.24,359.3,110,80.74
6621,10,115.2,373.95,403.94,148.07,540.27,358.73,355.6,111,78.6
6622,7,115.6,371.02,402.25,146.05,513.86,360.79,339.3,99,78.4
6623,4,114.3,367.58,404.53,145.05,500.44,365.76,317,90,79.4
6624,4,113.7,368.48,393.83,144.57,496.15,369.25,293.6,94,80.43
6625,4,113.9,367.83,398.51,144.19,494.45,361.34,288,88,80.22
6626,4,114.3,366.45,397.11,144.27,489.01,358.23,287.9,91,78.84
6627,11,115.5,366.32,409.07,145.41,513.49,351.53,285.8,97,77.36
6628,10,116.5,377.81,412.53,149.99,587.21,360.03,288,102,76.55
6629,14,118,396.1,417,159.64,646.54,359.89,300.5,133,75.09
6630,18,118.7,412.41,418.35,166.21,660.56,384.63,319.2,188,246.25
6631,20,120,416.2,412.55,169.51,599.82,381.67,333.3,128,245.58
6632,19,118.4,422,407.12,170.04,532,380.9,330.9,93,245.6
6633,9,117.7,426.07,401.19,171.65,472.87,362.54,323.4,82,74.78
6634,10,115.9,418.67,401.7,168.75,425.57,401.76,322.8,63,350.16
6635,6,113,417.73,391.27,170.57,387.56,407.86,335.1,65,356.22
6636,6,110.6,411.41,382.09,170.33,364.18,400.33,340.8,70,360.68
6637,5,109.8,416.59,376,169.33,362.22,358.25,338.5,69,89.37
6638,10,109.4,407.46,387.1,165.69,388.45,350.65,328.1,56,88.8
6639,6,110,401.17,389.94,162.05,415.68,355.85,332.9,70,88.24
6640,6,109.6,397.55,382.26,159.31,466.53,357.58,342.2,82,89.4
6641,7,110.7,393.07,379.14,159.16,536.89,418.89,350.9,90,543.05
6642,10,111,389.25,376.67,158.18,582.35,417.1,353.3,91,543.48
6643,10,111.1,380.42,388.14,155.73,569.03,410.64,345,98,540.49
6644,10,111,374.02,384.33,154.27,508.29,353.8,336.3,94,85.74
6645,9,110.9,369.19,389.27,150.35,453.77,351.43,326.9,96,84.79
6646,9,110.7,366.26,382.57,148.56,417.18,358.41,326.2,63,93.09
6647,6,111.9,360.24,387,146.3,382.58,359.12,333.5,49,108.34
6648,4,110.8,357.04,379.42,145.03,369.57,365.99,337.8,49,129.56
6649,4,110.5,363.71,379.96,145.21,371.85,367.58,339.7,45,151.63
6650,4,110.6,364.22,372.69,145.53,377.31,360.82,355,44,173.37
6651,4,109.7,370.4,381.92,146.16,383.62,358.57,379,41,180.33
6652,5,110.5,373.87,380.48,150.82,440.75,363.93,412.5,44,187.61
6653,8,111,399.37,380.67,162.51,477.41,369.02,427,84,178.34
6654,8,111.5,418.12,372.16,171.05,477.58,393.54,422.3,105,349.14
6655,9,111.7,427.37,374.86,174.22,391.36,383.42,410.6,95,323.79
6656,9,111.6,422.89,378.95,172.77,313.12,386.97,402.6,54,298.28
6657,8,111.7,411.94,384.68,171.88,271.72,356.81,398.8,39,100.1
6658,10,111.1,403.62,385.49,163.99,243.24,395.32,391.5,31,357.86
6659,8,109.9,411.09,388.74,166.62,235.9,396.53,371.2,27,356.93
6660,9,109,419.62,381.93,168.81,215.83,402.63,363.9,31,356.18
6661,8,108.4,418.71,381.3,168.24,234.88,360.15,368.5,42,90.18
6662,10,108,410.52,372.81,167.41,278.89,359.48,383.5,39,90.42
6663,6,108.5,402.84,368.93,164.05,355.68,357.15,400.1,48,90.77
6664,8,108.7,401.91,362.88,163.17,402.42,362.55,401.7,64,91.91
6665,9,108.8,392.22,367.98,158.52,425.47,422.12,414,80,557.38
6666,8,108.8,389.15,369.3,156.9,414.46,428.49,415.1,79,569.62
6667,10,108.9,388.26,374.31,154.42,417.78,427.33,428.8,70,578.81
6668,7,109,389,373.19,154.06,411.77,366.6,435.1,82,122.81
6669,5,109.7,378.62,378.31,150.45,401,356.67,435.8,64,123.65
6670,6,108.8,373.04,378.4,147.88,387.01,363.16,410,56,127.4
6671,5,108.7,373.71,372.69,147.72,382.92,366.78,385.7,84,126.51
6672,6,109.4,377.53,376.4,150.92,391.23,368.39,366,53,121.96
6673,5,110.8,377.05,371.68,148.29,385.67,367.72,357.1,49,113.01
6674,4,110.5,368.98,375.49,147.71,378.3,357.39,349,49,110.27
6675,3,109.1,372,364.4,146.8,369.23,356.21,353.6,50,104.65
6676,4,109.2,385.46,369.73,150.99,371.89,349.62,367.6,46,101.38
6677,4,108.9,397.52,366.44,156.13,385.14,354.95,377.1,50,97.6
6678,9,110,407.88,373.18,165.18,402.55,390.51,378,60,275.65
6679,10,111.1,407.18,368.48,168.85,445.33,390.33,370.2,97,272.03
6680,8,110.9,405.39,375.85,170.1,492,385.35,362.6,93,268.82
6681,10,111.4,402.2,378.06,170.95,530.28,357.96,355.2,96,88.31
6682,9,111.5,406.49,388.58,171.15,503.72,397.6,348.4,90,369.07
6683,10,110.6,412.72,386.66,170.6,436.49,403.7,341.4,68,371.42
6684,10,109.5,418.25,388.35,168.83,375.56,403.28,331.6,75,372.99
6685,9,109.1,411.59,381.43,169.29,357.11,361.91,330.6,67,91.29
6686,8,108.9,414.52,378.87,168.7,379.43,358.73,335.9,67,88.39
6687,8,110.1,407.65,373.66,164.29,437.63,357.64,349.4,76,88.5
6688,9,110,407.64,379.25,162.85,463.35,363.1,356,77,88.76
6689,10,110.1,399.7,393.97,162.66,487.41,427.59,369.5,88,548.94
6690,8,110.7,400.22,400.28,160.45,454.56,425.15,379.7,80,546.59
6691,9,110.6,392.43,399.38,158.01,445.02,416.73,393.2,86,545.22
6692,7,111.2,383.82,391.75,154.59,410.13,351.74,390.7,80,85.38
6693,5,111.7,372.52,390.86,151.37,396.06,357.17,384.7,66,86.39
6694,6,111.5,366.11,387.6,147.88,392.59,355.58,374.5,67,87.22
6695,5,111.4,366.64,391.89,147.2,379.98,363.48,365,69,84.9
6696,4,111.3,362.2,388.61,145.83,381.42,364.77,351.7,64,83.83
6697,5,111.3,361.69,389.06,145.2,371.28,367.53,343.3,54,87.44
6698,4,111.1,367.9,376.16,146.25,389.59,358.06,347.3,54,94.84
6699,3,111.4,368.03,372.62,148.5,387.94,353.57,365.1,56,108.17
6700,4,111.3,379.42,379.25,153.85,401.74,358.07,390.5,56,117.6
6701,4,111.5,385.37,389.72,164.05,424.22,365.99,406,61,118.05
6702,4,112.8,411.17,399.73,173.26,458,395.25,416.4,84,287
6703,8,114.3,427.13,395.05,174.58,516.33,394.93,414,88,278.26
6704,8,113.5,415.46,386.16,170.39,553.69,385.32,415.6,104,272.47
6705,10,111.7,409.59,379.22,168.35,554.68,353,407.1,127,91.33
6706,10,110.7,397.48,373.41,166.13,515.46,405.02,408,107,358.19
6707,8,110.6,408.13,375.39,166.67,495.74,410.52,389.1,94,358.42
6708,9,109.7,401.73,377.66,165.8,464.88,416.67,374,88,358.46
6709,8,108.9,398.86,379.37,165.69,436.69,365.65,353.8,81,88.43
6710,8,108.4,393.57,384.82,166.12,388.67,371.07,353.6,67,90.31
6711,10,108.2,390.23,382.84,162.36,410.3,365.7,357.5,82,89.25
6712,8,108.4,397.21,372.06,160.63,460.04,368.71,363.4,92,89.6
6713,9,108.6,402.83,380.59,159.95,537.28,435.19,364.1,100,540.33
6714,10,109.3,400.14,378.39,159.08,593.03,436.72,381.5,130,547.24
6715,11,110.3,394,390.23,158.96,612.56,434.13,418.9,112,556.78
6716,11,110.3,379.39,378.96,156.31,621.03,357.85,454.3,108,113.8
6717,11,110.7,383.09,382.58,153.52,596.66,357.83,447.8,105,126.46
6718,20,109.7,375.31,380.92,151.2,562.57,368.68,438.7,93,140.5
6719,17,109,377.04,379.15,149.67,511.86,382.81,435.5,84,158.91
6720,12,109,369.11,372.32,148.22,495.07,385.43,456.2,104,170.17
6721,13,108.7,373.35,381.88,147.57,480.75,374.16,446,81,176.82
6722,5,108.9,371.99,385.4,147.37,462.42,373.53,446.5,71,185.12
6723,4,110.1,375.45,392.28,147.81,447.95,376.33,440.8,71,195.54
6724,4,110.2,372.23,390.46,151.23,502.19,382.21,444.2,74,198.28
6725,8,109.7,383.18,383.27,160,567.47,376.46,443.3,107,201.19
6726,10,109.5,397.69,388.41,168.03,564.78,407.09,453.6,130,384.18
6727,10,110.1,406.26,380.2,170.26,508.47,403.04,453,87,366.33
6728,10,110.8,410.58,387.18,168.61,444.89,401.15,431.5,85,326.57
6729,9,111.2,407.27,383.95,161.98,438.42,360.1,412.8,77,102.48
6730,10,111.1,404.83,379.5,168.07,429.22,393.45,395.4,74,369.79
6731,8,110.2,409.52,371.04,166.98,415.8,387.09,370,80,371.47
6732,5,109.8,405.15,373.03,165.74,405.79,392.45,334,63,373.04
6733,7,108.9,407.37,376.57,163.27,391.85,356.23,304.3,60,89.74
6734,7,109,399.07,389.57,161.12,391.9,355.53,296.6,66,90.35
6735,5,109.8,389.7,390.08,156.28,419.28,355.04,305.6,72,89.8
6736,6,110.3,382.49,392.21,154.1,457.15,355.18,320.2,88,90.04
6737,8,110.9,374.11,391.33,153.77,497.22,416.51,337.4,98,559.13
6738,9,112,373.85,395.63,152.66,486.09,412.76,352.2,80,556.95
6739,9,113,369.87,407.34,151.11,475.54,413.15,364.2,92,555.46
6740,8,113.4,366.86,404,149.61,451.28,352.85,373.9,106,82.27
6741,9,114,367.77,404.24,149.23,429.01,354.49,367.7,54,81.85
6742,9,113.6,367.83,401.04,146.83,389.82,350.92,371.3,66,81.51
6743,8,114.3,367.7,407.76,145.69,353.86,348.94,367.3,57,81.55
6744,4,114.8,363.64,403.75,148.45,343.82,342.28,361.6,45,81.01
6745,4,115.1,359.81,399.25,144.53,335.01,340.72,351.2,47,79.17
6746,4,116.4,355.6,392.3,142.34,338.68,353.49,347.1,45,76.63
6747,4,116.7,356.58,387.46,142.11,346.96,356.68,345.8,43,77.49
6748,6,115.8,355.13,397.14,143.8,421.64,360.64,343.1,48,79.74
6749,7,115.8,360.55,400.38,146.37,456.26,353.64,351.9,80,84.93
6750,10,115.7,365.18,402.76,147.79,451.46,393.33,359.9,118,266.35
6751,8,115.4,366.72,399.44,148.63,379.6,386.17,370.1,78,264.78
6752,9,116.1,357.37,397.99,148.46,327.37,383.47,367.9,53,261.12
6753,8,116.2,360.55,397.89,148.69,288.27,349.18,371,41,78.16
6754,8,115.5,373.99,402.31,150.65,252.61,396.18,369.9,33,344.45
6755,8,113.1,385.19,394.41,149.04,228.95,397.2,372.8,38,348.21
6756,6,111.8,378.77,392.56,147.98,221.91,398.12,365.4,33,351.99
6757,4,110.5,369.97,375.19,147.33,233.87,350.91,360,40,89.34
6758,4,109.8,360.24,374.83,146.74,250.58,351.35,354.7,50,90.32
6759,7,109.3,364.68,368.25,144.99,281.24,347.29,358.2,42,90.1
6760,6,110.4,359.28,372,145.26,303.42,358,356.3,56,88.02
6761,9,111,359.58,381.44,144.73,370.73,414.12,351.4,70,549.88
6762,8,113.6,348.49,394.79,143.74,397.7,415.35,353.3,90,546.29
6763,10,115.5,350.01,399.82,142.18,416.78,411.73,361.4,75,546.24
6764,10,116.1,352.38,398.96,140.44,365.14,355.87,373.6,74,85
6765,9,115.8,351.3,394.61,138.74,327.51,355.6,380.6,58,90.18
6766,8,116.8,349.09,402.28,137.95,292.92,356.9,383.6,40,96.76
6767,5,117.6,344.05,408.94,136.98,274.86,363.47,378.3,30,102.87
6768,3,118,344.98,410.91,136.04,267.93,368.87,377,28,112.21
6769,4,117.9,343.39,400.72,135.94,259.85,367.48,378.6,31,118.22
6770,3,118.6,347.96,391.31,134.95,255.11,361.13,384.6,28,123.68
6771,3,119.2,341.08,400.55,134.99,262.39,354.77,387.4,27,121.19
6772,4,119.6,345.25,410.69,136.03,348.25,361.2,384.8,30,120.76
6773,6,119.4,344.24,423.48,137.93,414.9,361.78,383.8,55,117.73
6774,10,119.9,353.09,421.71,139.84,424.19,387.01,387.7,109,299.61
6775,8,120.7,344.98,423.22,140.96,348.64,383.15,405.9,62,295.72
6776,10,121.2,340.66,421.4,142.83,282.69,385.23,420.3,41,288.8
6777,8,118.4,342.58,412.23,143.72,243.26,361.36,428.3,47,99.33
6778,9,114.1,350.88,401.73,144.81,223,400.11,433,34,362.05
6779,7,112.8,362.43,386.04,145.77,199.33,397.19,440.2,25,358.09
6780,5,111.2,368.94,383.95,146.98,203.03,399.48,435.7,28,358.38
6781,5,110.4,371.96,381.35,146.06,220.77,359.44,423.8,33,89.94
6782,6,110.2,366.59,383.05,146.96,243.48,358.25,415.6,32,96.71
6783,4,110.7,366.88,382.14,145.96,285.24,360.2,435.4,35,104.25
6784,6,112,372.29,381.77,147.17,335.61,358,449.5,53,116.39
6785,8,112.5,378.31,394.6,147.19,382.13,422.58,464,63,575.43
6786,9,112.9,368.84,392.32,146.32,387.08,421.76,455,61,581.21
6787,8,113.8,357.63,390.18,145.73,369.87,427.02,454,66,583.84
6788,7,113.7,355.2,377,143.99,351.73,370.17,441,63,139.43
6789,8,112.7,353.7,380.19,142.2,325.66,377.29,446.6,61,145.79
6790,6,112.2,354.15,384.28,140.77,291.27,370.79,448.2,41,157.36
6791,7,112.2,351.09,384.51,139.98,263.98,367.45,466.5,29,168.34
6792,3,112.7,354.79,389.5,139.65,261.59,362.63,457.6,41,177.62
6793,3,112.9,360.74,394.32,139.83,260.46,377.48,461.6,29,194.37
6794,4,112.4,361.97,400.03,140.1,277.44,380,439.8,31,207.25
6795,3,112.5,370.51,401.14,142.34,324.69,375.3,441.8,36,226.23
6796,4,113,372.58,394.25,146.38,419.59,365.56,450.8,46,226.43
6797,6,114.6,381.73,392.9,156.45,541.21,366.3,477,93,224.16
6798,10,116.1,390.6,397.3,164.82,546.18,400.57,509.9,130,398.92
6799,9,117.2,397.64,402.7,168.07,482.17,411.9,516.4,84,390.55
6800,10,116.5,401.58,401.91,168.04,349.69,408.24,517,61,377.97
6801,9,115.5,397.76,400.34,161.91,292.76,379.41,501.1,43,179.68
6802,11,114.7,403.9,401.81,167.79,257.39,413.24,473.2,34,426.98
6803,11,113.7,402.28,404.9,166.25,253.81,409.78,449,38,401.32
6804,9,112.8,403.6,393.42,164.23,270.87,410.61,426.5,36,379.91
6805,10,111.9,404.06,392.92,164.47,296.72,362.56,436.9,40,108.23
6806,11,111.5,408.09,388.86,163.61,319.94,363.53,446.3,46,124.99
6807,9,111.9,402.96,396.3,160.44,348.18,367.52,470.2,64,151.66
6808,9,112.4,396.42,390.11,159.62,396.41,374.49,480.1,84,184.78
6809,10,113.5,392,399.79,160.21,435.94,443.87,490.3,97,674.46
6810,10,114.1,390.89,402.27,159.23,472.14,442.04,507.5,101,717.84
6811,11,115.9,389.4,416.74,158.97,467.97,442.76,538.2,84,737.87
6812,11,117.1,384.77,411.91,155.05,461.2,380.83,563.4,87,283.33
6813,12,117.1,380.12,412.34,149.43,431.4,382.31,574.6,91,268.27
6814,10,117.7,365.53,407.88,146.6,412.08,384.05,582.2,69,271.06
6815,10,118.2,351.48,407.15,145.11,397.95,396.25,602.5,56,289.3
6816,5,120.1,350.44,400.11,144.85,397.89,395.82,613.7,60,305.84
6817,4,120.2,348.34,395.73,144.65,401.61,398.25,608.7,61,315.95
6818,4,120.1,363.1,405.86,144.86,414.55,397.72,598.5,64,331.59
6819,5,120.2,368.75,422.29,146.53,427.15,404.81,582.4,65,332.01
6820,5,120.4,384.95,422.77,151.65,485.39,407.91,575.8,63,325.57
6821,7,120.3,388.03,413.97,159.86,558.63,398.78,578.7,96,305.95
6822,11,120.6,392.33,419.1,167.96,563.05,425.85,598.2,112,468.29
6823,9,123.7,396.97,421.73,171.58,493.06,418.8,594.9,99,452.54
6824,11,121.6,399.39,422.94,170.62,378.52,412.65,582,70,429.26
6825,11,118.7,403.91,413.88,168.91,323.82,372.32,545.5,54,231.28
6826,8,118.3,397.2,420.29,168.74,266.84,414.04,542.6,34,472.27
6827,6,117.5,398.88,420.46,169.24,234.38,414.37,519.8,39,460.35
6828,8,114.2,402.99,401.09,169.91,205.02,416.3,510.3,28,454.03
6829,8,112,418.02,381.79,169.5,207.71,368,494.7,27,192.68
6830,4,112.2,418.99,381.31,169.1,232.5,372.06,510.1,49,191.21
6831,8,113.1,414.78,390.75,168.25,286.37,370.63,550.7,39,203.13
6832,10,113.3,397.37,394.31,164.57,348.11,373.82,566.1,60,217.84
6833,9,113.6,392.75,396.66,165.65,404.14,439.05,594.5,94,687.8
6834,10,115.3,386.95,403.02,164.61,420.58,437.49,602.5,85,690.75
6835,10,116.2,390.28,414.59,162.24,407.53,438.09,617.4,74,699.51
6836,8,115.8,387.62,410.4,160.5,394.26,370.39,599.9,66,252.87
6837,7,115.2,389.22,401.43,157.62,383.26,377.79,584,55,260.03
6838,6,114.4,381.11,394.17,153.68,384.38,380.54,593.5,56,268.95
6839,4,115.6,377.39,401.42,151.11,373.1,388.73,606.8,56,293.31
6840,4,116.6,369.48,412.11,153.59,369.12,391.93,627.6,46,328.61
6841,4,116.5,374.18,414.94,152.7,371.56,397.67,631.7,63,362.61
6842,4,116.1,378.25,406.83,153.2,364.21,405.01,633.4,47,388.87
6843,3,115.8,384.36,404.31,154.91,364.36,401.38,631.9,45,413.72
6844,4,114.9,395.29,408.31,159.5,356.78,407.48,654.6,48,428.19
6845,4,114.4,400.95,404.47,169.21,373.19,398.73,682.6,53,424.38
6846,9,115.6,417.77,403.46,177.73,397.01,427.14,674.3,75,581.5
6847,9,116.9,428.34,403.25,180.29,438.35,418.94,648,92,549.86
6848,8,116.2,439.36,408.88,179.82,439.79,416.74,617,59,520.4
6849,10,115.6,441.67,403.11,178.05,411.46,387.52,608.9,61,307.74
6850,10,115,436.52,399.17,176.15,350.44,424.95,600.5,51,539.67
6851,8,113.4,437.03,396.37,175.07,300.69,420.09,598.8,48,514.96
6852,12,112.2,432.83,389.63,174.72,268.11,408.97,591.4,50,502
6853,9,111.1,427.41,382.49,174.23,236.16,364.51,584.3,51,236.5
6854,10,110.3,419.27,381.37,174.19,242.57,370.53,599.2,31,240.65
6855,8,111.1,408.18,385.82,169.2,253.57,386.92,625.1,29,276.2
6856,7,112.6,397.75,385.75,168.8,270.04,400.14,658.2,38,328.5
6857,6,112.8,399.68,390.31,170.45,315.12,470.13,658.4,67,811.77
6858,6,112.9,406.7,389.31,167.38,330.43,474.29,669,68,842.85
6859,8,113.1,407.7,396.8,163.76,347.61,471.34,690.8,74,850.93
6860,4,113.7,404.05,390.03,162.66,310.84,405.31,713.1,54,429.69
6861,4,113.3,402.67,394.23,160.63,293.3,401.69,728.4,47,421.93
6862,5,112.7,405.15,388.72,158.95,302.42,408.46,711.1,36,427.63
6863,3,113,401.5,390.27,157.31,309.08,399.82,697.7,37,425.09
6864,4,113.7,385.96,396.04,156.36,313.04,400.4,679.9,46,423.06
6865,4,113.9,393.36,398.43,156.14,302.2,392.49,673.9,39,391.66
6866,3,114.7,390.35,399.01,155.73,307.62,398.99,645.6,37,360.78
6867,3,114.5,400.15,389.53,157.53,325.95,394.52,619.4,40,330.92
6868,4,113.2,398.37,389.8,162.07,355.13,396.41,594.2,41,317.07
6869,3,113.4,413.56,396.06,171.52,377.41,393.16,590.8,45,299
6870,5,115,425.11,410.79,175.83,406.02,416.6,596,54,457.69
6871,6,117.4,437,411.74,178.58,419.03,411.37,595.9,68,436.23
6872,10,116.4,430.92,408.33,178.89,445.04,402,593.6,85,413.69
6873,8,116,426.24,399.01,170.26,436.23,370.67,566.9,64,216.07
6874,8,115.4,429.2,402.25,177.25,382.34,411.17,542,61,469.64
6875,10,115.2,442.7,397.97,178.82,311.76,416.7,521.8,58,461.87
6876,9,114.1,447.94,399.17,179.89,254.6,413.16,520.7,63,458.12
6877,7,111.8,440.66,390.55,179.42,272.14,376.56,512,33,181.22
6878,10,110.9,429.24,391.6,177.89,284.26,373.85,518.1,44,174.41
6879,9,110.4,427.04,386.22,175.64,322.35,375.32,512.9,76,170.76
6880,9,110.6,419.6,388.72,173.7,387.82,359.84,512.8,81,168.36
6881,11,111.9,411.33,391.4,170.48,459.35,435.25,503.2,78,627.12
6882,8,113.4,408.6,394.09,169.25,482.29,435.51,513.4,68,626.86
6883,11,114.6,406.65,404.61,167.28,456.95,440.28,524.2,69,631.89
6884,9,114.7,412.3,411.24,165.25,435.54,367.16,547.6,60,173.35
6885,11,115.1,399.33,411.06,160.93,407.76,362.32,542.8,63,170.16
6886,6,113.9,392.72,399.01,157.42,369.03,365.57,531.3,55,162.5
6887,4,113.3,376.55,382.44,155.09,324.87,360.12,498,42,159.73
6888,4,113.7,380.39,379.01,152.78,323.97,371.22,475.5,36,155.56
6889,4,113.1,374.63,379.38,152.65,328.75,369.1,459.8,37,156.2
6890,3,112.6,371.17,384.33,152.26,343.85,375.68,447.2,40,146.79
6891,4,111.4,365.13,383.4,149.87,368.74,371.24,438,42,141.16
6892,4,111.4,381.27,384.5,156,475.56,373.98,452,45,143.23
6893,10,111.1,404.64,381.76,169.98,528.39,372.71,472.3,82,154.32
6894,10,111.2,427.97,387.18,178.75,523.75,399.48,505.1,107,334.84
6895,9,112.4,428.8,385.74,182.26,417.28,396.8,515.5,87,334.43
6896,10,112.4,426.93,387.55,183.02,332.82,383.03,509.2,52,326.2
6897,9,112.6,419.09,390.25,180.47,283.5,354.29,493.4,45,149.87
6898,9,112,431.77,395.92,181.96,245.86,402.82,480.3,26,448.38
6899,10,111.1,438.65,396.56,180.69,224.11,414.58,503.1,34,487.05
6900,9,112.4,438.17,391.66,179.53,200.32,419.53,529.6,23,519.43
6901,5,111.2,431.06,380.22,176.98,198.81,369.11,574.2,27,252.05
6902,3,111.2,420.26,379.04,174.69,196.46,367.36,604.1,29,253.6
6903,8,110.8,410.67,382.21,170.65,265.8,369.91,629.3,37,274.2
6904,7,111.1,409.99,388.67,170.16,347.31,378.06,627.5,61,279.64
6905,10,110.9,412.85,397.73,170.37,430.05,450.54,608,100,736.62
6906,9,110.6,425.61,395.31,167.44,440.83,445.79,607.9,65,726.15
6907,9,110.2,423.96,396.11,164.07,441.57,439.74,619.7,82,730.99
6908,10,110.7,417.54,388.64,163.5,447.32,372.35,634.4,82,292.91
6909,10,110.7,406.71,388.96,159.85,439.11,379.33,616.7,69,315.71
6910,9,110.4,390.74,380.1,157.84,407.74,383.59,610.5,55,339.12
6911,4,110.4,382.64,378.28,155.37,373.52,394.78,624.5,42,357.14
6912,4,110.2,376.29,373.82,155.77,364.97,395.96,645.9,44,380.02
6913,4,109.7,380.07,382.1,155.26,375.12,400.49,650.9,45,395.34
6914,3,109.9,379.64,383.44,154.13,382.61,399.92,644.7,47,408.68
6915,4,110.1,390.7,377.26,155.08,411.51,395.31,651.2,48,406.81
6916,6,109.9,387.43,367.5,156.91,503.4,403.58,641.3,53,409.08
6917,8,109.6,395.75,368.36,158.74,567.89,404.64,639.9,95,405.92
6918,12,110,392.56,375.46,160.1,563.16,440.82,621.6,138,572.48
6919,11,110,389.95,380.08,160.09,462.54,426.91,615.6,71,538.28
6920,12,110.7,396.17,376.64,161.2,360.31,413.99,591.3,63,493.75
6921,11,110.9,398.38,377.21,160.51,308.28,374.92,569.8,39,267.92
6922,10,110.9,398.5,388.47,160.13,280.79,410.13,546,39,509.48
6923,11,110.5,401.3,391.39,159.27,279.9,412.65,541.6,45,473.13
6924,11,109.7,396.9,393.66,159.9,281.77,403.42,532.4,35,444.6
6925,6,109.2,405.31,381.45,159.75,291.27,367.66,559.9,37,150.34
6926,5,108.5,405.16,381.59,159.91,318.43,362.66,571.4,45,153.01
6927,5,108.7,407.11,381.77,159.79,348.14,378.14,583.3,44,182.57
6928,7,108.9,404.34,385.46,159.22,390.31,380.18,575.7,63,210.99
6929,9,110.8,397.95,395,159.75,410.06,456.16,574.6,80,729.08
6930,10,113.5,398.13,393.87,160.58,429.64,458.52,563.3,78,750.23
6931,9,113.8,398.79,401.27,161.37,444.94,458.72,572,76,769.31
6932,11,114.8,392.09,401.49,160.63,442.56,386.68,574.3,75,293.36
6933,10,115.5,387.09,405.15,159.58,434.92,382.6,611.5,73,310.61
6934,8,114.3,386.81,400.19,157.25,379.69,390.73,608.1,69,332.29
6935,4,112.9,393.29,388.28,157.3,359.49,404.78,622.8,45,369.07
6936,4,112.9,396.84,385.48,157.19,330.85,408.76,630.3,42,393.26
6937,4,112.9,398.94,386.33,154.8,340.42,412.84,632.1,42,417.73
6938,3,113.3,393.28,393.76,156.31,337.97,412.72,619.3,43,421.6
6939,4,113.3,386.45,394.9,156.65,366.29,410.28,598.5,40,414.17
6940,4,113.3,389.29,401.56,156.18,453.07,410,594.2,50,422.53
6941,7,113,394.23,399.91,160.12,530.53,405.4,586.4,98,431.79
6942,10,115.1,395.47,399.55,162.14,532.57,444.58,584.3,127,611.02
6943,9,117.5,393.21,392.6,163.1,454.38,437.04,593,81,574.33
6944,11,117,385.92,392.67,162.55,360.68,440.79,618,61,521.56
6945,9,115.6,393.16,397.87,163.2,309.86,399.39,632,45,290.93
6946,10,114.9,384.98,396.28,161.22,266.39,429.23,619.8,39,524.51
6947,11,113.4,381.47,390.71,160.53,250.65,416.99,593.5,33,496.58
6948,9,112.6,384.15,384.68,159.08,254.03,417.17,566.8,31,481.64
6949,6,112,390.88,388.17,159.17,250.99,381.62,572.9,27,206.74
6950,6,111.9,402.94,387.09,161.46,272.03,379.74,591.4,34,221.38
6951,7,112.9,398.69,380.31,162.06,296.94,384.63,620.4,40,252.67
6952,8,113.3,405.44,375.83,162.86,382.61,383.97,630.6,72,292.82
6953,11,113.2,404.43,390.5,164,426.48,444.02,630.5,87,772.96
6954,7,112.8,405.47,398.33,164.27,445.87,444.89,628.2,91,784.95
6955,10,113.4,398.73,397.48,165.84,413.14,458.99,647.5,66,788.21
6956,9,112.2,397.35,391.42,163.25,400.51,409.11,670.2,78,341.68
6957,8,112.1,398.88,389.65,161.68,363.81,406.11,672.8,62,362.28
6958,7,111.7,401.94,390.74,158.36,335.88,398.11,684,42,376.16
6959,4,110.7,402.73,380.92,160.21,289.65,397.65,682.7,39,393.96
6960,4,111.3,394.26,377.32,158.09,272.78,399.35,686,37,401.38
6961,3,111.4,393.66,385.54,158.34,261.4,398.29,662.3,27,412.94
6962,4,110.8,389.38,390.25,157.99,270.82,400.74,656,30,418.96
6963,3,111,386.52,389.56,160.34,298.42,406.66,670.6,32,419.39
6964,5,111.4,395.45,381.65,164.4,360.47,407.64,682,41,423.07
6965,8,111.8,416.58,385.82,175.7,440.5,401.22,698.2,84,428.63
6966,11,113.2,436.53,399.31,185.41,432.54,423.87,706.5,119,611.99
6967,9,115.2,443.09,406.97,187.18,382.96,421.52,708.6,60,578.86
6968,10,115.6,433.98,404.76,188.46,310.45,423.03,689.8,51,533.03
6969,12,114.6,438.67,400.87,182.46,315.68,387.54,663.3,53,299.37
6970,9,112.9,446.48,400.58,185.88,317.43,425.41,663.4,37,534.42
6971,10,111.9,456.93,397.69,186.85,318.85,420.32,663.5,46,507.67
6972,11,111.3,449.4,389.47,186.65,310.14,423.73,658.3,46,494.15
6973,8,110.5,438.62,383.75,185.71,294.46,381.25,642.7,41,222.32
6974,9,110.6,434.61,389.54,181.85,283.39,378.88,643.5,38,234.92
6975,9,111.1,442.11,386.54,182.61,325.22,380.8,651.6,58,278.35
6976,9,112.3,440.21,388.13,182.66,377.26,389.17,685,61,338.15
6977,9,113.3,435.91,393.15,184.63,444.12,480.53,715.7,90,875.99
6978,11,113.8,427.53,399.3,182.59,502.41,486.36,766.3,88,910.94
6979,9,114.1,427.56,397.98,178.98,572.54,499.79,768.7,92,950.76
6980,12,114.1,418.97,396.94,178.02,598.95,423.91,767.1,99,500.2
6981,11,113.8,422.43,402.22,176.01,556.26,427.16,755.6,95,525.39
6982,10,114.7,418.07,413.71,173.66,512.82,418.05,742.7,77,532.35
6983,5,114.7,424.08,409.62,172.27,479.94,413.88,734,73,542.08
6984,4,116,419.49,410.99,170.65,482.81,414.32,722.4,78,533.62
6985,4,117.5,407.3,406.91,170.68,480.51,416.71,722.5,77,516.54
6986,4,117.6,411.26,415.22,171.78,489.87,421.16,703,81,507.02
6987,4,118.2,406.63,423.39,175.11,529.1,430.8,684.8,85,498.76
6988,3,120.4,422.1,425.06,176.74,589.24,435.52,698.7,93,493.37
6989,8,120.1,428.54,424.6,186.11,644.2,434.46,708.2,121,488.35
6990,11,125.8,438.31,428.16,194.36,633.43,447.38,703,154,645.63
6991,11,130.2,439.89,436.69,196.65,571.06,431.83,677.4,106,613.7
6992,12,128.2,444.39,443.45,196.67,504.17,425.8,664.7,79,561.71
6993,11,123.7,447.39,430.22,195.59,445.73,397.52,665.8,85,345.4
6994,11,123.2,459.89,420.68,195.37,403.75,443.76,662.8,81,600.41
6995,9,121.9,456.19,413.52,195.19,376.23,437.49,668.1,64,575.75
6996,6,118.8,456.23,408.4,194.06,365.98,427.84,673.3,64,572.58
6997,9,117.6,452.19,400.56,192.37,358.84,381.76,659.5,54,292.56
6998,7,117.2,440.01,400.41,188.62,366,386.43,654.8,60,300.49
6999,7,117.2,432.25,404.75,185.97,406.58,390.28,644.2,85,304.45
7000,8,117.6,418.78,410.66,184.25,456.44,391.01,640.9,103,292.47
7001,10,119.7,423.31,423.47,180.96,529.3,453.39,614.6,84,729.17
7002,10,122.8,421.93,427.21,181.67,545.74,453.29,595.1,97,706.75
7003,11,124.7,420.08,428.99,180.84,558,450.23,586.8,85,692.78
7004,8,125.5,407.9,425.61,176.27,511.08,381.28,598.7,94,224.04
7005,10,124.2,403.68,431.73,171.53,487.87,372.38,587.6,82,199.85
7006,8,125.5,397.39,439.92,168.42,472.99,372.47,556.9,93,172.05
7007,9,125.6,398.37,434.06,165.08,477.75,367.96,518,95,152.35
7008,5,126.7,392.04,435.34,163.67,480.05,362.6,492.9,96,141.56
7009,4,128.2,391.14,431.41,162.52,461.73,356.88,468.1,77,136.75
7010,4,127.6,393.86,436.04,162.8,438.41,359.92,423.5,75,132.45
7011,4,128.5,394.47,439.25,163.79,433.86,371.65,402.5,74,130.7
7012,4,127.4,403.46,442.28,167.58,441.4,372.32,401.9,72,126.93
7013,4,126.8,409.8,447.56,175.76,443.77,370.3,438.5,72,119.79
7014,8,130.4,424,456.78,185.96,448.16,392.48,452.7,89,285.39
7015,10,134.6,427.49,456.5,189.21,470.28,386.15,444.6,95,261.87
7016,10,132,428.74,449.96,188.67,538.29,381.99,420.6,101,244.15
7017,11,129.5,437.56,433.82,188.25,590.82,356.05,400,98,55.48
7018,10,126.4,442.74,431.73,187.57,592.19,396.12,385.9,114,324.87
7019,11,119.5,439.2,422.1,186.82,530.55,397.86,375.7,88,331.97
7020,11,118.1,427.14,413.68,183.87,456.89,393.21,365.5,87,337.36
7021,12,116.2,426.92,407.25,183.05,425.04,353.36,368,71,77.32
7022,9,115.8,429.38,396.21,183.82,431.25,352.2,373,83,76.96
7023,11,116.5,425.94,394.65,180.9,473.11,353.12,382.2,92,76.45
7024,9,117.5,414.31,391.91,180.5,503.65,354.89,385.8,104,76.18
7025,10,119,416.72,412.03,179.67,533.64,423.83,382.6,108,536.53
7026,12,122.1,422.21,424.38,176.98,522.04,417.61,390.5,110,532.49
7027,11,124.6,421.98,435.77,176.72,510.38,416.67,417.8,103,525.67
7028,10,127.7,409.44,431.2,175.79,518.19,350.9,435.4,100,61.82
7029,8,129.5,399.51,434.77,170.31,490.08,363.89,427.1,85,67.1
7030,5,128.4,398.77,437.69,169.54,470.59,362.41,420.2,69,76.32
7031,4,129.8,402.08,438.36,168.4,420.51,357.95,421.2,73,85.66
7032,4,130.7,403.39,438.15,169.12,430.9,355.22,428.4,84,95.79
7033,4,131,402.18,438.4,165.86,429.36,364.81,428.8,74,106.11
7034,4,128.9,400.11,443.04,161.78,442.9,367.21,418.1,75,117.89
7035,4,122.3,393.61,430.44,161.02,455.22,361.21,416.4,81,134.16
7036,3,122.1,403.07,424.76,166.48,471.41,359.72,424.3,80,147.13
7037,5,121.9,416.19,415.33,179.27,483.26,361.43,452.8,92,161.23
7038,5,124.1,436.1,420.1,187.49,496.56,403.24,475.2,91,348.15
7039,10,125.3,448.78,413.41,191.53,524.17,401.15,473,97,343.12
7040,11,123.6,457.75,415.1,191.41,564.57,397.04,458.1,99,325.76
7041,11,119.3,461.32,411.17,188.89,556.28,356.27,439.7,108,123.41
7042,11,118.3,456.89,411.74,190.56,524.05,395.9,420.8,95,380.89
7043,10,117.5,447.68,408.74,191.25,479.95,398.78,424.1,99,383.13
7044,11,117.1,439,406.26,188.26,464.3,403.74,432.5,71,390.71
7045,11,116.2,437.29,403.12,184.86,446.43,375.98,450.4,68,140.31
7046,10,115.9,432.41,398.9,186.55,438.21,375.88,474.3,74,159.21
7047,11,115.8,430.22,394.29,185.2,441.35,380.61,508.8,82,176.31
7048,11,115.7,414.6,400.99,178.7,461.14,376.59,546.9,100,188.77
7049,11,116.1,416.36,414.26,176.94,454.58,456.39,582.1,112,633.71
7050,9,116.2,408.5,425.22,174.23,438.27,451.71,622.8,91,650.31
7051,10,116,409.81,416.34,170.22,419.58,450.33,652,69,672.89
7052,10,115.9,398.42,401.73,167.11,400.25,374.75,652.8,86,269
7053,9,115.5,403.64,392.25,165.21,362.35,385.78,627.6,77,296.99
7054,9,114.3,396.63,396.56,164.72,326.79,386.59,620.6,56,313.4
7055,9,113.7,392.59,397.32,161.86,295.94,395.5,629.7,35,319.58
7056,5,113.5,379.69,396.24,162.94,292.32,399.85,653.4,31,330.21
7057,4,113.6,381.55,393.16,161.26,276.48,404.47,663.2,29,355.36
7058,4,113.3,380.86,390.22,161.47,278.38,406.04,661.2,29,374.11
7059,5,113.3,393.26,387.01,163.01,316.09,400.91,658.9,35,391.23
7060,5,113.5,394.65,386.25,167.76,418.78,405.63,668.8,40,383.4
7061,8,113.4,413.46,387.68,175.89,518.91,402.99,678.5,83,389.9
7062,11,113.8,422.49,397.01,183.64,535.43,432.64,701.9,128,570.86
7063,10,115.2,427.3,388.17,186.66,478.98,428.54,702.7,116,560.81
7064,10,115.8,423.73,388.46,186.47,404.89,430.11,690.1,71,526.4
7065,11,115.8,431.47,387.02,182.43,385.98,397.13,671.8,59,303.59
7066,9,116.5,438.88,395.27,184.76,370.17,424.12,637.9,48,532.22
7067,11,116.6,435.64,391.8,184.05,326.04,416.3,621.7,55,507.78
7068,7,115.1,420.63,389.54,184.42,299.63,405.95,588.4,54,483.85
7069,6,114.3,419.96,393.01,181.5,287.8,369.08,600.1,45,217.02
7070,8,114.6,422.37,394.36,180.82,308.21,373.25,613.6,49,226.08
7071,8,114,441.8,392.57,177.19,368.54,387.68,638.5,59,259.88
7072,7,113.4,439.41,388.97,181.56,411.74,390.13,641.1,73,286.93
7073,8,114.4,442.4,391.62,177.22,477.03,469.97,641.3,106,791.15
7074,11,113.7,418.2,398.27,174.92,471.34,461.12,639.6,112,799.86
7075,11,114.2,416.75,398.09,171.97,469.26,468.21,654.2,105,819.3
7076,11,113.8,401.67,398.48,174.35,447.15,394.45,663.7,78,357.2
7077,9,113.7,403.95,394.75,165.93,401.41,405.6,675,87,365.17
7078,12,113.5,392.56,389.2,164.47,384.13,406.59,677.4,73,370.47
7079,7,113.6,392.22,393.69,159.72,340.46,405.46,674.7,69,375.72
7080,5,113.8,389.85,396.41,157.87,365.75,411.88,680.1,64,401.28
7081,4,113.4,388.58,402.65,157.61,340.02,408.05,674.4,65,421.49
7082,4,113,387.92,400.13,157.79,374.9,408.23,688.5,71,436.02
7083,4,113,382.38,394.37,155.78,357.24,402.9,696.5,70,439.74
7084,6,113,384.92,397.5,157.8,470.81,407.49,717.6,73,448.05
7085,7,113.2,391.98,392.9,162.03,504.52,405.46,738.4,119,447.24
7086,10,113.4,396.61,397.21,162.67,538.25,434.23,736.2,142,626.09
7087,12,113.9,404.32,395.34,164.78,443.25,433.7,742,97,599.86
7088,11,114.7,399.02,400.71,164.73,405.47,440.93,744.3,88,581.52
7089,11,115.8,398.72,404.96,165.49,392.01,411.15,745.8,70,370.6
7090,10,116.1,400.06,417.56,164.76,368.9,454.2,751.4,70,614.58
7091,8,115.2,399.65,416.43,165.29,314.06,450.4,740.1,82,608.1
7092,6,115.1,403.02,412.07,162.69,269.14,441.81,767.4,80,601.22
7093,10,114.4,397.02,394.53,161.03,264.81,392.97,751.8,85,341.54
7094,11,113.4,397.09,396.68,159.86,283.56,387.79,757.6,88,344.06
7095,12,112.9,399.88,391.75,162.96,304.89,400.68,732,94,375.53
7096,10,113.1,395.33,408.01,168.57,341.67,409.49,738.7,108,410.01
7097,10,113.5,399.79,404.75,163.53,373.07,484.26,728.5,138,912.54
7098,10,114.4,397.54,417.43,162.4,380.02,483.87,743.1,126,937.55
7099,11,114.7,404.89,410.46,162.62,417.04,490.43,749,133,973.08
7100,12,114.7,398.43,408.2,159.19,405.66,421.13,776.6,122,524.11
7101,10,115.1,389.61,408.5,158,383.74,422.36,775.2,101,539.23
7102,5,114.3,376.33,401.56,156.77,296.42,424.31,764.6,88,529.53
7103,9,115.4,375.34,405.38,155.9,259.31,428.67,745.8,79,519.4
7104,11,115.8,376.85,391.93,152.64,240.71,423.63,734.3,85,491.06
7105,12,115.5,376.67,394.61,152.01,242.72,414.2,735.9,86,459.22
7106,11,115.3,378.12,394.98,153.72,249.06,403.12,710,92,436.79
7107,14,115.4,381.23,403.5,154.09,270.49,399.2,695.2,96,408.85
7108,14,115.7,386.27,415.07,153.87,356.28,393.77,693.2,102,394.06
7109,18,116.6,381.09,415.32,157.84,407.6,391.51,697.4,140,367.05
7110,25,117.7,380.49,404.64,159.12,410.58,420.24,696,191,532.35
7111,25,117.7,378.92,397.95,159.37,327.97,414.28,665.3,134,507.26
7112,22,117.3,383.67,396.58,162.32,276.27,421.13,645.7,120,484.79
7113,23,116.7,385.59,411.49,162.42,244.78,389.98,612.1,99,278.28
7114,14,116.5,388.45,410.76,164.72,234.5,427.22,603.3,84,531.44
7115,12,116.4,391.18,408.4,162.54,226.19,416.09,578.7,81,500.17
7116,12,115.6,397.18,394.24,160.72,210.9,410.49,562.6,79,474.76
7117,11,114.1,398.35,390.56,161.84,200.89,373.85,527.7,68,172.46
7118,11,113.9,397.2,391.32,160.51,196.07,374.14,525.3,70,167.39
7119,9,114.6,391.39,401.99,161.95,237.31,378.05,549,84,167.7
7120,8,114.9,395.25,399.31,160.44,283.29,375.44,581.5,99,175.32
7121,9,114.4,392.13,410.7,159.26,339.44,446.33,599.1,100,615.52
7122,9,113.6,385.65,397.95,157.6,375.98,447.52,593.4,120,616.49
7123,11,113.5,387.44,390.71,157.39,380.72,447.13,574.7,125,606.09
7124,12,113.3,386.45,382.61,156.62,354.62,371.55,554.3,101,160.62
7125,12,113.7,392.16,385.6,155.49,311.7,364.72,524.7,110,155.12
7126,11,113,388.05,390.41,154.47,274.03,370.91,504.3,85,155.22
7127,18,112.4,389.65,382.07,153.29,254.22,373.21,484.4,90,155.79
7128,16,112.6,379.6,379.18,153.44,235.18,367.6,487.3,91,157.55
7129,12,112.5,376.28,383.78,153.83,234.52,358.6,495.2,92,167.13
7130,14,113.3,376.8,388.01,153.87,240.74,362.64,505.4,96,188.12
7131,14,112.7,379.07,388.36,155.7,258.43,375.7,525.7,99,214.49
7132,14,112.4,390.1,387.8,160.26,346.73,387.93,560.9,98,247.22
7133,17,111.9,402.34,393.51,170.79,410.78,388.88,595.9,138,267.38
7134,20,113.4,427.86,402.62,179.46,427.38,421.24,618.3,189,461.86
7135,22,115.3,435.4,407.3,182.82,362.76,418.51,599.2,132,452.11
7136,21,115.5,440.26,400.37,187.75,289.86,422.61,577.9,125,432.79
7137,19,115.2,432.85,398.98,182.11,257.51,388.87,559,115,218.02
7138,15,113.9,434.36,396.05,186.91,228.44,421.2,567.6,79,438.03
7139,15,113,435.17,394.25,185.32,223.66,422.24,590,70,426.64
7140,11,112.8,430.1,398.51,182.31,212.94,423.94,596.4,74,428.98
7141,12,112.5,430.1,393.63,180.09,199.34,386.47,611.2,70,195.45
7142,11,111.3,421.95,393.43,178.08,207.77,385.82,618.2,77,199.19
7143,11,111.8,421.41,386.24,174.48,239.89,391.78,632.1,79,210.31
7144,10,113.1,412.6,384.48,173.68,289.75,397.7,642.8,114,225.24
7145,13,113.5,413.52,390.14,171.76,337.54,450.65,653.1,140,701.63
7146,11,114,412.96,389.78,170.5,360.95,435.8,657.2,106,709.86
7147,12,114.4,411.03,392.68,169.31,364.34,432.4,655,114,696.98
7148,14,114.5,401.81,389.37,167.08,355.14,372.76,639.1,115,234.76
7149,22,114.7,396.4,396.61,165.11,324.75,377.09,619.6,117,237.75
7150,18,114.8,391.14,395.03,161.89,300.25,377.37,612.2,100,245.58
7151,15,114.4,383.28,393.76,159.34,257.73,378.97,614,95,243.18
7152,16,114,387.37,382.32,157.46,256.8,383.51,594.6,109,233.28
7153,17,113.2,385.25,378.52,157.43,261.43,386.2,583.3,106,230.94
7154,19,112.7,397.85,384.47,158.01,278.19,383.57,558.8,113,231.92
7155,22,112.4,397.65,389.05,157.79,305.72,381.39,559.3,113,231.78
7156,20,112.2,405.53,397.01,162.22,380.52,375.01,543.7,107,230.34
7157,24,113,424.39,399.73,173.18,453.07,380.58,532.2,172,220.53
7158,27,115,434.85,403.02,184.77,449.93,403.95,537,186,400.08
7159,27,115.5,445.71,408.05,190.82,390.57,407.78,529.4,148,391.33
7160,24,114.9,448.68,400.95,190.41,323.2,402.93,531.6,125,375.96
7161,24,114.6,441.41,394.6,188.44,299.66,379.48,510.1,111,165.42
7162,19,114.7,443.43,392.12,187.02,269.4,413.47,502.4,96,415.52
7163,17,113.8,427.44,393.54,185.24,254.66,405.28,506,91,399.9
7164,18,113.3,432.4,396.13,176.23,246.65,400.96,516.4,96,396.65
7165,10,112.6,428.92,394.21,183.21,262.13,358.98,525.5,88,123.63
7166,10,112.8,434.56,394.72,183.16,268.89,358.62,532,99,132.48
7167,8,113.8,439.84,396.74,180.14,288.46,358.7,551,107,159.94
7168,21,113.6,423.61,399.49,179.17,312.82,366.62,588.1,117,186.78
7169,20,113.7,414.87,406.1,178.45,348.08,449.7,625,132,666.77
7170,23,113.8,407.98,406.94,176.8,362.15,454.97,656.3,136,672.28
7171,28,113.6,419.18,396.14,174.28,353.97,454.18,674.5,124,683.2
7172,25,113.7,420.18,403.87,172.06,334.55,382.78,657.2,122,242.52
7173,27,113.5,414.34,395.8,169.1,317.43,379.5,643.6,117,261.47
7174,25,113.5,405.82,399.54,166.48,313.83,384.99,597.2,130,277.89
7175,24,113.8,403.25,384.86,165.04,300.36,391.3,587.7,120,296.9
7176,23,115.4,393.7,401.52,163.56,287.76,394.77,568.1,111,314.45
7177,20,115.2,390.72,402.91,162.6,268.36,399.31,564.1,111,324.88
7178,20,115.2,384.55,408.14,163.31,256.1,400.11,564,112,319.97
7179,19,116.5,380.17,398.36,164.34,251.41,404.02,563.9,109,304.1
7180,20,116.2,385.88,397.43,169.82,252.9,395.52,580.4,118,281.84
7181,19,116.2,400.69,397.19,181.11,282.94,397.07,599.8,117,263.99
7182,21,116,431.47,396.9,190.45,312.21,414.43,609.9,124,427.1
7183,24,114.6,447.66,400.23,194.88,362.19,404.27,615.5,133,418.86
7184,22,114.8,452.06,397.2,191.96,425.09,398.64,613.1,155,414.84
7185,22,113.1,456.22,403.1,191.69,485.31,377.37,620.1,174,225.73
7186,21,112.7,455.91,398.22,190.78,483.23,426.97,620.5,187,485.46
7187,23,112.8,455.78,393.03,189.26,432.75,423.96,598.3,152,453.04
7188,23,111.4,450.76,382.12,188.29,373.89,419.78,569.6,133,421.74
7189,22,110.2,451.61,380.05,187.37,356.76,375.61,537.8,143,116.1
7190,20,109.6,444.91,389.14,187.76,379.46,371.11,506.1,137,108.22
7191,21,110.3,443.21,390.01,187.32,399.74,370.22,488.9,124,119.51
7192,21,111.1,423.5,383.15,185.48,392.96,370.57,495.8,134,147.81
7193,18,112,419.51,380.52,177.91,358.76,446.36,516.4,123,624.28
7194,23,112.2,411.09,382.36,175.04,330.26,445.39,526,160,642.31
7195,23,112.4,418.99,392.1,170.63,323.93,446.48,529.7,132,659.94
7196,22,112.7,415.04,385.51,170.45,323.51,369.9,527.4,122,210.72
7197,22,113.1,409.49,381.47,165.93,318.01,373.85,521.6,117,206.24
7198,20,113.1,395.3,391.14,164.7,304.03,378.96,492.6,115,191.19
7199,17,113.1,390.48,395.53,162.53,289.09,380.01,474.6,110,192.68
7200,18,113.4,385.14,400.37,162.07,295.19,372.77,473.3,117,199.5
7201,20,113.4,386.83,399.38,162.62,295.26,366.85,484.8,108,203.1
7202,20,112.3,392.98,393.72,161.69,287.59,370.16,484.2,107,197.1
7203,21,112.5,393.55,395.38,163.67,274.61,373.91,463.3,114,188.44
7204,20,112.2,401.75,382.04,167.6,281.5,369.34,442.7,112,187.48
7205,23,112.1,426.05,388.62,179.3,301.46,371.81,449.8,119,184.52
7206,23,112.8,448.73,386.08,193.35,315.82,399.02,462.9,123,346.66
7207,28,114.3,465.74,394.46,191.96,356.33,406.05,462.6,142,315.99
7208,32,114,457.97,400.1,186.75,421.99,401,440.2,143,287.24
7209,29,114,446.06,401.69,186.12,482.98,366.87,418.8,165,90.96
7210,27,113.5,432.7,392.68,187.35,485.76,401.56,415.3,156,345.03
7211,25,112.4,431.7,382.46,186.85,414.68,399.84,400.8,149,342.87
7212,20,111.5,437.04,380.94,190.11,371.49,408.7,405.2,130,344.21
7213,22,110.7,445.65,388.14,186.1,332.38,364.14,407.3,141,84.41
7214,22,110.9,436.86,392.22,184.81,372.93,357.53,421.8,141,88.22
7215,25,110.2,440.67,394.98,182.53,378.71,351.8,426.7,130,90.28
7216,26,109.6,433.58,389.98,181.73,397.06,353.16,427.4,148,90.46
7217,29,109.9,426,387.14,178.31,427.38,423.38,428.1,172,553.29
7218,29,110,412.3,377.97,176.43,420.12,424.46,419.3,164,551.8
7219,30,110.4,403.8,377.26,175.02,464.12,415.11,427.3,177,552.64
7220,29,110.7,412.94,376.73,173.77,435.35,345.3,434,138,87.01
7221,31,110.6,405.62,375.58,169.52,445.68,344.9,459.1,154,90.41
7222,24,110.1,412.96,373.47,165.49,398.21,357,465.3,152,108.52
7223,36,109.9,406.28,373.57,163.36,363.68,372.17,468,134,134.71
7224,29,110.1,407.38,376.47,162.66,349.13,374.67,456.1,127,152.41
7225,28,110.1,389.87,382.1,162.03,353.66,371.93,455.9,130,163.91
7226,25,110.4,389.2,377.56,162.28,345.16,364.06,467.6,122,179.65
7227,23,110.6,393.44,381.27,165.29,332.15,370.98,474,115,205.05
7228,22,110,413.74,375.96,170.4,327.35,377.35,486.5,116,220.58
7229,22,109.3,432.5,370.68,180.96,398.99,372.17,499.7,113,215.53
7230,26,109.5,449.13,376.09,191.12,477.23,397.18,515.2,156,396.85
7231,29,110.6,444.6,379.02,191.51,490.77,400.26,529.3,202,381.07
7232,30,112,437.7,388.39,185.69,426.78,405.35,532.3,141,368.35
7233,28,112.6,428.84,381.7,182.87,365.78,371.36,542.1,123,164.66
7234,26,112.6,421.55,390.57,180.9,338.14,410.4,539.9,119,436.57
7235,18,112.7,410.99,391.64,169.25,325.02,403.29,534.5,120,436.57
7236,18,111.5,404.03,394.62,173.96,295.99,408.41,530.8,102,436.39
7237,16,110.9,411.54,384.89,174.62,273.83,364.66,539.2,105,162.55
7238,16,110.7,405.74,382.84,173.59,259.78,376.04,546.1,96,163.31
7239,19,110.9,406.42,382.64,171.03,267.95,369.81,560.7,120,164.7
7240,21,111.1,399.76,391.66,171.26,321.61,370.67,559.5,110,171.77
7241,20,111.5,407.22,399.97,169.92,348.34,442.79,564.9,126,624.93
7242,22,111.9,403.96,395.95,167.59,373.97,452.76,578.6,161,657.46
7243,23,112.2,398.95,392.06,162.73,340.48,446.77,583.3,156,682.27
7244,21,112.2,393.47,385.25,159.77,349.8,378.93,587.1,118,265.35
7245,18,112.4,387.12,381.67,158.1,314.81,380.75,569.4,127,259.04
7246,19,112.5,374.37,374.02,155.23,311.99,391.32,541.2,105,252.62
7247,15,112.8,368.44,374.71,151.02,272.78,388.16,518.5,108,246.98
7248,18,112.7,365.12,383.08,150.44,262.13,389.04,503,110,254.1
7249,15,112.9,372.6,389.51,147.31,249.8,388.67,506.3,102,255.75
7250,14,113.1,378.46,393.16,148.46,253.89,381.01,510.6,99,251.08
7251,16,112.7,386.58,389.88,147.13,258.76,373.41,512.2,104,243.44
7252,16,113.4,386.16,386.46,153.57,270.86,379.36,511.8,104,250.03
7253,17,113.9,375.78,381.81,153.33,339.02,387.06,510.7,109,260.65
7254,19,114.5,373.64,387.48,156.1,401.4,418.97,514.5,154,462.65
7255,23,115.4,382.63,394.96,158.99,418.01,405.55,521.2,163,450.81
7256,21,116.1,392.5,396.62,159.08,390.1,405.76,524.8,133,432.11
7257,21,116.2,394.14,388.85,160.4,328.36,375.54,529.5,117,208.16
7258,19,116.3,393.32,379.94,160.44,300.27,428.55,518.8,106,451.84
7259,16,114.5,390.36,380.21,159.52,268.16,426.89,499.8,95,435.41
7260,12,113.2,383.37,381.51,159.57,263.22,428.55,496.3,106,439.81
7261,9,113.6,378.54,379.56,159.09,254.28,373.24,509.9,101,186.58
7262,6,113.2,380.65,382.52,159.97,241.86,370.89,542.2,92,208.36
7263,6,113.9,393.18,393.63,160.72,262.38,377.29,545.8,96,220.04
7264,5,114,394.64,402.89,164.26,292.62,388.65,555,104,228.51
7265,10,114.8,387.99,408.55,158.07,323.88,460.88,545.7,100,690.46
7266,11,115.2,378.94,405.31,154.82,343.93,460.28,559.1,119,689.06
7267,9,115.6,378.72,398.24,156.59,361.66,454.25,569.3,117,695.27
7268,12,116.5,379.39,397.23,154.71,371.76,386.84,579.3,126,233.63
7269,10,117.1,380.68,402.82,152.42,332.86,382.84,565.9,88,246.52
7270,10,117.1,372.18,421.38,153.2,307.02,385.1,542.9,82,237.14
7271,6,118.2,367.33,417.14,154.21,261.37,377.75,529.4,61,237.08
7272,7,118.2,364.89,407.59,153.03,246.28,382.25,520.3,58,236.97
7273,4,117.1,367.6,403.89,149.43,215.83,384.65,519.1,49,251.77
7274,4,116.5,367.1,405.39,148.49,208.89,392.54,504.9,50,256.4
7275,4,116,366.08,411.68,148.15,213.44,383.08,485.9,49,248.94
7276,4,115.5,362.54,402.54,149.29,251.31,378.43,482.3,52,239.62
7277,4,115.6,361.62,401.41,148.84,321.49,374.08,479.1,62,235.27
7278,8,115.9,358.2,396.59,150.54,412.42,401.07,490.8,109,409.8
7279,11,116.3,373.84,400.54,153.38,407.44,406.81,492.9,143,395.17
7280,13,117,380.92,398.23,155.68,371.97,407.68,500.8,111,378.58
7281,11,116.2,391.32,408.28,157.34,282.9,376.4,510.9,103,184.33
7282,10,115.2,394.53,410.84,159.45,282.6,403.16,511.8,85,459.14
7283,12,114.3,404.05,400.48,159.69,270.86,403.34,509.7,68,451.65
7284,12,113.2,403.54,387.57,158.83,286.22,408.55,492.8,62,439.36
7285,11,112,397.84,380.51,157.69,262.23,373.08,483,71,146.8
7286,7,111.7,390.65,385.24,157.31,255.44,368.06,483.4,85,148.68
7287,6,111.4,383.33,381.13,157.7,260.8,367.5,504.6,78,169.87
7288,8,111.9,374.08,384.7,157.1,289.68,372.05,516.7,80,192.32
7289,8,113.7,370.12,393.32,158.13,320.66,445.45,545.5,92,642.59
7290,10,116.1,373.45,404.96,157.67,343.68,451.31,550.9,95,652.04
7291,12,116.5,380.11,400.82,156.04,348.21,457.17,565.6,111,666.7
7292,11,116,380.91,397.17,154.81,337.21,394.02,568,100,246.05
7293,6,116,376.94,397.13,153.42,314.68,388.16,570.9,125,262.04
7294,11,114.9,376.83,401.48,152.72,292.17,389.34,568.2,100,283.97
7295,6,114.1,370.08,402.2,150.98,260.3,390.54,554.4,84,307.86
7296,5,114.3,371.78,399.41,150.8,238.22,390.25,533.9,73,305.72
7297,4,115.9,370.07,400.3,150.62,224.88,384.3,497,85,287.74
7298,4,116.6,370.25,399.6,151.05,226.28,380.59,462,82,257.91
7299,5,117.1,364.33,395.16,151.12,232.18,376.4,442.4,79,234.22
7300,5,117.7,364.45,397.59,151.22,249.38,372.55,455.9,81,211.81
7301,5,117.3,375.71,406.51,155.6,311.75,368.25,473.1,86,190.59
7302,7,116.9,401.5,417.63,166.36,384.32,396.21,486.5,117,366.77
7303,12,118.1,414.86,417.56,175.63,401.78,400.12,487,167,346.71
7304,12,118.6,422.78,407.95,177.16,345.69,399.72,484.1,124,329.29
7305,12,118.5,415.23,406.96,179,287.1,365.8,467.2,101,110.95
7306,12,118.6,412.42,410.13,178.54,274.43,394.47,466.9,93,354.75
7307,11,117.8,422.19,416.98,178.63,280.33,393.67,467.6,94,339.66
7308,8,117.6,417.96,415.12,177.59,299.72,400.76,486.1,65,344.55
7309,5,116.3,424.02,414.22,176.34,285.12,355.94,485.7,72,94.97
7310,4,115.9,417.96,405.22,177.42,285.79,359.73,489.7,78,113.51
7311,5,116,426.09,396.77,177.66,262.23,360.49,505.7,82,132.04
7312,8,116.9,416.24,391.82,173.74,276.21,372.51,517.6,99,138.64
7313,8,116.5,409.14,398.3,169.71,303.91,430.16,529.9,94,621.6
7314,11,116.2,401.35,398.2,167.05,323.18,435.39,521.6,116,626.41
7315,13,116,395.99,401,165.42,325.49,437.91,509,97,635.29
7316,11,115.1,397.02,393.69,163.23,314.87,375.76,493,114,160.97
7317,8,114.7,389.55,396.13,160.16,313.75,361.25,483.3,94,161.64
7318,12,114.2,386.8,384.15,150.81,294.75,357.97,467.9,101,164.48
7319,6,114.4,372.18,388.27,155.01,264.08,355.63,442.4,72,174.38
7320,4,114.5,366.05,393.55,153.07,225.99,365.84,420.1,62,185.46
7321,4,114.6,361.45,405.35,151.93,222.88,365.85,427,60,195.3
7322,4,114.8,357.51,410.72,150.56,217.04,374.94,450.6,73,209.07
7323,4,115.7,365.03,406.94,150.1,218.32,384.14,462.9,63,221.08
7324,4,115.6,367.26,408.49,153.86,223.84,388.1,461.1,57,226.82
7325,6,116.5,382.88,407.83,156.89,259.83,380.23,469.7,62,222.21
7326,9,117.4,393.98,411.34,164.54,317.15,398.29,474.5,86,394.68
7327,12,118.3,412.38,411.4,172.82,359.4,395.39,485,113,377.97
7328,12,119.4,415.92,415.37,178.08,357.57,403.63,478.4,103,361.54
7329,11,119.5,423.67,409.3,178.42,340.82,376.94,483,87,168.18
7330,10,118.2,418.29,404.35,178.25,322.4,424.53,489.5,80,421.99
7331,11,117.3,418.68,395.93,178.12,302.28,412.81,496.5,65,418.6
7332,10,115.6,414.94,391.95,178.24,297.33,412.67,500.9,67,418.08
7333,10,113.9,422.54,383.69,177.82,298.44,362.84,514.2,61,170.31
7334,8,113,425.05,380.73,177.55,318.28,369.29,529.7,77,184.79
7335,9,113.7,421.57,391.1,176.9,343.19,372.7,555.1,81,194.2
7336,10,115.3,421.37,402.99,175.51,334.34,371.98,577.8,94,197.92
7337,5,115.9,429,415.39,172.78,340.56,437.21,595.8,104,677.07
7338,7,117.2,426.31,414.6,168.74,302.13,435.51,600.9,96,686
7339,7,117.5,417.28,421.64,166.98,293.59,442.97,586.4,99,695.34
7340,9,118.1,407.64,413.11,164.11,267.59,374.14,589.7,100,223.55
7341,6,117.7,400.69,414.28,163.43,255.51,377.19,588.1,100,228.14
7342,6,118.3,394.59,403.93,159,242.63,378.49,577.9,71,227.69
7343,6,118.6,385.12,402.22,157.33,240.74,388.02,546.3,85,225.62
7344,5,119,380.53,407.13,154.49,227.47,379.95,510,68,218.04
7345,4,119.3,376.54,409.85,154.93,221.49,376.73,499.4,58,218.4
7346,4,120.1,376.89,419.39,155.33,202.3,372.88,488.9,56,217.15
7347,3,120.3,376.01,414.5,154.86,201.78,380.1,492.2,56,228.46
7348,4,120.2,385.31,423.67,154.88,195.23,381.43,474.1,56,219.61
7349,4,122.6,391.21,420.03,160.01,202.31,378.93,474.4,56,220.65
7350,4,123.6,403.38,434.48,170.52,209.49,404.39,503.7,65,388.69
7351,8,126,408.46,436.67,180.11,242.23,414.33,528.8,80,388.21
7352,10,126,415.9,433.86,181.57,268.24,418.29,551.9,95,384.91
7353,8,124.2,420.05,419.14,180.69,330.95,385.19,547.3,85,205.29
7354,9,121.1,426.91,416.59,180.31,365.84,422.47,555.8,99,482.12
7355,10,120,427.61,425.88,181.66,397.49,426.91,556.2,103,486.36
7356,8,119.4,436.05,428.54,181.5,362.79,436.2,568.7,108,488.33
7357,11,118.8,435.29,416.61,181.86,344.23,393.47,568.3,88,219.16
7358,10,117.5,437.47,403.53,182.42,310.89,396.22,574.5,96,221.12
7359,11,117.1,430.24,401.75,182.44,294.63,394.47,578.5,76,225.54
7360,7,117.7,426.89,402.07,179.1,290.82,393.74,590.2,93,222.36
7361,7,117.9,418.49,411.65,175.63,299.75,460.86,570.6,93,688.77
7362,8,118.7,418.23,409.51,170.96,323.22,457.01,563.3,115,685.77
7363,7,118.7,404.62,416.92,169.27,304.87,458.87,570.2,114,688.64
7364,5,119.8,401.51,420.81,164.94,291.89,383.95,597.1,131,227.87
7365,7,119.1,388.16,425.16,161.36,271.69,390.55,596.6,112,232.27
7366,7,118,379.9,418.99,158.78,265.75,388.16,565.5,108,228.73
7367,10,117.4,369.93,406.31,157.88,260.25,384.54,550.5,101,221.54
7368,5,117.6,365.21,404.28,155.98,248.12,385.72,540.4,93,215.2
7369,10,117.5,374.46,410.76,153.29,239.92,380.58,558.7,95,220.49
7370,10,117.2,373.75,416.98,152.63,234.65,384.65,571.8,94,228.1
7371,10,116.2,368.98,413.8,154.07,233.98,383.58,568.7,93,234.25
7372,12,116.2,365.63,403.71,156.29,237.63,388.49,563.2,95,240.28
7373,9,115.8,377.39,400.71,160.83,239.27,386.18,554.6,94,244.29
7374,10,115.8,396.06,407.24,169.5,258.43,404.75,567.7,98,430.34
7375,17,116.5,414.67,411.6,177.09,274.85,400.29,581.6,105,436.74
7376,16,117.1,428.7,410.74,179.41,323.07,406.33,585.1,124,445.4
7377,14,116.6,432.32,401.17,179.4,353.62,388.18,588.6,132,273.32
7378,12,116.6,437.48,412.94,171.01,372.62,430.56,589.9,127,541.61
7379,6,115.9,427.59,410.03,178.62,360.66,426.27,590,135,539.17
7380,10,116.9,422.39,408.46,179.13,330.61,422.23,593.3,121,527.09
7381,11,116.3,418.64,394.88,178.66,299.12,378.38,592.9,88,250.62
7382,8,115.7,420.37,396.07,178.25,308.31,382.8,605.8,86,246.23
7383,7,115.4,421.15,403.4,177.38,319.87,380.18,592.2,109,256.3
7384,8,115.6,412.33,407.14,174.8,359.65,385.46,593.2,113,263.08
7385,6,115.8,416.59,408.86,173.09,360.6,457.19,601.7,103,765.23
7386,10,115.7,415.72,401.6,171.39,376.98,462.08,637.3,129,770.11
7387,19,115.4,411.54,393.62,169.83,391.9,468.52,662.6,138,777.88
7388,21,115.5,393.61,395.49,167.16,378.18,390.19,661.9,126,287.31
7389,18,115,395.45,399.79,164.7,353.88,385.32,646.2,120,283.69
7390,19,115,390.31,400.25,162.91,294.01,370.51,616,94,291.32
7391,13,114,394.3,395.79,160.48,255.15,379.46,599.6,80,298.32
7392,7,112.8,383.45,387.42,156.65,225.09,379.12,597.2,71,315.36
7393,4,112.7,387.51,385.33,154.78,211.92,397.01,613.8,72,329.71
7394,4,113.2,383.46,379.47,154.18,206.68,401.82,622.4,66,337.97
7395,5,112.8,392.05,384.41,155.34,200.35,410.21,609.5,70,341.68
7396,4,112.7,392.53,387.5,157.05,226.75,398.74,603.7,67,326.58
7397,5,113,399.61,389.28,161.35,320.81,382.34,601,71,315.07
7398,9,113.5,404.49,393.24,169.91,434.36,408.44,611.7,111,489.52
7399,11,113.4,416.82,397.41,178.16,429.17,410.62,609.9,143,485.23
7400,12,113.6,427.35,397.9,184.13,360.63,418.14,619.5,103,478.1
7401,11,114.2,444.19,394.2,185.18,264.76,390.47,624.5,92,281.11
7402,12,114.9,445.62,398.63,184.01,261.55,424.27,629.7,81,543.57
7403,11,116.6,442.26,405.17,182.27,244.35,421.77,619.3,79,537.07
7404,11,116.6,430.94,401.81,180.67,233.89,419.97,622.4,69,537.79
7405,8,115.7,432.93,391.81,179.19,225.46,393.95,621.7,71,267.2
7406,5,114,434.94,387.42,178.2,220.29,399.22,645.2,69,276
7407,5,114.1,427.62,391.48,178.81,236.01,401.82,650,68,294.41
7408,11,114.8,422.84,395.68,176.41,253.13,391.51,657.7,82,307.69
7409,9,116.6,424.76,413.2,173.49,301.38,464.75,642.8,97,799.98
7410,7,117.2,421.25,416.62,171.43,335.46,471.78,666.4,110,803.75
7411,11,118.1,410.42,411.93,169.37,350.64,471.16,685.1,109,818.38
7412,10,118.2,401.77,401.16,167.25,374.46,390.41,721.4,108,345.43
7413,11,118.1,402.91,409.07,165.23,369.65,385.64,716.7,120,357.62
7414,9,117.9,400.38,415.1,162.61,347.05,393.44,715.4,87,370.76
7415,5,117.7,396.83,412.76,160.71,273.04,409.47,695.9,84,388.41
7416,5,117.7,389.62,404.27,159.41,227.12,407.21,683.2,73,406.84
7417,4,117.6,391.46,407.17,158.44,213.1,405.95,680.8,62,417.18
7418,4,117.4,387.48,408.12,156.71,212.64,395.27,678.7,63,426.23
7419,4,118,384.07,403.62,156.29,220.64,396.09,687.8,64,417.83
7420,4,118,384.03,398.94,156.87,232.61,400.94,671,65,428
7421,7,117.8,389.89,399.57,160.23,300.64,400.38,680,66,425
7422,8,117.7,388.09,409.26,163.1,371.87,446.98,686.6,117,610.22
7423,10,117.1,384.18,409.06,165.26,377.36,434.4,706.2,142,590.89
7424,11,117.4,380.65,407.51,165.89,331.39,434.93,699.6,88,567.31
7425,10,117.4,385.17,403.48,166.16,255.57,389.68,685.1,84,362.15
7426,10,117.6,393.86,405.76,167.35,244.96,441.62,667.5,77,591.04
7427,8,117.6,396.4,406.05,167.46,222.5,435.89,649.1,70,567.11
7428,8,117.2,402.26,405.67,166.5,222.97,423.42,636.2,73,538.63
7429,8,116,403.88,398.7,166.06,208.67,371.76,634.4,87,275.17
7430,5,115.7,400.13,398.31,166.42,204.07,386.01,633.6,72,295.86
7431,10,115.1,404.1,391.94,165.77,214.23,389.7,647,77,322.59
7432,10,115.5,402.93,393.6,168.89,254.65,402.47,666.7,73,352.86
7433,6,116.5,413.05,396.9,167.6,284.77,466.69,705,108,826.75
7434,8,116.5,397.98,407.72,163.86,332.74,478.93,720.5,115,850.85
7435,10,116.2,390.07,405.42,161.66,345.51,482.25,712.9,128,869.14
7436,11,116.6,375.96,400.74,160.49,341.29,412.9,721.9,92,425.99
7437,9,116.3,375.03,394.96,157.91,289.9,417.14,712.4,106,444
7438,10,115.9,368.96,406.67,155.95,248.23,413.33,711.7,104,442.54
7439,8,116.6,366.86,415.27,155.92,224.18,410.85,675.9,70,453
7440,4,115.3,369.8,411.96,155.4,210,405.97,665.3,80,439.82
7441,5,114.3,371.72,407.1,154.77,198.03,404.68,648.3,66,435.07
7442,4,114.5,372.66,398.95,154.65,197.78,399.16,636.1,63,422.26
7443,4,115.4,377.2,401.37,155.02,195.79,394.03,617.3,65,417.94
7444,4,115.5,387.76,401.63,154.48,221.94,394.03,607.3,66,406.73
7445,4,115.9,397.07,395.65,155.05,317.67,402.03,598.6,65,388.68
7446,8,115.6,392.21,398.78,157.22,412,435.88,616.9,104,564.11
7447,11,116.3,381.18,401.04,159.29,407.22,438.15,642.8,151,556.31
7448,12,117.4,383.44,405.59,159.54,322.33,433.69,668.5,92,548.91
7449,13,117.2,397.78,406.17,161.69,233.05,397.99,677.3,83,356.09
7450,13,117.1,401.27,399.89,163.28,215.41,423.66,674.2,79,636.18
7451,12,116.9,398.74,403.23,164.19,210.27,428.02,664.7,79,635.33
7452,11,116.8,390.41,405.09,164.79,230.04,428.03,657.7,75,622.1
7453,10,115.6,396.12,405.22,165.22,244.02,399.98,669.4,89,329.43
7454,12,114.3,394.39,399.23,164.89,249.34,402.07,702.2,82,328.68
7455,8,115.2,399.52,389,156.21,240.04,406.64,735,80,341.53
7456,9,116.4,400.93,393.84,165.94,252.93,400.89,742.2,85,352.36
7457,12,116.5,405.42,409.41,169.18,292.37,470.62,747,102,804.82
7458,10,117.2,405.36,415.79,169.1,326.24,468.82,736.4,132,796.48
7459,9,117.2,406.64,412.6,167.88,356.4,471.98,735.3,121,790.69
7460,9,116.7,404.3,394.57,167.07,365.87,392.21,716.7,118,347.22
7461,9,116.4,393.54,394.43,165.09,339.78,396.2,722.2,108,378.14
7462,12,116.2,391.06,393.02,162.61,300.09,398.17,730.7,94,396.79
7463,11,116,389.03,397.94,161.26,257.42,407.91,748.5,105,414.85
7464,5,115.9,392.15,403.89,161.04,242.57,405.81,754.1,87,413.16
7465,4,116,389.74,399.44,161.74,229.72,400.96,755.8,65,430.12
7466,5,115.9,391.08,395.58,160.25,222.48,402.56,755.3,70,431.1
7467,4,116.1,396.09,390.01,160.8,226.3,397.36,749.3,69,438.56
7468,4,115.9,408.4,396.24,164.42,256.98,403.97,749.7,70,440.82
7469,5,116.3,408.27,400.95,169.89,340.61,402.77,765.5,74,449.61
7470,8,116.1,426.62,403.61,179.97,420.83,445.35,798.8,109,630.6
7471,11,116.1,435.29,406.41,189.29,416.05,453.92,835.2,169,634.04
7472,12,116.5,443.43,404.2,192.97,340.28,449.22,839.2,106,641
7473,12,115.8,439.06,397.31,193.05,263.69,417.92,827.8,81,458.54
7474,11,115.1,441.11,398,191.4,244.16,445.29,814.3,78,712.63
7475,10,114.9,444.72,401.38,190.46,247.27,447.95,814.6,76,697.48
7476,8,114.8,441.47,404.47,191.17,238.09,441.18,828.4,71,692.82
7477,6,114.1,432.37,396.99,191.67,234.19,409.53,841,74,422.83
7478,6,113.4,433.56,396.04,192.47,217.82,412.98,856.9,75,431.42
7479,10,113.1,439.03,398.4,186.32,233.9,420.12,908.5,81,446.54
7480,8,114.3,445.84,402.56,191.37,266.94,411.15,940.5,85,472.36
7481,5,114.7,443.8,408.27,188.94,294.96,474.08,953.8,106,945.01
7482,7,114.7,435.83,403.85,183.59,323.95,472.26,912.7,102,964.81
7483,11,114.4,428.15,401.37,181.61,345.07,481.42,918.4,120,978.92
7484,12,114.7,428.01,392.63,180.89,366.25,426.59,928.6,114,544.58
7485,10,114.7,426.45,392.71,177.17,348.67,429.16,904.8,103,560.68
7486,11,114.5,420.18,396.91,174.29,309.67,438.15,869.6,112,573
7487,11,114.4,411.41,397.39,171.91,264.23,436.37,834.9,108,588.76
7488,10,114.8,399.96,398.52,168.88,240.47,437.41,833,69,595.62
7489,6,114.6,394.68,395.3,168.46,228.53,434.91,826,64,601.7
7490,5,113.8,398.35,405.04,166.23,228.8,437.16,819.2,65,589.6
7491,4,114.1,399.68,407.66,166.9,232.43,428.28,828.8,67,567.94
7492,4,114.4,398.68,412.4,166.03,240.72,427.1,811.3,67,539.02
7493,5,115.2,395.87,410.4,170.47,332.97,417.8,809.1,69,512.29
7494,8,115.7,416.18,410.3,179.21,395.42,447.77,821.5,118,679
7495,11,117.3,433.11,415.69,187.33,405.12,434.09,832.2,150,651.59
7496,12,117.9,444.14,413.68,189.36,318.95,433.05,847.6,104,621.95
7497,12,116.8,439.92,412.72,189.7,262.92,399.64,851,94,424.74
7498,10,116.6,443.09,403.67,184.34,245.04,444.54,871.8,93,699.54
7499,6,116.3,442.27,399.85,191.57,249.55,441.59,889.7,87,702.2
7500,7,115.5,426.05,390.99,183.67,237.86,443.88,879.2,79,684.63
7501,5,115,407.27,388.15,169.13,251.07,401.89,841.7,96,392.5
7502,6,113.3,408.58,385.35,185.24,243.27,402.43,786.7,90,370.68
7503,7,113.8,427.62,390.27,188.38,255.06,400.9,750.4,86,343.4
7504,11,114.7,437.5,388.26,184.75,262.13,402.36,739.7,98,325.24
7505,9,115.9,431.84,401.59,179.88,288.91,458.77,725.4,116,733.04
7506,9,116.3,417.12,406.64,176.4,307.58,456.9,700.5,109,714.1
7507,6,115.9,413.96,418.93,175.41,293.68,452.27,671.9,98,693.75
7508,7,116,413.49,416.87,172.84,273.81,395.76,652.5,88,249.95
7509,7,116.3,409.34,415.58,169.55,251.15,387.73,620.9,103,243.09
7510,7,116.5,406.54,413.02,164.31,249.49,377.46,573.9,91,227.74
7511,7,116.3,390.95,407.62,160.74,245.02,373.45,533.5,89,210.46
7512,6,116.7,389.3,405.05,157.69,236.74,374.6,513.9,75,191.07
7513,3,116.5,382.99,399.82,155.93,228.43,374.99,513.3,76,174.1
7514,4,116.5,388.8,401.69,155.78,221.69,366.64,503.3,68,156.79
7515,4,117.2,390.7,420.73,156.27,220.59,366.65,488.5,70,144.72
7516,4,117.4,398.74,428.29,157.91,225.76,352.55,486.5,71,137.38
7517,4,118.2,409.85,426.85,163.29,227.3,352.03,491.3,73,132.4
7518,7,117.4,421.76,415.16,173.78,237.52,378,499.5,75,301.11
7519,5,118,424.72,413.4,182.84,259.85,388.73,497,83,298.66
7520,10,119.2,421.16,412.96,185.65,297.84,390.12,490.8,109,295.36
7521,11,118.3,425.21,411.19,186.01,358.93,358.04,502.6,131,116.77
7522,12,117.5,431.99,409.03,184.15,384.47,400.62,497.7,112,400.6
7523,11,116.5,435.07,401.88,182.8,396.57,406.23,511.5,119,401.38
7524,11,115,433.36,398.13,182.39,364.86,416.54,499.3,119,408.67
7525,8,115,429.65,395.64,181.54,357.34,379.31,508.5,96,130.16
7526,5,114.3,427.02,398.84,180.86,341.13,376.73,502,118,146.76
7527,7,114.6,426.86,399.05,182.24,318.97,372.25,508.9,118,163.08
7528,10,115.6,428.03,403.79,179.51,300.93,370.09,515.9,120,179.36
7529,12,117.2,436.06,412.55,180.64,300.78,442.79,535.6,120,654.87
7530,12,117.1,419,410.55,175.77,310.5,447.05,565.7,128,671.31
7531,12,116.4,409.67,402.98,174.85,318.56,459.76,598.8,93,692.31
7532,8,116.2,396.68,395.49,173.01,304.93,384.38,633.4,96,251.73
7533,12,115.8,404.83,401.8,171.68,301.28,386.87,650.5,82,268.92
7534,12,114.7,402.51,401.71,173.9,270.82,378.87,638.3,76,287.26
7535,11,114,401.17,401.37,170.55,256.14,391.28,614.3,75,308.7
7536,7,113,395.49,391.58,165.09,231.76,398.78,619.9,73,334.12
7537,4,112.2,395.88,388.48,162.74,219.54,399.03,641.2,65,352.18
7538,4,111.6,395.5,382.38,163.15,208.86,393.17,658.8,60,362.32
7539,4,111.6,402.61,383.52,161.91,207.67,388.86,643.6,61,379.25
7540,4,111.5,409.51,382.56,165.67,213.82,397.3,655.4,61,392.87
7541,4,111,416.4,390.34,173.31,222.53,404.15,670.7,63,395.56
7542,5,111.1,428.16,392.09,178.38,230.67,423.83,712.3,64,554.91
7543,5,112,440.82,395.27,186.07,261.41,419.87,725.3,76,531.69
7544,9,112.5,451.16,390.41,188.56,306.82,415.07,710.4,86,502.61
7545,12,112.1,454.16,389.63,191.95,346.11,392.32,673.7,110,296.86
7546,11,111.9,452.96,398.84,190.8,405.44,430.97,639.2,121,554.48
7547,10,112.5,449.48,395.9,190.13,417.05,428.47,646.5,115,540.98
7548,11,112.7,446.76,395.99,189.62,414.39,426.71,657.2,104,531.45
7549,9,112.5,442.43,380.12,189.41,374.45,386.28,667.7,111,238.83
7550,9,112.2,446.34,388.84,190.04,353.17,391.25,668.1,98,234.94
7551,10,112.6,450.83,386.87,191.86,357.68,388.93,666.7,108,229.41
7552,11,112.1,448.48,386.97,188.83,370.83,384.42,661.7,107,229.5
7553,9,112,453.57,381.63,187.95,410.13,450.12,651.5,113,702.04
7554,10,111.6,446.52,384.7,184.16,426.02,454,646.6,107,723.48
7555,12,111.4,442.97,383.64,181.89,414.53,460.79,650.8,150,752.13
7556,10,111.3,423.13,384.22,178,360.94,393.58,662,107,307.28
7557,11,111.3,412.92,379.58,174.77,313.1,399.36,668.3,113,327.15
7558,9,111.4,405.47,384.8,170.32,267.72,400.04,671.3,88,331.63
7559,5,110.8,405.86,380.08,166.64,246.31,400.57,672.4,82,345.66
7560,4,110.2,400.48,376.58,163.97,229.88,403.41,684.5,71,359.14
7561,5,109.8,402.12,374.54,162.7,223.02,406.53,678.5,70,369.32
7562,4,109.7,402.88,378.7,161.57,213,417.89,660.3,71,381.21
7563,3,109.5,408.2,381.08,161.2,209.7,407.65,641.4,71,384.23
7564,4,109.6,406.77,384.25,164.09,237.64,407.78,653.7,71,394.98
7565,5,109.4,413.66,380.88,169.17,311.5,403.27,682.5,70,399.34
7566,8,109.2,419.44,386.28,178.97,410.1,449.56,725,71,586.11
7567,11,109.2,430.53,386.27,188.28,394.83,444.95,750.2,71,593.61
7568,12,109.4,442.72,385.13,190.29,341.59,438.57,751.5,70,580.68
7569,10,109.4,443.88,376.82,190.28,258.76,393.15,708.4,71,362.53
7570,11,109.6,445.13,382.42,181.57,256.49,437.83,679.1,71,594.2
7571,9,110,435.46,381.83,185.37,246.18,429.7,659.1,71,554.23
7572,6,110.2,437.46,387.75,184,240.67,427.78,660.8,70,538.05
7573,8,110.1,429.14,380.3,183.46,254.71,374.92,681.2,71,271.17
7574,7,109.4,423.63,381.63,184.39,257.69,372.91,722.7,96,310.84
7575,8,109.7,426.59,382.22,184.16,280.66,382.47,778,96,362.82
7576,10,110.3,432.97,390.16,181.19,306.43,395.06,795.6,96,410.34
7577,10,111.4,434.29,403.47,179.12,326.95,476.75,815,96,900.06
7578,10,112.5,425.2,405.63,176.68,391.86,483.1,811.1,96,927.15
7579,11,113.1,418.46,409.64,175.21,368.18,489.35,803.8,95,949.02
7580,10,113.9,411.71,396.47,173.59,390.51,422.56,792.6,96,510.93
7581,11,113.9,408.64,392.71,172.82,313.67,421.65,785.5,96,525
7582,10,114.1,400.82,384.6,170.62,294.16,418.7,788.2,96,525.62
7583,12,114,404.89,396.91,168.37,240.6,421.91,780.3,96,516.08
7584,10,113.9,404.83,405.86,167.52,226.7,427.95,790.3,96,509.02
7585,12,114.8,405.87,402.52,167.33,218.44,430.5,792.7,68,505.9
7586,6,115.6,399.34,397.57,166.55,215.71,434.86,773.2,67,511.82
7587,4,116.2,396.12,390.65,166.05,219.45,427.68,745.7,69,518.03
7588,4,116.9,394.89,399.42,166.46,251.33,421.12,706.5,74,522.09
7589,7,117.5,400.31,405.61,167.04,327.47,421.43,709.8,79,521.35
7590,8,116.9,403.87,417.69,169.19,378.1,452.62,694.9,122,704.23
7591,11,117.3,407.92,419.31,169.31,362.81,454.51,713.9,159,695.62
7592,12,117.9,407.95,415.3,171.67,315.59,446.94,704.6,97,679.1
7593,13,118.4,416.68,409.69,171.65,270.55,414.89,704.2,97,465.47
7594,12,118.6,419.11,414.89,171.83,261.22,453.48,675.1,83,707.2
7595,11,118.4,411.2,426.9,171.76,239.74,447.92,635.3,72,665.61
7596,12,119.4,395.14,422.48,169.86,223.7,436.89,617.7,69,627.4
7597,12,119,392.07,422.66,170.08,213.92,399.92,632.5,80,332.15
7598,11,118.5,399.88,412.36,170.41,216.13,400.24,655.3,75,333.06
7599,9,117.9,407.47,420.09,172.64,227.52,409.46,676.4,87,338.7
7600,9,118.5,410.36,414.09,175.16,260.85,393.03,680,101,342.68
7601,10,118.2,406.31,424.3,174.58,288.98,453.7,697.2,119,805.48
7602,10,117.5,399.83,421.61,171.55,351.18,455.72,687.4,164,822.17
7603,11,117.7,400.39,417.41,166.7,359.19,466.59,695,115,834.86
7604,10,117.3,399.19,408.46,166.88,378.13,412.67,697.9,127,386.5
7605,11,118.1,400.52,412.51,162.72,338.15,406.12,722.1,120,381.26
7606,13,118.4,396.6,416.02,160.61,316.42,406.49,740.2,104,384.15
7607,11,118.1,393.66,403.79,159.87,270.53,399.14,749.4,94,391.42
7608,6,116.2,391.65,397.38,159.02,244.19,406.28,744.3,80,404.68
7609,5,117.1,381.92,396.74,158.67,234.23,405.78,716,88,401.42
7610,4,117.1,388.24,405.22,159.07,232.12,412.07,703.8,74,393.9
7611,5,116.5,389.78,402.33,158.75,232.83,413.11,692.7,73,382.61
7612,4,115.9,396.94,406.21,159.88,259.47,412.57,693.6,73,378.15
7613,5,116.2,390.29,396.17,161.43,322.65,408.22,686.3,75,374.88
7614,8,115.9,393.92,401.49,166.21,413.2,425.97,660.9,117,551.78
7615,11,116.6,398.06,398.47,171.15,397.68,434.14,629.7,145,558.42
7616,10,118,410.68,418.46,171.78,340.23,432.7,617.8,105,548.84
7617,12,117.8,417.69,416.37,173.93,254.48,405.63,643.5,92,352.91
7618,12,117.3,419.1,419.6,174.99,247.72,430.44,667.1,91,619.04
7619,7,116.7,417.26,411.18,174.7,242.22,427.9,678,74,616.35
7620,7,117.5,415.54,411.29,172.4,234.22,426.93,675.4,77,625.1
7621,5,117,411.91,412.15,173.15,222.45,397.45,687.5,74,344.32
7622,9,115.7,410.61,405.65,175.3,216.96,399.38,702,78,355.79
7623,11,116,419.4,402.76,177.74,217.5,400.76,729.7,100,360.72
7624,12,117.1,427.04,400.23,179.44,282.32,400.69,734.1,84,372.16
7625,11,117,436.11,412.2,176.95,312.9,469.98,730,100,845.32
7626,11,116.7,430.16,412.97,177.18,342.03,467.81,732.4,101,848.99
7627,11,116.3,427.15,409.36,175.57,343.1,471.61,763.6,108,850.52
7628,13,116.7,417.91,405.55,174.13,360.7,402.67,792,117,386.51
7629,12,115.9,415.7,407.39,172.08,350.19,408.65,778.2,132,393.66
7630,13,115.1,412.85,402.3,169.56,300.16,404.35,754.9,117,399.27
7631,13,114.3,411.72,397.98,169.18,256.02,397.83,718.3,87,406.14
7632,13,114.4,407.53,396.57,162.84,241.11,395.07,705.8,82,399.86
7633,8,115.8,410.62,402.31,161.35,235.28,390.42,689.4,88,390.98
7634,5,115.3,400.6,400.25,162.78,234.14,393.94,683.8,86,371.36
7635,4,114.6,400.12,394.31,162.07,236.61,394.15,670.3,89,365.83
7636,5,114.6,399.29,394.82,165.9,250.48,396.07,669.5,96,358.34
7637,6,115.1,413.04,398.79,170.85,342.04,401.3,667.1,97,353.6
7638,8,115.2,434.08,412.59,180.79,402.3,426.97,659,140,522.66
7639,11,115.7,444.8,406.39,191.53,414.78,423.72,647.5,145,504.73
7640,13,117,453.09,405.72,194.55,333.08,425.2,635.8,118,484.23
7641,13,117.1,445.1,400.25,193.72,274.42,394.83,638.9,89,288.88
7642,13,119.1,445.75,409.88,192.07,233.43,426.18,638.1,87,556.4
7643,11,119.5,448.98,406.62,193.34,216.03,417.38,653.1,68,555.3
7644,11,119.7,447.53,403.13,193.44,206.06,423.76,679.6,68,565.27
7645,6,119,448.74,402.28,193.69,227.75,391.81,716.3,80,297.5
7646,7,119.2,446.63,405.9,194.32,240.46,392.16,761.8,73,304.57
7647,6,119,433.32,407.64,194.47,256.13,390.89,783.5,77,301.39
7648,6,119.7,437.66,412.33,190.01,266.54,398.11,794.7,91,301.56
7649,10,119.1,436.04,430.35,186.42,313.62,467.3,776.7,95,776.92
7650,10,119.2,438.95,432.82,184.04,345.31,467.49,759.5,117,776.72
7651,9,119,426.41,420.16,181.07,390.84,467.33,746,108,781.12
7652,12,118.5,416.42,404.99,177.98,370.09,410.1,734.3,100,315.23
7653,9,118.2,422.78,396.61,176.65,364.64,410.56,733.9,105,322.4
7654,11,118.9,420.64,396.64,174.3,309.97,406.1,713,89,325.57
7655,13,117.8,412.01,394.91,171.93,278.78,399.34,696.3,75,332.47
7656,10,116.4,402.25,395.39,169.36,235.94,389.06,675.9,77,339.88
7657,4,116.5,399.6,398.15,168.72,211.92,383.45,665.4,66,342.33
7658,5,116.4,400.86,390.04,167.24,209.3,383.84,635.5,59,328.47
7659,4,116.1,402.28,395.17,167.45,213.78,400.95,614.1,65,317.71
7660,4,116,406.28,400.88,169.89,242.68,402.41,597,72,311.27
7661,4,116.5,410.87,405.36,174.47,331.3,398.81,627.6,83,305.76
7662,8,117.1,428.71,410.13,182.24,383.43,416.84,635,117,484.51
7663,11,118.7,442.4,405.28,189.45,408.3,424.57,658.5,159,474.12
7664,13,119.4,446.7,407.48,190.94,342.53,421.3,662.7,124,473.9
7665,12,119.8,440.89,403.45,189.69,287.57,389.28,666.7,98,281.18
7666,12,120.3,425.26,415.1,187.8,248.27,421.98,672.3,112,566.06
7667,12,121,435.71,413.05,186.64,230.01,424.42,679.4,81,552.62
7668,10,120.6,433.85,415.19,187.78,231.53,426.51,716.2,84,543.42
7669,12,120.4,440.64,409.13,189.16,240.45,388.03,721.1,81,250
7670,11,120,443.68,418.64,191.3,256.95,390.69,712.5,87,255.98
7671,8,120.4,438.99,422.88,193.99,284.7,392.04,698.1,98,263.1
7672,10,121.3,433.9,422.75,190.07,300.05,391.21,710.5,107,270.05
7673,11,121.7,425.44,424.02,185.81,303.18,448.27,725.9,132,722.2
7674,10,122.2,435.74,426.72,181.62,290.14,442.24,723.2,115,726.99
7675,11,121.9,442.85,423.09,180.31,277.68,439.52,702.7,129,731.75
7676,13,121.4,439.65,415.18,177.45,286.24,385.27,708.2,107,277.96
7677,9,121,426.19,415.55,173.57,289.59,396.02,709.4,107,273.06
7678,8,120.6,407.05,418.77,170.6,289.28,394.01,712.3,109,270.02
7679,6,119.6,397.04,422.05,168.33,269,393.46,691,109,275.59
7680,6,119.2,386.3,417.64,165.11,260.32,382.13,674.9,94,281.32
7681,5,119.4,391.64,415.77,163.73,245.41,389.91,651.4,102,284.23
7682,4,119.6,396.04,408.2,162.84,234.04,385.43,634.4,94,289.67
7683,4,119.1,397.77,406.48,162.03,225.13,384.81,623.6,88,300.29
7684,4,119,399.62,406.89,162.8,224.64,380.71,630.3,90,315.76
7685,3,119.5,403.59,409.74,166.63,224.32,382.1,642.9,85,332.84
7686,5,119.4,417.87,407.83,176.86,229.28,420.73,662.4,85,527.33
7687,10,120.3,443.01,409.65,184.36,259.13,424.88,680.7,100,533.9
7688,10,121.3,442.54,410.29,187.02,314.49,425.99,702.1,120,523.38
7689,12,122.1,440.34,414.7,186.6,352.48,394.54,714.7,138,325.44
7690,12,122.9,424.63,418.16,187.82,383.5,438.53,729.7,149,584.64
7691,13,122.4,437.34,424.01,188.43,407.18,433.85,734.2,136,571.79
7692,12,122.8,448.76,426.14,188.02,398.35,436.1,741.6,115,574.17
7693,14,122.8,451.17,427.26,188.68,364.02,399.49,726.8,126,297.81
7694,12,123.1,454.18,425.47,188.68,324.12,405.37,723.4,111,305.47
7695,13,123.5,447.15,428.34,189.91,320.55,405.43,721,116,293.48
7696,13,123.6,445.18,425.63,186.04,338.68,393.63,750.3,117,288.02
7697,12,123.9,430.04,441.81,183.47,343.6,471.17,767.6,121,742.87
7698,13,123.3,423.58,434.61,180.33,347.02,466.5,771.5,142,753.62
7699,13,122.6,416.69,426.88,178.66,315.72,469.2,760,124,761.03
7700,13,122.1,408.99,415.64,176.47,293.54,381.12,728.6,119,307.35
7701,12,122,404.61,419.62,173.82,266.49,380.76,725.1,120,305.62
7702,13,122.4,399,430.81,171.93,264.95,382.78,692.7,115,297.62
7703,15,121.6,396.4,427.87,170.27,253.06,389.72,683.1,101,287.14
7704,17,121.4,393.55,434.15,166.38,255.46,396.67,655,98,285.33
7705,13,120.8,390.52,427.18,163.22,253.66,397.44,645.8,98,306.23
7706,14,120.3,393.28,429.04,164.28,251.89,404.83,644.5,97,336.26
7707,15,119.9,394.83,416.57,166.29,246.06,409.82,650,102,370.56
7708,13,119.9,393.09,420.32,168.41,238,405.76,673.8,100,396.21
7709,12,120.9,400.84,419.72,172.81,240.85,409.2,706.8,93,416.65
7710,10,120.6,417.24,429.43,183.31,248.96,431.81,737.3,94,620.79
7711,10,121.4,449.13,432.07,193.24,264.94,437.94,770.7,97,626.26
7712,15,122.1,457.32,419.19,195.62,301.94,430.07,765.2,112,625.55
7713,14,124.2,461.29,417.53,196.59,344.06,405.06,775.2,123,419.79
7714,19,125.7,442.29,418.02,194.98,389.69,445.06,770,144,693.04
7715,13,125.1,443.67,432.23,194.26,380.65,450.87,779.3,149,672.73
7716,15,126.2,442.46,431.35,193.14,395.1,442.18,770.7,120,663.75
7717,15,125.8,447.91,436.29,193.9,372.89,406.91,768.1,115,369.44
7718,16,126.4,444.08,438.36,194.91,370.26,407.73,766.6,127,385.8
7719,18,125.6,436.16,437.37,196.28,360.9,411.43,772.1,138,399.53
7720,16,125.7,437.22,425.45,191.73,391.81,410.74,766.8,130,408.93
7721,21,125.2,436.8,436.73,186.76,403.53,476.83,776.3,130,857.65
7722,22,125.4,438.53,434.65,183.81,380.38,475.05,769.3,135,859.2
7723,22,124.3,437.29,439.26,182.01,372.63,472.87,776.4,151,864.56
7724,22,124,424.43,434.91,180.1,349.71,394.45,763.4,138,412.88
7725,21,124.3,404.08,435.37,177.87,334.32,402.86,767.1,129,414.05
7726,23,124.6,385.16,434.45,175.04,280.75,398.35,749.7,126,403.27
7727,25,123.8,383.33,425.4,173.5,267.19,400.56,741.4,108,397.44
7728,21,123.6,386.84,419.56,170.58,254.95,387.25,720.1,110,393.48
7729,18,123.1,392.23,412.8,169.06,253.61,390.25,703,103,394.82
7730,18,123.3,396.51,409.9,167.81,253.82,395.68,685.8,102,392.81
7731,18,123.8,407.84,415.63,168.21,258.43,403.46,669.8,106,381.35
7732,18,123.9,415.99,424.87,169.68,286.28,403.84,671.8,112,375.63
7733,22,124.5,420.1,422.63,173.96,380.15,405.49,672.9,108,383.38
7734,23,123.6,432.52,428.17,183.81,457.4,437.83,677.5,156,575.62
7735,28,123.4,446.04,417.57,192.52,453.18,436,695.7,188,573.8
7736,30,123.8,456.76,422.43,196.34,373.4,431.76,728.3,170,557.46
7737,28,124.7,443.19,422.23,196.46,312.35,395.89,760.9,136,346.51
7738,28,125.9,433.34,440.61,190.1,307.61,432.96,744.9,136,583.97
7739,27,128.2,432.17,443.58,197.12,312.04,431.28,703.1,115,541.17
7740,24,128.3,443.77,442.15,197.62,292.91,423.98,647,118,491.87
7741,20,129.3,447.05,434.91,194.97,284.69,373.56,624.2,117,174.08
7742,20,127.3,439.56,438,192.09,281.91,366.79,596.6,125,136.87
7743,20,126,424.59,435.55,189.94,312.06,367.76,583.6,124,121.54
7744,25,126.9,416.97,439.65,184.88,351.24,365.94,564,149,121.48
7745,29,126.4,412.6,444.78,180.02,395.43,425.77,553,160,577.34
7746,32,125.7,409.79,439.96,177.6,445.82,426.31,548.8,177,588.81
7747,31,126.9,406.28,434.87,176.27,461.59,432.91,548.5,175,597.88
7748,29,126,401.76,419.65,174.63,477.32,375.26,552.1,170,157.9
7749,29,125.3,406.01,419.32,171.34,433.74,370.75,539.1,164,162.49
7750,31,125.5,399.2,422.19,169.62,397.4,372.69,538.6,152,179.3
7751,28,124.8,405.24,427.65,167.1,342.94,379.91,539.6,129,214.11
7752,26,124.2,402.54,434.65,164.88,320.21,389.11,549.7,124,250.78
7753,23,124.5,398.97,426.61,164.53,302.48,389.25,564.2,118,282.81
7754,23,124.5,392.75,426.06,163.58,301.04,392.2,581.7,117,294.33
7755,24,124.6,385.7,419.96,163.13,315.71,398.38,603.5,119,300.1
7756,24,125.1,392.75,425.81,161.1,351.94,397.43,615.5,124,298.47
7757,25,125.3,396.67,422.83,162.06,427.8,394.05,612.3,124,295.83
7758,27,125.3,400.96,435.3,165.92,487.26,412.69,622.8,176,489.63
7759,32,125,400.36,435.65,170.32,496.32,419.77,619,212,492.9
7760,33,127.3,400.86,443.65,171.78,433.87,417.99,641.1,166,503.59
7761,32,129.1,408.11,440.02,172.88,361.32,391.73,650.1,133,308.91
7762,29,127.1,408.36,444.43,174.16,311.07,420.63,661.6,125,581.36
7763,28,127.3,408.23,443.16,174.84,289.91,425.25,658.4,111,561.48
7764,28,128.6,407.61,446.58,174.52,291.44,425.95,659.2,113,553.29
7765,27,130.1,408.01,440.79,173.13,298.03,405.59,673.3,123,271.41
7766,29,128.4,401.7,441.16,172.39,293.41,407.88,696.7,117,285.2
7767,27,127.6,397.78,441.1,164.45,293.57,418.26,712.6,123,311.44
7768,25,127.5,391.95,447.25,173.11,324.38,401.61,706.3,130,334.4
7769,30,128.5,396.34,451.15,171.99,368.05,466.06,707.1,154,783.34
7770,33,128.9,397.56,449.02,169.21,424.42,455.37,718.7,173,798.96
7771,35,128.1,399.29,445.33,168.45,429.22,467.99,730.6,171,824.11
7772,38,128,395.48,439.92,166.47,468.09,403.2,722.9,159,410.7
7773,36,127.9,387.15,433.76,165.02,473.26,419.92,712.5,171,424.46
7774,35,127.8,387.08,439.95,164.16,527.95,415.45,724.9,139,441.59
7775,35,126.5,382.95,448.31,160.68,559.07,419.93,734.8,149,454.37
7776,37,127.1,383.95,450.59,161.07,568.09,415.76,734.8,123,474.11
7777,33,127.8,386.81,450.74,161.53,553.68,422.76,710.3,123,478.22
7778,29,128.8,381.43,451.96,159.83,537.15,426.43,718.5,121,491.81
7779,27,129.9,380.42,453.08,159.65,538.49,430.5,719.4,119,505.31
7780,19,129.8,380.97,441.5,159.97,569.43,434.62,743.2,121,514.97
7781,28,130.3,390.67,444.27,162.92,655.68,432.96,745.1,122,510.76
7782,29,132.2,393.08,454.38,165.75,736.66,458.32,762.3,170,656.99
7783,30,133.3,388.96,468.6,166.54,732.65,450.56,767.4,212,643.07
7784,29,136.9,384.54,470.24,168.18,637.71,444.68,786.9,140,626.3
7785,29,140.2,390.65,466.66,170.94,555.41,407.76,799.5,138,445.73
7786,28,133.9,398.89,482.04,172.86,536.32,444.33,814.9,118,671.78
7787,27,133.3,395.14,471.14,173.16,524.27,444.22,815,113,653.96
7788,22,132.7,392.05,471.5,173.08,521.55,442.03,822.3,117,642.96
7789,24,131.3,394.35,456.34,174.7,514.1,408.04,836.6,129,395.33
7790,27,129.7,406.91,460.38,173.42,517.49,407.13,857.6,131,409.37
7791,30,128.7,412.17,461.27,177.02,543.16,414.38,888.8,137,422.49
7792,30,128.8,408.83,453.59,177.41,582.39,413.49,912.1,136,438.76
7793,31,129.5,407.08,454.06,181.05,682.11,485.42,927.2,144,921.27
7794,32,129.7,405.68,440.33,179.55,714.71,478.27,934.6,160,945.33
7795,32,129.4,400.82,442.73,175.57,697.04,480.21,946.6,182,962.96
7796,32,130.1,406.94,437.1,169.48,547.95,411.28,956.9,157,513.52
7797,32,128.7,414.3,447.59,173.8,451.88,422.64,951.3,164,531.12
7798,33,126.9,403.09,451.18,175.33,359.77,429.12,939.1,148,552.56
7799,32,125.6,388.94,451.93,149.88,329.57,432.69,926.7,141,577.16
7800,38,126.4,374.64,452.97,158.02,291.58,433.34,925.5,121,586.34
7801,37,126.3,397,446.12,169.64,287.81,433.7,977.1,127,607.06
7802,38,126.4,410.34,448.8,171.05,297.47,432.65,999.5,130,619.41
7803,37,126.4,422.03,444.39,171.51,313.84,442.84,1015.8,134,640.22
7804,38,126.4,418.83,449.87,173.8,331.97,450.83,992.1,136,635.49
7805,37,126.7,427.7,447.65,178.97,419.4,449.94,1006.9,143,630.36
7806,38,126.3,434.43,453.38,189.47,501.19,474.25,993,189,785.25
7807,37,128.1,455.33,445.25,200.4,516.15,470.99,960.7,251,777.91
7808,38,130.4,454.66,453.45,203.12,453.89,472.45,952.5,177,755.63
7809,37,132.8,460.78,454.4,202.18,386.6,435.29,976.3,172,552.71
7810,38,131.5,453.48,466.85,200.05,376.57,460.45,996.8,152,802.17
7811,38,129.8,460.87,458.32,199.78,373.83,462.46,971,137,777.07
7812,37,128.6,466.08,453.6,200.48,372.09,466.36,940.1,140,752.81
7813,38,127,465.67,448.16,199.55,363.03,425.31,915.8,152,437.17
7814,37,125.8,466.89,442.57,199.6,353.69,423.94,908.5,149,414.16
7815,38,126.8,457.26,443.63,200.93,364.45,411.65,899.4,154,413.56
7816,37,128.2,454.21,436.23,196.54,387.59,414.37,908.4,152,422.02
7817,38,127.4,441.69,446.11,191.98,424.97,470.13,899.2,171,872.46
7818,37,126.4,437.18,442.38,188.46,453.24,476.05,889.8,186,870.62
7819,38,125.6,430.42,442,186.88,468.57,472.65,876.9,175,868.67
7820,37,126.4,426.81,433.6,186.2,467.85,407.08,865.1,177,424.69
7821,38,125.8,423.06,429.53,182.65,445.19,407.93,836.2,191,423.73
7822,38,125.1,418.48,430.09,180.09,409.05,402.9,807.6,187,416.97
7823,37,126,414.2,430.65,178.18,369,408.48,784.9,150,404.72
7824,38,125.4,417.15,433.01,175.46,339.06,409.19,798.7,149,396.78
7825,37,124,415.86,424.19,173.61,339.32,415.83,803.4,139,401.35
7826,38,123.8,412.23,423.2,172.29,343.2,414.39,810.8,141,427.62
7827,37,124.2,402.25,421.16,172.94,349.84,418.1,792.1,144,453.12
7828,38,124.1,410.94,428.1,174.9,362.66,424.59,793.8,145,486.8
7829,37,124,430.54,423.41,179.31,457.68,426.25,809.6,154,494.93
7830,38,125.7,453.19,428.25,189.43,537.21,452.27,849.8,189,689.94
7831,37,125.4,465.65,430.73,197.66,575.52,447.27,887.6,230,681.04
7832,38,126.8,467.84,442.37,199.62,493.37,449.72,910.4,191,679.55
7833,38,126.9,461.15,434.21,200.45,466.26,415.92,906.8,178,462.43
7834,37,127.1,458.06,436.66,199.81,432.1,454.95,878.3,176,726.3
7835,38,128.2,451.56,427.58,198.44,428.19,448.62,865.4,165,698.6
7836,37,128.2,451.98,436.13,197.18,395.54,452.23,868.6,163,688.14
7837,38,127.1,452.59,441.55,195.87,396.8,407.49,867,164,397.84
7838,37,127.6,456,450.18,197.53,408.17,410.41,867.8,164,400.77
7839,38,129.8,448.88,446.38,197.71,399.04,407.2,866,162,419.52
7840,37,129,437.01,439.91,191.96,424.13,403.77,870,167,419.96
7841,38,128.1,431.52,436.64,187.98,461.08,466.27,867.1,187,863.64
7842,37,127.2,434.67,441.05,183.72,515.84,467.8,856,189,846.19
7843,38,126.7,437.57,438.58,182.63,499.19,474.59,865.5,180,831.24
7844,38,126,423.85,428.97,177.79,466.45,405.72,855.8,172,372.08
7845,37,125.8,409.47,426.8,175.15,413.01,406.98,840.5,174,369.55
7846,38,124.4,398.63,431.93,172.92,395.39,409.6,804.9,168,369.12
7847,37,123.9,399.53,434.7,171.22,380.55,407.92,790.6,159,364.43
7848,38,123.4,410.07,431.31,169.64,384.75,404.35,775.3,157,362.38
7849,37,123.1,404.87,419.67,168.43,380.52,403.51,756.1,143,364.78
7850,38,124.1,407.16,411.78,167.07,380.52,412.77,720.7,147,371.08
7851,37,123.5,396.92,403.35,166.78,363.15,413.55,703.2,145,372.8
7852,38,123,399.43,409.73,167.77,362.17,415.32,708.6,142,380.07
7853,38,124.1,408.57,417.72,172.36,356.18,417.87,711.9,146,392.91
7854,37,123.8,423.21,431.85,183.71,370.74,448.61,728.1,153,598.23
7855,38,124.4,445.42,434,193.49,402.99,443.56,725.5,156,603.63
7856,37,126.7,454.65,441.84,197.23,469.11,438.35,744.9,182,596.71
7857,38,126,452.65,443.74,196.31,547.96,402.7,750.9,181,375
7858,37,127.2,446.91,447.41,194.75,554.58,437.6,780.4,248,634.63
7859,38,127.8,438.52,441.72,196.23,529.7,428.25,801.3,204,618.81
7860,37,129,453.76,430.64,197.56,481.49,436.01,819.7,182,631.53
7861,38,128.2,460.83,434.15,199.04,456.46,405.94,826.5,167,369.32
7862,37,126.8,467.51,432.98,198.26,446.22,406.99,845.6,152,387.4
7863,38,127.4,452.87,434.32,198.45,439.9,402.73,860.8,163,397.95
7864,38,127.6,434.73,429.51,193.64,464.42,393.83,854.9,176,380.9
7865,37,127.8,430.33,432.28,190.47,452.66,468.1,823.6,176,819.28
7866,38,127.5,431.06,437.65,187.65,429.46,466.63,791.2,166,797.67
7867,37,126.2,438.45,433.47,184.96,387.93,468.86,781.5,150,780.49
7868,38,126,431.96,436.4,181.76,369.45,396.28,758.2,145,306.95
7869,37,125.6,423.71,437.8,178.49,376.59,394.3,744.3,139,287.12
7870,38,124.9,419.42,442.35,175.74,378.66,390.25,716.1,142,279.61
7871,37,124.6,418.59,437.67,172.99,370.98,393.77,702.8,143,270.92
7872,38,124.2,418.11,428.46,169.63,334.15,388.16,683.1,140,266.04
7873,37,123.1,403.83,417.38,167.18,323.46,384.46,653.1,130,264.65
7874,38,122.8,393.44,413.04,166.93,315.51,376.11,627.3,132,260.95
7875,38,123.1,386.85,424.08,167.09,330.57,381.31,618,132,257.9
7876,37,122.2,393.53,427.54,170.19,332.11,378.21,611.9,138,253.2
7877,38,122.9,408.36,430.31,174.67,339.05,374.68,623.2,146,263.7
7878,37,122.9,429.73,433.11,185.44,344.25,404.37,627.8,140,460.18
7879,38,124.3,450.36,438.68,193.33,375.52,406.66,642.2,157,471.14
7880,37,126,452.98,438.29,196.45,428.58,412.16,651.7,187,474.59
7881,38,126.1,455.92,435.08,194.57,489.79,378,669,184,292.31
7882,37,126.5,451.23,435.86,193.46,528.01,421.28,699.9,197,561.78
7883,38,126.3,454.23,440.77,193.6,505.47,438.78,733.7,185,577.02
7884,37,126.3,441.98,440.93,195.32,486.69,445.7,753.4,180,602.56
7885,38,127.3,449.66,438.96,195.91,525.25,412.33,763.2,163,360.39
7886,38,127.6,450.93,438.96,196.58,549.73,399.25,769.3,177,381.62
7887,37,126.5,452.6,442.91,199.16,531.02,403.48,771.3,171,392.93
7888,38,126.3,450.73,441.36,194.89,458.48,411.14,792.7,169,416.45
7889,37,126.4,447.02,452.55,193.85,470.28,486.74,856.6,184,885.12
7890,38,126.6,445.64,442.87,190.52,475.34,499.22,925.7,180,918.97
7891,37,125.9,431.62,452.64,188.17,486.84,495.25,977.6,206,952.94
7892,38,125.4,417.19,435.32,187.21,468.51,421.76,987.2,184,538.3
7893,37,124.4,413.74,435.17,183.54,454.27,418.24,1003.8,150,556.98
7894,38,124.7,413.64,431.79,178.67,409.15,425.95,1005.7,148,559.42
7895,37,123.3,419.95,440.58,175.77,354.17,437.6,998.5,140,571.91
7896,38,122.8,420.31,444.38,172.46,315.54,430.98,965.3,121,583.53
7897,26,123.3,421.77,433.04,171.75,301.15,427.53,962.1,124,597.76
7898,26,123,426.78,426.85,171.98,294.18,429.03,955.3,121,598.23
7899,25,122.8,419.11,422.52,172.33,299.46,437.6,977.1,125,612.8
7900,25,122.4,411.67,423.53,174.63,317.7,444.79,943.5,135,622.63
7901,27,122.9,417.62,426.16,180.21,422.35,440.91,941.9,129,627.19
7902,28,122.7,430.49,425.22,191.76,494.82,457.76,950.9,191,828.19
7903,33,122.5,445.03,423.57,199.74,500.22,454,985,210,831.44
7904,34,123.1,447.2,416,203.29,399.69,459.74,999.3,186,836.17
7905,33,125.1,452.94,429.11,204.12,337.99,434.37,977.1,164,621.38
7906,32,126.9,458.68,440.21,203.33,315.25,480.92,989.3,139,879.51
7907,30,127.6,458.49,447.3,203.33,334.16,473.81,992.7,126,863.52
7908,30,127.4,467.85,436.2,203.79,324.41,483.54,1016.2,125,856.38
7909,29,127.9,466.67,440.15,203.45,324.85,443.03,1020.6,133,570.19
7910,27,126.6,462.06,435.83,204.1,302.36,440.11,1030.8,138,570.86
7911,26,126.8,453.46,434.16,198.95,315.48,440.27,1042.2,150,585.06
7912,27,126.8,445.51,427.03,194.15,370.12,443.99,1049,163,606.14
7913,29,126.6,436.13,438.91,189.67,444.98,517.81,1059.1,161,1061.03
7914,33,126.9,424.35,447.2,187.25,504.06,526.69,1050.6,183,1087.22
7915,34,126.7,416.69,445.56,186.15,495.93,524.64,1067.7,174,1112.79
7916,35,126.4,413.89,446.28,181.8,493.09,460,1085.2,165,693.6
7917,38,126.3,403.61,439.81,177.96,454.47,451.1,1091.5,166,680.8
7918,33,126.1,397.2,437.84,174.87,440.07,439.71,1091.8,175,670.33
7919,44,125.9,394,425.84,173.51,390.35,438.58,1062.9,160,666.19
7920,26,125.9,406.23,424.81,172.29,367.95,442.35,1072.9,145,681.88
7921,40,125.5,408.66,423.39,170.99,353.76,448.2,1041.2,143,687.22
7922,35,125.2,414.66,431.35,171.15,351.18,452.2,1004.5,148,690.25
7923,36,125.8,413.42,431.02,171.82,361.31,453.61,934.4,151,688.87
7924,35,126.2,417.71,436.71,171.26,403.53,458.75,889.6,156,679.99
7925,39,126.4,418.98,429.05,174.85,520.38,457.88,858.3,171,660.03
7926,43,126,422.63,430.64,176.23,587.92,475.23,850.6,222,843.51
7927,47,126.5,421.03,437.38,180.07,590.94,469.51,859.3,238,837.63
7928,50,127.7,424.89,451.96,180.82,509.2,466.66,889.9,193,823.36
7929,48,128.9,416.04,466.8,180.59,439.58,437.08,934.8,184,591.86
7930,46,132.4,414.26,462.15,180.52,404.6,474.59,951,184,847.42
7931,41,131.5,410.04,451.4,179.92,360.24,466.43,972.6,105,825.38
7932,37,131.5,414.81,452.29,180.78,357.61,466.68,981.2,155,808.63
7933,34,130.5,425.76,453.21,181.04,352.47,421.56,1013.5,159,513.12
7934,35,130.2,427.93,451.26,182.59,370.02,424.06,1028.1,163,526.48
7935,38,129.7,432.91,445.31,184.56,380.49,430.09,1035.4,165,549.9
7936,38,128.6,431.02,444.89,183.36,418.14,438.58,1035.4,184,580.24
7937,41,128.3,425.23,458.34,181.96,488.31,508.06,1003.1,187,994.13
7938,45,128.7,420.69,443.92,179.68,517.91,510.35,987.1,210,996.49
7939,45,128.9,417.93,443.29,179.55,520.65,510.41,962,201,986.68
7940,47,129.3,422.49,440.25,178.63,506.05,448.01,954.3,191,576.97
7941,48,129.5,417.57,448.85,175.8,510.34,442.35,954.3,208,575.69
7942,49,130.3,411.83,454.92,173.93,486.27,441.55,914.9,203,580.06
7943,50,128.5,402.25,442.76,172.53,439.44,436.31,902.4,166,590.55
7944,50,127.6,397.88,441.02,171.22,414.85,436.7,859.1,170,597.5
7945,51,126.5,404.06,441.01,170.88,421.99,438.57,862.5,166,586.29
7946,46,126.9,411.88,439.76,170.84,426.57,444.15,887.5,169,580.73
7947,46,125.7,416.22,439.46,170.72,430.27,441.25,908.9,173,572.88
7948,46,124.6,412.36,432.15,170.75,453.52,441.45,917.5,174,577.56
7949,47,124.4,411.02,435.42,172.02,556,432.02,922.6,181,583.07
7950,50,123.7,419.56,435.39,174.42,659.8,459.99,929.3,237,771.39
7951,56,124.7,417.39,431.74,177.25,685.5,458.44,942.8,273,768.14
7952,57,127.1,422.22,435.69,179.65,619.84,458.61,974.1,198,750.71
7953,53,127.1,414.81,436.77,180.15,534.15,432.12,996.7,225,545.15
7954,53,127.3,419.4,436.95,180.71,481.49,467.93,1007.2,205,808.16
7955,47,126.7,414.96,439.32,183.05,440.25,474.82,959.6,168,793.38
7956,39,125.8,427,432.84,180.86,406.55,469.84,959.6,171,785.33
7957,37,124.6,435.68,427.79,181.01,407.1,431.77,981,177,519.53
7958,39,124.7,445.42,419.79,182.65,419.57,427.26,1018.6,176,542.79
7959,39,124.9,446.8,420.63,183.47,436.71,433.27,1018.5,171,587.72
7960,42,124.9,437.68,427.69,182.9,481.8,434.43,1008.7,178,623.1
7961,43,126.3,425.86,431.16,181.93,531.3,507.05,1024.9,188,1117.09
7962,45,125.5,414.1,436.85,180.52,580.78,515.41,1017.7,223,1128.48
7963,43,124.6,409.02,442.45,178.52,597.86,528.43,1043.8,208,1134.32
7964,47,124.7,409.73,442.52,177.37,596.21,464.67,1060.2,216,680.49
7965,47,124.9,406.64,433.6,175.53,581.52,463.07,1118.1,210,700.25
7966,47,123.7,412.61,421.8,175.69,529.97,462.73,1134.2,180,715.11
7967,45,122.7,411.87,419.13,171.8,451.04,475.61,1131.3,153,724.96
7968,34,121.8,407.97,414.98,171.41,381.93,476.15,1110.4,155,725.88
7969,29,121.7,402.9,412.12,170.68,329.3,470.44,1095.1,133,734.49
7970,21,121.2,409.07,403.46,171.81,315.15,453.28,1091,134,735.41
7971,25,121.1,413.06,411.47,171.39,303.92,449.28,1083.7,130,725.91
7972,23,121,418.67,426.31,173.98,315.41,439.18,1104.2,127,714.98
7973,21,121.7,430.49,428.83,180.53,393.85,442.24,1144.3,125,708.96
7974,29,122.1,445.43,435.85,190.71,488.71,479.07,1159.7,190,879.72
7975,30,122.8,462.46,428.07,200.87,507.34,479.1,1157,209,860.35
7976,30,125.6,466.26,432.09,203.35,429.84,473.56,1166.9,158,836.67
7977,29,126.6,467.31,436.89,205.03,334.76,435.98,1177,162,630.26
7978,28,126.6,464.43,452.7,195.2,309.71,467.63,1163.2,128,861.75
7979,28,126.2,463.04,459.41,201.95,316.71,468.78,1122.5,122,840.72
7980,24,126,461.33,453.03,201.69,335.48,454.39,1126.3,125,828.58
7981,24,125.7,460.57,438.92,200.64,327.41,422.07,1131,134,574.54
7982,24,124.9,467.02,434.99,201,317.98,416.38,1166.5,142,589.74
7983,24,124.4,467.22,434.9,202.31,300.04,426.56,1187.7,144,609.55
7984,24,125.5,462.97,438.67,195.9,319.88,428.71,1221.9,149,629.01
7985,23,125.8,449.64,452.98,193.45,370.53,502.48,1203.2,163,1083.93
7986,25,124.9,441.56,448.54,191.59,472.36,505.45,1165.5,200,1093.31
7987,29,124.8,441.58,444.91,189.38,484.13,517.8,1147.4,194,1095.69
7988,28,124.5,429.55,430.35,185.14,491.43,457.05,1159.6,173,659.27
7989,23,123.7,431.02,436.93,182.42,400.09,454,1164.5,154,676.11
7990,28,124.4,423.96,446.05,179.37,372.87,441.07,1152.6,142,688.47
7991,28,123.6,426.94,451.1,177.6,307.13,446.53,1114.8,126,709.95
7992,25,123.6,423.7,448.54,174.63,286.36,455.99,1113,120,730.84
7993,20,122.8,412.43,441.25,175.15,271.45,469.66,1108.9,113,731.75
7994,18,122.7,405.74,441.08,173.25,267.43,470,1114.8,112,739.17
7995,18,122.5,411.63,447.72,171.41,266.83,469.32,1114.3,111,738.98
7996,17,122.5,420.95,436.8,173.93,285.63,464.08,1108.9,114,758.62
7997,19,122.9,438.39,434.43,179.32,384.66,456.01,1135.1,117,757.82
7998,21,123,451.51,415.98,188.05,478.51,488.93,1196,152,931.76
7999,26,123.4,455.71,430.64,197.43,505.25,488.19,1246.7,193,927.3
8000,28,126,452.83,435.8,201.56,424.33,494.6,1265.9,176,920.86
8001,27,128.1,450.34,447.41,200.25,350.49,455.66,1240.3,139,702.68
8002,28,128.4,447.5,435.58,199.92,325.25,488.54,1212.3,138,946.27
8003,27,127.4,453.56,431.16,199.55,305.11,475.69,1203.8,130,899.45
8004,27,126.7,452.91,432.18,198.8,309.36,482.09,1217.7,136,886.67
8005,25,126.4,459.57,439.06,200.49,295.35,442.46,1259.4,128,609.14
8006,23,126,460.56,436.14,202.29,304.53,445.13,1282.2,133,616.96
8007,22,126.4,454.99,432.06,203.9,317.65,440.27,1281.5,130,636.09
8008,23,127,453.57,434.31,197.04,365.85,449.06,1261.1,132,650.88
8009,22,127.8,445.25,439.67,193.51,391.55,540.83,1232,158,1115.43
8010,26,126.7,437.4,446.62,190.71,403.89,557.95,1246.4,166,1158.92
8011,26,126.1,435.2,444.77,188.28,366.57,560.71,1255.1,144,1195.65
8012,26,125.8,435.41,433.83,185.78,356.56,473.52,1265.1,133,784.53
8013,20,125,434.42,430.25,184.41,319.69,462.46,1285.1,146,793.58
8014,22,125.1,424.64,432.39,180.73,316.06,461.62,1250.7,125,797.15
8015,20,125.7,414.7,446.54,176.03,306.66,454.08,1224.7,120,801.07
8016,21,124.7,410.78,447.6,175.81,295.63,450.93,1169.8,120,779.39
8017,20,123.3,413.24,438.72,175.94,286.14,450.78,1136.5,136,755.64
8018,20,122.9,416.84,435.7,176.56,275.23,452.07,1096.6,116,739.32
8019,21,122.9,426.02,425.17,175.01,280.67,456.88,1034.8,119,738.08
8020,22,122.8,435.7,429.4,177.14,288.6,452,1085.3,124,752.88
8021,22,123,440.01,428.51,181.37,295.18,459.24,1141.8,127,770.2
8022,24,124.5,446.09,447.08,192.43,312.81,489.86,1211.9,126,954.38
8023,23,126.2,449.77,460.52,202.45,324.46,501.49,1213.9,133,972.75
8024,27,127.7,460.59,467.37,204.82,404.49,504.76,1256.9,151,966.71
8025,31,128.6,464.56,460.74,204.97,461.78,479.43,1243.5,164,807.52
8026,31,128.9,472.03,457.29,207.94,516.26,510.95,1287.4,166,1081.93
8027,32,127,471.29,450.31,205.91,489.85,502,1282.4,189,1070.25
8028,31,126.8,473.11,445.69,207.79,488.2,498.53,1369.7,207,1036.24
8029,29,127.1,476.15,438.52,208.16,450.19,463.21,1373.5,183,731.12
8030,26,126.3,480.52,445.41,206.86,427.73,473.41,1403.2,152,741.21
8031,27,126.5,479.33,451.32,207.97,393.59,465.36,1346.3,151,773.38
8032,25,126.8,460.39,461.78,203.31,409.76,453.52,1284.7,141,794.67
8033,24,127,442.1,454.65,196.86,408.96,521.2,1203,140,1244.6
8034,24,126.7,430.77,449.36,193.41,393.77,527.93,1155.1,131,1210.45
8035,21,126.2,431.32,440.09,192.37,368.6,536.2,1143,131,1193.63
8036,19,125.3,426.64,441.17,184.98,351.16,454.25,1121.3,133,718.13
8037,17,125.4,416.56,441.2,180.54,338.21,446.01,1079.3,116,724.5
8038,17,125.3,412.57,442.14,176.73,320.53,437.88,1003.7,112,707.94
8039,16,124.8,417.2,440.84,177.68,293.34,450.25,934.6,107,696.31
8040,14,124.2,414.21,434.46,174.45,269.63,452.75,923.2,109,696.56
8041,15,124.6,420.89,433.93,174.3,249.48,459.22,942.1,100,689.04
8042,12,124.6,415.37,434.7,174.6,241.38,448.62,970.6,95,691.54
8043,14,123.9,418.15,441.3,173.6,234.16,438.33,956.3,93,672.92
8044,12,124.1,417.06,428.55,174.35,233.34,434.51,978.3,95,651.63
8045,13,123.3,423.89,422.68,178.54,231.21,436.11,992.8,95,636.06
8046,13,124,440.58,426.67,190.65,249.72,470.46,1023.1,104,787.91
8047,17,125.2,454.67,435.93,199.5,282.19,462.44,1063.3,124,797.58
8048,23,128.1,466.02,447.46,203.81,344.11,465.71,1083.3,128,799.52
8049,24,129.7,471.28,450.83,201.51,375.07,439.72,1131.6,145,632.14
8050,24,129.2,467.25,459.05,205.33,402.59,484.04,1152.3,138,893.7
8051,24,128.6,469.43,453.28,206.43,406.86,483.59,1192.1,147,875.73
8052,22,128.3,472.01,449.75,207.32,407.55,484.11,1202.8,145,868.69
8053,22,128.3,474.31,444.58,208.87,390.89,447.91,1193.2,157,591.35
8054,22,127.6,475.87,438.61,207.44,357.65,445.61,1212.5,139,597.54
8055,20,128.1,464.49,436.05,206.77,341.57,450.84,1176.5,110,615.95
8056,20,128.4,466.52,437.25,201.98,337.43,441.08,1175.5,117,615.02
8057,20,128.3,453.01,455.73,196.61,379.35,514.86,1123.1,132,1053.79
8058,21,128.6,441.25,459.47,192.51,393.84,508.24,1127.8,137,1052.21
8059,20,127.2,422.2,463.57,188.3,416.15,513.26,1112.5,129,1064.78
8060,18,126.4,415.48,441.72,186.69,381.6,437.53,1089.6,163,637.34
8061,23,125.3,414.49,433.9,184.43,348.67,439.29,1073.7,110,635.76
8062,18,124.2,414.84,434.51,181.56,298.16,448.08,1044.9,117,640.87
8063,20,124.6,413.99,436.44,181.1,258.62,455.67,1050.9,91,628.43
8064,20,124.4,420.07,434.78,178.44,239.66,457.08,1032,88,617.55
8065,21,124.3,414.85,423.78,176.52,222.89,448.31,1030.1,92,613.79
8066,16,123.8,412.52,435.13,176.72,224.02,450.83,1028.6,90,617.97
8067,17,123.8,411.64,433.52,175.49,230.84,449.8,1046.1,93,622.76
8068,13,122.3,414.99,435.47,176.48,267.62,447.13,1047.8,97,640.3
8069,16,122.2,430.55,427.54,182.07,388.4,437.95,1050.8,101,652.93
8070,20,122.8,441.19,425.83,193.97,475.04,473.11,1086.9,145,856.7
8071,22,123.7,455.78,426.29,204.19,477.34,484.35,1143.8,181,854.36
8072,23,124.8,465.36,423.99,206.33,360.66,493.15,1196.5,137,861.09
8073,22,124.5,462.08,434.7,207.27,272.05,456.82,1247.9,134,652.23
8074,22,125.3,477.55,448.85,209.35,250.93,484.27,1272.3,126,911.26
8075,26,127.7,469.16,452.74,207.28,252.92,468.74,1277,112,881.7
8076,17,127.5,473.39,449.64,203.89,258.49,464.2,1228.5,118,885.73
8077,18,126.6,449.46,448.54,200.18,246.3,424.79,1190.2,112,622.38
8078,14,126.6,449.28,446.04,198.87,252.09,447.65,1207.1,108,666.2
8079,16,126.3,445.61,441.44,197.6,260.33,453.84,1243.1,119,711.9
8080,13,126,455.95,436.23,192.23,283.37,461.99,1286.2,110,734.57
8081,15,126.1,450.39,444.61,188.03,315.56,518.53,1265.2,129,1235.06
8082,16,125.9,441.31,451.04,185.11,331.29,514.84,1239.6,147,1250.06
8083,18,125.2,423.03,453.52,181.21,352.58,507.55,1191.1,126,1241.44
8084,16,125.1,420.13,440.25,178.99,374.01,447.63,1166.7,126,727.64
8085,16,124.5,415.91,437.59,177.06,370.28,459.47,1128.5,119,685.38
8086,13,125,405.98,421.67,172.94,330.43,470.68,1118.2,125,682.24
8087,14,124.5,394.72,429.98,169.32,272.23,464.62,1089.5,88,694.67
8088,8,125.3,389.26,430.28,168.29,240.37,453.34,1088.9,99,706.4
8089,4,126.6,391.56,432.03,168.09,231.61,458.24,1063.2,77,728.25
8090,5,125.6,387.46,433.87,166.87,223.29,461.02,1070.4,81,759.99
8091,5,125,386.53,432.52,165.3,224.64,471.66,1056.7,83,792.99
8092,4,122.8,391.2,430.85,165.56,251.23,468.48,1090.3,82,807.84
8093,9,124.2,407.45,421.54,167.45,368.37,472.06,1102.1,93,813.74
8094,12,124.1,416.1,425.92,171.63,472.75,500.27,1148,158,988.57
8095,16,124.1,420.5,424.54,175.09,472.81,496.09,1123.3,183,967.5
8096,28,124.8,421.07,432.31,177.19,369.58,494.96,1120.9,155,941.72
8097,18,125.8,418.91,437.82,178.95,268.28,458.81,1079.7,103,730.15
8098,18,126.9,418.07,453.25,179.25,249.99,501.45,1102.9,125,986.05
8099,17,126.8,424.84,450.55,179.97,255.98,497.17,1102.3,98,946.07
8100,18,127.1,429.44,445.78,178.74,257.45,488.97,1127.7,102,926.99
8101,22,127,422.59,434.1,177.62,270.48,444.25,1121.7,107,652.84
8102,22,126.9,415.11,436.93,177.87,282.42,432.61,1151.1,127,687.36
8103,21,126.4,417.48,434.49,178.93,305.1,434.47,1166.1,117,705.96
8104,19,127.1,423.64,434.69,178.79,307.99,433.21,1202.5,128,678.96
8105,21,126.3,418.42,442.52,179.8,347.84,506.34,1176.7,138,1134.56
8106,24,126.6,419.87,434.68,176.73,396.89,511.48,1194.4,156,1125.22
8107,28,126.6,418.45,433.98,177.54,438.24,513.51,1172.9,177,1126.84
8108,29,126.3,414.99,421.3,175.7,428.42,444.8,1154.8,188,635.43
8109,28,127.1,408.75,428.71,172.95,398.44,438.08,1111.3,157,605.23
8110,32,127.7,404.56,439.05,171.46,355.64,427.02,1067.5,130,607.95
8111,26,125.9,399.38,445.55,169.93,304.08,420.18,1025.9,122,602.27
8112,25,125.8,395.02,445.5,169.21,271.6,421.74,984.1,114,612.6
8113,24,125.1,397.54,439.48,169.71,268.23,425.67,1007,118,628.18
8114,26,125.3,407.26,436.11,170.16,278.13,440.28,1028.5,124,641.44
8115,26,125.7,407.23,442.09,170.15,293.19,445.21,1064.7,128,652.78
8116,28,125.5,422.02,434.54,170.14,337.01,444,1063.2,131,636.77
8117,32,125.9,416.76,438.8,172.82,448.9,441.14,1070.5,137,630.93
8118,39,126.5,410.6,434.03,174.34,545.93,470.91,1079.6,186,802.35
8119,41,126.7,402.5,447.36,176.8,530.8,472.89,1092.6,229,803.82
8120,43,128.9,406.8,450.12,180.84,445.52,475.15,1116.1,188,809.51
8121,41,130.1,425.32,456.59,182.51,359.65,449.37,1140.6,170,631.2
8122,40,129.6,425.98,466.64,184.51,345.76,490.21,1150.2,158,889
8123,37,130.4,428.21,457.83,182.28,326.38,483.9,1176.4,136,888.54
8124,31,129.8,425.74,457.6,182.53,317.92,477.47,1206.9,130,887.19
8125,28,128.3,416.52,444.81,182.22,314.92,442.34,1252.5,153,621.5
8126,30,128.6,419.55,448.24,180.31,318.6,434.43,1287.9,142,644.45
8127,33,129,418.92,454.72,183.36,344.84,442.67,1289.6,142,661.97
8128,33,129.8,425.5,460.4,183.95,418.03,436.1,1293.3,169,688.74
8129,36,130.5,425.36,466.53,182.12,459.87,511.59,1298.6,162,1106.77
8130,40,129.2,425.87,459.21,181.2,500.61,518.71,1300.6,179,1123.92
8131,36,127.4,427.03,452.44,181.29,485.09,525.23,1297.9,191,1125.56
8132,35,127.2,422.52,444.53,179.39,497.11,466.61,1292.3,199,739.49
8133,42,126.8,422.57,437.57,178.01,463.97,463.9,1292,188,748.15
8134,46,127,414.77,439.84,175.13,443.41,473.15,1291.1,181,805.7
8135,47,127.4,419.28,442.08,174.73,397.47,474.75,1285,166,839.12
8136,40,129.3,419.79,448.69,174.71,369.01,479.08,1263.4,149,885.95
8137,34,129.7,417,452.86,175.64,337.62,480.13,1259.2,141,900.18
8138,32,128.6,412.04,454.78,172.87,328.32,475.6,1254.4,142,903.13
8139,31,127.9,406.99,461.03,173.09,337.02,469.5,1263.5,139,897.18
8140,31,127.8,420.74,457.69,175.04,337,471.03,1270,139,904.14
8141,30,129,429.67,465.91,180.72,430.09,484.74,1300.3,140,921.59
8142,33,130.1,439.55,468.86,191.06,505.43,522.42,1339.3,195,1145.45
8143,35,132.3,451.01,480.69,201.27,533.67,525.35,1347.8,203,1164.91
8144,37,133.4,446.91,487.94,204.78,439.31,521.72,1350.8,177,1143.26
8145,34,134.1,447.83,473.98,206.56,348.14,487.04,1348.1,151,925.65
8146,28,133.6,451.38,471.29,201.14,327.47,522.02,1384.6,127,1159.76
8147,24,133.7,468.72,459.98,206.07,334.01,511.33,1399.9,120,1111.58
8148,20,133.1,468.54,466.86,207.82,327,509.36,1435.7,120,1074.26
8149,21,132.1,466.59,458.8,206.4,326.87,472.47,1414.6,138,805.03
8150,25,132.1,467.8,457.07,207.95,330.28,480.72,1444.7,151,843.36
8151,24,133.1,468.56,453.46,206.16,358.87,479.56,1437.9,150,891.29
8152,33,133.7,462.61,458.18,200.33,385.18,472.89,1471.4,169,916.42
8153,25,134.2,442.28,471.91,196.71,418.79,551.31,1483,185,1422.35
8154,33,133.9,433.25,474.62,193.03,435.46,557.81,1530.1,179,1424.3
8155,32,133.4,427.29,470.96,191.78,412.18,558.26,1545.5,180,1422.42
8156,29,132.4,433.16,455.86,188.24,389.95,479.03,1528.4,154,948.37
8157,33,132.1,440.44,451.26,186.57,370.07,472.75,1498.2,172,969.49
8158,32,131.1,440.38,449.24,184.66,345.28,472.76,1425.6,150,994.18
8159,26,130,428.8,451.68,182.16,315.24,480.52,1432.6,134,988.74
8160,20,129.8,417.68,461.42,179.9,280.92,486.79,1376.1,113,990.96
8161,18,130.5,407.75,456.92,178.15,259.34,489.55,1403.8,103,993.65
8162,17,129.8,408.81,455.16,179.23,248.71,494.7,1349,107,1026.85
8163,19,129.7,409.21,454.95,178.83,247.61,496.61,1338.9,109,1041.47
8164,20,130.6,413.88,457.31,180.69,278.32,503.3,1325.5,116,1016.76
8165,24,132,422.43,465.96,186.32,367.26,500.81,1351.3,122,984.96
8166,26,132.2,441.72,464.04,196.07,474.31,520.36,1457.7,156,1160.45
8167,29,133.7,455.73,477.4,205.4,485.49,513.36,1492.9,214,1189.47
8168,29,136.3,471.74,475.22,210.86,411.12,507.48,1512.2,152,1191.3
8169,28,136.8,472.99,480.11,208.56,313.78,468.09,1470.9,143,963.89
8170,27,136.8,481.39,487.36,206.38,287.59,519.47,1445.1,133,1150.46
8171,24,136.4,477.88,485.68,211.55,282.52,514.58,1454.5,124,1098.18
8172,26,135.3,477.19,485.74,208.24,275.94,526.59,1461,109,1067.94
8173,26,134.8,465.89,474.98,207.95,297.74,476.99,1486.6,132,815.44
8174,28,135.5,463.19,472.23,206.07,315.41,481.71,1467.5,140,838.45
8175,27,135.4,457.83,469.56,203.59,334.62,487.99,1489,143,878.29
8176,27,137,451.05,469.27,203.63,319.99,493.24,1505.4,136,915.3
8177,28,137.1,443.04,472.99,197.58,324.18,567.41,1525.5,147,1385.6
8178,27,136.5,440.01,474.71,193.89,343.09,574.57,1482.9,140,1378.17
8179,27,135.9,439.78,479.15,192.11,332.75,565.15,1480,144,1351.58
8180,27,137.5,433.52,484.46,189.13,338.37,482.69,1464.5,133,908.34
8181,27,136.7,425.4,487.94,186.77,321.15,468.17,1422.3,145,903.51
8182,25,134.9,415.55,486.64,183.22,333.17,474.76,1365.6,119,922.07
8183,20,134.9,413.52,478.15,181.51,305.65,473.36,1331.9,114,906.99
8184,18,134.9,408.96,470.66,179.14,282.64,472.61,1344.8,120,899.17
8185,15,135.9,406.25,471.32,177.18,255.91,471.53,1317.9,101,875.54
8186,13,136.2,410.58,476.94,176.53,233.87,473,1262,94,850.55
8187,10,136.2,412.79,477.92,177.05,215.65,472.26,1200,89,814.11
8188,11,135.7,421.43,469.04,177.8,209.72,470.18,1138.4,88,763.75
8189,16,136,427.49,463.98,182.32,213.97,470.96,1122.6,87,712.97
8190,17,136,432.65,470.3,192.11,222.62,494.95,1119.2,91,866.02
8191,14,137.2,442.67,468.65,201.23,241.52,477.87,1141.5,91,835.64
8192,16,139.8,461.98,464.17,204.94,274.99,467.05,1150.9,109,813.7
8193,14,140.5,476.79,467.63,206.61,339.3,429.96,1133.9,126,601.1
8194,18,142.4,474.43,479.47,207.7,383.89,468.55,1125.9,123,841.74
8195,17,141.8,469.85,490.87,210.44,401.08,461.28,1079.6,139,799.57
8196,19,138.8,468.94,489.21,209.95,395.25,462.02,1060.3,165,768.69
8197,20,137.3,478.09,480.43,208.83,367.18,420.1,1054.6,136,487.4
8198,20,138.9,472.18,470.5,208.98,359.98,419.75,1071.1,136,502.99
8199,21,139.1,463.2,464.91,210.37,324.87,415.06,1095.1,132,513.42
8200,20,140.2,446.94,470.3,204.1,327.52,424.2,1109.3,125,506.45
8201,23,142.5,434.8,487.5,200.36,321.56,490.86,1135.8,142,963.97
8202,21,142.6,436.54,492.48,196.89,337.93,500.41,1109.5,147,968.39
8203,20,141.2,431.29,494.91,193.31,337.52,493.7,1079.7,127,985.39
8204,21,140.1,429.77,486.35,180.86,303.25,433.94,1043.1,115,533.79
8205,20,139.3,425.43,486.53,186.29,276.38,432.04,1024.7,116,539.54
8206,22,138.9,430.78,484.89,186.29,266.57,432.19,980.5,118,540.81
8207,20,137,422.42,480.45,180.03,263.29,430.96,972,103,540.09
8208,18,136.2,405.78,476.63,179.28,244.55,432.08,967.5,100,535.14
8209,16,137.3,396.67,465.3,177.68,217.93,428.42,988.8,91,546.7
8210,15,136.1,401.26,469.82,174.86,209.2,428.85,970.2,86,548.76
8211,8,134.9,407.59,465.65,175.25,209.98,429.2,946.7,85,577.72
8212,8,135.9,416.73,466.37,175.48,209.06,437.9,939,82,576.11
8213,7,135.2,426.57,460.32,179.99,218.68,435.7,956.7,87,571.28
8214,8,135.8,437.39,468.74,189.63,218.95,456.56,1004.2,88,719.65
8215,7,137.5,445.7,473.52,202.61,238.21,452.57,1057.4,98,695.69
8216,13,138.2,447.56,477.95,208.51,287.58,443.88,1076,104,674.43
8217,17,136.6,457.73,474.94,207.66,347.46,420.87,1066.7,126,474.09
8218,18,137.7,458.35,481.18,205.85,433.3,451.62,1038.8,134,732.76
8219,19,137.5,458.91,475.95,206.77,426.18,461.91,1037.7,144,717.53
8220,18,137.4,452.8,470.48,205.33,417.73,461.84,1039.6,139,712.32
8221,23,136.8,462.36,459.26,203.51,347.32,425.12,1070,127,447.21
8222,17,136.4,468.5,458.93,203.95,340.77,424.89,1057.8,127,453.87
8223,17,135.4,464.26,453.01,205.96,336.57,418.3,1066.8,104,453.24
8224,19,135.8,456.14,458.29,200.15,363.85,416.3,1037.2,122,447.57
8225,18,135.4,446.01,458.34,194.41,382.7,480.67,1051,135,902.07
8226,18,133.8,438.96,462.36,191.74,404.09,485.39,1049.8,132,894.68
8227,20,134.4,437.24,466.14,190.12,403.52,483.66,1053.3,135,883.25
8228,20,133.9,427.84,470.32,188.18,392.35,407,1008.6,136,418.51
8229,21,132.2,429.34,460.26,186.56,352.61,403.91,963.4,146,422.41
8230,25,130.6,425.8,447.49,186.86,319.82,414.73,905,104,425.68
8231,26,129.6,425.24,442.84,184.82,292.08,421.56,864.4,109,433.14
8232,29,129.4,426,448.94,181.45,272.99,425.31,848.4,103,429.72
8233,26,128.2,422.79,447.55,178.56,257.54,422.45,844,107,423.53
8234,23,128.1,422.35,439.96,177.63,257.28,425.78,864.8,109,421.67
8235,23,127.9,420.27,437.28,177.79,260.87,419.34,887.2,109,422.12
8236,22,128.3,425.11,433.18,177.34,285.17,411.83,908.2,111,428.58
8237,26,129.4,433.37,439.97,178.59,402.94,408.13,912.4,124,420.56
8238,30,130.1,440.49,450.31,190.97,486.84,429.61,895.9,172,635.14
8239,34,131.6,448.29,459.45,196.52,498.41,435.29,892.3,218,626.34
8240,36,132,449.81,455.92,199.78,408.86,432.8,936.3,159,617.51
8241,37,135.2,446.84,459.96,199.31,352.08,410.76,974.2,167,395.92
8242,37,136,438.78,469.51,196.34,360.58,446.19,1002.7,156,662.35
8243,37,135.2,433.51,477.51,195.54,360.76,444.34,980.9,152,665.87
8244,37,133.5,431.11,461.34,193.23,371.48,442.3,989.3,167,662.4
8245,38,132.7,433.99,449.04,194.52,362.89,404.07,996.3,142,394.13
8246,33,133.5,436.14,447.5,195.43,354.77,401.71,1014.8,152,391.34
8247,34,133.4,433.88,459.01,188.63,353.77,398.55,982.5,170,383.67
8248,32,133.5,424.15,459.7,180.53,388.19,392.59,958.5,141,375.45
8249,34,133.4,411.51,462.55,179.12,415.59,464.1,900.5,167,839.3
8250,31,133.1,407.4,449.85,176.33,427.23,462.01,863.6,178,845.8
8251,33,132.8,402.92,451.24,173.95,405.08,463.2,808.5,156,842.48
8252,33,132.8,411.14,443.65,171.43,407.69,387.3,799.4,150,379.57
8253,30,131.8,409.43,451.79,170.02,399.39,388.04,807.6,153,377.55
8254,28,131.5,396.72,443.93,165.78,367.75,389.86,831.1,131,385.78
8255,21,131.3,387.79,449.54,165.6,308.67,400.76,844.7,103,386.37
8256,19,130.4,386.95,445.72,167.1,260.87,407.86,852,104,389.48
8257,18,130.7,393.62,460.12,167.07,239.43,409.96,874.9,102,395.17
8258,17,130.4,395.53,457.56,166.3,242.35,407.74,892.7,104,407.7
8259,18,130.5,398.52,462.93,166.16,247.03,413.63,891.4,107,420.46
8260,18,131.3,393.32,467.97,167.66,269.45,412.68,869.8,112,423.84
8261,21,131.9,395.05,463.42,168.44,375.64,409.3,857,119,421.96
8262,23,132.5,385.09,463.62,171.89,435.25,438.18,848.8,153,605.62
8263,27,132.4,394.03,450.67,171.37,441.64,436.48,836.9,185,609.61
8264,28,132.6,400.2,455.03,173.97,343.56,441.19,830.6,144,603.14
8265,28,133.7,415.46,458.44,177,283.46,410.99,862,153,411.75
8266,27,135.2,420.54,474.88,179.04,260.44,450.14,896.6,140,673.11
8267,26,135.7,415.63,476.12,178.38,252.13,454.5,922.8,114,672.42
8268,26,136.2,414.85,467,177.66,257.56,450.08,943.3,108,664.32
8269,25,135.1,418.96,457.55,177.22,267.02,415.47,944,123,392.11
8270,24,134.7,418.06,454.75,177.58,284.73,412.05,934.9,116,385.45
8271,19,135.6,408.36,457.89,176.81,286.23,410.83,891.5,117,386.43
8272,20,135.3,400.05,463.06,175.02,304.34,415.29,871.7,139,386.76
8273,24,136.9,394.64,475.81,174.42,319.52,485.79,862.6,160,833.15
8274,26,136.4,396.94,482.68,172.28,346.17,479.39,873,159,838.77
8275,25,135.6,401.56,476.09,169.9,357.88,471.74,895.2,184,839.08
8276,26,135.1,403.75,470.73,169.8,375.95,405.37,947.9,166,407.45
8277,25,134.3,402.59,466.4,166.93,361.58,405.38,963.6,155,423.88
8278,26,134.9,394.99,465.7,166.41,338.38,406.39,975.1,142,445.44
8279,28,134,392.14,454.98,165.42,294.48,409.47,933.9,110,452.36
8280,25,133.2,387.67,443.21,167.08,281.22,421.76,906.3,112,453.46
8281,23,132.8,385.44,435.89,164.4,270.69,423.17,868.7,116,457.61
8282,24,132.6,385.9,440.5,163.49,267.35,421.38,850.9,117,468.67
8283,25,131.9,386.08,445.28,164.75,269.87,429.03,847.4,122,468.34
8284,25,132.2,379.8,445.51,163.69,295.17,427.32,829.4,134,454.76
8285,23,133.2,380.7,444.26,165.98,395.13,419.79,841.2,139,454.22
8286,34,133.4,387.54,454.13,167.39,485.29,446.89,861.2,181,652.43
8287,28,134.2,402.08,469.31,170.15,492.41,456.49,890.3,210,673.84
8288,41,138.4,406.13,476.22,173.8,414.25,460.61,883.2,159,672.06
8289,36,138.2,404.32,477.29,174.71,337.54,424.19,864.4,173,475.87
8290,34,138.9,403.33,476.69,176.35,327.93,462.21,881.7,144,752.86
8291,33,139.2,401.74,479.55,175.78,332.21,464.8,895,141,733.77
8292,32,138.1,405.47,478.58,178.15,322.24,467.13,896.4,133,727.45
8293,29,138.6,400.82,476.89,179.19,317.88,418.24,898.9,142,432.1
8294,32,138.7,411.34,480.44,180.5,306.4,413.47,916.1,147,433.37
8295,27,139.6,403.4,486.03,181.91,307.53,417.75,937.5,139,427.07
8296,30,139.5,403.49,484.98,181.12,336.24,423.84,945.7,141,417.22
8297,29,138.2,396.91,481.56,180.22,381.19,502.22,955.3,166,850.39
8298,31,137.3,401.23,472.46,178.99,420.33,494.81,988.2,164,839.26
8299,32,136,406.19,461.99,176.11,425.21,490.46,988.7,166,850.77
8300,31,136.4,402.59,464.88,175.47,423.62,409.99,984.4,177,420.82
8301,33,138.8,397.83,465.52,169.83,412.98,408.52,968.9,161,439.15
8302,32,138.1,388.72,477.96,169.89,374.05,416.35,953.2,152,434.53
8303,31,135.4,382.79,469.88,167.19,328.32,421.21,911.5,133,440.58
8304,27,135.9,381.83,477.24,165.27,305.57,417.61,858.5,133,452.84
8305,26,135.8,378.95,475.69,164.64,302.26,409.31,840,124,460.57
8306,26,135.3,382.48,478.92,164.28,297.46,419.13,860.5,126,473.58
8307,28,135.1,383.6,469.86,167.14,302.84,421.54,906.3,130,466.4
8308,29,136,396.87,461.58,171.23,324.8,426.31,920.9,135,466.65
8309,31,135.5,409.31,460.66,177.06,428.57,419.77,940.2,140,457.92
8310,35,137.6,433.67,460.57,189.91,474.91,448.24,946.9,183,645.68
8311,36,140,447.13,471.16,198.1,477.63,436.77,942.7,246,642.28
8312,33,142,451.2,470.54,197.45,389.26,427.16,960.8,164,640.25
8313,36,143.2,444.03,476.93,197.59,345.63,396.75,989.6,155,442.55
8314,37,143.3,438.55,485.3,201.47,325.14,437.86,1041.9,160,704.89
8315,35,141.9,441.53,491.69,198.5,316.11,447.79,1023.1,134,691.34
8316,36,141.4,443.39,492.51,200.48,331.78,454.25,991.1,140,680.54
8317,36,141,448.86,487.93,202.99,345.66,426.31,981.8,141,402.52
8318,37,142.1,446.2,484.07,204.02,367.1,416.28,991.6,158,403.83
8319,27,142.7,443.6,498.79,204.66,366.7,411.25,960.4,158,399.29
8320,40,143,425.33,500.34,199.4,375.57,409.42,908.2,166,394.18
8321,37,143.7,422.95,507.07,192.26,408.76,468.27,861.3,199,823.56
8322,32,144.2,420.68,500.2,190.55,481.4,476.14,865,178,817.33
8323,40,143.7,428.11,504.57,183.9,520.12,476.35,874.5,180,810.66
8324,39,143.5,410.13,496.4,180.81,501.18,421.82,891.1,192,371.7
8325,40,142.5,408.69,483.69,177.66,432.65,411.62,869.5,171,376.16
8326,40,142.3,404.15,469.74,174.32,395.7,401.21,840.7,171,376.03
8327,41,141.7,414.41,468.86,172.48,365.48,401.78,816,146,366.37
8328,38,141.2,405.99,475.77,169.61,343.74,409.88,821.8,142,359.66
8329,34,142.6,401.3,474.03,168.1,321.51,416.01,809.7,140,355.73
8330,33,142,391.53,472.45,167.71,312.58,415.11,784.9,137,349.88
8331,31,138.6,382.74,466.34,168.17,318.25,410.88,766.7,139,350.13
8332,32,137.6,385.68,471.25,170.63,352.75,409.33,768.9,139,350.48
8333,32,137.8,399.15,474.44,174.81,447.08,407.99,764.9,143,348.85
8334,39,137.1,425.27,476.94,184.52,518.59,438.86,777.5,180,515
8335,42,135.2,435.54,484.3,193.57,524.49,440.3,782.9,238,510.92
8336,42,138.2,455.32,486.57,197.42,459.33,438.84,814.9,190,507.04
8337,42,137.1,450.98,484.46,199.7,408.81,401.75,820.8,190,332.89
8338,42,136.1,457.99,471.14,200.37,384.1,444.13,844.5,180,616.93
8339,42,134.8,446.33,460.15,199,390.42,444.38,849.5,144,617.36
8340,39,134.5,445.7,451.28,197.94,377.24,448.62,884.5,146,627.77
8341,39,134.9,453.46,454.58,198.45,380.26,407.27,888.5,151,354.54
8342,38,136,458.93,459.76,200.12,392.99,408.26,901,154,379.16
8343,36,134.9,458.77,471.17,200.15,446.53,410.79,887.1,163,381.15
8344,34,135.4,451.08,473.65,195.67,485.83,410.86,903.9,167,386
8345,40,137.7,436.07,486.06,191.78,499.38,476.83,876.8,204,826.29
8346,45,137.8,422.91,488.07,187.09,486.73,479.66,879.3,213,839.43
8347,43,136.4,406.89,479.49,184.53,461.53,468.4,866.7,202,839.31
8348,42,135.3,404.79,463.26,181.42,451.09,404.86,887.5,178,400.31
8349,42,135,407.8,457.19,179.5,430.53,395.4,868.7,209,383.76
8350,40,135.6,408.01,459.95,176.07,415.21,408.2,838.9,162,370.61
8351,39,136.7,403.33,464.51,173.89,387.19,396.02,806.4,153,345.67
8352,36,138.3,406.12,465.34,171.61,359.3,395.75,770.9,152,335.59
8353,37,135.2,399.65,465.9,170.7,358.31,390.87,740.4,155,323.09
8354,37,134.8,394.84,463.43,168.76,354.61,396.43,723.9,146,309.47
8355,36,135,384.32,457.48,171.35,364.94,394.66,708,150,299.7
8356,36,135.1,383.01,459.45,168.73,363.63,396.48,708.7,153,290.02
8357,35,134,396.94,462.35,173.22,361.96,391.07,716.8,150,289.17
8358,36,135.9,419.06,467.25,187.8,367.99,419.94,730,154,465.5
8359,38,137,443.67,464.59,193.09,401.05,411.48,741.1,165,454.2
8360,45,139.6,451.35,471.41,197.39,462.85,417.34,714.3,199,436.07
8361,47,138.9,447.16,483.6,196.51,514.91,385.7,718.1,225,232.61
8362,46,139.5,440.18,495.21,192.21,555.91,426.85,712.5,229,524.28
8363,47,140.6,450.06,486.85,200.15,590.9,421.8,727,244,520.73
8364,45,138.2,454.11,481.83,201.52,557.68,423.47,715.8,203,519.34
8365,44,138,466.15,478.04,201.9,515.27,383.51,711.7,215,214.4
8366,45,139.2,460.55,480.56,202.92,439,384.84,712.7,193,213.2
8367,44,139.9,466.97,483.21,205.64,458.53,385.62,726.9,182,215.07
8368,44,140.7,455.9,478.92,200.9,475.27,383.86,721.4,181,224.91
8369,44,140.8,445.6,482.88,196.85,485.19,453.92,730.1,209,706.07
8370,43,140.5,434.03,478.12,193.28,492.55,450.48,726.5,185,720.28
8371,42,138.9,436.57,481.68,191.58,481.44,454.34,737.3,195,721.31
8372,42,140,439.68,482.56,188.07,454.57,384.52,725.4,182,241.85
8373,40,140.6,430.82,487.68,184.15,408.57,378.81,715.4,170,230.72
8374,38,140.1,415.38,480.47,180.98,368.41,377.34,694.8,146,221.92
8375,31,140.8,399.74,477.41,178.99,355.58,384.27,677.3,140,222.56
8376,31,140.4,399.93,480.71,176.24,333.27,394.18,671.6,141,234.9
8377,30,139.9,403.93,484.27,175.23,317.53,396.9,668.7,134,256.5
8378,28,139.6,407.16,482.78,174.06,313.07,390.41,667.1,131,278.35
8379,20,142.2,407.86,465.93,172.93,309.08,402.17,666.8,125,286.41
8380,30,142.7,411.24,474.83,174.18,305.23,411.77,675.8,127,301.57
8381,20,144.7,423.35,484.43,176.93,301.65,423.54,702.7,129,310.28
8382,31,145.1,429.42,504.79,187.25,320.38,453.87,731.8,137,517.63
8383,30,146.5,430.1,503.49,192.78,368.52,443.82,760.5,145,517.6
8384,36,148.7,426.84,506.36,196.07,424.48,432.2,777.5,156,520.28
8385,38,150.5,432.24,504.99,194.83,479.26,405.37,768.5,181,322.99
8386,36,149.1,432.62,510.63,194.62,498.08,445.25,772.6,196,593.35
8387,36,145.9,435.39,498.09,195.82,522.16,443.74,774.6,187,574.63
8388,36,144,426.47,494.93,196.51,480.94,431.92,784.7,178,558.75
8389,36,147,432.5,484.45,195.5,448.94,388.13,791.5,196,274.83
8390,36,143.2,433.27,482.42,194.02,423.74,394.73,808.8,166,290.66
8391,36,145.6,439.86,486.89,193.52,414.66,392.49,813.8,165,314.09
8392,37,148.1,426.25,498.12,189.77,429.95,403.65,818.8,174,331.31
8393,36,149.1,419.33,517.71,185.34,448.9,465.98,815.6,167,823.98
8394,29,147,412.23,507.88,183.74,495.65,465.43,823.6,187,826.33
8395,41,144.5,420.7,505.02,183.46,490.01,457.8,821.8,177,831.7
8396,37,144.2,416.06,496.49,183.34,441.03,398.07,821.7,175,345
8397,37,142.4,419.39,504,181,401.05,400.67,827.3,161,344.21
8398,37,141.1,407.66,497.99,177.03,376.64,408.66,825.1,139,350.36
8399,37,137.8,410.93,489.47,174.26,361.1,406.85,830.6,128,364.28
8400,31,137.4,402.95,471.97,172.19,331.2,411.54,826,131,365.92
8401,30,138.8,394.72,470.02,170.27,316.05,403.68,818.9,127,359.05
8402,28,140.1,389.58,464.46,170.96,314.87,402.99,795.8,125,350.37
8403,29,140.3,388.01,469.11,170.21,317.85,400.54,777.5,128,359.63
8404,28,140.7,400.16,480.9,171.05,357.84,400.94,785.2,131,363.84
8405,37,141.8,406.18,484.95,175.42,486.5,399.13,824.8,149,360.46
8406,39,142.4,419.24,482.57,186.15,593.68,427.99,870,194,534
8407,47,143.6,432.21,481.11,193.61,594.8,424.84,904.2,232,523.7
8408,45,145.5,439.42,488.9,196.96,483.17,425.49,887.2,203,520.91
8409,44,148.2,446.31,506.9,195.07,399.31,395.18,870.5,185,325.32
8410,42,148.1,439.71,498.95,194.01,372.67,433.08,851.5,163,587.91
8411,40,144.4,439.19,493.04,194.64,371.25,423.94,828.1,151,580.09
8412,42,141.6,428.14,485.42,193.44,357.24,423.36,834,161,582.03
8413,41,139.3,432.03,474.84,193.82,368.9,387.83,855.7,159,324.26
8414,43,137.8,428.92,474.83,194.48,385.31,393.15,922.3,161,347.95
8415,45,140.1,426.42,473.25,189.96,401.28,393.1,956.7,163,367.3
8416,44,141.6,417.66,481.13,185,440.79,398.46,932,161,370.14
8417,43,142.6,411.39,489.72,181.74,443.27,473.79,895.3,183,818.33
8418,43,141.1,404.2,486,177.9,503.75,475.77,852.3,193,819.45
8419,41,139.4,400.05,489.43,174.82,511.19,479.66,854.4,184,819.88
8420,42,140.1,393.27,489.21,173.93,527.62,412.21,816.1,207,366.31
8421,41,139.1,393.17,500.13,171.75,494.18,407.64,791.4,175,358.05
8422,41,137.9,387.93,493.51,167.29,451.42,399.26,752.8,168,356.99
8423,41,134.4,387.46,478.88,167.13,412.24,386.51,743.9,153,340.86
8424,40,134.2,381.87,461.51,164.07,368.01,394.07,716.1,141,325.46
8425,37,131.8,382.26,454.66,160.11,353.31,392.72,703.2,141,317.01
8426,34,131.1,374.04,444.86,157.69,344.89,409.1,669.9,141,319.38
8427,33,131.3,375.43,441.38,156.42,346.4,400.71,653.4,143,318.47
8428,34,130.7,372.29,448.25,159.7,377.09,400.16,631.9,146,305.85
8429,36,132.1,381.6,449.92,160.71,480.38,391.13,650.3,155,279.84
8430,41,132.6,385.92,450.25,163.8,540.83,423.95,649.6,213,434.33
8431,42,133.3,398.67,444.44,167.4,520.45,427.63,658,242,400.36
8432,45,134.1,401.71,453.41,170.63,423.37,421.29,679.1,184,375
8433,43,133.5,407.91,466.27,172.47,360.13,382.76,711.6,162,165.49
8434,44,133.3,400.12,467.74,173.4,358.09,409.65,734.6,157,408.35
8435,41,133.6,400.56,465.63,172.15,350.88,414.39,731.2,151,396.61
8436,39,132.9,395.28,454.42,174.09,344.99,417.21,730.9,154,399.36
8437,38,132.9,403.87,453.44,171.36,331.07,379.9,742.4,151,151.42
8438,37,133.4,411.49,451.71,172.37,337.48,379.95,766.7,163,170.66
8439,35,131.6,415.68,448.78,173.5,370.06,384.46,783.7,160,199.52
8440,39,131.8,413.38,460.74,171.95,418.92,387.2,789.6,153,217.56
8441,35,131.5,406.53,470.97,170.89,450.31,448.17,761.7,174,717.43
8442,36,132.4,399.11,471.96,171.39,455.19,438.71,735.6,180,702.57
8443,40,132.9,387.7,466.31,168.54,459.07,443.73,711.6,191,693.8
8444,40,132.9,382.58,459.01,167.78,472.93,377.72,708,197,197.84
8445,42,133,385.12,462.61,166.28,484.67,379.91,691.9,198,214.3
8446,40,133.9,384.41,460.2,163.65,477.8,384.81,684.2,175,235.27
8447,40,136.2,367.89,460.63,161.72,444.57,391.81,683.2,154,261.57
8448,40,135.3,360.59,456.47,158.39,427.8,391.18,699.9,170,281.64
8449,42,135.3,363.34,449.45,160.61,402.35,391.17,713.4,155,293.71
8450,40,135.9,383.85,454.7,160.23,399.9,383.53,711.9,154,302.93
8451,37,137.4,388.82,462.42,161.24,384.2,389.99,720.1,151,307.38
8452,35,138,396.99,474.1,161.78,402.14,389.09,714,150,313.63
8453,36,135.7,402.88,465.55,161.66,488.32,399.4,712.9,158,317.84
8454,40,134.8,404,462.92,165.05,558.31,427.11,707.9,202,506.8
8455,42,137.4,399.81,469.56,167.15,550.49,421.48,727.4,207,514.52
8456,43,142.1,397.15,478.97,168.84,455.98,428.45,766,205,525.04
8457,41,141,405.14,485.66,171.11,383.02,411.22,808.3,162,344.8
8458,42,137.1,407.51,479.59,172.11,350.49,454.49,856.5,156,583.67
8459,37,136.7,407.93,483.73,172.64,345.36,445.31,883.5,167,571.85
8460,34,135.5,397.72,480.3,172.47,339.93,434.83,889,145,563.72
8461,37,134.5,396.44,475.99,174.13,345.28,393.44,898.2,145,314.62
8462,39,134.3,401.01,469.35,174.85,356.32,392.42,906.6,149,314.33
8463,37,134.1,406.35,464.49,175.04,376.13,398.18,934.3,145,310.76
8464,38,134.4,409.81,455.42,175.32,406.14,393.51,913.3,166,312.27
8465,37,134.6,397.84,458.03,174.92,428.15,466.1,892.5,159,800.85
8466,36,132.9,401.59,466.45,174.97,450.71,472.09,874.8,188,824.06
8467,36,132.6,397.53,461.23,173.38,466.38,480.58,876.2,177,855.84
8468,36,132.1,403.17,453.75,171.99,456.73,409.03,892.3,174,389.81
8469,35,130.6,402.9,435.47,170.79,425.76,409.68,892.4,168,404.6
8470,34,130,401.14,443.44,169.23,372.38,408.07,897.7,149,414.93
8471,31,129.8,401.89,439.97,168.44,337.58,407.76,904.4,125,429.74
8472,27,128.9,400.19,448.33,167.22,305.01,396.77,915,122,448.06
8473,25,128.2,406.98,448.07,164.25,293.72,405.71,916.1,117,456.94
8474,24,128.4,395.71,452.63,164.37,288.64,408.7,928.8,119,489.69
8475,25,127.6,395.15,454.8,165.71,298.6,411.45,953.3,121,497.02
8476,25,128.3,393.2,453.65,169.02,324.07,411.45,1026.6,122,514.43
8477,28,128.9,408.25,453.94,173.59,400.77,412.09,1041,131,498.72
8478,25,129,423.6,450.55,180.91,503.91,449.06,1069.3,172,678.75
8479,42,129.2,438.2,450.38,192.43,525.05,450.18,1080.1,224,681.69
8480,39,130,449.66,441.48,196.75,472.65,455.06,1110,190,682.08
8481,38,130.3,451.6,446.8,197.93,397.58,421.5,1125.5,169,500.13
8482,39,129.5,454.21,449.35,197.63,371.6,463.56,1099,163,781.68
8483,39,128.5,453.69,441.26,198.41,372.36,457.78,1118.5,147,786.4
8484,31,127.6,452.63,435.75,198.42,364.67,467.19,1122.1,144,800.48
8485,43,127.5,453.07,431.18,199.23,379.19,423.92,1163,157,523.28
8486,38,127.7,458.58,440.09,202.35,375.04,431.7,1185.4,155,533.7
8487,37,127,457.17,436.08,202.84,374.62,431.47,1198.9,156,555.88
8488,24,126.7,459.86,435.97,198.58,372.55,441.87,1179.8,178,598.5
8489,37,126.9,449.32,456.38,193.24,421.48,515.14,1153.6,174,1114.72
8490,35,127.6,447.21,464.98,189.92,470.54,514.57,1164.1,181,1132.38
8491,28,126.7,436.72,467.46,188.1,516.28,511.31,1193.9,170,1113.4
8492,41,125,429.28,445.99,185.06,522.15,447.32,1217.3,185,635.8
8493,38,123.5,425.03,439.84,183.42,491.8,455.96,1210,174,655.11
8494,36,123.1,422.01,435.75,180.24,449.73,458.49,1175.8,168,679.21
8495,38,122.7,422.29,436.72,179.15,394.99,458.85,1130.3,166,690.52
8496,33,121.8,421.4,433.05,178.6,370.27,458.22,1090.9,146,688.14
8497,31,121.8,410.54,431.19,177.91,353.13,462.7,1059.8,143,702.58
8498,30,121.3,413.1,430.89,175.28,346.97,461.66,1057.3,158,721.55
8499,30,121,408.74,425.9,176.37,351.01,460.83,1080.7,140,731.24
8500,30,121,411.79,427.43,176.74,367.24,457.78,1100.1,148,736.3
8501,34,123,421.31,422.26,182.33,425.32,452.58,1098.8,147,734
8502,37,123.8,440.17,425.56,190.62,512.45,475.12,1132.6,214,919.39
8503,42,123.9,462.64,416.41,199.23,542.66,477.67,1200.4,216,906.84
8504,43,125.1,464.03,424.94,202.94,553.47,491.23,1281.1,208,896.53
8505,43,126.1,454.34,433.94,203.03,497.75,466.01,1285.3,174,694.97
8506,44,128,453.23,455.84,202.54,484.45,497.79,1274.1,179,938.6
8507,44,127.8,454.79,449.7,201.6,449.56,482.34,1279.9,169,922.85
8508,44,127.1,467.05,446,202.88,446.98,468.46,1266.8,173,901.19
8509,45,126,474.64,435.16,203.96,435.93,435.87,1273.3,184,637.3
8510,41,125.4,480,442.39,207.99,426.93,435.89,1256.9,182,646.22
8511,44,126.2,474.27,439.48,208.38,424.32,440.23,1273.3,177,651.06
8512,42,127.7,462.94,439.36,202.47,426.06,434.35,1282.3,201,655.15
8513,42,126.7,445.48,435.05,195.98,467.04,504.83,1298,174,1090.83
8514,41,126.6,431.12,432.97,195.48,468.84,524.17,1307.7,193,1126.84
8515,42,125.8,418.89,433.14,192.08,452.12,529.67,1289.4,177,1149.3
8516,43,125.1,428.75,434.2,191.65,426.86,476.17,1281.7,171,737.04
8517,43,125,432.82,429.77,189.69,420.31,475.09,1275.9,195,767.13
8518,38,125.2,439.19,427.37,184.66,429.34,474.5,1253.9,180,819.65
8519,38,124.6,433.96,426.44,181.71,399.49,482.75,1224.4,162,859
8520,37,123.9,426.4,439.09,180.21,377.38,489.91,1219.5,157,866.51
8521,34,124.2,421.05,437,179.87,356.19,497.93,1233.7,149,853.11
8522,34,123.8,421.38,438.17,182.58,350.73,493.37,1240.1,142,864.5
8523,33,123.5,429.79,428.88,182.67,351.23,488.7,1203.5,144,892.56
8524,33,123.4,434.52,430.43,183.41,363.83,487.38,1194,145,912.91
8525,33,123.6,440.02,425.09,188,370.6,482.53,1221.3,147,894.84
8526,36,124.2,454.84,426.03,198.21,359.68,515.88,1263.4,147,1032.55
8527,36,124.5,472.73,427.08,207.05,402.07,515.61,1276.5,160,994.74
8528,37,125.1,475.42,437.85,211.44,443.91,508.06,1264.9,184,953.3
8529,43,126.8,478.37,439.73,208.69,570.87,465.19,1292.5,190,739.39
8530,42,127.6,471.26,442.22,209.79,573.52,485.55,1315.9,222,990.56
8531,44,126.6,478.82,435.88,208.87,572.53,481.61,1314.6,193,970.93
8532,42,124.7,478.22,436.31,209.26,518.06,479.98,1269,188,948.39
8533,44,125.1,488.73,435.61,209.75,529.27,448.38,1249,176,637.7
8534,44,125.7,481.82,436.35,211.06,535.44,447.43,1226.2,158,628.83
8535,45,125.3,476.58,432.29,209.35,529.39,440.98,1238.8,179,616.69
8536,46,125.5,465.84,430.79,203.02,522.57,442.52,1207.7,172,622.96
8537,46,127.8,457.69,442.52,199.78,522.52,514.4,1199.7,168,1085.09
8538,45,127.9,451.66,448.42,196.53,506.26,516.62,1173.6,173,1074.04
8539,46,127.6,444.18,452.88,192.48,486.5,511.78,1178.3,176,1056.75
8540,43,125.9,445.21,443.35,190.14,480.49,437.2,1168.3,193,580.2
8541,43,123.6,438.44,442.92,188.04,483.37,438.05,1133.9,168,586.18
8542,42,123.2,436.52,432.03,187.23,466.75,440.6,1101.3,165,593.43
8543,42,123.6,425.6,426,184.45,466.27,433.92,1064.9,178,602.43
8544,43,123.3,427.23,426.36,181.69,440.16,430.18,1036.2,163,608.35
8545,40,122.8,422.34,433.65,178.83,434.85,421.24,1006.1,159,609.08
8546,40,122.9,429.88,433.09,178.3,409.58,424.58,986.1,153,598.83
8547,41,121.7,424.64,420.3,177.02,411.8,430.21,981.7,158,594.12
8548,41,121.6,425.65,414.27,178.57,407.35,429.95,990,159,578.75
8549,41,121.9,427.95,414.02,182.35,413.26,424.52,1025.3,159,572.21
8550,43,122,436.87,418.73,192.08,430.87,438.35,1051.8,170,712.4
8551,44,123.3,450.79,425.9,198.5,466.25,442.54,1081.6,169,697.33
8552,50,123.1,452.49,427.03,201.04,498.83,451.23,1084.2,181,687.63
8553,51,123.9,455.24,425.06,201.81,557.67,430.54,1105.5,199,523.78
8554,52,125.9,448.35,427.45,199.16,638.44,457.88,1133.2,196,799.86
8555,52,127.8,440.89,431.89,196.39,629.21,451.65,1147.7,212,791.78
8556,50,128.8,432.08,444.31,193.71,575.93,458.68,1152.3,228,779.41
8557,50,130,425.31,451.65,191.52,508.12,431.22,1126.1,195,506.12
8558,46,129.4,431.98,456.81,193.73,520.75,426.65,1109.9,207,515.43
8559,51,129.9,440.94,450.95,192.14,533.43,417.35,1106.1,185,541.95
8560,50,129.6,442.14,439,188.34,557.07,408.57,1115.7,202,551.97
8561,51,130.4,436.84,441.52,187.13,545.42,481.77,1128.5,188,1006.73
8562,51,130.6,423.31,448.89,183.68,539.58,486.27,1098.7,190,1001.95
8563,49,130.2,415.34,459.55,182.5,528.71,494.85,1058.5,183,999.06
8564,50,129.9,411,462.35,180.35,511.77,429.39,1037.2,182,555.76
8565,49,130,408.43,469.13,177.9,496.09,437.72,1013.7,183,554.09
8566,48,129.6,400.41,461.44,176.66,474.17,438.3,1028.3,171,560.19
8567,49,128.8,401.57,456.83,174.77,469.38,437.87,1018.8,169,546.64
8568,50,129.1,410.07,450.92,173.67,451.92,433.16,1063.5,164,553.79
8569,45,129.7,418.33,449.29,173.25,427.89,439.64,1088.4,161,570.9
8570,43,129.7,413.7,437.96,173.16,411.92,448.97,1155.8,160,614.54
8571,41,129.9,395.87,437.86,171.88,416.28,465.61,1157.2,160,655.57
8572,42,130.2,396,438.05,173.75,422.42,466.05,1198.4,166,705.63
8573,41,131.1,398.83,445.91,175.2,437.55,476.06,1209.5,166,738.1
8574,40,132.5,412.83,447.21,178.89,448.23,499.78,1267.8,164,949.1
8575,43,132.7,417.61,458.34,181.97,452.25,496.52,1301.1,175,944.29
8576,47,134.2,415.91,472.18,183.71,513.91,491.16,1350.8,204,921.02
8577,50,136.3,415.05,477.79,183.24,628.41,451,1403.2,242,716.65
8578,53,137.2,415.4,478.88,181.17,721.15,496.54,1423.8,224,993.8
8579,55,135.6,431.29,460.3,181.21,789.63,498.78,1391.3,209,1000.28
8580,51,133.6,430.36,457.63,180.37,728.82,503.37,1323.6,182,998.36
8581,51,132.8,430.68,452.75,180.4,680.71,453,1328.4,198,699.81
8582,57,131.6,419.41,457.67,181.27,592.22,452.03,1333.3,191,706.5
8583,57,131.5,419.85,461.16,178.54,561.7,445.54,1352.2,176,722.08
8584,59,132.9,415.22,458.59,176.59,543.66,454.9,1337.8,185,755.67
8585,58,134.4,415.08,465.36,176.67,514.31,526.89,1331.6,191,1150.86
8586,61,133.3,406.97,458.5,173.07,502.7,528.3,1338.4,185,1155.16
8587,58,132.6,402.92,459.74,170.96,477.9,531.23,1267.2,185,1140.52
8588,57,132.9,397.57,458.65,171.3,471.61,451.2,1227.3,175,739.6
8589,52,132.2,398.84,461.01,169.69,456.53,445.77,1182,173,721.81
8590,48,131.8,395.68,466.48,168.6,452.37,440.3,1179.3,174,726.19
8591,44,131.1,398.82,463.52,166.98,430.98,441.46,1162.4,161,735.99
8592,40,129.6,404.01,458.45,169.64,416.29,447.36,1153.2,166,741.85
8593,37,129.4,412.46,450.38,167.78,388.16,452.64,1167,156,755.39
8594,35,129.3,403.45,449.72,167.55,376.45,457.13,1175.1,152,764.67
8595,32,129.1,409.53,448.71,168.46,368.56,460.65,1169.9,151,784.11
8596,30,128.8,412.09,449.41,169.07,366.85,457.77,1136.8,149,774.6
8597,31,128.4,410.81,448.97,169.3,360.03,460.09,1110.7,151,782.04
8598,30,128.5,403.03,453.85,170.79,357.5,481.26,1077.8,149,971.78
8599,31,129.9,396.06,457.02,173.76,369.52,488.24,1086.9,158,961.52
8600,35,130.3,399.93,454.05,175.62,395.41,480.08,1127.8,162,942.43
8601,37,131.4,401.95,459.09,174.96,421.71,454.55,1168.4,168,702
8602,34,131.9,410.3,456.27,180.1,438.66,477.93,1200.4,177,914.92
8603,33,131.1,421.59,458.91,179.99,433.89,469.96,1199.5,167,864.92
8604,30,129.1,425.01,446.76,179.9,451.34,472.34,1217.4,158,856.56
8605,26,128.6,420.29,448.88,181,433.96,431.78,1218.9,135,596.86
8606,26,127.1,411.5,448.12,181.91,460.01,439.11,1204.8,171,601.12
8607,25,126.6,415.02,447.44,182.92,426.09,436.92,1197.2,160,602.26
8608,23,125.9,419.97,449.56,181.68,423.19,439.93,1153.3,152,596.98
8609,20,127.1,428.27,451.03,181.3,399.85,511.53,1125.6,136,1042.44
8610,26,127.2,429.14,453.98,180.29,386.7,509.71,1093.4,125,1035.67
8611,19,125.1,426,441.35,179.85,387.94,500.36,1090.9,153,1038.11
8612,18,124.7,426.58,435.75,178.43,390.26,421.4,1078.3,130,576.9
8613,20,124.9,419.69,427.38,177.24,391.45,430.64,1045.1,134,551.19
8614,22,124.8,416.3,429.83,176.29,380.81,438.7,1027.8,133,534.66
8615,23,124.1,410.95,426.62,175.78,343.42,441.74,1018.7,124,538.01
8616,22,123.7,412.49,433.22,175.18,317.65,436.37,1029.7,142,555.52
8617,15,123.5,416.46,429.4,175.5,287.23,446.27,1015.9,115,578.12
8618,13,123,413.23,442.6,175.28,273.49,446.39,1028.6,109,609.49
8619,13,123.2,413.38,433.27,175.06,265.79,446.6,1034.2,110,636.82
8620,15,123.5,416.12,437.85,175.67,267.22,443.52,1078.9,116,657.27
8621,15,123.4,418.31,426.17,176.84,268.75,444.3,1090.9,117,671.67
8622,16,123.2,415.05,436.84,179.39,283.29,472.78,1107.8,119,903.88
8623,22,123.4,413.39,433.89,181.69,309.79,477.02,1119.4,128,944.16
8624,27,123.4,421.63,434.44,184.8,339.24,483.97,1128.2,151,944.47
8625,29,123.8,427.49,430.34,185.78,383.18,466.18,1143.6,163,728.36
8626,28,126.3,433.72,446.89,185.86,436.18,506.18,1151.6,194,979.3
8627,31,126.1,433,445.4,187.79,476.81,504.83,1166,154,974.54
8628,26,126.3,438.18,447.17,186.25,505.55,493.73,1168.6,159,958.59
8629,24,126.4,433.78,432.87,185.69,467.28,453.12,1166.5,154,678.69
8630,25,126.4,433.22,432.68,188.03,431.88,453.26,1171.2,157,680.71
8631,28,126.6,434.69,427.55,189.98,388.46,448.11,1173.5,139,707.92
8632,28,126.6,428.09,433.06,190.69,403.93,439.76,1184.9,146,707.74
8633,24,126,432.19,438.16,190.74,414.85,509.5,1184.2,140,1166.47
8634,27,125.7,428.41,439.91,191.04,423.58,522.86,1233.1,134,1151.74
8635,27,125.7,440.67,431.85,187.82,397.53,527.11,1241.4,146,1165.38
8636,28,125.1,438.52,430.1,185.63,378.82,462.47,1267.2,138,715.6
8637,26,125.2,429.33,432.26,182.63,361.16,456.97,1220,125,716.92
8638,25,124.5,421.6,435.09,180.08,344.33,461.84,1186.5,121,691.89
8639,23,123.9,410.88,428.17,176.69,330.99,451.48,1151.9,124,679.44
8640,21,123.1,418.25,429.22,175.29,303.93,445.48,1139.1,124,691.6
8641,19,123.7,412.76,426.34,174.98,302.59,452.09,1150.8,126,715.11
8642,21,123.7,416.75,430.45,176.36,305.23,450.58,1111.7,129,733.83
8643,22,123.5,409.45,428.36,173.89,318.18,457.18,1088.2,133,734.97
8644,24,124.1,417.8,424.81,176.29,324.85,455.97,1073.1,140,733.79
8645,24,124.6,430.47,435.98,180.58,329.82,467.46,1097.9,144,737.08
8646,26,125.8,450.31,444.19,188.28,373.01,504.54,1133,150,913.01
8647,30,126.4,462.26,454.21,195.27,394.27,507.08,1175.1,146,937.63
8648,36,126.1,460.3,448.86,199.5,421.21,511.79,1202.3,162,953.84
8649,36,127.5,455.59,455.07,201.73,415.55,476.82,1224,163,783.82
8650,34,128.3,449.23,464.5,194.27,416.73,498.91,1196.8,175,1033.37
8651,33,128.1,456.63,462.55,204.58,448.03,482.61,1170.8,157,998.39
8652,32,126.1,465.37,447.22,205.49,444.9,477.44,1132.6,154,988.7
8653,33,125.6,472.47,433.73,205.64,420.19,435.44,1113.5,151,706.9
8654,33,125.7,473.19,424.82,205.62,372.42,445.04,1135.8,150,699.19
8655,32,126.6,461.71,427.82,207.66,346.1,454.77,1151.1,165,683.87
8656,30,127.2,472.46,435.28,204.2,354.78,459.49,1127.9,161,648.18
8657,31,128,456.8,452.69,201.38,391.96,522.34,1086.6,157,1066.69
8658,30,127.8,454.5,457.49,196.74,406.86,503.82,1061.3,172,1042.39
8659,29,127.8,437.46,452,193.92,428,501.05,1064.9,159,1029.35
8660,28,127.9,433.64,445.59,192.5,401.76,429.18,1074.6,163,570.76
8661,29,127.7,438.71,446.12,188.59,392.53,431.47,1065.5,157,549.06
8662,29,127.6,439.42,437.7,188.26,393.31,433.21,1061.3,140,548.87
8663,28,127.1,438.71,435.89,182.83,375.81,430.47,1068.2,137,545.75
8664,28,127,418.15,440.47,178.63,357.07,432.54,1079,132,561.21
8665,28,126.7,404.65,448.55,176.29,327.42,433.94,1078.7,141,572.83
8666,28,126.6,402.76,434.92,173.28,327.31,445.33,1071,142,590.47
8667,27,125.6,414.06,422.14,173.15,327.18,448.09,1044.9,140,599.06
8668,28,126.4,420.42,416.54,177.51,333.75,445.59,1037,136,609.67
8669,26,127.5,430.16,426.18,180.34,333.18,439.36,1007.5,138,618.27
8670,19,126.9,434,427.45,188.44,364.98,466.96,1009.5,147,808.88
8671,35,127.4,446.64,441.31,194.84,393.59,462.55,987.2,154,782.53
8672,38,129.3,447.2,451.13,196.58,424.76,456.22,993,163,761.65
8673,34,130.5,452.03,459.17,197.04,424.98,421.72,1005.7,186,526.65
8674,38,130.9,449.1,463.82,195.25,452.28,449.23,1014.6,179,763.11
8675,33,129.6,452.13,455.01,195.21,457.67,446.47,1014,153,717.21
8676,30,128.3,449.74,449.5,195.02,460.74,441.15,1008.7,165,700.42
8677,30,127.1,444.81,447.36,195.33,412.02,412.73,1019.7,147,418
8678,29,127.1,446.34,450.55,194.62,400.68,409.01,1034,163,420.52
8679,35,126.6,442.44,451.77,194.03,409.6,408.59,1021.5,150,423.94
8680,36,126.2,441.54,438.43,191.88,452.93,405.53,1011.7,150,435.16
8681,38,126.8,429.75,438.42,188.85,478.96,471.79,992.9,154,890.22
8682,33,125.5,423.19,433.07,185.55,500.57,469.64,984,184,886.81
8683,41,127.7,411.08,444.16,182.83,483.45,467.51,974.2,181,881.89
8684,40,127.1,410.3,434.02,179.56,455.12,396.38,961.6,171,436.77
8685,40,125.8,410.52,439.07,177.88,427.04,397.53,948.6,160,445.98
8686,41,124.5,407.95,432.61,176.2,412.14,403.97,917.9,158,450.27
8687,40,125.5,406.49,434.81,174.54,426.67,407.11,866.3,155,445.64
8688,37,128.1,403.45,439.62,174.57,413.86,406.44,832.5,149,435.94
8689,38,128,405.52,436.14,174.34,409.4,402.12,833.1,170,443.11
8690,37,125.7,404.94,432.14,174.44,395.73,410.97,872.1,155,445.86
8691,37,123,411.89,422.67,174.83,397.99,410.19,868.4,157,459.14
8692,36,122.4,412.9,417.35,175.57,402.41,409.07,871.2,159,453.09
8693,35,122.9,418.36,422.37,179.38,392.62,412.56,854.6,160,458.37
8694,33,123.2,427.51,421.79,187.38,391.63,446.17,920.2,152,639.76
8695,32,123.2,446.18,422.03,195.59,385.5,452.48,958.1,156,639.42
8696,35,123.3,456.16,418.69,199.29,408.83,442.84,992.8,169,634.27
8697,38,124,452.25,423.78,198.91,450.97,412.42,1000.1,173,452.6
8698,38,124.8,450.58,434.39,199.61,496.92,454.49,1000.8,191,758.93
8699,37,125.3,452.05,440.65,199.92,473.64,459.64,1034.9,183,763.34
8700,37,124.1,459.29,433.32,200.85,455.97,464.78,1020,175,766.15
8701,37,122.6,466.86,425.37,202.76,430.04,422.52,1035.3,158,474.06
8702,39,122.1,468.1,419.52,203.41,431.3,425.71,1011.9,182,475.3
8703,39,122.5,457,417.85,202.9,433.92,422.72,1018.9,170,482.48
8704,37,122.5,450.89,425.28,198.23,414.55,416.18,993.6,168,475.96
8705,38,122.4,442.99,437.6,195.29,412.99,475.54,994.3,170,937.13
8706,37,122.2,436.5,437.69,192.71,397.06,475.57,970.4,163,932.4
8707,36,121.8,429.15,423.29,190.61,398.22,470.82,938.1,174,943.83
8708,34,121.6,421.76,405.81,187.84,397.44,410.51,882,164,480.28
8709,38,121.4,429.52,404.77,184.89,395.21,417.21,869.3,163,487.31
8710,34,121,422.98,408.68,181.11,402.38,428.82,886.7,153,503.76
8711,34,118.8,424.79,414.73,178.65,393.59,425.21,883.2,142,528.1
8712,34,119.8,418.12,419.61,173.17,370.82,421.75,866.5,146,531.77
8713,33,122.5,419.29,424.56,173.27,354.22,413.18,839.6,140,518.2
8714,31,122.6,418.26,421.51,172.61,350.05,407.24,848.3,140,505.3
8715,32,121.6,410.79,425.61,173.21,359.08,412.72,854,140,508.71
8716,30,121.1,410.11,422.5,174.32,363.88,409.98,854.4,146,498.36
8717,31,121.9,403.49,428.76,177.47,367.91,419.56,824.2,143,489.14
8718,30,122.3,420.23,422.99,181.9,364.13,444.54,807.7,147,644.04
8719,32,122.3,433.12,426.1,186.98,380.36,451.57,812.2,160,633.26
8720,36,122.9,447.29,434.43,192.36,425.21,446.45,844.9,167,615.35
8721,39,123.1,450.19,431.34,193.21,460.26,412.11,870.6,193,429.27
8722,34,122.9,455.15,428.45,194.36,490.21,438.99,895.7,167,694.7
8723,39,123,457.46,416.18,194.52,502.18,434.72,916.3,180,688.08
8724,38,123.5,458.54,418.51,190.53,536.84,438.1,932.1,192,680.67
8725,37,122.6,446.52,416.77,188.1,519.27,408.72,954.6,170,399.8
8726,37,122.1,444.06,415,188.4,505.8,409.58,972.9,153,397.31
8727,37,122.6,437.23,417.04,187.73,467.64,402.72,975.9,158,378.45
8728,38,123.5,425.55,427.89,185.4,473.95,397.46,941.8,159,361.43
8729,36,124.1,411.27,439.06,183.16,496.31,455.51,905.6,157,806.48
8730,37,124.5,408.47,439.77,180.14,502.96,457.09,866.3,164,800.58
8731,35,124.5,420.21,435.16,177.22,476.36,455.55,846.5,158,792.52
8732,31,124.7,425.18,431.53,174.38,400.96,405.32,813.4,175,330.66
8733,37,123.1,426.16,433.99,171.71,360.66,400.88,792.1,164,330.25
8734,34,121,411.76,427.71,168.96,362.62,406.82,773.2,138,343.97
8735,31,119.2,412.69,420.67,167.5,306.04,407.01,777.6,149,361.97
8736,34,118.9,411.63,408.74,168.88,239.39,414.27,778.9,146,401.07
8737,33,118.7,415.64,410.17,169.2,158.48,412.42,758.4,140,428.02
8738,31,118.2,413.93,406.15,168.9,155.93,406.56,737,140,451.84
8739,32,118.1,408.2,406.12,168.7,152.1,400.2,737.9,140,464.16
8740,30,118,402.99,403.11,169.97,149.51,406.14,787.4,146,468.94
8741,31,117.4,404.99,411.76,171.37,153.96,405.31,810.8,143,479.56
8742,30,117,408.13,419.32,174.78,159.23,438.25,810.9,147,675.05
8743,32,116.8,420.83,418.2,179.81,159.96,443.92,793.4,160,673.64
8744,36,117.3,426.07,408.83,180.1,157.11,453.59,800,167,658.24
8745,39,118,430.41,412.53,183.85,154.95,417.83,806,193,439.37
8746,34,119.5,432.16,417.23,187.29,156.18,439.52,812.4,167,708.76
8747,39,118.9,440.24,420.31,187.27,155.36,429.41,821,180,678.99
8748,38,118.5,439.1,414.76,184.77,154.22,432.89,842,192,655.93
8749,37,118.3,435.65,408.48,180.31,152.77,394.67,845.1,170,356.05
8750,37,117.8,420.31,406.2,180.99,155.74,392.64,855.7,153,359.29
8751,37,118.2,411.85,402.31,182.33,157.79,393.61,847.1,158,370.45
8752,38,119.3,413.49,403.39,179.56,154.39,398.39,846.9,159,372.86
8753,36,119.6,419.04,408.46,180.23,153.82,474.56,841.3,157,850.03
8754,37,119.3,420.3,405.33,176.6,152.6,480.05,831.8,164,855.64
8755,35,118.5,413.24,410.31,172.49,156.84,483.26,811.5,158,870.78
8756,31,117.8,410.14,411.39,169.7,155.35,417.14,812.1,175,427.52
8757,37,118.2,412.09,412.3,169.94,156.27,419.42,829.6,164,449.58
8758,34,117.5,408.26,411.23,171.23,155.45,422.11,851.7,138,461.3
8759,31,117,406.03,404.42,171.71,156.64,421.09,850.6,149,458.05
