thermal_demand,co2_price,gas_price,electricity_price,wp_price
0.617280167,82.25,70.807,50.05,24.94
0.615986323,82.25,70.807,41.33,24.94
0.616708511,82.25,70.807,43.22,24.94
0.615566989,82.25,70.807,45.46,24.94
0.614579581,82.25,70.807,37.67,24.94
0.618785471,82.25,70.807,39.7,24.94
0.658543404,82.25,70.807,40.59,24.94
0.663960704,82.25,70.807,43.26,24.94
0.665720476,82.25,70.807,49.66,24.94
0.639967242,82.25,70.807,70.05,24.94
0.705111043,82.25,70.807,76.79,24.94
0.710350933,82.25,70.807,84.1,24.94
0.715056798,82.25,70.807,94.74,24.94
0.65512063,82.25,70.807,96.8,24.94
0.653767649,82.25,70.807,97.17,24.94
0.64049589,82.25,70.807,101,24.94
0.647726723,82.25,70.807,126.6,24.94
0.747789981,82.25,70.807,149.97,24.94
0.760454243,82.25,70.807,146.33,24.94
0.753705466,82.25,70.807,140.28,24.94
0.645674851,82.25,70.807,121.88,24.94
0.645402463,82.25,70.807,102.61,24.94
0.631419268,82.25,70.807,97.46,24.94
0.628905053,82.25,70.807,85.16,24.94
0.623356934,82.25,70.807,57.08,24.94
0.612595806,82.25,70.807,52.59,24.94
0.611463245,82.25,70.807,48.97,24.94
0.613821553,82.25,70.807,34.94,24.94
0.62195736,82.25,70.807,29.56,24.94
0.629062751,82.25,70.807,33.97,24.94
0.679506547,82.25,70.807,34.52,24.94
0.688536576,82.25,70.807,41.8,24.94
0.689500687,82.25,70.807,48.95,24.94
0.664329862,82.25,70.807,60.01,24.94
0.719863017,82.25,70.807,70.09,24.94
0.717793225,82.25,70.807,66.26,24.94
0.698358682,82.25,70.807,64.54,24.94
0.632173712,82.25,70.807,46.96,24.94
0.638080236,82.25,70.807,40.01,24.94
0.640379408,82.25,70.807,29.11,24.94
0.654385899,82.25,70.807,32.76,24.94
0.746564234,82.25,70.807,42.97,24.94
0.745008754,82.25,70.807,60.96,24.94
0.753759227,82.25,70.807,60.94,24.94
0.642631987,82.25,70.807,54.12,24.94
0.646597745,82.25,70.807,46.16,24.94
0.630998142,82.25,70.807,46.29,24.94
0.627544904,82.25,70.807,32.93,24.94
0.621167076,82.25,70.807,0.31,24.94
0.615172743,82.25,70.807,-0.01,24.94
0.615952275,82.25,70.807,-0.07,24.94
0.609576239,82.25,70.807,-1.05,24.94
0.612685408,82.25,70.807,-1,24.94
0.621640172,82.25,70.807,0.32,24.94
0.679881081,82.25,70.807,37.55,24.94
0.693145672,82.25,70.807,88.76,24.94
0.694254937,82.25,70.807,122.93,24.94
0.664025217,82.25,70.807,110.17,24.94
0.723296543,82.25,70.807,93.38,24.94
0.721300224,82.25,70.807,90.73,24.94
0.710546264,82.25,70.807,82.37,24.94
0.659580988,82.25,70.807,80.9,24.94
0.671811579,82.25,70.807,80.99,24.94
0.685377231,82.25,70.807,98.05,24.94
0.689201419,82.25,70.807,123.51,24.94
0.787492361,82.25,70.807,148.49,24.94
0.794291316,82.25,70.807,138,24.94
0.796146065,82.25,70.807,117.64,24.94
0.690964774,82.25,70.807,117.71,24.94
0.677126734,82.25,70.807,95.95,24.94
0.665354902,82.25,70.807,105.68,24.94
0.652837587,82.25,70.807,95.26,24.94
0.639814919,82.25,70.807,103.7,24.94
0.632707736,82.25,70.807,108.27,24.94
0.624668699,82.25,70.807,105.92,24.94
0.619527371,82.25,70.807,103.41,24.94
0.623235076,82.25,70.807,102.71,24.94
0.636700375,82.25,70.807,114.23,24.94
0.702668509,82.25,70.807,156.91,24.94
0.726473809,82.25,70.807,182.64,24.94
0.731461022,82.25,70.807,178.91,24.94
0.689531152,82.25,70.807,190,24.94
0.745135988,82.25,70.807,189.88,24.94
0.752954606,82.25,70.807,182.42,24.94
0.752637417,82.25,70.807,182.46,24.94
0.693980757,82.25,70.807,179.59,24.94
0.686511585,82.25,70.807,179,24.94
0.679250287,82.25,70.807,180.93,24.94
0.677094478,82.25,70.807,166.69,24.94
0.779718544,82.25,70.807,189.88,24.94
0.783612621,82.25,70.807,184.94,24.94
0.78331156,82.25,70.807,178.99,24.94
0.684629955,82.25,70.807,156.12,24.94
0.674051614,82.25,70.807,140.92,24.94
0.655274745,82.25,70.807,137.92,24.94
0.643327294,82.25,70.807,97.56,24.94
0.631478405,82.25,91.338,105.31,24.94
0.626276148,82.25,91.338,97.29,24.94
0.620281814,82.25,91.338,84.5,24.94
0.623143683,82.25,91.338,75.38,24.94
0.626426678,82.25,91.338,79.11,24.94
0.640798743,82.25,91.338,94.79,24.94
0.696163447,82.25,91.338,99.16,24.94
0.715024542,82.25,91.338,101.15,24.94
0.721398785,82.25,91.338,129.56,24.94
0.703775982,82.25,91.338,113.37,24.94
0.773469743,82.25,91.338,94.43,24.94
0.781876146,82.25,91.338,98.1,24.94
0.775442765,82.25,91.338,95.68,24.94
0.721954314,82.25,91.338,96.8,24.94
0.723791143,82.25,91.338,107.32,24.94
0.72285212,82.25,91.338,119.48,24.94
0.722015243,82.25,91.338,137.28,24.94
0.822162727,82.25,91.338,148.09,24.94
0.820340234,82.25,91.338,139.88,24.94
0.807572035,82.25,91.338,135.75,24.94
0.703197157,82.25,91.338,119.93,24.94
0.6995683,82.25,91.338,98.09,24.94
0.698570141,82.25,91.338,118.71,24.94
0.687194347,82.25,91.338,99.68,24.94
0.674110751,82.25,92.598,99.85,24.94
0.6621185,82.25,92.598,101.32,24.94
0.662550378,82.25,92.598,110.01,24.94
0.666765228,82.25,92.598,111.55,24.94
0.684400576,82.25,92.598,123.37,24.94
0.695550574,82.25,92.598,149.94,24.94
0.749845438,82.25,92.598,185.92,24.94
0.754909709,82.25,92.598,228.25,24.94
0.775114824,82.25,92.598,228.92,24.94
0.744827759,82.25,92.598,212.9,24.94
0.824565836,82.25,92.598,215.5,24.94
0.842760297,82.25,92.598,231.9,24.94
0.833986528,82.25,92.598,226,24.94
0.766703045,82.25,92.598,209.2,24.94
0.750883022,82.25,92.598,216.06,24.94
0.760244576,82.25,92.598,230.77,24.94
0.745471097,82.25,92.598,245.95,24.94
0.839717433,82.25,92.598,274.11,24.94
0.831907775,82.25,92.598,273.44,24.94
0.834936302,82.25,92.598,245.48,24.94
0.730980759,82.25,92.598,226.14,24.94
0.721083388,82.25,92.598,208.31,24.94
0.715497637,82.25,92.598,178.75,24.94
0.707679019,82.25,92.598,124.7,24.94
0.700949954,82.25,94.548,128.92,24.94
0.686212316,82.25,94.548,118.4,24.94
0.678352481,82.25,94.548,103.01,24.94
0.681576339,82.25,94.548,101.91,24.94
0.685214156,82.25,94.548,101.98,24.94
0.691975478,82.25,94.548,114.99,24.94
0.737747457,82.25,94.548,140.19,24.94
0.751094481,82.25,94.548,152.64,24.94
0.764597412,82.25,94.548,160.97,24.94
0.74423639,82.25,94.548,161.85,24.94
0.811245692,82.25,94.548,161.37,24.94
0.826234214,82.25,94.548,166.06,24.94
0.807930441,82.25,94.548,166.54,24.94
0.757805626,82.25,94.548,166.04,24.94
0.755941917,82.25,94.548,169.43,24.94
0.750976207,82.25,94.548,189.7,24.94
0.739885346,82.25,94.548,201.97,24.94
0.822535469,82.25,94.548,243.11,24.94
0.8207076,82.25,94.548,253.81,24.94
0.817370844,82.25,94.548,237.05,24.94
0.726783829,82.25,94.548,224.33,24.94
0.703532266,82.25,94.548,213.81,24.94
0.687251692,82.25,94.548,185.94,24.94
0.667003568,82.25,94.548,148.32,24.94
0.654645743,82.25,90.886,164.17,24.94
0.650262442,82.25,90.886,152.83,24.94
0.647337853,82.25,90.886,166,24.94
0.649269659,82.25,90.886,160.86,24.94
0.661693789,82.25,90.886,160,24.94
0.68849536,82.25,90.886,154.3,24.94
0.764362656,82.25,90.886,166,24.94
0.770414335,82.25,90.886,182.91,24.94
0.760267872,82.25,90.886,215.89,24.94
0.689192458,82.25,90.886,231,24.94
0.755226898,82.25,90.886,228.95,24.94
0.754139137,82.25,90.886,215.39,24.94
0.758730312,82.25,90.886,206.68,24.94
0.693608015,82.25,90.886,185,24.94
0.691305259,82.25,90.886,169.52,24.94
0.699199143,82.25,90.886,162.8,24.94
0.701668557,82.25,90.886,161.34,24.94
0.805068572,82.25,90.886,189.9,24.94
0.826083684,82.25,90.886,170.71,24.94
0.828302215,82.25,90.886,140.23,24.94
0.728262253,82.25,90.886,102.54,24.94
0.708662842,82.25,90.886,102.18,24.94
0.685680084,82.25,90.886,102.29,24.94
0.666505384,82.25,90.886,90.05,24.94
0.644999256,82.25,90.886,85.03,24.94
0.641830951,82.25,90.886,84.4,24.94
0.634540981,82.25,90.886,80.24,24.94
0.635693255,82.25,90.886,55.46,24.94
0.635962059,82.25,90.886,49.29,24.94
0.652377036,82.25,90.886,50.64,24.94
0.72373559,82.25,90.886,74.29,24.94
0.746211205,82.25,90.886,84.44,24.94
0.731801508,82.25,90.886,97.26,24.94
0.68852224,82.25,90.886,119.97,24.94
0.742899537,82.25,90.886,134.96,24.94
0.750619594,82.25,90.886,149.4,24.94
0.744376168,82.25,90.886,165.13,24.94
0.692514878,82.25,90.886,165.06,24.94
0.699424938,82.25,90.886,170.09,24.94
0.722866456,82.25,90.886,189.04,24.94
0.73781197,82.25,90.886,190.96,24.94
0.842371426,82.25,90.886,223.3,24.94
0.848955337,82.25,90.886,243.94,24.94
0.836828684,82.25,90.886,240,24.94
0.730987927,82.25,90.886,230.82,24.94
0.717105086,82.25,90.886,214.02,24.94
0.710806108,82.25,90.886,215.88,24.94
0.694437724,82.25,90.886,203.8,24.94
0.677990491,82.25,91.43,196.23,24.94
0.672759562,82.25,91.43,191.85,24.94
0.668722123,82.25,91.43,195.91,24.94
0.67851018,82.25,91.43,186.66,24.94
0.674015773,82.25,91.43,178.04,24.94
0.692185145,82.25,91.43,191.65,24.94
0.759457876,82.25,91.43,237.44,24.94
0.775625552,82.25,91.43,299.95,24.94
0.764778407,82.25,91.43,313.92,24.94
0.710209363,82.25,91.43,315,24.94
0.761601141,82.25,91.43,310.41,24.94
0.76330536,82.25,91.43,310.08,24.94
0.762685318,82.25,91.43,300,24.94
0.706820638,82.25,91.43,297.01,24.94
0.709607241,82.25,91.43,299.96,24.94
0.701399753,82.25,91.43,306.45,24.94
0.705917456,82.25,91.43,302.73,24.94
0.812430223,82.25,91.43,315.47,24.94
0.824374089,82.25,91.43,310.82,24.94
0.822374186,82.25,91.43,294.98,24.94
0.73053992,82.25,91.43,267.45,24.94
0.731475359,82.25,91.43,242.29,24.94
0.719542244,82.25,91.43,217.03,24.94
0.705763341,82.25,91.43,195.83,24.94
0.696853378,82.25,88.498,210.34,24.94
0.692083,82.25,88.498,202.42,24.94
0.694452061,82.25,88.498,197.6,24.94
0.693935957,82.25,88.498,193,24.94
0.700369337,82.25,88.498,194.9,24.94
0.726416464,82.25,88.498,204.45,24.94
0.806591796,82.25,88.498,237.13,24.94
0.813922982,82.25,88.498,298.68,24.94
0.788167956,82.25,88.498,302.02,24.94
0.716820154,82.25,88.498,297.16,24.94
0.767568594,82.25,88.498,277.02,24.94
0.759703384,82.25,88.498,266.43,24.94
0.748533673,82.25,88.498,254.92,24.94
0.686724836,82.25,88.498,248.89,24.94
0.67685793,82.25,88.498,255.01,24.94
0.683608499,82.25,88.498,277.9,24.94
0.687667443,82.25,88.498,289.94,24.94
0.792069201,82.25,88.498,316.4,24.94
0.797645992,82.25,88.498,315.9,24.94
0.79698115,82.25,88.498,309.2,24.94
0.693186889,82.25,88.498,285.33,24.94
0.688984583,82.25,88.498,245.44,24.94
0.665555609,82.25,88.498,237.27,24.94
0.641780774,82.25,88.498,212.49,24.94
0.621007586,82.25,82.675,196.65,24.94
0.615239048,82.25,82.675,187.1,24.94
0.626245683,82.25,82.675,184.27,24.94
0.628025167,82.25,82.675,179.58,24.94
0.639942153,82.25,82.675,178.33,24.94
0.663050354,82.25,82.675,193.5,24.94
0.749042609,82.25,82.675,240.56,24.94
0.774528831,82.25,82.675,273.18,24.94
0.789755693,82.25,82.675,300.1,24.94
0.747784605,82.25,82.675,292.74,24.94
0.804720919,82.25,82.675,275.5,24.94
0.803925258,82.25,82.675,258.65,24.94
0.794131825,82.25,82.675,245.11,24.94
0.747838366,82.25,82.675,232.08,24.94
0.756631848,82.25,82.675,234.77,24.94
0.773312044,82.25,82.675,240.01,24.94
0.785255911,82.25,82.675,255,24.94
0.882005709,82.25,82.675,284.82,24.94
0.888145197,82.25,82.675,285.97,24.94
0.874427223,82.25,82.675,269.03,24.94
0.768185052,82.25,82.675,235.25,24.94
0.747680668,82.25,82.675,191.5,24.94
0.731719075,82.25,82.675,193.69,24.94
0.716311218,82.25,82.675,172.18,24.94
0.701754575,82.25,79.105,173.14,24.94
0.689452302,82.25,79.105,161.69,24.94
0.682171293,82.25,79.105,153.58,24.94
0.680877449,82.25,79.105,147.07,24.94
0.688006136,82.25,79.105,152.47,24.94
0.703593195,82.25,79.105,171.26,24.94
0.762443394,82.25,79.105,192.03,24.94
0.783490763,82.25,79.105,215.24,24.94
0.787117828,82.25,79.105,235.9,24.94
0.753354228,82.25,79.105,219.99,24.94
0.811688323,82.25,79.105,180.08,24.94
0.815655873,82.25,79.105,170.16,24.94
0.806889272,82.25,79.105,152.53,24.94
0.74665742,82.25,79.105,134.13,24.94
0.73553251,82.25,79.105,171.01,24.94
0.73985309,82.25,79.105,201.59,24.94
0.743888737,82.25,79.105,205.38,24.94
0.840097343,82.25,79.105,220.3,24.94
0.836982798,82.25,79.105,212.76,24.94
0.82352646,82.25,79.105,210,24.94
0.720785912,82.25,79.105,192.69,24.94
0.701360328,82.25,79.105,164.46,24.94
0.700064692,82.25,79.105,164.2,24.94
0.687905782,82.25,79.105,122.09,24.94
0.680565636,82.25,79.105,120.04,24.94
0.672399364,82.25,79.105,110.03,24.94
0.67213952,82.25,79.105,108.24,24.94
0.679063916,82.25,79.105,107.46,24.94
0.683646132,82.25,79.105,109.82,24.94
0.694061398,82.25,79.105,140.52,24.94
0.741999939,82.25,79.105,176.04,24.94
0.759275089,82.25,79.105,190.97,24.94
0.77908775,82.25,79.105,216.99,24.94
0.772799524,82.25,79.105,196.91,24.94
0.837111824,82.25,79.105,162.92,24.94
0.849614804,81.7,79.105,160.04,24.94
0.844758408,81.52,79.105,154.01,24.94
0.801394915,81.52,79.105,152.29,24.94
0.806405425,81.52,79.105,186.94,24.94
0.818302699,81.52,79.105,217.18,24.94
0.819693312,81.52,79.105,224.91,24.94
0.921387316,81.52,79.105,262,24.94
0.93787039,81.52,79.105,260.04,24.94
0.937787956,81.52,79.105,234.32,24.94
0.858098264,81.52,79.105,215.04,24.94
0.834846701,81.52,79.105,204.39,24.94
0.824445771,81.52,79.105,194.29,24.94
0.79865132,81.52,79.105,184.9,24.94
0.792995679,81.52,89.824,222.01,24.94
0.788216341,81.52,89.824,205.08,24.94
0.784340184,81.52,89.824,194.62,24.94
0.779275913,81.52,89.824,182.64,24.94
0.795995534,81.52,89.824,187.83,24.94
0.835341301,81.52,89.824,190.58,24.94
0.914461128,81.52,89.824,190.27,24.94
0.943015302,81.52,89.824,204.46,24.94
0.932592867,81.52,89.824,212.84,24.94
0.891216733,81.52,89.824,230,24.94
0.939339853,81.52,89.824,222.39,24.94
0.915935967,81.52,89.824,214.92,24.94
0.912658348,81.52,89.824,208.43,24.94
0.846170526,81.52,89.824,200,24.94
0.837124369,81.52,89.824,203.09,24.94
0.827718014,81.52,89.824,213.98,24.94
0.829001106,81.52,89.824,226.32,24.94
0.934304254,81.52,89.824,260,24.94
0.945307306,81.52,89.824,267.03,24.94
0.937712691,81.52,89.824,261.41,24.94
0.836337668,81.52,89.824,243.62,24.94
0.824836433,81.52,89.824,220.1,24.94
0.791739468,81.52,89.824,212.85,24.94
0.760617318,81.52,89.824,209.41,24.94
0.737224184,81.52,89.824,225.92,24.94
0.724724789,81.52,89.824,216,24.94
0.721832456,81.52,89.824,189.49,24.94
0.718355922,81.52,89.824,181.98,24.94
0.726411088,81.52,89.824,174.98,24.94
0.741236535,81.52,89.824,165.91,24.94
0.798300082,81.52,89.824,118.71,24.94
0.808640084,81.52,89.824,119.45,24.94
0.783239879,81.52,89.824,125.86,24.94
0.741632573,81.52,89.824,129.46,24.94
0.791056705,81.52,89.824,125.99,24.94
0.789379367,81.52,89.824,131.83,24.94
0.776225882,81.52,89.824,123.01,24.94
0.726342991,81.52,89.824,122.49,24.94
0.72847192,81.52,89.824,102.67,24.94
0.732921525,81.52,89.824,121.95,24.94
0.738188296,81.52,89.824,115,24.94
0.840355395,81.52,89.824,125.42,24.94
0.844926858,81.52,89.824,112.4,24.94
0.846944682,81.52,89.824,97.49,24.94
0.743768671,81.52,89.824,90.14,24.94
0.74588864,81.52,89.824,97.09,24.94
0.72373559,81.52,89.824,93.85,24.94
0.705134339,81.52,89.824,87.2,24.94
0.697657999,81.52,90.021,78.08,24.94
0.69468144,81.52,90.021,34,24.94
0.691242538,81.52,90.021,12.33,24.94
0.692169017,81.52,90.021,10.09,24.94
0.697837201,81.52,90.021,12.83,24.94
0.721022459,81.52,90.021,36.16,24.94
0.785143013,81.52,90.021,92.03,24.94
0.798473909,81.52,90.021,102.8,24.94
0.782969283,81.52,90.021,126,24.94
0.731797924,81.52,90.021,100.9,24.94
0.783420874,81.52,90.021,112.03,24.94
0.778725761,81.52,90.021,111.25,24.94
0.774308412,81.52,90.021,100.58,24.94
0.720904186,81.52,90.021,111.65,24.94
0.72768522,81.52,90.021,127.38,24.94
0.737453564,81.52,90.021,168.85,24.94
0.7451557,81.52,90.021,199.85,24.94
0.857248843,81.52,90.021,249.99,24.94
0.864864962,81.52,90.021,254.37,24.94
0.872590394,81.52,90.021,237.28,24.94
0.763812504,81.52,90.021,220,24.94
0.757474101,81.52,90.021,215.94,24.94
0.72824254,81.52,90.021,209.16,24.94
0.710083921,81.52,90.021,180,24.94
0.702609372,81.52,80.637,188.94,24.94
0.701835216,81.52,80.637,192.68,24.94
0.698014612,81.52,80.637,180.09,24.94
0.701871056,81.52,80.637,188.09,24.94
0.710175314,81.52,80.637,193.99,24.94
0.745512314,81.52,80.637,205.07,24.94
0.819596543,81.52,80.637,229.1,24.94
0.838885932,81.52,80.637,273.71,24.94
0.812044937,81.52,80.637,294.4,24.94
0.755226898,81.52,80.637,290.64,24.94
0.809735013,81.52,80.637,275.4,24.94
0.806742326,81.52,80.637,265.1,24.94
0.801937899,81.52,80.637,250,24.94
0.732383917,81.52,80.637,244.27,24.94
0.721375489,81.52,80.637,243.02,24.94
0.719544036,81.52,80.637,249.22,24.94
0.728588402,81.52,80.637,260,24.94
0.823458363,81.52,80.637,278,24.94
0.83595059,81.52,80.637,276.39,24.94
0.833622746,81.52,80.637,255.03,24.94
0.755633688,81.52,80.637,237.28,24.94
0.746299014,81.52,80.637,224.19,24.94
0.73603607,81.52,80.637,190.78,24.94
0.721223167,81.52,80.637,175.49,24.94
0.705460488,81.52,78.242,169.01,24.94
0.695478893,81.52,78.242,163.48,24.94
0.694285402,81.52,78.242,162.93,24.94
0.691145769,81.52,78.242,160.01,24.94
0.705467657,81.52,78.242,163.16,24.94
0.722336016,81.52,78.242,165.59,24.94
0.791726924,81.52,78.242,198.39,24.94
0.812440975,81.52,78.242,227.42,24.94
0.80188593,81.52,78.242,261.65,24.94
0.744021347,81.52,78.242,252.67,24.94
0.784935138,81.52,78.242,221.75,24.94
0.782186167,81.52,78.242,193.62,24.94
0.769086442,81.52,78.242,170.14,24.94
0.710585689,81.52,78.242,160.47,24.94
0.707282981,81.52,78.242,164.13,24.94
0.724282158,81.52,78.242,180.5,24.94
0.739206167,81.52,78.242,179.26,24.94
0.842880362,81.52,78.242,173.99,24.94
0.843871354,81.52,78.242,167.34,24.94
0.841240657,81.52,78.242,135.61,24.94
0.739587869,81.52,78.242,125.05,24.94
0.726577746,81.52,78.242,120.9,24.94
0.71565892,81.52,78.242,118.08,24.94
0.698688415,81.52,78.242,97.16,24.94
0.689335821,81.52,74.748,90.05,24.94
0.677483348,81.52,74.748,78.94,24.94
0.676408131,81.52,74.748,75.05,24.94
0.669283028,81.52,74.748,72.13,24.94
0.672361732,81.52,74.748,70.99,24.94
0.681884568,81.52,74.748,87.7,24.94
0.733704642,81.52,74.748,96.26,24.94
0.754535175,81.52,74.748,118.95,24.94
0.77140891,81.52,74.748,140.51,24.94
0.754441989,81.52,74.748,130.27,24.94
0.825662558,81.52,74.748,128.47,24.94
0.808177741,81.52,74.748,111.95,24.94
0.802808825,81.52,74.748,94.15,24.94
0.723495458,81.52,74.748,85.54,24.94
0.731357085,81.52,74.748,105.37,24.94
0.741035828,81.52,74.748,111.32,24.94
0.760271456,81.52,74.748,134.86,24.94
0.868151541,81.52,74.748,176.05,24.94
0.874032977,81.52,74.748,192.74,24.94
0.860841859,81.52,74.748,180,24.94
0.742818896,81.52,74.748,152.33,24.94
0.721733895,81.52,74.748,137.91,24.94
0.714451093,81.52,74.748,131.76,24.94
0.703112932,81.52,74.748,121.39,24.94
0.697507468,81.52,74.4,119.19,24.94
0.682153373,81.52,74.4,117.87,24.94
0.671766778,81.52,74.4,110.92,24.94
0.670245347,81.52,74.4,113.14,24.94
0.675793465,81.52,74.4,119.15,24.94
0.680707206,81.52,74.4,120.73,24.94
0.724162093,81.52,74.4,148.76,24.94
0.738532365,81.52,74.4,207.59,24.94
0.758787657,81.52,74.4,223.15,24.94
0.739797537,81.52,74.4,215.79,24.94
0.789651755,81.52,74.4,206.51,24.94
0.7876411,83.4,74.4,206.43,24.94
0.757271602,84.03,74.4,190,24.94
0.684459713,84.03,74.4,170.08,24.94
0.670582248,84.03,74.4,169.29,24.94
0.685796565,84.03,74.4,190,24.94
0.704854783,84.03,74.4,177.44,24.94
0.822537261,84.03,74.4,179.99,24.94
0.834547432,84.03,74.4,165.05,24.94
0.819897604,84.03,74.4,145.81,24.94
0.713986958,84.03,74.4,139.73,24.94
0.69466352,84.03,74.4,132.25,24.94
0.682630052,84.03,74.4,133.59,24.94
0.667030448,84.03,74.4,120.01,24.94
0.656082949,84.03,79.12,123.58,24.94
0.655036405,84.03,79.12,120.3,24.94
0.654161895,84.03,79.12,119.99,24.94
0.649149593,84.03,79.12,121.8,24.94
0.658149158,84.03,79.12,123.57,24.94
0.68420166,84.03,79.12,123.68,24.94
0.767742421,84.03,79.12,120,24.94
0.789056802,84.03,79.12,148.35,24.94
0.764464802,84.03,79.12,186,24.94
0.698295961,84.03,79.12,207.46,24.94
0.737030645,84.03,79.12,211.25,24.94
0.729407358,84.03,79.12,209.69,24.94
0.725237309,84.03,79.12,200.83,24.94
0.668111041,84.03,79.12,188.54,24.94
0.661580891,84.03,79.12,185.88,24.94
0.668990927,84.03,79.12,196.5,24.94
0.687552753,84.03,79.12,197.25,24.94
0.802466547,84.03,79.12,222.31,24.94
0.827985026,84.03,79.12,230.82,24.94
0.821569566,84.03,79.12,214.32,24.94
0.717723336,84.03,79.12,207.14,24.94
0.707734572,84.03,79.12,190.33,24.94
0.676535365,84.03,79.12,193.52,24.94
0.647011704,84.03,79.12,175.07,24.94
0.624806685,84.03,79.12,171.69,24.94
0.613726576,84.03,79.12,183.01,24.94
0.60924113,84.03,79.12,185.22,24.94
0.609699889,84.03,79.12,179.73,24.94
0.615841169,84.03,79.12,179.04,24.94
0.63303747,84.03,79.12,179.49,24.94
0.698926754,84.03,79.12,168.23,24.94
0.716662455,84.03,79.12,172.45,24.94
0.706370839,84.03,79.12,184.93,24.94
0.652667344,84.03,79.12,195.31,24.94
0.698349721,84.03,79.12,195.34,24.94
0.685196236,84.03,79.12,195.87,24.94
0.677221711,84.03,79.12,195.41,24.94
0.62907888,84.03,79.12,186.29,24.94
0.639598084,84.03,79.12,184.49,24.94
0.651911108,84.03,79.12,190,24.94
0.66127087,84.03,79.12,194,24.94
0.76985343,84.03,79.12,214.95,24.94
0.784390361,84.03,79.12,239.49,24.94
0.800194256,84.03,79.12,242.97,24.94
0.704361975,84.03,79.12,224.96,24.94
0.699715247,84.03,79.12,204.84,24.94
0.677366866,84.03,79.12,201,24.94
0.653787362,84.03,79.12,179.97,24.94
0.641752102,84.03,79.422,183.33,24.94
0.631206017,84.03,79.422,179.61,24.94
0.633854634,84.03,79.422,178.3,24.94
0.640796951,84.03,79.422,177.46,24.94
0.652538318,84.03,79.422,177.61,24.94
0.679384689,84.03,79.422,187.48,24.94
0.747112595,84.03,79.422,225.19,24.94
0.765756854,84.03,79.422,265,24.94
0.748938671,84.03,79.422,300.02,24.94
0.686923751,84.03,79.422,299.39,24.94
0.718339794,84.03,79.422,275.88,24.94
0.711220066,84.03,79.422,270,24.94
0.706576922,84.03,79.422,245.84,24.94
0.650395053,84.03,79.422,240.08,24.94
0.658487851,84.03,79.422,244,24.94
0.672340227,84.03,79.422,256.49,24.94
0.690083096,84.03,79.422,273.57,24.94
0.791278917,84.03,79.422,307.38,24.94
0.797400484,84.03,79.422,341.85,24.94
0.802070509,84.03,79.422,315.31,24.94
0.704632572,84.03,79.422,274.98,24.94
0.701225926,84.03,79.422,250,24.94
0.673653784,84.03,79.422,226.81,24.94
0.654213864,84.03,79.422,206.92,24.94
0.631191681,84.03,91.752,215.98,24.94
0.624321045,84.03,91.752,212.9,24.94
0.61939476,84.03,91.752,203.75,24.94
0.619432393,84.03,91.752,196.24,24.94
0.627100481,84.03,91.752,198.99,24.94
0.651205049,84.03,91.752,219.03,24.94
0.726484561,84.03,91.752,279.96,24.94
0.742114629,84.03,91.752,356.24,24.94
0.735027158,84.03,91.752,399.85,24.94
0.679232367,84.03,91.752,399.01,24.94
0.732907189,84.03,91.752,360,24.94
0.730717331,84.03,91.752,347.4,24.94
0.728599154,84.03,91.752,328.92,24.94
0.669336788,84.03,91.752,305,24.94
0.679710838,84.03,91.752,310,24.94
0.6895652,84.03,91.752,313,24.94
0.707136035,84.03,91.752,318.67,24.94
0.810668659,84.03,91.752,366.43,24.94
0.827621244,84.03,91.752,399.06,24.94
0.821214744,84.03,91.752,373.75,24.94
0.712863356,84.03,91.752,309.68,24.94
0.709901134,84.03,91.752,265,24.94
0.695064934,84.03,91.752,240.89,24.94
0.675743288,84.03,91.752,215.17,24.94
0.664403335,84.03,93.457,209.57,24.94
0.662010978,84.03,93.457,212.36,24.94
0.669489111,84.03,93.457,215.41,24.94
0.672282882,84.03,93.457,209.89,24.94
0.684642499,84.03,93.457,209.14,24.94
0.714938524,84.03,93.457,215.09,24.94
0.783775695,84.03,93.457,240.16,24.94
0.816232906,84.03,93.457,294.88,24.94
0.804683286,84.03,93.457,312.32,24.94
0.752909805,84.03,93.457,312.69,24.94
0.792906078,84.03,93.457,300.02,24.94
0.780723872,84.03,93.457,282.65,24.94
0.769371375,84.03,93.457,259.68,24.94
0.715408036,84.03,93.457,241.54,24.94
0.720841465,84.03,93.457,238.24,24.94
0.730767508,84.03,93.457,236.76,24.94
0.730932374,84.03,93.457,240.11,24.94
0.831094194,84.03,93.457,268.08,24.94
0.831354038,84.03,93.457,262.46,24.94
0.833330645,84.03,93.457,224.45,24.94
0.718225104,84.03,93.457,217.43,24.94
0.717069246,84.03,93.457,171.34,24.94
0.706768669,84.03,93.457,142.94,24.94
0.70007186,84.03,93.457,122.34,24.94
0.686667491,84.03,91.861,131.59,24.94
0.677348945,84.03,91.861,115.02,24.94
0.676442179,84.03,91.861,108.65,24.94
0.674599975,84.03,91.861,100.94,24.94
0.686414815,84.03,91.861,103.06,24.94
0.701539531,84.03,91.861,110.03,24.94
0.762613637,84.03,91.861,104.03,24.94
0.780257945,84.03,91.861,138.79,24.94
0.806643765,84.03,91.861,138.23,24.94
0.785936881,84.03,91.861,128.79,24.94
0.861895571,84.03,91.861,128.74,24.94
0.859177065,84.03,91.861,127.8,24.94
0.846645413,84.03,91.861,126.24,24.94
0.776625504,84.03,91.861,135.78,24.94
0.78430972,84.03,91.861,139.66,24.94
0.804000523,84.03,91.861,138.69,24.94
0.819589375,84.03,91.861,137.58,24.94
0.926858378,84.03,91.861,141.17,24.94
0.923865691,84.03,91.861,125.96,24.94
0.920597032,84.03,91.861,114.73,24.94
0.812670355,84.03,91.861,104.04,24.94
0.813801124,84.03,91.861,110.1,24.94
0.805328416,84.03,91.861,101.19,24.94
0.78470755,84.03,91.861,86.31,24.94
0.758687304,84.03,92.469,82.03,24.94
0.737100535,84.03,92.469,84.03,24.94
0.719047645,84.03,92.469,81.59,24.94
0.711001439,84.03,92.469,77.26,24.94
0.711757675,84.03,92.469,100.7,24.94
0.721051132,84.03,92.469,100.69,24.94
0.773372973,84.03,92.469,121.69,24.94
0.790630202,84.03,92.469,175.29,24.94
0.801568741,84.03,92.469,186.17,24.94
0.780250776,84.03,92.469,198.05,24.94
0.841134927,84.03,92.469,190.92,24.94
0.838394916,87.94,92.469,220.07,24.94
0.826612332,89.25,92.469,214.74,24.94
0.757207089,89.25,92.469,231.6,24.94
0.741962306,89.25,92.469,233.67,24.94
0.740611117,89.25,92.469,237.08,24.94
0.737123831,89.25,92.469,237.92,24.94
0.847396273,89.25,92.469,260,24.94
0.846220703,89.25,92.469,255.6,24.94
0.839740729,89.25,92.469,222.37,24.94
0.733328316,89.25,92.469,222.74,24.94
0.734994902,89.25,92.469,177.8,24.94
0.723407649,89.25,92.469,148.98,24.94
0.710985311,89.25,92.469,123.36,24.94
0.697036165,89.25,92.726,130.25,24.94
0.692056119,89.25,92.726,115.01,24.94
0.686226652,89.25,92.726,105.64,24.94
0.688954119,89.25,92.726,77.57,24.94
0.69905578,89.25,92.726,43.95,24.94
0.726728277,89.25,92.726,79.07,24.94
0.806633012,89.25,92.726,32.94,24.94
0.837299987,89.25,92.726,85.64,24.94
0.834047456,89.25,92.726,85.18,24.94
0.78460182,89.25,92.726,101.13,24.94
0.833728476,89.25,92.726,88.51,24.94
0.825042516,89.25,92.726,118.32,24.94
0.823655486,89.25,92.726,101.02,24.94
0.758490181,89.25,92.726,85.64,24.94
0.751232467,89.25,92.726,105.59,24.94
0.752886509,89.25,92.726,100.01,24.94
0.765681589,89.25,92.726,108.14,24.94
0.872943424,89.25,92.726,118.75,24.94
0.879545255,89.25,92.726,123.02,24.94
0.865900754,89.25,92.726,101.19,24.94
0.7607338,89.25,92.726,84.47,24.94
0.75848122,89.25,92.726,51.62,24.94
0.756748329,89.25,92.726,88.81,24.94
0.740607533,89.25,92.726,79.63,24.94
0.739433755,89.25,92.726,2.3,24.94
0.7410197,89.25,92.726,4.49,24.94
0.74260206,89.25,92.726,10.08,24.94
0.743261527,89.25,92.726,10.01,24.94
0.756665896,89.25,92.726,10.15,24.94
0.787494154,89.25,92.726,11.37,24.94
0.870547482,89.25,92.726,3.73,24.94
0.897467327,89.25,92.726,9.95,24.94
0.882442964,89.25,92.726,11.09,24.94
0.823813185,89.25,92.726,11.98,24.94
0.86425388,89.25,92.726,11.09,24.94
0.861150088,89.25,92.726,11.78,24.94
0.862151831,89.25,92.726,10,24.94
0.812096906,89.25,92.726,10,24.94
0.815310012,89.25,92.726,11.69,24.94
0.825490523,89.25,92.726,14.04,24.94
0.844116862,89.25,92.726,60.06,24.94
0.94325185,89.25,92.726,171.74,24.94
0.946081462,89.25,92.726,158.07,24.94
0.940542304,89.25,92.726,163.37,24.94
0.849666772,89.25,92.726,157.94,24.94
0.853051913,89.25,92.726,158.13,24.94
0.832319942,89.25,92.726,159.94,24.94
0.813238428,89.25,92.726,144.21,24.94
0.794420342,89.25,92.831,122.16,24.94
0.782272184,89.25,92.831,110.17,24.94
0.787820303,89.25,92.831,105.3,24.94
0.792644442,89.25,92.831,100,24.94
0.801264097,89.25,92.831,100.13,24.94
0.826305896,89.25,92.831,135.4,24.94
0.90230401,89.25,92.831,185.14,24.94
0.917351669,89.25,92.831,240,24.94
0.892605555,89.25,92.831,248.92,24.94
0.812933783,89.25,92.831,251.92,24.94
0.857892181,89.25,92.831,248.08,24.94
0.83797379,89.25,92.831,243.42,24.94
0.824273736,89.25,92.831,238.11,24.94
0.756391716,89.25,92.831,221.52,24.94
0.767056074,89.25,92.831,206.28,24.94
0.787746829,89.25,92.831,191.75,24.94
0.802830329,89.25,92.831,193.54,24.94
0.920681257,89.25,92.831,240.67,24.94
0.941106792,89.25,92.831,253.93,24.94
0.934569474,89.25,92.831,240.4,24.94
0.830017186,89.25,92.831,231.59,24.94
0.823341881,89.25,92.831,212.96,24.94
0.806107948,89.25,92.831,201.96,24.94
0.78292269,89.25,92.831,161.51,24.94
0.76600057,89.25,86.425,160.15,24.94
0.75216253,89.25,86.425,154.54,24.94
0.753712634,89.25,86.425,156.24,24.94
0.760715879,89.25,86.425,155.17,24.94
0.777421164,89.25,86.425,165.13,24.94
0.810548594,89.25,86.425,163.01,24.94
0.890646868,89.25,86.425,206.15,24.94
0.919864093,89.25,86.425,239.17,24.94
0.89986506,89.25,86.425,243.72,24.94
0.836774923,89.25,86.425,213,24.94
0.872058162,89.25,86.425,209.94,24.94
0.846735015,89.25,86.425,172.81,24.94
0.840444996,89.25,86.425,143.7,24.94
0.785178853,89.25,86.425,137.69,24.94
0.792771676,89.25,86.425,130.9,24.94
0.793169506,89.25,86.425,126.42,24.94
0.799378883,89.25,86.425,124.2,24.94
0.894116235,89.25,86.425,127.37,24.94
0.908556396,89.25,86.425,129.95,24.94
0.897026488,89.25,86.425,121.63,24.94
0.803041788,89.25,86.425,101.03,24.94
0.796022415,89.25,86.425,84.66,24.94
0.786619644,89.25,86.425,84.61,24.94
0.782166454,89.25,86.425,54.74,24.94
0.773319212,89.25,76.484,35.54,24.94
0.770281725,89.25,76.484,11.84,24.94
0.762769543,89.25,76.484,10.05,24.94
0.76486084,89.25,76.484,10.36,24.94
0.771847957,89.25,76.484,20.03,24.94
0.782492603,89.25,76.484,67.31,24.94
0.833344982,89.25,76.484,105.03,24.94
0.843928699,89.25,76.484,136.92,24.94
0.827393657,89.25,76.484,150.15,24.94
0.754440197,89.25,76.484,136.14,24.94
0.803815944,89.25,76.484,134.6,24.94
0.788587291,89.25,76.484,135.71,24.94
0.786933249,89.25,76.484,133.1,24.94
0.731403678,89.25,76.484,138.92,24.94
0.735571935,89.25,76.484,155.13,24.94
0.753350644,89.25,76.484,193.09,24.94
0.759687255,89.25,76.484,201.53,24.94
0.863934899,89.25,76.484,238.01,24.94
0.871113763,89.25,76.484,266.9,24.94
0.871766061,89.25,76.484,265,24.94
0.767195853,89.25,76.484,237,24.94
0.753119473,89.25,76.484,203.47,24.94
0.745872512,89.25,76.484,195.21,24.94
0.74642804,89.25,76.484,184.26,24.94
0.743550043,89.25,77.928,156.98,24.94
0.731889317,89.25,77.928,159.06,24.94
0.73747686,89.25,77.928,159.33,24.94
0.750805965,89.25,77.928,157.56,24.94
0.766633156,89.25,77.928,158.81,24.94
0.778740097,89.25,77.928,162.92,24.94
0.828671373,89.25,77.928,192.17,24.94
0.857524815,89.25,77.928,209.91,24.94
0.879142049,89.25,77.928,226.97,24.94
0.863895475,89.25,77.928,223.33,24.94
0.917373174,89.25,77.928,213.26,24.94
0.920847916,89.25,77.928,209,24.94
0.910540171,89.25,77.928,194.85,24.94
0.849627348,89.25,77.928,191.46,24.94
0.846218911,89.25,77.928,196.97,24.94
0.848632772,89.25,77.928,209.67,24.94
0.843939451,89.25,77.928,207.61,24.94
0.941811059,89.25,77.928,224.15,24.94
0.933216493,89.25,77.928,237.78,24.94
0.928675494,89.25,77.928,224.96,24.94
0.82213047,89.25,77.928,209.53,24.94
0.814478511,89.25,77.928,186.82,24.94
0.805163549,89.25,77.928,187.24,24.94
0.800231888,89.25,77.928,145.05,24.94
0.803656454,89.25,78.694,138.71,24.94
0.791269956,89.25,78.694,128,24.94
0.782825921,89.25,78.694,126.17,24.94
0.783843793,89.25,78.694,127.69,24.94
0.793974127,89.25,78.694,124.27,24.94
0.812338829,89.25,78.694,120.37,24.94
0.861571214,89.25,78.694,151.45,24.94
0.874325077,89.25,78.694,192.43,24.94
0.897725379,89.25,78.694,219.12,24.94
0.873330502,89.25,78.694,169.66,24.94
0.940363101,89.25,78.694,133.05,24.94
0.925100398,93.3,78.694,133,24.94
0.917142002,94.65,78.694,131.04,24.94
0.844894602,94.65,78.694,120.57,24.94
0.848501954,94.65,78.694,117.45,24.94
0.85462173,94.65,78.694,117.81,24.94
0.869178373,94.65,78.694,119.04,24.94
0.96735821,94.65,78.694,128.44,24.94
0.979296701,94.65,78.694,151.28,24.94
0.981870053,94.65,78.694,119.27,24.94
0.885623814,94.65,78.694,106.86,24.94
0.862391963,94.65,78.694,108.21,24.94
0.849591507,94.65,78.694,105.57,24.94
0.825477979,94.65,78.694,87.38,24.94
0.815887045,94.65,82.064,98.96,24.94
0.801970156,94.65,82.064,88.81,24.94
0.799963084,94.65,82.064,65.56,24.94
0.811061114,94.65,82.064,49.98,24.94
0.820845586,94.65,82.064,57.59,24.94
0.852292093,94.65,82.064,63.11,24.94
0.917701115,94.65,82.064,84.95,24.94
0.93200329,94.65,82.064,114.57,24.94
0.902596111,94.65,82.064,115.88,24.94
0.835074289,94.65,82.064,135.14,24.94
0.880980669,94.65,82.064,102.51,24.94
0.866868449,94.65,82.064,114.34,24.94
0.86729316,94.65,82.064,88.77,24.94
0.811215228,94.65,82.064,74.32,24.94
0.818263274,94.65,82.064,69.03,24.94
0.828219781,94.65,82.064,87.82,24.94
0.85129035,94.65,82.064,120.12,24.94
0.958170483,94.65,82.064,150.6,24.94
0.976008329,94.65,82.064,146.6,24.94
0.971978058,94.65,82.064,115.86,24.94
0.880253106,94.65,82.064,106.12,24.94
0.861327498,94.65,82.064,39.87,24.94
0.839651128,94.65,82.064,31.98,24.94
0.817395932,94.65,82.064,10.98,24.94
0.805077532,94.65,82.064,10.36,24.94
0.814276012,94.65,82.064,9.23,24.94
0.825899105,94.65,82.064,5.8,24.94
0.835386101,94.65,82.064,0.17,24.94
0.845165198,94.65,82.064,1.38,24.94
0.864416955,94.65,82.064,7.45,24.94
0.927243664,94.65,82.064,0.12,24.94
0.923656024,94.65,82.064,4.2,24.94
0.892370799,94.65,82.064,10.84,24.94
0.826662509,94.65,82.064,12.36,24.94
0.882589911,94.65,82.064,13.75,24.94
0.87039516,94.65,82.064,20.68,24.94
0.861460109,94.65,82.064,85.2,24.94
0.794651513,94.65,82.064,90.23,24.94
0.801111774,94.65,82.064,70.05,24.94
0.812602258,94.65,82.064,70.02,24.94
0.823397434,94.65,82.064,94.93,24.94
0.919962654,94.65,82.064,116.52,24.94
0.925543029,94.65,82.064,125,24.94
0.935064074,94.65,82.064,118.7,24.94
0.840210241,94.65,82.064,102.05,24.94
0.83641831,94.65,82.064,90.35,24.94
0.817227482,94.65,82.064,112.47,24.94
0.808600659,94.65,82.064,94.96,24.94
0.809562978,94.65,82.235,20.04,24.94
0.813430175,94.65,82.235,15.91,24.94
0.817437149,94.65,82.235,14.27,24.94
0.826696558,94.65,82.235,10.08,24.94
0.84556482,94.65,82.235,13.8,24.94
0.864456379,94.65,82.235,21,24.94
0.922824523,94.65,82.235,60.9,24.94
0.919914269,94.65,82.235,128.07,24.94
0.916323045,94.65,82.235,130.17,24.94
0.848788679,94.65,82.235,127.26,24.94
0.886715159,94.65,82.235,95,24.94
0.873975632,94.65,82.235,94.96,24.94
0.857023047,94.65,82.235,70.43,24.94
0.800486356,94.65,82.235,30.83,24.94
0.797719465,94.65,82.235,22.05,24.94
0.820304394,94.65,82.235,80.04,24.94
0.848190141,94.65,82.235,108.08,24.94
0.962279603,94.65,82.235,148.74,24.94
0.972558675,94.65,82.235,169.94,24.94
0.959021696,94.65,82.235,160.1,24.94
0.859454829,94.65,82.235,155.01,24.94
0.851702516,94.65,82.235,129.64,24.94
0.847820984,94.65,82.235,123.16,24.94
0.832395207,94.65,82.235,102.74,24.94
0.824375881,94.65,78.596,121.96,24.94
0.818926324,94.65,78.596,112.08,24.94
0.812752788,94.65,78.596,107.86,24.94
0.811867526,94.65,78.596,104.97,24.94
0.832965072,94.65,78.596,104.12,24.94
0.860094583,94.65,78.596,109.32,24.94
0.93210006,94.65,78.596,134.05,24.94
0.938049593,94.65,78.596,128.54,24.94
0.907079765,94.65,78.596,146.16,24.94
0.838262306,94.65,78.596,131.13,24.94
0.875991663,94.65,78.596,120.06,24.94
0.857257803,94.65,78.596,125.35,24.94
0.840473669,94.65,78.596,122.14,24.94
0.773172266,94.65,78.596,119.41,24.94
0.775709777,94.65,78.596,123.95,24.94
0.794898813,94.65,78.596,149,24.94
0.821022997,94.65,78.596,161.94,24.94
0.943199881,94.65,78.596,196.98,24.94
0.963164865,94.65,78.596,209.56,24.94
0.955439432,94.65,78.596,199.95,24.94
0.859895668,94.65,78.596,182.94,24.94
0.857119817,94.65,78.596,139.82,24.94
0.844643718,94.65,78.596,132.71,24.94
0.832809165,94.65,78.596,123.39,24.94
0.827126644,94.65,79.451,115.08,24.94
0.82695461,94.65,79.451,114.87,24.94
0.821626911,94.65,79.451,118.79,24.94
0.816494542,94.65,79.451,109.58,24.94
0.820184328,94.65,79.451,116.95,24.94
0.854421023,94.65,79.451,119.34,24.94
0.93902804,94.65,79.451,139.38,24.94
0.965788394,94.65,79.451,177.16,24.94
0.938667842,94.65,79.451,180.64,24.94
0.866475995,94.65,79.451,179.5,24.94
0.889854792,94.65,79.451,127.06,24.94
0.863445676,94.65,79.451,122.01,24.94
0.841921627,94.65,79.451,123.35,24.94
0.781345705,94.65,79.451,136.91,24.94
0.787452937,94.65,79.451,149.42,24.94
0.806706486,94.65,79.451,179.92,24.94
0.839109936,94.65,79.451,189.95,24.94
0.975443841,94.65,79.451,219,24.94
0.992217222,94.65,79.451,249.12,24.94
0.988403787,94.65,79.451,257.28,24.94
0.882408916,94.65,79.451,231.79,24.94
0.888256303,94.65,79.451,215.81,24.94
0.898587344,94.65,79.451,211.79,24.94
0.898777299,94.65,79.451,196.7,24.94
0.890571603,94.65,75.915,200.46,24.94
0.883944684,94.65,75.915,192.61,24.94
0.886467859,94.65,75.915,185.1,24.94
0.889885256,94.65,75.915,172.23,24.94
0.895467424,94.65,75.915,172.91,24.94
0.902519054,94.65,75.915,174.88,24.94
0.948728287,94.65,75.915,203.67,24.94
0.95797336,94.65,75.915,233.46,24.94
0.965338595,94.65,75.915,240.32,24.94
0.91394144,94.65,75.915,225.56,24.94
0.953545259,94.65,75.915,199.99,24.94
0.92574732,94.65,75.915,193.67,24.94
0.904785969,94.65,75.915,169.97,24.94
0.831371959,94.65,75.915,167.9,24.94
0.827250294,94.65,75.915,176.35,24.94
0.837500694,94.65,75.915,184.55,24.94
0.844736903,94.65,75.915,195.98,24.94
0.943448973,94.65,75.915,215.77,24.94
0.94248307,94.65,75.915,229.58,24.94
0.925661303,94.65,75.915,212.49,24.94
0.816560847,94.65,75.915,187.28,24.94
0.800102862,94.65,75.915,179.37,24.94
0.803608069,94.65,75.915,176.91,24.94
0.810030697,94.65,75.915,136.66,24.94
0.822013989,94.65,74.39,180.01,24.94
0.824302408,94.65,74.39,176.73,24.94
0.837253395,94.65,74.39,168.87,24.94
0.841090126,94.65,74.39,164.09,24.94
0.850476769,94.65,74.39,165,24.94
0.849564627,94.65,74.39,171.3,24.94
0.900241386,94.65,74.39,196.95,24.94
0.908785776,94.65,74.39,221.46,24.94
0.920145441,94.65,74.39,221.78,24.94
0.891078747,94.65,74.39,179.53,24.94
0.945163944,94.65,74.39,151.36,24.94
0.952548891,91.15,74.39,135.02,24.94
0.936418847,89.98,74.39,128.35,24.94
0.868759039,89.98,74.39,133.68,24.94
0.862918819,89.98,74.39,140.61,24.94
0.869413129,89.98,74.39,168.15,24.94
0.883009245,89.98,74.39,191.92,24.94
0.980137162,89.98,74.39,220.57,24.94
1,89.98,74.39,243.35,24.94
0.992032644,89.98,74.39,241.18,24.94
0.888813624,89.98,74.39,221.31,24.94
0.876222835,89.98,74.39,213.13,24.94
0.862153623,89.98,74.39,205.48,24.94
0.859168105,89.98,74.39,190.1,24.94
0.842683239,89.98,75.533,195.91,24.94
0.834893294,89.98,75.533,187.2,24.94
0.826974322,89.98,75.533,184.89,24.94
0.825469019,89.98,75.533,170.24,24.94
0.827046003,89.98,75.533,166,24.94
0.857408333,89.98,75.533,162.45,24.94
0.920846124,89.98,75.533,160.64,24.94
0.928542884,89.98,75.533,162.56,24.94
0.889990986,89.98,75.533,157.24,24.94
0.81020094,89.98,75.533,121.8,24.94
0.843297905,89.98,75.533,115.76,24.94
0.819802626,89.98,75.533,121.27,24.94
0.808555858,89.98,75.533,97.47,24.94
0.743869024,89.98,75.533,87.12,24.94
0.738691855,89.98,75.533,89.83,24.94
0.747487129,89.98,75.533,116.85,24.94
0.762491779,89.98,75.533,171.56,24.94
0.87703104,89.98,75.533,194.89,24.94
0.870640668,89.98,75.533,191.8,24.94
0.871531306,89.98,75.533,140.88,24.94
0.767296206,89.98,75.533,121.12,24.94
0.764423585,89.98,75.533,104.74,24.94
0.757929276,89.98,75.533,109.29,24.94
0.74271675,89.98,75.533,101.7,24.94
0.747042706,89.98,75.533,88.07,24.94
0.743555419,89.98,75.533,98.65,24.94
0.742523211,89.98,75.533,99.78,24.94
0.74374179,89.98,75.533,99.14,24.94
0.760925547,89.98,75.533,104.22,24.94
0.793320036,89.98,75.533,99.91,24.94
0.860583807,89.98,75.533,93.99,24.94
0.860893828,89.98,75.533,88.55,24.94
0.838402084,89.98,75.533,88.06,24.94
0.764556195,89.98,75.533,60,24.94
0.797601191,89.98,75.533,73.03,24.94
0.773743923,89.98,75.533,67.23,24.94
0.758088766,89.98,75.533,30.08,24.94
0.694507613,89.98,75.533,43.25,24.94
0.696322938,89.98,75.533,50.12,24.94
0.718316497,89.98,75.533,81.78,24.94
0.739016212,89.98,75.533,92.47,24.94
0.860309627,89.98,75.533,115.71,24.94
0.864778944,89.98,75.533,119.11,24.94
0.861234313,89.98,75.533,92.33,24.94
0.765608116,89.98,75.533,87.18,24.94
0.768998633,89.98,75.533,81.39,24.94
0.752538856,89.98,75.533,88.59,24.94
0.731733411,89.98,75.533,63.23,24.94
0.728265837,89.98,75.554,46.55,24.94
0.715020958,89.98,75.554,13.33,24.94
0.71582737,89.98,75.554,12.94,24.94
0.706241813,89.98,75.554,13.78,24.94
0.711363429,89.98,75.554,35.25,24.94
0.727912807,89.98,75.554,87.91,24.94
0.79367665,89.98,75.554,104.25,24.94
0.802679799,89.98,75.554,117.19,24.94
0.773656113,89.98,75.554,117.11,24.94
0.705928208,89.98,75.554,98.58,24.94
0.749427895,89.98,75.554,94.91,24.94
0.740876338,89.98,75.554,95.89,24.94
0.741573436,89.98,75.554,98.52,24.94
0.686696163,89.98,75.554,104.18,24.94
0.691991606,89.98,75.554,107.01,24.94
0.700381881,89.98,75.554,114.51,24.94
0.722103052,89.98,75.554,144.52,24.94
0.836007935,89.98,75.554,184.58,24.94
0.864599742,89.98,75.554,197.13,24.94
0.879763882,89.98,75.554,167.3,24.94
0.814073513,89.98,75.554,148.44,24.94
0.816623568,89.98,75.554,115.49,24.94
0.798583223,89.98,75.554,123.05,24.94
0.773100585,89.98,75.554,110.94,24.94
0.759017037,89.98,81.19,112.68,24.94
0.755542295,89.98,81.19,114.82,24.94
0.753198322,89.98,81.19,112.3,24.94
0.754008319,89.98,81.19,118.28,24.94
0.763925401,89.98,81.19,126.86,24.94
0.793312868,89.98,81.19,152.72,24.94
0.88552346,89.98,81.19,204.2,24.94
0.902008326,89.98,81.19,234.06,24.94
0.874292821,89.98,81.19,250.06,24.94
0.795665801,89.98,81.19,240,24.94
0.823589181,89.98,81.19,220.43,24.94
0.799466692,89.98,81.19,199.03,24.94
0.788022802,89.98,81.19,182.56,24.94
0.7279594,89.98,81.19,150.85,24.94
0.744998002,89.98,81.19,149.28,24.94
0.764246174,89.98,81.19,157.27,24.94
0.803781896,89.98,81.19,145.26,24.94
0.922064703,89.98,81.19,173.23,24.94
0.961564584,89.98,81.19,174.29,24.94
0.962431925,89.98,81.19,115.28,24.94
0.860390268,89.98,81.19,105.31,24.94
0.845622165,89.98,81.19,91.51,24.94
0.833285845,89.98,81.19,101.91,24.94
0.817840355,89.98,81.19,87.91,24.94
0.805450274,89.98,72.742,94.68,24.94
0.787017474,89.98,72.742,93.97,24.94
0.784397529,89.98,72.742,99.45,24.94
0.78562686,89.98,72.742,106.67,24.94
0.796074383,89.98,72.742,103.6,24.94
0.809410656,89.98,72.742,110.4,24.94
0.86792933,89.98,72.742,134.02,24.94
0.879265699,89.98,72.742,184.7,24.94
0.861300618,89.98,72.742,194.83,24.94
0.794585208,89.98,72.742,174.52,24.94
0.832882638,89.98,72.742,137.84,24.94
0.811369342,89.98,72.742,136.04,24.94
0.794384501,89.98,72.742,118.22,24.94
0.730525584,89.98,72.742,111.4,24.94
0.725427264,89.98,72.742,105.65,24.94
0.74231892,89.98,72.742,97.57,24.94
0.760891498,89.98,72.742,99.11,24.94
0.862157207,89.98,72.742,110.76,24.94
0.871461417,89.98,72.742,118.61,24.94
0.851553778,89.98,72.742,117.99,24.94
0.743041107,89.98,72.742,102.9,24.94
0.727534689,89.98,72.742,95.01,24.94
0.71887561,89.98,72.742,95.01,24.94
0.715927724,89.98,72.742,74.12,24.94
0.713359748,89.98,69.371,17.92,24.94
0.708487224,89.98,69.371,15.04,24.94
0.699602349,89.98,69.371,15.02,24.94
0.704852991,89.98,69.371,13.97,24.94
0.716603318,89.98,69.371,15.04,24.94
0.735080919,89.98,69.371,33.02,24.94
0.791449159,89.98,69.371,90.93,24.94
0.816435405,89.98,69.371,123.22,24.94
0.842914411,89.98,69.371,107.23,24.94
0.815148729,89.98,69.371,102.55,24.94
0.867158758,89.98,69.371,95.06,24.94
0.861861523,89.98,69.371,77.47,24.94
0.847156141,89.98,69.371,65.06,24.94
0.787952913,89.98,69.371,35.98,24.94
0.781388714,89.98,69.371,42.68,24.94
0.76919934,89.98,69.371,67.3,24.94
0.779747217,89.98,69.371,86.08,24.94
0.889044795,89.98,69.371,108.83,24.94
0.887421218,89.98,69.371,110.63,24.94
0.882962652,89.98,69.371,101.54,24.94
0.777906804,89.98,69.371,86.9,24.94
0.77318481,89.98,69.371,86.48,24.94
0.758156863,89.98,69.371,86.3,24.94
0.74593344,89.98,69.371,63.04,24.94
0.724210477,89.98,73.103,71.45,24.94
0.723235614,89.98,73.103,62.57,24.94
0.726088523,89.98,73.103,74.76,24.94
0.739233048,89.98,73.103,84.92,24.94
0.735107799,89.98,73.103,95.19,24.94
0.741310008,89.98,73.103,119.09,24.94
0.783128773,89.98,73.103,140.99,24.94
0.801188831,89.98,73.103,185.05,24.94
0.817229274,89.98,73.103,189.28,24.94
0.78304634,89.98,73.103,173.24,24.94
0.850362079,89.98,73.103,150,24.94
0.841385811,88.23,73.103,130.99,24.94
0.822343722,87.65,73.103,123.17,24.94
0.762878857,87.65,73.103,106.81,24.94
0.756726825,87.65,73.103,99.89,24.94
0.767444944,87.65,73.103,99.26,24.94
0.766357183,87.65,73.103,97.42,24.94
0.86192962,87.65,73.103,113.84,24.94
0.875504232,87.65,73.103,130.9,24.94
0.857032007,87.65,73.103,140.49,24.94
0.746849167,87.65,73.103,115.87,24.94
0.717391811,87.65,73.103,109.75,24.94
0.705980177,87.65,73.103,115.66,24.94
0.687077865,87.65,73.103,92.46,24.94
0.669367253,87.65,72.302,73.73,24.94
0.656287241,87.65,72.302,54.32,24.94
0.653359067,87.65,72.302,16.63,24.94
0.654903795,87.65,72.302,14.38,24.94
0.670886893,87.65,72.302,10.96,24.94
0.692436029,87.65,72.302,9.06,24.94
0.764120733,87.65,72.302,0.1,24.94
0.773702706,87.65,72.302,3.62,24.94
0.763547284,87.65,72.302,9.42,24.94
0.703059171,87.65,72.302,1.94,24.94
0.766271166,87.65,72.302,0,24.94
0.761224815,87.65,72.302,-0.08,24.94
0.761674614,87.65,72.302,-0.35,24.94
0.70044281,87.65,72.302,-0.52,24.94
0.696165239,87.65,72.302,-0.08,24.94
0.69964715,87.65,72.302,0.08,24.94
0.712121456,87.65,72.302,15.69,24.94
0.818431725,87.65,72.302,99.95,24.94
0.824750415,87.65,72.302,121.97,24.94
0.818779378,87.65,72.302,112.63,24.94
0.717615814,87.65,72.302,102.52,24.94
0.71004808,87.65,72.302,101.89,24.94
0.697156231,87.65,72.302,101.99,24.94
0.6708403,87.65,72.302,100.93,24.94
0.663324534,87.65,72.302,104.38,24.94
0.655776513,87.65,72.302,99.9,24.94
0.652158408,87.65,72.302,98.71,24.94
0.653197784,87.65,72.302,92.01,24.94
0.658276392,87.65,72.302,88.53,24.94
0.673123343,87.65,72.302,87.17,24.94
0.723264286,87.65,72.302,80,24.94
0.732928693,87.65,72.302,80.08,24.94
0.718110414,87.65,72.302,88.28,24.94
0.675456564,87.65,72.302,95.06,24.94
0.724877112,87.65,72.302,98.22,24.94
0.710592857,87.65,72.302,95.09,24.94
0.702285015,87.65,72.302,88.15,24.94
0.647110265,87.65,72.302,51.8,24.94
0.653050838,87.65,72.302,43.11,24.94
0.663328119,87.65,72.302,21.24,24.94
0.669157586,87.65,72.302,21.56,24.94
0.783942354,87.65,72.302,63.16,24.94
0.802722807,87.65,72.302,76.93,24.94
0.803289088,87.65,72.302,51.28,24.94
0.70698192,87.65,72.302,20.02,24.94
0.709281092,87.65,72.302,15.39,24.94
0.678291552,87.65,72.302,40.06,24.94
0.649249947,87.65,72.302,14.62,24.94
0.632225681,87.65,72.542,10.73,24.94
0.631928204,87.65,72.542,7.48,24.94
0.632127119,87.65,72.542,5.71,24.94
0.630250866,87.65,72.542,1.43,24.94
0.637883113,87.65,72.542,7.6,24.94
0.662098787,87.65,72.542,14.37,24.94
0.740234792,87.65,72.542,19.75,24.94
0.74013623,87.65,72.542,106.69,24.94
0.714309523,87.65,72.542,110.06,24.94
0.649366429,87.65,72.542,88.28,24.94
0.699942834,87.65,72.542,65.51,24.94
0.687079657,87.65,72.542,78.22,24.94
0.673451285,87.65,72.542,92.02,24.94
0.603764692,87.65,72.542,99.9,24.94
0.603425999,87.65,72.542,104.92,24.94
0.615226503,87.65,72.542,108.77,24.94
0.634017709,87.65,72.542,103.46,24.94
0.751813084,87.65,72.542,117.78,24.94
0.772666914,87.65,72.542,135.59,24.94
0.787191301,87.65,72.542,123.63,24.94
0.684972233,87.65,72.542,110.71,24.94
0.675619638,87.65,72.542,102,24.94
0.665543065,87.65,72.542,102.83,24.94
0.65046315,87.65,72.542,92.55,24.94
0.64918185,87.65,73.225,89.99,24.94
0.642320174,87.65,73.225,82.14,24.94
0.640736022,87.65,73.225,80.34,24.94
0.632899483,87.65,73.225,79.9,24.94
0.640356112,87.65,73.225,88.16,24.94
0.667947967,87.65,73.225,95.36,24.94
0.750630346,87.65,73.225,117.86,24.94
0.766378688,87.65,73.225,185.78,24.94
0.751415254,87.65,73.225,211.59,24.94
0.686343134,87.65,73.225,180.27,24.94
0.732787123,87.65,73.225,144.08,24.94
0.726909271,87.65,73.225,135.04,24.94
0.722735638,87.65,73.225,121.25,24.94
0.661887328,87.65,73.225,117.66,24.94
0.656093702,87.65,73.225,118.87,24.94
0.666956975,87.65,73.225,125.29,24.94
0.700736703,87.65,73.225,136.7,24.94
0.82118428,87.65,73.225,155.21,24.94
0.835742715,87.65,73.225,162.62,24.94
0.838058015,87.65,73.225,135.49,24.94
0.714445717,87.65,73.225,108.62,24.94
0.694459229,87.65,73.225,100.54,24.94
0.674121503,87.65,73.225,99.99,24.94
0.662984049,87.65,73.225,85.08,24.94
0.649197978,87.65,79.432,81.79,24.94
0.63795121,87.65,79.432,78.96,24.94
0.63284393,87.65,79.432,82.28,24.94
0.634960316,87.65,79.432,88.34,24.94
0.647146106,87.65,79.432,97.32,24.94
0.673662744,87.65,79.432,101.7,24.94
0.761418354,87.65,79.432,118.36,24.94
0.773428526,87.65,79.432,147.54,24.94
0.758757193,87.65,79.432,155.03,24.94
0.674811434,87.65,79.432,126.44,24.94
0.717993932,87.65,79.432,109.43,24.94
0.712490614,87.65,79.432,103.51,24.94
0.708051761,87.65,79.432,89.9,24.94
0.659641917,87.65,79.432,89.9,24.94
0.661197397,87.65,79.432,100.9,24.94
0.66352345,87.65,79.432,109.49,24.94
0.670161121,87.65,79.432,162.8,24.94
0.787223557,87.65,79.432,205.72,24.94
0.808824663,87.65,79.432,230,24.94
0.812901526,87.65,79.432,236.86,24.94
0.713716361,87.65,79.432,187.04,24.94
0.706969376,87.65,79.432,164.6,24.94
0.704394232,87.65,79.432,146.62,24.94
0.697193863,87.65,79.432,107.6,24.94
0.693025606,87.65,87.042,115.07,24.94
0.684986569,87.65,87.042,113.04,24.94
0.676675143,87.65,87.042,110.33,24.94
0.670498022,87.65,87.042,109.29,24.94
0.670763243,87.65,87.042,112.36,24.94
0.674870571,87.65,87.042,116.77,24.94
0.717026237,87.65,87.042,168.5,24.94
0.732014759,87.65,87.042,184.77,24.94
0.742008899,87.65,87.042,160,24.94
0.700552124,87.65,87.042,137.34,24.94
0.750773708,87.65,87.042,117.47,24.94
0.732747699,87.65,87.042,112.78,24.94
0.713576583,87.65,87.042,107.58,24.94
0.629051999,87.65,87.042,105.02,24.94
0.626415926,87.65,87.042,105.1,24.94
0.62937994,87.65,87.042,112.4,24.94
0.633232801,87.65,87.042,113.73,24.94
0.732116905,87.65,87.042,146.57,24.94
0.731862437,87.65,87.042,155.38,24.94
0.71912291,87.65,87.042,134.74,24.94
0.619357128,87.65,87.042,110.07,24.94
0.609966901,87.65,87.042,104.53,24.94
0.605725171,87.65,87.042,109.95,24.94
0.596288352,87.65,87.042,98.51,24.94
0.59155023,87.65,125.967,94.78,24.94
0.58708808,87.65,125.967,100.4,24.94
0.58981017,87.65,125.967,98.67,24.94
0.587942877,87.65,125.967,99.61,24.94
0.589840635,87.65,125.967,100.25,24.94
0.593025069,87.65,125.967,95.98,24.94
0.656152838,87.65,125.967,116.99,24.94
0.673143056,87.65,125.967,133.53,24.94
0.683506354,87.65,125.967,125.02,24.94
0.631075199,87.65,125.967,107.16,24.94
0.680621189,87.65,125.967,98.38,24.94
0.665543065,87.09,125.967,100.25,24.94
0.654373355,86.9,125.967,89.93,24.94
0.580728173,86.9,125.967,97.07,24.94
0.588584423,86.9,125.967,93.67,24.94
0.583276436,86.9,125.967,98.52,24.94
0.59134773,86.9,125.967,119.54,24.94
0.71001224,86.9,125.967,146.87,24.94
0.719997419,86.9,125.967,190.05,24.94
0.722300175,86.9,125.967,198.07,24.94
0.609642544,86.9,125.967,160.68,24.94
0.610373692,86.9,125.967,145.54,24.94
0.609504558,86.9,125.967,135.13,24.94
0.611344971,86.9,125.967,132.89,24.94
0.613162087,86.9,97.273,150.09,24.94
0.62680838,86.9,97.273,152.6,24.94
0.629492838,86.9,97.273,174.05,24.94
0.634730936,86.9,97.273,187.92,24.94
0.641185821,86.9,97.273,190.69,24.94
0.662247526,86.9,97.273,237.17,24.94
0.72093465,86.9,97.273,249.98,24.94
0.738401547,86.9,97.273,263.46,24.94
0.710759515,86.9,97.273,275.57,24.94
0.637470947,86.9,97.273,267.37,24.94
0.664668555,86.9,97.273,245.75,24.94
0.641375776,86.9,97.273,213.02,24.94
0.637397474,86.9,97.273,196.64,24.94
0.570350539,86.9,97.273,178.97,24.94
0.569079991,86.9,97.273,177.04,24.94
0.575189014,86.9,97.273,197.47,24.94
0.591446292,86.9,97.273,225.08,24.94
0.70916461,86.9,97.273,259.9,24.94
0.737596926,86.9,97.273,299,24.94
0.757773369,86.9,97.273,300.7,24.94
0.669150417,86.9,97.273,277.91,24.94
0.664111235,86.9,97.273,235.8,24.94
0.667607481,86.9,97.273,242.15,24.94
0.655955715,86.9,97.273,212.09,24.94
0.658030884,86.9,97.273,195.65,24.94
0.656652814,86.9,97.273,180.7,24.94
0.667663034,86.9,97.273,174.44,24.94
0.678103389,86.9,97.273,172.31,24.94
0.692636736,86.9,97.273,174.5,24.94
0.71413032,86.9,97.273,177.1,24.94
0.765357232,86.9,97.273,186.05,24.94
0.774516287,86.9,97.273,191.54,24.94
0.7535854,86.9,97.273,189.37,24.94
0.6975003,86.9,97.273,173.75,24.94
0.734172361,86.9,97.273,154.07,24.94
0.716490421,86.9,97.273,144.76,24.94
0.699407018,86.9,97.273,116.53,24.94
0.636367058,86.9,97.273,114,24.94
0.635657414,86.9,97.273,111.68,24.94
0.653256921,86.9,97.273,151.54,24.94
0.673055246,86.9,97.273,176.15,24.94
0.791701835,86.9,97.273,229.9,24.94
0.80136445,86.9,97.273,275.76,24.94
0.807021882,86.9,97.273,274.5,24.94
0.705765133,86.9,97.273,220.7,24.94
0.704537594,86.9,97.273,197.8,24.94
0.694480733,86.9,97.273,197.78,24.94
0.693389388,86.9,97.273,197.22,24.94
0.687162091,86.9,98.02,177.39,24.94
0.684665796,86.9,98.02,174.06,24.94
0.678069341,86.9,98.02,185.57,24.94
0.677818457,86.9,98.02,178.26,24.94
0.679300464,86.9,98.02,197,24.94
0.686477536,86.9,98.02,217,24.94
0.736342507,86.9,98.02,284.97,24.94
0.738009093,86.9,98.02,322.9,24.94
0.71693126,86.9,98.02,308.9,24.94
0.640255758,86.9,98.02,267.3,24.94
0.675119663,86.9,98.02,163.82,24.94
0.658525484,86.9,98.02,145.55,24.94
0.650907573,86.9,98.02,137.09,24.94
0.586625737,86.9,98.02,135.4,24.94
0.577421881,86.9,98.02,141.17,24.94
0.59333509,86.9,98.02,198.24,24.94
0.626887229,86.9,98.02,253.79,24.94
0.766457537,86.9,98.02,280.56,24.94
0.78688128,86.9,98.02,300,24.94
0.806862392,86.9,98.02,282.19,24.94
0.715528102,86.9,98.02,207.32,24.94
0.731681442,86.9,98.02,137.24,24.94
0.727092058,86.9,98.02,163.3,24.94
0.724991801,86.9,98.02,140.09,24.94
0.717001149,86.9,104.734,143.17,24.94
0.708381494,86.9,104.734,143.15,24.94
0.702082516,86.9,104.734,149.74,24.94
0.691670833,86.9,104.734,163.5,24.94
0.699062949,86.9,104.734,173.15,24.94
0.714981533,86.9,104.734,194.03,24.94
0.780401307,86.9,104.734,268.04,24.94
0.789433128,86.9,104.734,286.73,24.94
0.774682945,86.9,104.734,284.91,24.94
0.699364009,86.9,104.734,217.58,24.94
0.730882197,86.9,104.734,179.33,24.94
0.692796227,86.9,104.734,222.33,24.94
0.673238033,86.9,104.734,220,24.94
0.60925905,86.9,104.734,221.5,24.94
0.61156539,86.9,104.734,235.02,24.94
0.620011218,86.9,104.734,261.24,24.94
0.632121743,86.9,104.734,283.2,24.94
0.756081695,86.9,104.734,315.87,24.94
0.775467854,86.9,104.734,362.75,24.94
0.780284825,86.9,104.734,354.11,24.94
0.67649594,86.9,104.734,315.87,24.94
0.666835117,86.9,104.734,286,24.94
0.662708077,86.9,104.734,266.94,24.94
0.650389676,86.9,104.734,245.47,24.94
0.648794772,86.9,117.791,251.04,24.94
0.635033789,86.9,117.791,248.43,24.94
0.632714904,86.9,117.791,242.06,24.94
0.632935324,86.9,117.791,233.14,24.94
0.656663566,86.9,117.791,233.62,24.94
0.678614117,86.9,117.791,250,24.94
0.744910193,86.9,117.791,291.55,24.94
0.757423924,86.9,117.791,329.07,24.94
0.74066667,86.9,117.791,337.09,24.94
0.673082127,86.9,117.791,298.1,24.94
0.696937603,86.9,117.791,267.85,24.94
0.667062705,86.9,117.791,257.95,24.94
0.652246217,86.9,117.791,245.82,24.94
0.586539719,86.9,117.791,234.99,24.94
0.587165137,86.9,117.791,236.29,24.94
0.60283463,86.9,117.791,249.66,24.94
0.631523206,86.9,117.791,272.58,24.94
0.765697717,86.9,117.791,316.56,24.94
0.78776475,86.9,117.791,384.83,24.94
0.803310592,86.9,117.791,385,24.94
0.705057282,86.9,117.791,321.09,24.94
0.709996111,86.9,117.791,288.47,24.94
0.704288502,86.9,117.791,265.78,24.94
0.696711808,86.9,117.791,249.66,24.94
0.68740043,86.9,166.246,331.16,24.94
0.679356017,86.9,166.246,322.53,24.94
0.674668072,86.9,166.246,316,24.94
0.674114335,86.9,166.246,307.01,24.94
0.686052825,86.9,166.246,307.3,24.94
0.709374278,86.9,166.246,332.27,24.94
0.75807443,86.9,166.246,371.41,24.94
0.76269607,86.9,166.246,405,24.94
0.756266274,86.9,166.246,400,24.94
0.707772205,86.9,166.246,359.96,24.94
0.748505001,86.9,166.246,294.76,24.94
0.721122813,86.9,166.246,276.94,24.94
0.693735249,86.9,166.246,266.04,24.94
0.617258663,86.9,166.246,269.92,24.94
0.632148624,86.9,166.246,293.02,24.94
0.642278958,86.9,166.246,319.58,24.94
0.666550185,86.9,166.246,336.53,24.94
0.783358153,86.9,166.246,398.53,24.94
0.795181954,86.9,166.246,410,24.94
0.795988366,86.9,166.246,405.05,24.94
0.683726773,86.9,166.246,390,24.94
0.689092105,86.9,166.246,350,24.94
0.681266319,86.9,166.246,333.88,24.94
0.682508194,86.9,166.246,319.9,24.94
0.682793126,86.9,164.459,351.07,24.94
0.684936392,86.9,164.459,346.6,24.94
0.693337419,86.9,164.459,329.4,24.94
0.69929412,86.9,164.459,304.05,24.94
0.707003425,86.9,164.459,315,24.94
0.716612279,86.9,164.459,349.07,24.94
0.765027499,86.9,164.459,398.6,24.94
0.779559054,86.9,164.459,410,24.94
0.79047788,86.9,164.459,410.05,24.94
0.739195415,86.9,164.459,385.16,24.94
0.777672048,86.9,164.459,362.95,24.94
0.744105572,72.14,164.459,349.78,24.94
0.736792306,67.22,164.459,310.69,24.94
0.675732536,67.22,164.459,292.16,24.94
0.685776853,67.22,164.459,307.43,24.94
0.699987635,67.22,164.459,329.95,24.94
0.738971412,67.22,164.459,355.77,24.94
0.86451014,67.22,164.459,380.94,24.94
0.881668808,67.22,164.459,410,24.94
0.875808877,67.22,164.459,410,24.94
0.768957416,67.22,164.459,400.08,24.94
0.767604435,67.22,164.459,381.83,24.94
0.76296129,67.22,164.459,359.07,24.94
0.744901232,67.22,164.459,361.01,24.94
0.737025269,67.22,188.305,363.87,24.94
0.720979451,67.22,188.305,360,24.94
0.717662407,67.22,188.305,350,24.94
0.719465187,67.22,188.305,330,24.94
0.732312236,67.22,188.305,338.85,24.94
0.769557745,67.22,188.305,347.04,24.94
0.843810425,67.22,188.305,369,24.94
0.851220461,67.22,188.305,378.1,24.94
0.810831734,67.22,188.305,370.53,24.94
0.720492019,67.22,188.305,322.34,24.94
0.762756999,67.22,188.305,293.81,24.94
0.75154428,67.22,188.305,290.57,24.94
0.746125187,67.22,188.305,279.3,24.94
0.689690642,67.22,188.305,260.35,24.94
0.692652864,67.22,188.305,260.56,24.94
0.692858948,67.22,188.305,301.36,24.94
0.708338485,67.22,188.305,339.99,24.94
0.825737823,67.22,188.305,385.63,24.94
0.848270783,67.22,188.305,405.78,24.94
0.857480014,67.22,188.305,409.3,24.94
0.75398323,67.22,188.305,400,24.94
0.746589323,67.22,188.305,377.25,24.94
0.729091962,67.22,188.305,369.63,24.94
0.709168194,67.22,188.305,362.4,24.94
0.690556192,67.22,188.305,390.61,24.94
0.681508242,67.22,188.305,353,24.94
0.668404934,67.22,188.305,345.16,24.94
0.655514877,67.22,188.305,334.21,24.94
0.65768323,67.22,188.305,339.44,24.94
0.678954603,67.22,188.305,342.09,24.94
0.746682508,67.22,188.305,350.06,24.94
0.748234404,67.22,188.305,340.44,24.94
0.70748548,67.22,188.305,336.52,24.94
0.637940458,67.22,188.305,210.01,24.94
0.683931064,67.22,188.305,259.02,24.94
0.664200836,67.22,188.305,268.05,24.94
0.651194297,67.22,188.305,279,24.94
0.591412243,67.22,188.305,249.18,24.94
0.599693205,67.22,188.305,246.29,24.94
0.610993733,67.22,188.305,281.41,24.94
0.621014754,67.22,188.305,308.1,24.94
0.735933924,67.22,188.305,385.16,24.94
0.76179468,67.22,188.305,435.08,24.94
0.778188152,67.22,188.305,454.28,24.94
0.680768135,67.22,188.305,436.35,24.94
0.689651218,67.22,188.305,412.02,24.94
0.677366866,67.22,188.305,412.02,24.94
0.672936973,67.22,188.305,411.65,24.94
0.65755958,67.22,189.474,377.56,24.94
0.657315865,67.22,189.474,369.83,24.94
0.653305306,67.22,189.474,368.94,24.94
0.652249802,67.22,189.474,359.21,24.94
0.659701054,67.22,189.474,361.71,24.94
0.686393311,67.22,189.474,397.23,24.94
0.761938042,67.22,189.474,465.77,24.94
0.773430318,67.22,189.474,512.36,24.94
0.753393653,67.22,189.474,515.01,24.94
0.6882391,67.22,189.474,483,24.94
0.733215418,67.22,189.474,390.61,24.94
0.72590036,67.22,189.474,341.84,24.94
0.718493908,67.22,189.474,340.22,24.94
0.651733697,67.22,189.474,320.8,24.94
0.654208488,67.22,189.474,312.82,24.94
0.657050645,67.22,189.474,351.54,24.94
0.677103438,67.22,189.474,400,24.94
0.784393945,67.22,189.474,450.39,24.94
0.803507716,67.22,189.474,507.54,24.94
0.808914264,67.22,189.474,522.91,24.94
0.719988459,67.22,189.474,475,24.94
0.710255955,67.22,189.474,434.97,24.94
0.693326667,67.22,189.474,415.42,24.94
0.669521367,67.22,189.474,367.72,24.94
0.656851729,67.22,246.942,456.05,24.94
0.66075835,67.22,246.942,449.5,24.94
0.662450025,67.22,246.942,449.5,24.94
0.675012141,67.22,246.942,424.88,24.94
0.686594018,67.22,246.942,437.51,24.94
0.718105038,67.22,246.942,457.57,24.94
0.796789403,67.22,246.942,622.3,24.94
0.81098764,67.22,246.942,690,24.94
0.784904673,67.22,246.942,650,24.94
0.706852894,67.22,246.942,541.51,24.94
0.737772545,67.22,246.942,353.31,24.94
0.724138796,67.22,246.942,333.83,24.94
0.714576535,67.22,246.942,316.52,24.94
0.652015046,67.22,246.942,294.77,24.94
0.660304967,67.22,246.942,310.6,24.94
0.66776518,67.22,246.942,366.99,24.94
0.69235718,67.22,246.942,514.31,24.94
0.794002799,67.22,246.942,603.08,24.94
0.813874597,67.22,246.942,674.93,24.94
0.817800931,67.22,246.942,700,24.94
0.726115403,67.22,246.942,619.92,24.94
0.718581717,67.22,246.942,542.9,24.94
0.706621723,67.22,246.942,492.05,24.94
0.693889364,67.22,246.942,399.73,24.94
0.685914839,67.22,212.93,430.07,24.94
0.673587479,67.22,212.93,408.91,24.94
0.676379458,67.22,212.93,418.38,24.94
0.684371903,67.22,212.93,420.03,24.94
0.694136664,67.22,212.93,420.03,24.94
0.718536917,67.22,212.93,440,24.94
0.783868881,67.22,212.93,523.76,24.94
0.799758793,67.22,212.93,579.45,24.94
0.778924676,67.22,212.93,554.76,24.94
0.708091186,67.22,212.93,449.99,24.94
0.749601722,67.22,212.93,389,24.94
0.734620368,67.22,212.93,350.83,24.94
0.736751089,67.22,212.93,305.11,24.94
0.681579924,67.22,212.93,316.75,24.94
0.691821363,67.22,212.93,341.86,24.94
0.702566363,67.22,212.93,382.44,24.94
0.717019069,67.22,212.93,425.09,24.94
0.834559976,67.22,212.93,529.43,24.94
0.839663672,67.22,212.93,574.93,24.94
0.830900655,67.22,212.93,605,24.94
0.71807995,67.22,212.93,528.03,24.94
0.707428135,67.22,212.93,448.75,24.94
0.699829937,67.22,212.93,449.06,24.94
0.693599055,67.22,212.93,418.45,24.94
0.700220599,67.22,163.493,350,24.94
0.699310248,67.22,163.493,320,24.94
0.707223844,67.22,163.493,321.59,24.94
0.716364979,67.22,163.493,310.09,24.94
0.729091962,67.22,163.493,310.07,24.94
0.744833135,67.22,163.493,335.01,24.94
0.805511203,67.22,163.493,414.66,24.94
0.82977347,67.22,163.493,436.06,24.94
0.853675539,67.22,163.493,421.17,24.94
0.808459089,67.22,163.493,311.99,24.94
0.867312872,67.22,163.493,240.33,24.94
0.851109355,67.22,163.493,199.82,24.94
0.846064796,67.22,163.493,171.7,24.94
0.778476669,67.22,163.493,150.01,24.94
0.779490957,67.22,163.493,162.66,24.94
0.781802673,67.22,163.493,199.85,24.94
0.79010693,67.22,163.493,276.58,24.94
0.884003821,67.22,163.493,379.95,24.94
0.87628018,67.22,163.493,412.4,24.94
0.870859295,67.22,163.493,326.39,24.94
0.757741113,67.22,163.493,179.01,24.94
0.749144755,67.22,163.493,173.6,24.94
0.749585594,67.22,163.493,172.74,24.94
0.746402952,67.22,163.493,123.93,24.94
0.737394427,67.22,133.528,88.96,24.94
0.72211022,67.22,133.528,91.02,24.94
0.709442375,67.22,133.528,88.93,24.94
0.700414138,67.22,133.528,97.03,24.94
0.690124313,67.22,133.528,91.15,24.94
0.68929102,67.22,133.528,109.92,24.94
0.731032728,67.22,133.528,172.57,24.94
0.736747505,67.22,133.528,185.06,24.94
0.741881665,67.22,133.528,112.35,24.94
0.701129157,67.22,133.528,67.3,24.94
0.761955963,67.22,133.528,23.07,24.94
0.759396947,74.18,133.528,15.52,24.94
0.751212755,76.5,133.528,10.1,24.94
0.686402271,76.5,133.528,0.1,24.94
0.691656497,76.5,133.528,0.08,24.94
0.704193525,76.5,133.528,10.04,24.94
0.71028642,76.5,133.528,23.87,24.94
0.805009435,76.5,133.528,118.86,24.94
0.806193966,76.5,133.528,170.06,24.94
0.807658052,76.5,133.528,151.98,24.94
0.707903023,76.5,133.528,84.48,24.94
0.700819136,76.5,133.528,69.77,24.94
0.671075056,76.5,133.528,81.05,24.94
0.649042071,76.5,133.528,67.27,24.94
0.635083965,76.5,125.259,68.93,24.94
0.6329407,76.5,125.259,69.07,24.94
0.628944478,76.5,125.259,72.97,24.94
0.629428325,76.5,125.259,72.99,24.94
0.628824412,76.5,125.259,72.93,24.94
0.653464797,76.5,125.259,73.11,24.94
0.720167662,76.5,125.259,89.05,24.94
0.743743582,76.5,125.259,87.52,24.94
0.717053118,76.5,125.259,79.07,24.94
0.647939974,76.5,125.259,78.9,24.94
0.699319209,76.5,125.259,72.95,24.94
0.69839273,76.5,125.259,67.84,24.94
0.697281673,76.5,125.259,72.91,24.94
0.634247088,76.5,125.259,68.95,24.94
0.629519719,76.5,125.259,80.07,24.94
0.627620169,76.5,125.259,118.95,24.94
0.624485912,76.5,125.259,189.3,24.94
0.730163594,76.5,125.259,287.3,24.94
0.740483883,76.5,125.259,323.3,24.94
0.743929953,76.5,125.259,235,24.94
0.643137339,76.5,125.259,173,24.94
0.632360083,76.5,125.259,176.5,24.94
0.61899693,76.5,125.259,182.51,24.94
0.599470993,76.5,125.259,168.88,24.94
0.588374756,76.5,125.259,160.1,24.94
0.583331989,76.5,125.259,150.01,24.94
0.587222482,76.5,125.259,124.27,24.94
0.589360371,76.5,125.259,102.54,24.94
0.604499424,76.5,125.259,130.25,24.94
0.629861996,76.5,125.259,120.7,24.94
0.693045319,76.5,125.259,100.05,24.94
0.700611261,76.5,125.259,90.92,24.94
0.686258909,76.5,125.259,77.49,24.94
0.616455835,76.5,125.259,72.82,24.94
0.675888443,76.5,125.259,56.15,24.94
0.669890525,76.5,125.259,30.07,24.94
0.66954108,76.5,125.259,24.76,24.94
0.606234107,76.5,125.259,8.55,24.94
0.60863184,76.5,125.259,10.05,24.94
0.612162136,76.5,125.259,30.07,24.94
0.620779998,76.5,125.259,104.03,24.94
0.72898444,76.5,125.259,212.12,24.94
0.756069151,76.5,125.259,234.21,24.94
0.776245594,76.5,125.259,199.9,24.94
0.683742901,76.5,125.259,170.08,24.94
0.676802377,76.5,125.259,163.12,24.94
0.666138018,76.5,125.259,190.67,24.94
0.650418349,76.5,125.259,199.42,24.94
0.63765015,76.5,127.709,205.9,24.94
0.63395678,76.5,127.709,204.44,24.94
0.640341776,76.5,127.709,211.64,24.94
0.644809301,76.5,127.709,207.03,24.94
0.649979302,76.5,127.709,219.91,24.94
0.667378102,76.5,127.709,230.06,24.94
0.734944725,76.5,127.709,301.92,24.94
0.739025173,76.5,127.709,335.88,24.94
0.712929661,76.5,127.709,344.24,24.94
0.649197978,76.5,127.709,300.83,24.94
0.689210379,76.5,127.709,265.91,24.94
0.675580214,76.5,127.709,258.34,24.94
0.653599199,76.5,127.709,240.57,24.94
0.590901516,76.5,127.709,224.25,24.94
0.584873133,76.5,127.709,218.34,24.94
0.594189887,76.5,127.709,269.8,24.94
0.620948449,76.5,127.709,293.02,24.94
0.743670109,76.5,127.709,346.5,24.94
0.763509651,76.5,127.709,390.01,24.94
0.776317275,76.5,127.709,435.42,24.94
0.686278621,76.5,127.709,365.26,24.94
0.687554545,76.5,127.709,322.7,24.94
0.678357857,76.5,127.709,300.73,24.94
0.659339064,76.5,127.709,261.86,24.94
0.652486349,76.5,114.935,248.92,24.94
0.652120776,76.5,114.935,245.03,24.94
0.653378779,76.5,114.935,241.79,24.94
0.657484315,76.5,114.935,240.07,24.94
0.667856573,76.5,114.935,242.69,24.94
0.702265303,76.5,114.935,262.4,24.94
0.772227867,76.5,114.935,318.93,24.94
0.771444751,76.5,114.935,340.29,24.94
0.725817926,76.5,114.935,349.98,24.94
0.638983418,76.5,114.935,329.45,24.94
0.669580504,76.5,114.935,318.46,24.94
0.647357565,76.5,114.935,296.17,24.94
0.63717347,76.5,114.935,279.49,24.94
0.593254448,76.5,114.935,283.24,24.94
0.606194682,76.5,114.935,287.96,24.94
0.624027153,76.5,114.935,297.17,24.94
0.639386625,76.5,114.935,317.53,24.94
0.764525731,76.5,114.935,332.36,24.94
0.792415062,76.5,114.935,375,24.94
0.8176504,76.5,114.935,405.02,24.94
0.74399805,76.5,114.935,335.24,24.94
0.742225735,76.5,114.935,312.09,24.94
0.722690838,76.5,114.935,288.99,24.94
0.705838606,76.5,114.935,264.63,24.94
0.695901811,76.5,116.426,253.41,24.94
0.695943028,76.5,116.426,251.4,24.94
0.692344636,76.5,116.426,247.5,24.94
0.693201225,76.5,116.426,240.01,24.94
0.712184177,76.5,116.426,238.5,24.94
0.742872657,76.5,116.426,249.72,24.94
0.808149068,76.5,116.426,296.96,24.94
0.797106592,76.5,116.426,317.7,24.94
0.747117971,76.5,116.426,314,24.94
0.654579438,76.5,116.426,295.94,24.94
0.68622486,76.5,116.426,276.6,24.94
0.674531877,76.5,116.426,260.14,24.94
0.661573723,76.5,116.426,207.44,24.94
0.601467313,76.5,116.426,204.01,24.94
0.597756023,76.5,116.426,200.03,24.94
0.615323273,76.5,116.426,198.22,24.94
0.633085854,76.5,116.426,248.97,24.94
0.756293154,76.5,116.426,294.92,24.94
0.782214839,76.5,116.426,319.13,24.94
0.794366581,76.5,116.426,296.49,24.94
0.690169114,76.5,116.426,215.58,24.94
0.692314171,76.5,116.426,165.96,24.94
0.692785475,76.5,116.426,165.22,24.94
0.692733506,76.5,116.426,129.27,24.94
0.682803879,76.5,106.087,157.27,24.94
0.677899098,76.5,106.087,127.99,24.94
0.674012189,76.5,106.087,119.71,24.94
0.671754234,76.5,106.087,126.58,24.94
0.679176814,76.5,106.087,147.97,24.94
0.69811855,76.5,106.087,180,24.94
0.749616058,76.5,106.087,206.5,24.94
0.756277026,76.5,106.087,262.89,24.94
0.760891498,76.5,106.087,270,24.94
0.71552631,76.5,106.087,254.94,24.94
0.764179869,76.5,106.087,211.6,24.94
0.736088039,76.5,106.087,220.02,24.94
0.72247221,76.5,106.087,206.21,24.94
0.651642304,76.5,106.087,214.09,24.94
0.653778401,76.5,106.087,229.97,24.94
0.657731615,76.5,106.087,246.2,24.94
0.672997902,76.5,106.087,257.36,24.94
0.794115697,76.5,106.087,276.22,24.94
0.808765526,76.5,106.087,310.03,24.94
0.823954755,76.5,106.087,347.21,24.94
0.719474147,76.5,106.087,295.92,24.94
0.722832408,76.5,106.087,259.29,24.94
0.705342215,76.5,106.087,244.66,24.94
0.698088085,76.5,106.087,237.2,24.94
0.690640417,76.5,105.083,203.03,24.94
0.689715731,76.5,105.083,206.97,24.94
0.693113416,76.5,105.083,201.38,24.94
0.694869603,76.5,105.083,206.5,24.94
0.702023379,76.5,105.083,209.9,24.94
0.705025026,76.5,105.083,217.06,24.94
0.749153715,76.5,105.083,262.97,24.94
0.740732975,76.5,105.083,291.51,24.94
0.739544861,76.5,105.083,287.81,24.94
0.697439371,76.5,105.083,249.9,24.94
0.762120829,76.5,105.083,228.58,24.94
0.746499721,78.53,105.083,204.87,24.94
0.722723094,79.21,105.083,205.01,24.94
0.652730065,79.21,105.083,201.14,24.94
0.654729968,79.21,105.083,200.31,24.94
0.666745516,79.21,105.083,202.48,24.94
0.681400721,79.21,105.083,212.4,24.94
0.798534838,79.21,105.083,245.54,24.94
0.828687501,79.21,105.083,275.31,24.94
0.828160645,79.21,105.083,286.52,24.94
0.728104554,79.21,105.083,251.15,24.94
0.717341634,79.21,105.083,216.95,24.94
0.713671561,79.21,105.083,228.5,24.94
0.702087892,79.21,105.083,197.81,24.94
0.694783586,79.21,101.046,196.67,24.94
0.687792885,79.21,101.046,194.82,24.94
0.692186937,79.21,101.046,187.02,24.94
0.700677566,79.21,101.046,187,24.94
0.705103875,79.21,101.046,185.06,24.94
0.727773029,79.21,101.046,190.8,24.94
0.788992289,79.21,101.046,198.23,24.94
0.801425379,79.21,101.046,204.14,24.94
0.764280223,79.21,101.046,196.11,24.94
0.687533041,79.21,101.046,135.07,24.94
0.726219341,79.21,101.046,99.55,24.94
0.709838413,79.21,101.046,85.08,24.94
0.709343813,79.21,101.046,69.71,24.94
0.650525871,79.21,101.046,10,24.94
0.656799761,79.21,101.046,8.84,24.94
0.664851342,79.21,101.046,14.74,24.94
0.678580069,79.21,101.046,79,24.94
0.790644539,79.21,101.046,151.01,24.94
0.806581044,79.21,101.046,192.8,24.94
0.809444704,79.21,101.046,173.27,24.94
0.719155166,79.21,101.046,119.96,24.94
0.713739658,79.21,101.046,89.99,24.94
0.703053795,79.21,101.046,91.13,24.94
0.678981483,79.21,101.046,82.85,24.94
0.66368294,79.21,101.046,84.04,24.94
0.649645985,79.21,101.046,70.99,24.94
0.64497596,79.21,101.046,74.78,24.94
0.643775301,79.21,101.046,68.38,24.94
0.646662258,79.21,101.046,75.9,24.94
0.67408387,79.21,101.046,75.9,24.94
0.728989816,79.21,101.046,68.53,24.94
0.737469692,79.21,101.046,20.56,24.94
0.689857301,79.21,101.046,8.81,24.94
0.62387483,79.21,101.046,0.07,24.94
0.656140294,79.21,101.046,-0.1,24.94
0.642682164,79.21,101.046,-5.31,24.94
0.619269319,79.21,101.046,-16.81,24.94
0.557700613,79.21,101.046,-19.04,24.94
0.553946314,79.21,101.046,-13.35,24.94
0.55799809,79.21,101.046,-1.06,24.94
0.577789247,79.21,101.046,0.06,24.94
0.697950099,79.21,101.046,69.93,24.94
0.720332529,79.21,101.046,122.32,24.94
0.732118697,79.21,101.046,122.95,24.94
0.642368559,79.21,101.046,85.97,24.94
0.646289516,79.21,101.046,80.08,24.94
0.640508434,79.21,101.046,110.07,24.94
0.626665018,79.21,101.046,93.36,24.94
0.610696257,79.21,101.487,114.18,24.94
0.603890134,79.21,101.487,118.82,24.94
0.605533424,79.21,101.487,118.85,24.94
0.612893283,79.21,101.487,119,24.94
0.62821333,79.21,101.487,137.03,24.94
0.6488109,79.21,101.487,189.41,24.94
0.707107362,79.21,101.487,264,24.94
0.709281092,79.21,101.487,288,24.94
0.682545827,79.21,101.487,270.6,24.94
0.602983368,79.21,101.487,196.47,24.94
0.635505092,79.21,101.487,153.06,24.94
0.618285495,79.21,101.487,163.68,24.94
0.605295084,79.21,101.487,156.99,24.94
0.537155012,79.21,101.487,171.35,24.94
0.533481355,79.21,101.487,170.67,24.94
0.544479031,79.21,101.487,212.63,24.94
0.563628642,79.21,101.487,232.98,24.94
0.693643856,79.21,101.487,273.68,24.94
0.728212076,79.21,101.487,309.6,24.94
0.74887595,79.21,101.487,336.98,24.94
0.662390888,79.21,101.487,277.16,24.94
0.652943316,79.21,101.487,240.91,24.94
0.643128379,79.21,101.487,222.81,24.94
0.631118208,79.21,101.487,199.25,24.94
0.617885873,79.21,96.216,223,24.94
0.617109925,79.21,96.216,215,24.94
0.614989956,79.21,96.216,207,24.94
0.619475402,79.21,96.216,206.36,24.94
0.624914207,79.21,96.216,203,24.94
0.646196331,79.21,96.216,220.92,24.94
0.709381446,79.21,96.216,273.7,24.94
0.719298529,79.21,96.216,287.34,24.94
0.678524516,79.21,96.216,281.1,24.94
0.602099898,79.21,96.216,240.15,24.94
0.623803149,79.21,96.216,199.9,24.94
0.606162426,79.21,96.216,192.2,24.94
0.578068803,79.21,96.216,183.66,24.94
0.508167168,79.21,96.216,185.21,24.94
0.493101588,79.21,96.216,193.92,24.94
0.501835933,79.21,96.216,199.86,24.94
0.517075339,79.21,96.216,230.01,24.94
0.639343616,79.21,96.216,269.97,24.94
0.660756558,79.21,96.216,301.03,24.94
0.660279879,79.21,96.216,351,24.94
0.571201752,79.21,96.216,290.84,24.94
0.571793121,79.21,96.216,255.9,24.94
0.564616049,79.21,96.216,242.27,24.94
0.559162908,79.21,96.216,222.38,24.94
0.557179133,79.21,96.188,215.39,24.94
0.55966826,79.21,96.188,200.05,24.94
0.561031993,79.21,96.188,200.62,24.94
0.573316345,79.21,96.188,198.08,24.94
0.593376306,79.21,96.188,204.09,24.94
0.632550038,79.21,96.188,226.15,24.94
0.69453987,79.21,96.188,275.45,24.94
0.67632749,79.21,96.188,299.25,24.94
0.612008021,79.21,96.188,280.72,24.94
0.51858781,79.21,96.188,217.11,24.94
0.537370056,79.21,96.188,199.7,24.94
0.52110561,79.21,96.188,191.54,24.94
0.513889113,79.21,96.188,181.07,24.94
0.462692665,79.21,96.188,181.93,24.94
0.455594443,79.21,96.188,190.31,24.94
0.460914974,79.21,96.188,202.34,24.94
0.47798404,79.21,96.188,217.99,24.94
0.597926265,79.21,96.188,266.05,24.94
0.629048415,79.21,96.188,312.28,24.94
0.648692626,79.21,96.188,374.14,24.94
0.561872454,79.21,96.188,311.03,24.94
0.563798884,79.21,96.188,270,24.94
0.559119899,79.21,96.188,245.12,24.94
0.561239868,79.21,96.188,216.4,24.94
0.565010295,79.21,109.395,213.01,24.94
0.568450989,79.21,109.395,212.33,24.94
0.570716112,79.21,109.395,211.5,24.94
0.566771859,79.21,109.395,211.8,24.94
0.563470943,79.21,109.395,212.93,24.94
0.566555023,79.21,109.395,223.32,24.94
0.616844705,79.21,109.395,282.97,24.94
0.629276003,79.21,109.395,305.07,24.94
0.636576725,79.21,109.395,267.73,24.94
0.594946123,79.21,109.395,218.91,24.94
0.634352818,79.21,109.395,194.92,24.94
0.607807508,79.21,109.395,194.94,24.94
0.579581275,79.21,109.395,185.97,24.94
0.506194145,79.21,109.395,181.94,24.94
0.492942098,79.21,109.395,192.7,24.94
0.496049474,79.21,109.395,208.42,24.94
0.513729622,79.21,109.395,232.58,24.94
0.638008555,79.21,109.395,266.99,24.94
0.660652621,79.21,109.395,310.76,24.94
0.66111138,79.21,109.395,371.11,24.94
0.548794234,79.21,109.395,295.4,24.94
0.546781787,79.21,109.395,256.86,24.94
0.540455928,79.21,109.395,240.04,24.94
0.537862863,79.21,109.395,219.76,24.94
0.533260935,79.21,114.125,262.48,24.94
0.530529885,79.21,114.125,244.31,24.94
0.530241368,79.21,114.125,234.29,24.94
0.533493899,79.21,114.125,230.15,24.94
0.550093454,79.21,114.125,226.01,24.94
0.561445952,79.21,114.125,254.91,24.94
0.60601548,79.21,114.125,315,24.94
0.612350298,79.21,114.125,333.86,24.94
0.6160365,79.21,114.125,285.12,24.94
0.570065606,79.21,114.125,248.37,24.94
0.600293534,79.21,114.125,185.6,24.94
0.573097717,78.68,114.125,185.87,24.94
0.550518165,78.5,114.125,172.57,24.94
0.479259964,78.5,114.125,169.75,24.94
0.474957305,78.5,114.125,178.57,24.94
0.475455489,78.5,114.125,210,24.94
0.512222527,78.5,114.125,251.07,24.94
0.650430893,78.5,114.125,276.28,24.94
0.67415376,78.5,114.125,300.77,24.94
0.667311797,78.5,114.125,339.9,24.94
0.560730932,78.5,114.125,283.38,24.94
0.551761832,78.5,114.125,242.2,24.94
0.559313438,78.5,114.125,244.56,24.94
0.563218267,78.5,114.125,190.07,24.94
0.558877975,78.5,100.981,235.96,24.94
0.564506735,78.5,100.981,221.16,24.94
0.564849013,78.5,100.981,185.58,24.94
0.571210712,78.5,100.981,191.02,24.94
0.589978621,78.5,100.981,206.58,24.94
0.621704685,78.5,100.981,216.18,24.94
0.664286854,78.5,100.981,199.56,24.94
0.63278121,78.5,100.981,190.28,24.94
0.59262903,78.5,100.981,152.18,24.94
0.535990194,78.5,100.981,159.37,24.94
0.574628109,78.5,100.981,110.05,24.94
0.568139176,78.5,100.981,85.94,24.94
0.548235121,78.5,100.981,83.11,24.94
0.478811957,78.5,100.981,80.38,24.94
0.471333824,78.5,100.981,89.35,24.94
0.48182794,78.5,100.981,157.71,24.94
0.508642055,78.5,100.981,199.95,24.94
0.62950359,78.5,100.981,232.42,24.94
0.656620558,78.5,100.981,262.5,24.94
0.662908784,78.5,100.981,292.24,24.94
0.576477482,78.5,100.981,270.07,24.94
0.584686762,78.5,100.981,244.98,24.94
0.573273336,78.5,100.981,244.94,24.94
0.572099558,78.5,100.981,237.75,24.94
0.569088951,78.5,100.981,235,24.94
0.579572315,78.5,100.981,221.93,24.94
0.58646983,78.5,100.981,214.02,24.94
0.592745512,78.5,100.981,212,24.94
0.605746675,78.5,100.981,211.09,24.94
0.621358823,78.5,100.981,210.31,24.94
0.649789347,78.5,100.981,214.03,24.94
0.617676206,78.5,100.981,214.08,24.94
0.57697029,78.5,100.981,214.07,24.94
0.5141167,78.5,100.981,205.02,24.94
0.550681239,78.5,100.981,194.4,24.94
0.536336055,78.5,100.981,161.5,24.94
0.532232311,78.5,100.981,89.9,24.94
0.467330434,78.5,100.981,77.97,24.94
0.473199325,78.5,100.981,92,24.94
0.490621422,78.5,100.981,141.59,24.94
0.523345645,78.5,100.981,194.83,24.94
0.657106197,78.5,100.981,220,24.94
0.68330027,78.5,100.981,263.02,24.94
0.683509938,78.5,100.981,281.68,24.94
0.594146878,78.5,100.981,265.63,24.94
0.584686762,78.5,100.981,251.59,24.94
0.583025553,78.5,100.981,228,24.94
0.576866352,78.5,100.981,196,24.94
0.574712335,78.5,101.827,192.04,24.94
0.580482665,78.5,101.827,189.45,24.94
0.574441738,78.5,101.827,194.89,24.94
0.58106149,78.5,101.827,195.01,24.94
0.603943895,78.5,101.827,208.62,24.94
0.643490369,78.5,101.827,274.95,24.94
0.693830227,78.5,101.827,316.95,24.94
0.672648456,78.5,101.827,313.95,24.94
0.637806056,78.5,101.827,266.98,24.94
0.579376984,78.5,101.827,224.94,24.94
0.620256726,78.5,101.827,204.14,24.94
0.616022164,78.5,101.827,173.87,24.94
0.617814192,78.5,101.827,163.51,24.94
0.557657604,78.5,101.827,130.99,24.94
0.556528627,78.5,101.827,161.5,24.94
0.55484412,78.5,101.827,170.68,24.94
0.563646562,78.5,101.827,197.56,24.94
0.673196817,78.5,101.827,260.31,24.94
0.682694565,78.5,101.827,304.62,24.94
0.693392972,78.5,101.827,274.06,24.94
0.599381392,78.5,101.827,252.61,24.94
0.597661045,78.5,101.827,229.53,24.94
0.582000513,78.5,101.827,220.54,24.94
0.572991988,78.5,101.827,209.83,24.94
0.567614112,78.5,101.957,210.18,24.94
0.571173079,78.5,101.957,208.96,24.94
0.571646175,78.5,101.957,210,24.94
0.583281813,78.5,101.957,209.87,24.94
0.601343663,78.5,101.957,225.27,24.94
0.628426582,78.5,101.957,270.27,24.94
0.676004924,78.5,101.957,302.12,24.94
0.656642062,78.5,101.957,318.74,24.94
0.614894978,78.5,101.957,299.9,24.94
0.552686519,78.5,101.957,278.48,24.94
0.602899143,78.5,101.957,275.94,24.94
0.589433845,78.5,101.957,236.43,24.94
0.578504266,78.5,101.957,230.85,24.94
0.508778249,78.5,101.957,223.52,24.94
0.497178452,78.5,101.957,222.41,24.94
0.496829006,78.5,101.957,228.01,24.94
0.501224851,78.5,101.957,246.53,24.94
0.617048996,78.5,101.957,280.04,24.94
0.629659497,78.5,101.957,302.49,24.94
0.629143393,78.5,101.957,297.67,24.94
0.527194921,78.5,101.957,260.04,24.94
0.52216649,78.5,101.957,237,24.94
0.526773794,78.5,101.957,219.84,24.94
0.522601953,78.5,101.957,233.07,24.94
0.518310046,78.5,110.03,228.86,24.94
0.514797671,78.5,110.03,229.61,24.94
0.515010922,78.5,110.03,229.08,24.94
0.520922823,78.5,110.03,232.33,24.94
0.532786048,78.5,110.03,242,24.94
0.539303654,78.5,110.03,283,24.94
0.582143875,78.5,110.03,315,24.94
0.577812543,78.5,110.03,346.91,24.94
0.571984868,78.5,110.03,328.11,24.94
0.518507169,78.5,110.03,302.07,24.94
0.561761348,78.5,110.03,312.56,24.94
0.546640216,78.5,110.03,295.99,24.94
0.544031024,78.5,110.03,272.89,24.94
0.478340654,78.5,110.03,278.3,24.94
0.46911171,78.5,110.03,266.52,24.94
0.462810939,78.5,110.03,256.34,24.94
0.470097325,78.5,110.03,269.81,24.94
0.58043428,78.5,110.03,294.7,24.94
0.596562532,78.5,110.03,309.97,24.94
0.605153514,78.5,110.03,285.73,24.94
0.509545237,78.5,110.03,253.36,24.94
0.514356832,78.5,110.03,240.52,24.94
0.515383664,78.5,110.03,197.92,24.94
0.513618517,78.5,110.03,200.66,24.94
0.515322735,78.5,119.844,204.29,24.94
0.513441106,78.5,119.844,195.02,24.94
0.524150265,78.5,119.844,181.93,24.94
0.535866544,78.5,119.844,186.3,24.94
0.552679351,78.5,119.844,200.69,24.94
0.564205675,78.5,119.844,270,24.94
0.609423917,78.5,119.844,305.76,24.94
0.614572413,78.5,119.844,324.23,24.94
0.617366185,78.5,119.844,271,24.94
0.588428517,78.5,119.844,250.75,24.94
0.64586839,78.5,119.844,219.54,24.94
0.638651893,78.5,119.844,203.92,24.94
0.629100384,78.5,119.844,193.43,24.94
0.556109292,78.5,119.844,190.8,24.94
0.553627333,78.5,119.844,185.62,24.94
0.541258756,78.5,119.844,184.96,24.94
0.550944668,78.5,119.844,188.01,24.94
0.657731615,78.5,119.844,200.01,24.94
0.672904716,78.5,119.844,229.49,24.94
0.688670978,78.5,119.844,199.08,24.94
0.592648743,78.5,119.844,164.35,24.94
0.590756361,78.5,119.844,150.64,24.94
0.589652472,78.5,119.844,120.08,24.94
0.588442853,78.5,119.844,111.72,24.94
0.594838601,78.5,121.255,99.64,24.94
0.597053548,78.5,121.255,94.48,24.94
0.602977992,78.5,121.255,99.59,24.94
0.606585344,78.5,121.255,109.02,24.94
0.61792709,78.5,121.255,140.01,24.94
0.618703038,78.5,121.255,178.63,24.94
0.657199383,78.5,121.255,200.03,24.94
0.653217497,78.5,121.255,208.47,24.94
0.642712629,78.5,121.255,200.35,24.94
0.58080523,78.5,121.255,193.08,24.94
0.62689619,78.12,121.255,181.14,24.94
0.605020904,78,121.255,171.94,24.94
0.596141405,78,121.255,159.91,24.94
0.518136219,78,121.255,147.1,24.94
0.523426286,78,121.255,140.82,24.94
0.530271833,78,121.255,142.33,24.94
0.555725798,78,121.255,172.4,24.94
0.663872895,78,121.255,191.7,24.94
0.669591256,78,121.255,205.96,24.94
0.668956878,78,121.255,200.19,24.94
0.579092051,78,121.255,174.92,24.94
0.585607865,78,121.255,167.85,24.94
0.588021727,78,121.255,151.86,24.94
0.583636634,78,121.255,112.01,24.94
0.583041681,78,120.241,125.01,24.94
0.57835732,78,120.241,131.72,24.94
0.573337849,78,120.241,140.54,24.94
0.573794816,78,120.241,131.79,24.94
0.577794623,78,120.241,145.07,24.94
0.578792782,78,120.241,135.84,24.94
0.613181799,78,120.241,168.06,24.94
0.609850419,78,120.241,190.3,24.94
0.604237788,78,120.241,192.15,24.94
0.563101785,78,120.241,169.77,24.94
0.617124261,78,120.241,166.94,24.94
0.605040616,78,120.241,160.63,24.94
0.599006858,78,120.241,132.18,24.94
0.53930903,78,120.241,120.6,24.94
0.545190466,78,120.241,128.45,24.94
0.545348164,78,120.241,137.45,24.94
0.545896525,78,120.241,171.27,24.94
0.651651264,78,120.241,227.6,24.94
0.676481604,78,120.241,259.15,24.94
0.674920748,78,120.241,241.63,24.94
0.588498406,78,120.241,210,24.94
0.583201171,78,120.241,206.14,24.94
0.57943612,78,120.241,189.38,24.94
0.576780335,78,120.241,199.08,24.94
0.582742412,78,120.241,193.08,24.94
0.58617773,78,120.241,195.76,24.94
0.592299297,78,120.241,194.44,24.94
0.602021049,78,120.241,195.55,24.94
0.618470074,78,120.241,193.82,24.94
0.64458709,78,120.241,190.88,24.94
0.688344829,78,120.241,192.6,24.94
0.659792447,78,120.241,197.24,24.94
0.615043717,78,120.241,182.07,24.94
0.559239965,78,120.241,180.76,24.94
0.58801635,78,120.241,179.13,24.94
0.575280408,78,120.241,174.2,24.94
0.553127358,78,120.241,119.64,24.94
0.485006998,78,120.241,97.07,24.94
0.481883493,78,120.241,104,24.94
0.487967428,78,120.241,121.39,24.94
0.497117523,78,120.241,132.21,24.94
0.611594063,78,120.241,177.39,24.94
0.630833275,78,120.241,211.79,24.94
0.641852455,78,120.241,204.95,24.94
0.554387153,78,120.241,179.74,24.94
0.547480677,78,120.241,177.45,24.94
0.546283603,78,120.241,155.03,24.94
0.537088707,78,120.241,118.63,24.94
0.543710251,78,120.346,91.81,24.94
0.543264036,78,120.346,88,24.94
0.548188529,78,120.346,81.56,24.94
0.55183889,78,120.346,87.49,24.94
0.565517439,78,120.346,91.6,24.94
0.582627722,78,120.346,133,24.94
0.628299348,78,120.346,120.6,24.94
0.59938856,78,120.346,101.16,24.94
0.565117817,78,120.346,87.6,24.94
0.503765947,78,120.346,74.54,24.94
0.542194195,78,120.346,68.27,24.94
0.523390445,78,120.346,40.08,24.94
0.514326368,78,120.346,30.98,24.94
0.454741437,78,120.346,25.6,24.94
0.460103185,78,120.346,37.56,24.94
0.47128544,78,120.346,47.24,24.94
0.486187944,78,120.346,69.78,24.94
0.589215217,78,120.346,69.93,24.94
0.593401395,78,120.346,74.86,24.94
0.595455059,78,120.346,74.52,24.94
0.515104108,78,120.346,69.96,24.94
0.516811911,78,120.346,72.98,24.94
0.525363468,78,120.346,50.09,24.94
0.520985544,78,120.346,23.53,24.94
0.515424881,78,111.258,30,24.94
0.513810264,78,111.258,35.09,24.94
0.521327821,78,111.258,42.35,24.94
0.542475543,78,111.258,74.53,24.94
0.575676446,78,111.258,83.97,24.94
0.611384395,78,111.258,163.27,24.94
0.675331122,78,111.258,220.07,24.94
0.671420917,78,111.258,232.03,24.94
0.67367708,78,111.258,229.51,24.94
0.637935082,78,111.258,227,24.94
0.689373453,78,111.258,230.09,24.94
0.667985599,78,111.258,214.24,24.94
0.651950533,78,111.258,222.98,24.94
0.586283459,78,111.258,208.49,24.94
0.573058293,78,111.258,222.97,24.94
0.572791281,78,111.258,224.41,24.94
0.583104402,78,111.258,262.21,24.94
0.687733748,78,111.258,278.24,24.94
0.695208296,78,111.258,309.93,24.94
0.703053795,78,111.258,277.91,24.94
0.613524077,78,111.258,226.47,24.94
0.604280796,78,111.258,189.65,24.94
0.599553427,78,111.258,163.64,24.94
0.585667002,78,111.258,112.87,24.94
0.585623993,78,109.154,140,24.94
0.577817919,78,109.154,126.56,24.94
0.584297892,78,109.154,121.67,24.94
0.5996269,78,109.154,126.59,24.94
0.618634941,78,109.154,118.48,24.94
0.64868725,78,109.154,165.6,24.94
0.689771283,78,109.154,177.84,24.94
0.674836522,78,109.154,175.3,24.94
0.645873766,78,109.154,159.36,24.94
0.602121403,78,109.154,95.69,24.94
0.63663407,78,109.154,74.86,24.94
0.614429051,78,109.154,77.8,24.94
0.591396115,78,109.154,74.73,24.94
0.518854822,78,109.154,71.98,24.94
0.523139561,78,109.154,74.75,24.94
0.532739455,78,109.154,74.81,24.94
0.541762316,78,109.154,126.26,24.94
0.654289129,78,109.154,165.54,24.94
0.657713695,78,109.154,178.43,24.94
0.672573191,78,109.154,171,24.94
0.578443337,78,109.154,132.42,24.94
0.586754763,78,109.154,109.11,24.94
0.589256434,78,109.154,60.37,24.94
0.598585732,78,109.154,73.02,24.94
0.592064542,78,108.819,67.74,24.94
0.592865578,78,108.819,59.64,24.94
0.590831626,78,108.819,67.58,24.94
0.593621814,78,108.819,73.58,24.94
0.597616244,78,108.819,74.13,24.94
0.600628643,78,108.819,74.5,24.94
0.637723623,78,108.819,90.03,24.94
0.641735973,78,108.819,113.23,24.94
0.648744595,78,108.819,77.35,24.94
0.600530082,78,108.819,71.93,24.94
0.643974216,78,108.819,71.94,24.94
0.6219036,78,108.819,77.38,24.94
0.5970643,78,108.819,70.38,24.94
0.52046048,78,108.819,70.15,24.94
0.519102122,78,108.819,73.35,24.94
0.519793845,78,108.819,74.82,24.94
0.528528189,78,108.819,80.91,24.94
0.641571107,78,108.819,82.06,24.94
0.66188016,78,108.819,94.41,24.94
0.687016936,78,108.819,79.56,24.94
0.6057861,78,108.819,65.45,24.94
0.604976103,78,108.819,69.19,24.94
0.594164798,78,108.819,27.35,24.94
0.594388802,78,108.819,2.02,24.94
0.600553378,78,105.453,1.03,24.94
0.612744545,78,105.453,1.02,24.94
0.6209144,78,105.453,2.47,24.94
0.620987873,78,105.453,8.58,24.94
0.625351461,78,105.453,44.51,24.94
0.620131284,78,105.453,95.37,24.94
0.643920455,78,105.453,147.26,24.94
0.635277504,78,105.453,150,24.94
0.620077523,78,105.453,87,24.94
0.569778882,78,105.453,81.85,24.94
0.597894009,79.66,105.453,86.54,24.94
0.572368362,80.21,105.453,88.19,24.94
0.557462273,80.21,105.453,91.41,24.94
0.496687436,80.21,105.453,130.77,24.94
0.500413062,80.21,105.453,166.11,24.94
0.519456944,80.21,105.453,186.11,24.94
0.540486392,80.21,105.453,202.31,24.94
0.658819376,80.21,105.453,229.9,24.94
0.675135791,80.21,105.453,267.77,24.94
0.671779323,80.21,105.453,259.04,24.94
0.575599389,80.21,105.453,221.8,24.94
0.570010053,80.21,105.453,189.8,24.94
0.570956244,80.21,105.453,159.98,24.94
0.558367247,80.21,105.453,119.25,24.94
0.555555556,80.21,107.069,110.6,24.94
0.557148668,80.21,107.069,92.51,24.94
0.561451328,80.21,107.069,83.22,24.94
0.570613967,80.21,107.069,79.12,24.94
0.583398294,80.21,107.069,76.14,24.94
0.610439997,80.21,107.069,76.56,24.94
0.650009767,80.21,107.069,88.15,24.94
0.62344116,80.21,107.069,82.9,24.94
0.588903404,80.21,107.069,69.72,24.94
0.536769726,80.21,107.069,25.14,24.94
0.577296439,80.21,107.069,5.04,24.94
0.567201945,80.21,107.069,-0.01,24.94
0.560913719,80.21,107.069,-0.28,24.94
0.499764348,80.21,107.069,-2.49,24.94
0.500185475,80.21,107.069,-0.1,24.94
0.507729913,80.21,107.069,-0.03,24.94
0.537513418,80.21,107.069,1.98,24.94
0.665139859,80.21,107.069,75.81,24.94
0.689746195,80.21,107.069,96.97,24.94
0.70302333,80.21,107.069,105,24.94
0.611305546,80.21,107.069,90.95,24.94
0.600212893,80.21,107.069,89.77,24.94
0.576810799,80.21,107.069,69.88,24.94
0.568081831,80.21,107.069,70.96,24.94
0.56811588,80.21,107.069,26.15,24.94
0.570834386,80.21,107.069,24.59,24.94
0.575882529,80.21,107.069,25.67,24.94
0.581645691,80.21,107.069,40.04,24.94
0.607427598,80.21,107.069,36.85,24.94
0.631218561,80.21,107.069,25.95,24.94
0.664555658,80.21,107.069,45.02,24.94
0.627442758,80.21,107.069,35.76,24.94
0.585486007,80.21,107.069,22.23,24.94
0.525879572,80.21,107.069,12.29,24.94
0.562750548,80.21,107.069,13,24.94
0.547337315,80.21,107.069,5.31,24.94
0.529264713,80.21,107.069,0.1,24.94
0.466617207,80.21,107.069,0.09,24.94
0.463284035,80.21,107.069,0.42,24.94
0.47884063,80.21,107.069,8.52,24.94
0.497506393,80.21,107.069,71.03,24.94
0.610205241,80.21,107.069,139.9,24.94
0.637406434,80.21,107.069,233.51,24.94
0.66635127,80.21,107.069,252.18,24.94
0.58351836,80.21,107.069,239.54,24.94
0.582188675,80.21,107.069,238.28,24.94
0.570648015,80.21,107.069,224.3,24.94
0.570972372,80.21,107.069,182.38,24.94
0.575952418,80.21,107.325,184.98,24.94
0.584815788,80.21,107.325,184.6,24.94
0.598073212,80.21,107.325,185.68,24.94
0.619563211,80.21,107.325,195.55,24.94
0.64819265,80.21,107.325,220.56,24.94
0.657937698,80.21,107.325,264.91,24.94
0.677614166,80.21,107.325,299.93,24.94
0.610022454,80.21,107.325,285.03,24.94
0.561610818,80.21,107.325,255,24.94
0.486591151,80.21,107.325,214.92,24.94
0.52716804,80.21,107.325,190.71,24.94
0.520691651,80.21,107.325,187.85,24.94
0.519890615,80.21,107.325,181.84,24.94
0.464853851,80.21,107.325,179.98,24.94
0.476116747,80.21,107.325,179.77,24.94
0.493933089,80.21,107.325,182.86,24.94
0.52354456,80.21,107.325,219.39,24.94
0.65404183,80.21,107.325,263.32,24.94
0.684812742,80.21,107.325,296.99,24.94
0.715619495,80.21,107.325,290.37,24.94
0.619109828,80.21,107.325,267.81,24.94
0.614219384,80.21,107.325,247.99,24.94
0.60245472,80.21,107.325,204.4,24.94
0.587036111,80.21,107.325,192.9,24.94
0.579350103,80.21,102.816,188.71,24.94
0.576993586,80.21,102.816,184.13,24.94
0.578744398,80.21,102.816,183,24.94
0.582047105,80.21,102.816,185.55,24.94
0.597856376,80.21,102.816,191.53,24.94
0.61729092,80.21,102.816,229.54,24.94
0.659690302,80.21,102.816,268.78,24.94
0.632143248,80.21,102.816,260.33,24.94
0.601318574,80.21,102.816,219.02,24.94
0.549731465,80.21,102.816,182.51,24.94
0.596003419,80.21,102.816,172.32,24.94
0.592028701,80.21,102.816,136.12,24.94
0.582391175,80.21,102.816,110.02,24.94
0.519068074,80.21,102.816,100.01,24.94
0.515889016,80.21,102.816,118.14,24.94
0.519449776,80.21,102.816,139.9,24.94
0.533660558,80.21,102.816,179.4,24.94
0.648436366,80.21,102.816,215.47,24.94
0.657235223,80.21,102.816,235.09,24.94
0.665711516,80.21,102.816,233.47,24.94
0.572423915,80.21,102.816,189.08,24.94
0.573603069,80.21,102.816,177.46,24.94
0.568015526,80.21,102.816,137.74,24.94
0.567517342,80.21,102.816,161.67,24.94
0.570518989,80.21,103.685,165.81,24.94
0.580749677,80.21,103.685,163.31,24.94
0.590179328,80.21,103.685,167.63,24.94
0.605357805,80.21,103.685,180.73,24.94
0.620548826,80.21,103.685,212.32,24.94
0.638157293,80.21,103.685,248.74,24.94
0.660546891,80.21,103.685,267.52,24.94
0.622478841,80.21,103.685,273.83,24.94
0.580099171,80.21,103.685,254.25,24.94
0.520607426,80.21,103.685,212.9,24.94
0.569694656,80.21,103.685,192.45,24.94
0.55658418,80.21,103.685,188.72,24.94
0.550236816,80.21,103.685,195.04,24.94
0.484161161,80.21,103.685,200.05,24.94
0.493494042,80.21,103.685,196,24.94
0.504547271,80.21,103.685,200.47,24.94
0.527707441,80.21,103.685,241.25,24.94
0.651065271,80.21,103.685,266.2,24.94
0.670931693,80.21,103.685,298.95,24.94
0.687927287,80.21,103.685,301.63,24.94
0.592535845,80.21,103.685,269.03,24.94
0.596734567,80.21,103.685,250,24.94
0.600813222,80.21,103.685,231.94,24.94
0.602488768,80.21,103.685,232.45,24.94
0.596449634,80.21,104.715,207.63,24.94
0.599537298,80.21,104.715,200.14,24.94
0.60298516,80.21,104.715,198.05,24.94
0.61182165,80.21,104.715,199.97,24.94
0.609203497,80.21,104.715,204.46,24.94
0.606225147,80.21,104.715,254,24.94
0.633976492,80.21,104.715,272.33,24.94
0.625582633,80.21,104.715,282.11,24.94
0.618563259,80.21,104.715,252.78,24.94
0.552754616,80.21,104.715,216.35,24.94
0.592032285,80.21,104.715,212.54,24.94
0.575656733,80.21,104.715,202.24,24.94
0.549287042,80.21,104.715,195.19,24.94
0.480478543,80.21,104.715,193.64,24.94
0.47696796,80.21,104.715,191.99,24.94
0.492827408,80.21,104.715,194.53,24.94
0.506310627,80.21,104.715,212.8,24.94
0.618505915,80.21,104.715,244.94,24.94
0.63194254,80.21,104.715,271.07,24.94
0.639705606,80.21,104.715,272.31,24.94
0.558388752,80.21,104.715,265.46,24.94
0.562096458,80.21,104.715,253.68,24.94
0.568612271,80.21,104.715,234.36,24.94
0.569038774,80.21,104.715,214.9,24.94
0.568219817,80.21,97.33,198.45,24.94
0.571285977,80.21,97.33,194.28,24.94
0.582989712,80.21,97.33,190.49,24.94
0.587161553,80.21,97.33,191.86,24.94
0.589281522,80.21,97.33,196.86,24.94
0.58145036,80.21,97.33,205.33,24.94
0.610569023,80.21,97.33,220.78,24.94
0.604827365,80.21,97.33,209.88,24.94
0.595634261,80.21,97.33,189.92,24.94
0.540373494,80.21,97.33,190.62,24.94
0.566522767,80.21,97.33,186.55,24.94
0.543778348,80.21,97.33,160.03,24.94
0.526359836,80.21,97.33,167.65,24.94
0.469980843,80.21,97.33,157.38,24.94
0.472131277,80.21,97.33,151.11,24.94
0.486320554,80.21,97.33,155.01,24.94
0.500180099,80.21,97.33,179.32,24.94
0.624269077,80.21,97.33,196.21,24.94
0.642090795,80.21,97.33,228.35,24.94
0.65922079,80.21,97.33,235.99,24.94
0.572162279,80.21,97.33,208.84,24.94
0.575131669,80.21,97.33,205.09,24.94
0.571280601,80.21,97.33,196.24,24.94
0.574500875,80.21,97.33,191.16,24.94
0.577219382,80.21,97.33,183.37,24.94
0.577140533,80.21,97.33,178,24.94
0.566477966,80.21,97.33,174.21,24.94
0.573142518,80.21,97.33,171.81,24.94
0.594822473,80.21,97.33,179.54,24.94
0.608957989,80.21,97.33,188.98,24.94
0.636578517,80.21,97.33,191.12,24.94
0.582414471,80.21,97.33,189.6,24.94
0.535058339,80.21,97.33,172.62,24.94
0.479844165,80.21,97.33,146.58,24.94
0.509219088,80.21,97.33,121.99,24.94
0.495404344,80.21,97.33,82.36,24.94
0.476632851,80.21,97.33,52.9,24.94
0.418807692,80.21,97.33,33.78,24.94
0.41253201,80.21,97.33,40.32,24.94
0.42881796,80.21,97.33,65.84,24.94
0.446469436,80.21,97.33,107.71,24.94
0.565322108,80.21,97.33,171.19,24.94
0.585100721,80.21,97.33,195.08,24.94
0.620706525,80.21,97.33,205.81,24.94
0.545452102,80.21,97.33,194.47,24.94
0.558972953,80.21,97.33,175.84,24.94
0.553462467,80.21,97.33,166.88,24.94
0.558657556,80.21,97.33,160.22,24.94
0.557447937,80.21,97.33,139.97,24.94
0.56084383,80.21,97.33,121.76,24.94
0.563137626,80.21,97.33,123.38,24.94
0.572845042,80.21,97.33,133.96,24.94
0.592392483,80.21,97.33,139.96,24.94
0.607578128,80.21,97.33,146.1,24.94
0.615642254,80.21,97.33,144.01,24.94
0.551708071,80.21,97.33,133.55,24.94
0.503993534,80.21,97.33,100,24.94
0.456700124,80.21,97.33,75.92,24.94
0.494160677,80.21,97.33,41.29,24.94
0.476648979,80.21,97.33,20.73,24.94
0.463495494,80.21,97.33,0.07,24.94
0.400206442,80.21,97.33,0,24.94
0.395570465,80.21,97.33,0.08,24.94
0.395871526,80.21,97.33,15,24.94
0.415791709,80.21,97.33,66.2,24.94
0.549702792,80.21,97.33,158.02,24.94
0.574861073,80.21,97.33,182.55,24.94
0.595220303,80.21,97.33,191.54,24.94
0.511706423,80.21,97.33,187.88,24.94
0.51241965,80.21,97.33,171.46,24.94
0.511448371,80.21,97.33,158.07,24.94
0.50908827,80.21,97.33,95.9,24.94
0.513620309,80.21,97.33,81,24.94
0.521030344,80.21,97.33,84,24.94
0.533088901,80.21,97.33,81,24.94
0.540937983,80.21,97.33,85.25,24.94
0.556820727,80.21,97.33,92.31,24.94
0.565958278,80.21,97.33,95.23,24.94
0.59006643,80.21,97.33,105,24.94
0.535644333,80.21,97.33,108.65,24.94
0.494633772,80.21,97.33,101.18,24.94
0.431479122,80.21,97.33,95.51,24.94
0.467276673,80.21,97.33,82.92,24.94
0.459377414,80.21,97.33,75.98,24.94
0.453408168,80.21,97.33,61.17,24.94
0.395894822,80.21,97.33,45,24.94
0.392378863,80.21,97.33,60.58,24.94
0.400803187,80.21,97.33,82.92,24.94
0.414999633,80.21,97.33,121.25,24.94
0.528454716,80.21,97.33,189.84,24.94
0.564246891,80.21,97.33,240.3,24.94
0.592847658,80.21,97.33,250.73,24.94
0.521499856,80.21,97.33,226.6,24.94
0.519623602,80.21,97.33,221.23,24.94
0.515093356,80.21,97.33,202,24.94
0.518659491,80.21,97.33,205,24.94
0.525748754,80.21,98.46,192.98,24.94
0.532126582,80.21,98.46,191.14,24.94
0.541592074,80.21,98.46,190.95,24.94
0.55031029,80.21,98.46,190,24.94
0.564933238,80.21,98.46,200.61,24.94
0.574391562,80.21,98.46,251.27,24.94
0.595931738,80.21,98.46,291.43,24.94
0.543620649,80.21,98.46,295.43,24.94
0.483229306,80.21,98.46,255.71,24.94
0.410137861,80.21,98.46,232.54,24.94
0.454578363,80.21,98.46,207.71,24.94
0.446723904,80.21,98.46,193.56,24.94
0.445042982,80.21,98.46,187.06,24.94
0.38399038,80.21,98.46,176.57,24.94
0.386753688,80.21,98.46,176.11,24.94
0.39897711,80.21,98.46,168.94,24.94
0.40996941,80.21,98.46,193.33,24.94
0.532339833,80.21,98.46,224.93,24.94
0.558284814,80.21,98.46,239.03,24.94
0.598166397,80.21,98.46,240.01,24.94
0.521955031,80.21,98.46,223.6,24.94
0.524963846,80.21,98.46,200,24.94
0.518390687,80.21,98.46,184.2,24.94
0.522282972,80.21,98.46,191,24.94
0.529313098,80.21,93.519,189.55,24.94
0.537757134,80.21,93.519,183.1,24.94
0.544129585,80.21,93.519,183.28,24.94
0.548632951,80.21,93.519,183.38,24.94
0.554471379,80.21,93.519,197.96,24.94
0.555417569,80.21,93.519,227.24,24.94
0.575622685,80.21,93.519,249.92,24.94
0.508855306,80.21,93.519,249.9,24.94
0.465470309,80.21,93.519,209.96,24.94
0.405510844,80.21,93.519,193.5,24.94
0.454954689,80.21,93.519,188.91,24.94
0.457004769,80.21,93.519,175.87,24.94
0.453802415,80.21,93.519,168.37,24.94
0.392323311,80.21,93.519,158.9,24.94
0.387531428,80.21,93.519,171.95,24.94
0.390197965,80.21,93.519,175.85,24.94
0.400652657,80.21,93.519,196.15,24.94
0.510330145,80.21,93.519,222.95,24.94
0.522458591,80.21,93.519,249,24.94
0.539794669,80.21,93.519,250,24.94
0.462350388,80.21,93.519,239.18,24.94
0.467031165,80.21,93.519,220.1,24.94
0.466943356,80.21,93.519,201.97,24.94
0.463821643,80.21,93.519,188.55,24.94
0.4723284,80.21,96.083,179.92,24.94
0.4792295,80.21,96.083,181.08,24.94
0.497277013,80.21,96.083,178.92,24.94
0.503172786,80.21,96.083,180.5,24.94
0.507901947,80.21,96.083,199.92,24.94
0.495296823,80.21,96.083,229.76,24.94
0.525033735,80.21,96.083,256.02,24.94
0.508073982,80.21,96.083,256.25,24.94
0.490863345,80.21,96.083,232.26,24.94
0.441181161,80.21,96.083,207.93,24.94
0.497660507,80.21,96.083,197.01,24.94
0.497083474,80.21,96.083,185.06,24.94
0.48027246,80.21,96.083,176.25,24.94
0.414198596,80.21,96.083,167.93,24.94
0.408903153,80.21,96.083,168.05,24.94
0.423429332,80.21,96.083,173.4,24.94
0.440704482,80.21,96.083,185.34,24.94
0.553207999,80.21,96.083,204.96,24.94
0.567994022,80.21,96.083,220.62,24.94
0.573939971,80.21,96.083,223.61,24.94
0.499388022,80.21,96.083,220.44,24.94
0.497542234,80.21,96.083,199.71,24.94
0.508514821,80.21,96.083,174.62,24.94
0.500484744,80.21,96.083,191.07,24.94
0.501717659,80.21,97.471,183.93,24.94
0.499570809,80.21,97.471,187.01,24.94
0.506753257,80.21,97.471,179.41,24.94
0.511520052,80.21,97.471,176.09,24.94
0.527207465,80.21,97.471,189.58,24.94
0.543907374,80.21,97.471,218.07,24.94
0.600936872,80.21,97.471,239.95,24.94
0.620150996,80.21,97.471,244.1,24.94
0.639963658,80.21,97.471,221.05,24.94
0.611491917,80.21,97.471,196.56,24.94
0.666202531,85.6,97.471,156.71,24.94
0.650760626,87.4,97.471,122.43,24.94
0.629437285,87.4,97.471,98.52,24.94
0.561569601,87.4,97.471,86.77,24.94
0.566700178,87.4,97.471,86.77,24.94
0.578697805,87.4,97.471,102.34,24.94
0.588039647,87.4,97.471,137,24.94
0.688866309,87.4,97.471,180.26,24.94
0.68248669,87.4,97.471,209.61,24.94
0.684352191,87.4,97.471,209.97,24.94
0.579742557,87.4,97.471,185,24.94
0.570214344,87.4,97.471,190.17,24.94
0.560954936,87.4,97.471,147.32,24.94
0.55134429,87.4,97.471,130.46,24.94
0.553679302,87.4,95.486,116.44,24.94
0.556417521,87.4,95.486,108.65,24.94
0.561669955,87.4,95.486,119.04,24.94
0.567149977,87.4,95.486,119.4,24.94
0.58441079,87.4,95.486,122.32,24.94
0.599931545,87.4,95.486,128.32,24.94
0.633903019,87.4,95.486,143.64,24.94
0.592813609,87.4,95.486,141.5,24.94
0.557306367,87.4,95.486,82.69,24.94
0.510808617,87.4,95.486,55.43,24.94
0.560453168,87.4,95.486,15.92,24.94
0.559130651,87.4,95.486,2.43,24.94
0.56072914,87.4,95.486,0.01,24.94
0.499868286,87.4,95.486,0.08,24.94
0.502454182,87.4,95.486,5.07,24.94
0.503823292,87.4,95.486,20.45,24.94
0.508050686,87.4,95.486,94.85,24.94
0.606477823,87.4,95.486,138.87,24.94
0.616385945,87.4,95.486,168.19,24.94
0.634807993,87.4,95.486,171.36,24.94
0.550998428,87.4,95.486,138.05,24.94
0.548860539,87.4,95.486,118.23,24.94
0.538321622,87.4,95.486,97.95,24.94
0.538215893,87.4,95.486,100.58,24.94
0.543104545,87.4,95.486,93.14,24.94
0.547754858,87.4,95.486,91.92,24.94
0.550880155,87.4,95.486,87.88,24.94
0.552663222,87.4,95.486,84.06,24.94
0.565494143,87.4,95.486,87.84,24.94
0.591130895,87.4,95.486,87.81,24.94
0.614952323,87.4,95.486,95.1,24.94
0.592756264,87.4,95.486,96.51,24.94
0.570698192,87.4,95.486,81.88,24.94
0.524963846,87.4,95.486,74.9,24.94
0.574647822,87.4,95.486,73.03,24.94
0.566382989,87.4,95.486,54.86,24.94
0.561617986,87.4,95.486,34.51,24.94
0.501355669,87.4,95.486,34.2,24.94
0.497552986,87.4,95.486,44.09,24.94
0.505835739,87.4,95.486,72.81,24.94
0.526497822,87.4,95.486,111.73,24.94
0.63871103,87.4,95.486,165.01,24.94
0.65831044,87.4,95.486,198.65,24.94
0.678587237,87.4,95.486,224.95,24.94
0.583287189,87.4,95.486,216.66,24.94
0.56634894,87.4,95.486,205.73,24.94
0.552390834,87.4,95.486,186.99,24.94
0.54735882,87.4,95.486,184.96,24.94
0.551283361,87.4,96.422,183.78,24.94
0.558412048,87.4,96.422,185.63,24.94
0.565356157,87.4,96.422,186.1,24.94
0.5689205,87.4,96.422,188.12,24.94
0.577758782,87.4,96.422,200.06,24.94
0.596050012,87.4,96.422,237.23,24.94
0.628132689,87.4,96.422,261.87,24.94
0.598442369,87.4,96.422,272.47,24.94
0.579468377,87.4,96.422,249.06,24.94
0.54047564,87.4,96.422,232.59,24.94
0.592139807,87.4,96.422,227.97,24.94
0.574982931,87.4,96.422,211,24.94
0.56778077,87.4,96.422,200,24.94
0.507980797,87.4,96.422,194.9,24.94
0.518471328,87.4,96.422,191.99,24.94
0.53088829,87.4,96.422,189.5,24.94
0.539158499,87.4,96.422,209.25,24.94
0.653059798,87.4,96.422,252.71,24.94
0.67441002,87.4,96.422,273.88,24.94
0.690574112,87.4,96.422,275.71,24.94
0.594523204,87.4,96.422,264.93,24.94
0.577170997,87.4,96.422,254,24.94
0.567775394,87.4,96.422,235.44,24.94
0.559972905,87.4,96.422,212.54,24.94
0.559127067,87.4,96.892,205.01,24.94
0.553240255,87.4,96.892,204.59,24.94
0.555584228,87.4,96.892,201.07,24.94
0.56376842,87.4,96.892,204.16,24.94
0.591874587,87.4,96.892,232.95,24.94
0.628281427,87.4,96.892,266.52,24.94
0.669039312,87.4,96.892,290,24.94
0.637911786,87.4,96.892,290,24.94
0.601823926,87.4,96.892,260.48,24.94
0.553016252,87.4,96.892,235.88,24.94
0.609499182,87.4,96.892,224.28,24.94
0.597976442,87.4,96.892,219.41,24.94
0.589018094,87.4,96.892,210.49,24.94
0.518906791,87.4,96.892,214.19,24.94
0.520440767,87.4,96.892,215.42,24.94
0.526879524,87.4,96.892,211.03,24.94
0.539484649,87.4,96.892,239.93,24.94
0.652269514,87.4,96.892,260.63,24.94
0.66842823,87.4,96.892,281,24.94
0.685925591,87.4,96.892,286.76,24.94
0.605051368,87.4,96.892,270.01,24.94
0.597417329,87.4,96.892,255,24.94
0.586485959,87.4,96.892,231.91,24.94
0.579084883,87.4,96.892,206.72,24.94
0.581099122,87.4,94.689,198.01,24.94
0.582584714,87.4,94.689,196.36,24.94
0.587373012,87.4,94.689,194.53,24.94
0.590381827,87.4,94.689,197.51,24.94
0.598773894,87.4,94.689,209.94,24.94
0.604022744,87.4,94.689,244.2,24.94
0.62677254,87.4,94.689,271.01,24.94
0.58736226,87.4,94.689,265.98,24.94
0.547917932,87.4,94.689,252.74,24.94
0.481254491,87.4,94.689,225.22,24.94
0.527951156,87.4,94.689,214.12,24.94
0.525069575,87.4,94.689,207.66,24.94
0.524876036,87.4,94.689,200.62,24.94
0.465074271,87.4,94.689,193.22,24.94
0.469231776,87.4,94.689,190.96,24.94
0.480009032,87.4,94.689,191.35,24.94
0.497219669,87.4,94.689,206.49,24.94
0.609110312,87.4,94.689,239.31,24.94
0.626656058,87.4,94.689,267.9,24.94
0.644830806,87.4,94.689,266.33,24.94
0.574289416,87.4,94.689,254.94,24.94
0.580285542,87.4,94.689,235.33,24.94
0.579902048,87.4,94.689,202.57,24.94
0.586830028,87.4,94.689,214.63,24.94
0.588437477,87.4,108.398,201.94,24.94
0.585969855,87.4,108.398,198,24.94
0.583636634,87.4,108.398,201.37,24.94
0.584839085,87.4,108.398,201.5,24.94
0.582536329,87.4,108.398,218.35,24.94
0.574945298,87.4,108.398,255,24.94
0.59873447,87.4,108.398,283.37,24.94
0.589510902,87.4,108.398,279.29,24.94
0.572570861,87.4,108.398,251.26,24.94
0.520370878,87.4,108.398,224.93,24.94
0.559308062,87.4,108.398,213.56,24.94
0.544719162,87.4,108.398,208,24.94
0.529899091,87.4,108.398,200.09,24.94
0.458610426,87.4,108.398,197.05,24.94
0.462744634,87.4,108.398,196.3,24.94
0.478980408,87.4,108.398,197.13,24.94
0.505719257,87.4,108.398,217.63,24.94
0.620373208,87.4,108.398,255,24.94
0.628603992,87.4,108.398,279.09,24.94
0.630118256,87.4,108.398,284.91,24.94
0.541622538,87.4,108.398,268.91,24.94
0.546658137,87.4,108.398,253.56,24.94
0.555028699,87.4,108.398,222.78,24.94
0.561171771,87.4,108.398,206.05,24.94
0.56555328,87.4,101.985,203.15,24.94
0.568823731,87.4,101.985,202.52,24.94
0.568936629,87.4,101.985,203.23,24.94
0.562060617,87.4,101.985,205.09,24.94
0.55599281,87.4,101.985,213.86,24.94
0.543262244,87.4,101.985,255.77,24.94
0.580962928,87.4,101.985,280.06,24.94
0.569798594,87.4,101.985,291.22,24.94
0.564189546,87.4,101.985,256.34,24.94
0.515095148,87.4,101.985,230.33,24.94
0.564381293,84,101.985,217.4,24.94
0.550971548,82.86,101.985,208.37,24.94
0.543235363,82.86,101.985,197.25,24.94
0.471937738,82.86,101.985,195.24,24.94
0.481274204,82.86,101.985,195.04,24.94
0.487843778,82.86,101.985,206,24.94
0.493653533,82.86,101.985,216.3,24.94
0.602035385,82.86,101.985,246.98,24.94
0.618038195,82.86,101.985,262.08,24.94
0.640090892,82.86,101.985,265.87,24.94
0.557019642,82.86,101.985,254.97,24.94
0.570072774,82.86,101.985,241.56,24.94
0.583713691,82.86,101.985,217.91,24.94
0.587554007,82.86,101.985,204.78,24.94
0.591360275,82.86,100.434,189.1,24.94
0.595300944,82.86,100.434,189.91,24.94
0.59224016,82.86,100.434,187.47,24.94
0.591378195,82.86,100.434,189.96,24.94
0.580778349,82.86,100.434,194.81,24.94
0.565257595,82.86,100.434,201,24.94
0.580828526,82.86,100.434,206.59,24.94
0.554557396,82.86,100.434,210.01,24.94
0.538332375,82.86,100.434,205.85,24.94
0.477417759,82.86,100.434,195.95,24.94
0.519804597,82.86,100.434,186.58,24.94
0.514252895,82.86,100.434,180.04,24.94
0.509762072,82.86,100.434,172.94,24.94
0.45211074,82.86,100.434,166.35,24.94
0.450775679,82.86,100.434,159.69,24.94
0.459273476,82.86,100.434,166.65,24.94
0.472011211,82.86,100.434,192.02,24.94
0.563958375,82.86,100.434,226.09,24.94
0.578495306,82.86,100.434,246.97,24.94
0.600383136,82.86,100.434,252.64,24.94
0.526764834,82.86,100.434,247.11,24.94
0.532610429,82.86,100.434,239.09,24.94
0.53011951,82.86,100.434,219,24.94
0.538896863,82.86,100.434,206,24.94
0.546728026,82.86,100.434,199.7,24.94
0.559799078,82.86,100.434,197.56,24.94
0.564180586,82.86,100.434,192.2,24.94
0.561677123,82.86,100.434,197.43,24.94
0.545504071,82.86,100.434,201.32,24.94
0.528786242,82.86,100.434,195,24.94
0.547453797,82.86,100.434,194.95,24.94
0.542350101,82.86,100.434,186.94,24.94
0.535475882,82.86,100.434,182.04,24.94
0.495846975,82.86,100.434,177.31,24.94
0.543165474,82.86,100.434,176.5,24.94
0.530124886,82.86,100.434,174.92,24.94
0.514645349,82.86,100.434,150.74,24.94
0.449333097,82.86,100.434,140.4,24.94
0.446089526,82.86,100.434,138.9,24.94
0.458226932,82.86,100.434,155.9,24.94
0.477159707,82.86,100.434,187.04,24.94
0.590342403,82.86,100.434,215.85,24.94
0.629356644,82.86,100.434,249.43,24.94
0.643904327,82.86,100.434,254.94,24.94
0.557404928,82.86,100.434,243.03,24.94
0.543901998,82.86,100.434,239.72,24.94
0.529737808,82.86,100.434,215.97,24.94
0.521673682,82.86,100.434,206.46,24.94
0.51396617,82.86,100.434,199.87,24.94
0.515860344,82.86,100.434,194.69,24.94
0.515335279,82.86,100.434,193.76,24.94
0.519831478,82.86,100.434,196.34,24.94
0.535762606,82.86,100.434,209.96,24.94
0.540973824,82.86,100.434,248.88,24.94
0.562944087,82.86,100.434,270,24.94
0.524381437,82.86,100.434,264.57,24.94
0.49077016,82.86,100.434,238.98,24.94
0.435081098,82.86,100.434,194.27,24.94
0.484392332,82.86,100.434,189.97,24.94
0.477924903,82.86,100.434,190.68,24.94
0.478396207,82.86,100.434,190.45,24.94
0.417116018,82.86,100.434,187.65,24.94
0.421753786,82.86,100.434,185.05,24.94
0.430256959,82.86,100.434,188.2,24.94
0.455599819,82.86,100.434,218.72,24.94
0.579928928,82.86,100.434,244.11,24.94
0.60028099,82.86,100.434,263.97,24.94
0.617104549,82.86,100.434,265.41,24.94
0.53724999,82.86,100.434,253.52,24.94
0.538635227,82.86,100.434,241.11,24.94
0.537800142,82.86,100.434,219.92,24.94
0.53855817,82.86,100.434,184.5,24.94
0.548165232,82.86,100.813,182.09,24.94
0.553569989,82.86,100.813,184.08,24.94
0.560782901,82.86,100.813,185.12,24.94
0.566291595,82.86,100.813,187.04,24.94
0.577685309,82.86,100.813,191.19,24.94
0.571859426,82.86,100.813,236.26,24.94
0.586206402,82.86,100.813,255.96,24.94
0.529055046,82.86,100.813,255.96,24.94
0.493180438,82.86,100.813,232.7,24.94
0.446069814,82.86,100.813,206.07,24.94
0.493599772,82.86,100.813,200.24,24.94
0.492504843,82.86,100.813,195.79,24.94
0.492562188,82.86,100.813,197.29,24.94
0.439269068,82.86,100.813,194.89,24.94
0.446363706,82.86,100.813,195.54,24.94
0.4628647,82.86,100.813,197.99,24.94
0.487623359,82.86,100.813,218.99,24.94
0.603062217,82.86,100.813,249.96,24.94
0.609943605,82.86,100.813,269.94,24.94
0.61388069,82.86,100.813,270.23,24.94
0.526031895,82.86,100.813,261.77,24.94
0.533348745,82.86,100.813,253.21,24.94
0.527476269,82.86,100.813,228.94,24.94
0.524628737,82.86,100.813,206,24.94
0.515335279,82.86,98.744,200,24.94
0.513803096,82.86,98.744,200.34,24.94
0.517324431,82.86,98.744,201.12,24.94
0.525890324,82.86,98.744,201.14,24.94
0.544082992,82.86,98.744,224.32,24.94
0.560320558,82.86,98.744,256.58,24.94
0.588286947,82.86,98.744,296.9,24.94
0.546201169,82.86,98.744,280.1,24.94
0.512131133,82.86,98.744,255.09,24.94
0.452582044,82.86,98.744,226.01,24.94
0.494538795,82.86,98.744,209.41,24.94
0.485707681,82.86,98.744,204.64,24.94
0.48383322,82.86,98.744,202.15,24.94
0.434358911,82.86,98.744,199.51,24.94
0.439663314,82.86,98.744,200.6,24.94
0.45822514,82.86,98.744,206.24,24.94
0.473274591,82.86,98.744,231.16,24.94
0.588346084,82.86,98.744,249.98,24.94
0.603560401,82.86,98.744,275.44,24.94
0.615982739,82.86,98.744,281.49,24.94
0.53330932,82.86,98.744,263.37,24.94
0.524239867,82.86,98.744,246.9,24.94
0.515292271,82.86,98.744,232.47,24.94
0.509324818,82.86,98.744,225.2,24.94
0.505977309,82.86,103.21,208.44,24.94
0.506351843,82.86,103.21,208.12,24.94
0.511758392,82.86,103.21,205.09,24.94
0.516242046,82.86,103.21,204.9,24.94
0.520904902,82.86,103.21,220.77,24.94
0.536284087,82.86,103.21,254.96,24.94
0.595940698,82.86,103.21,275.06,24.94
0.612871779,82.86,103.21,268.02,24.94
0.619471818,82.86,103.21,252.96,24.94
0.575350297,82.86,103.21,235.03,24.94
0.62625106,82.86,103.21,232.09,24.94
0.608327196,82.86,103.21,224.5,24.94
0.597014123,82.86,103.21,215.04,24.94
0.534205334,82.86,103.21,210.9,24.94
0.5299421,82.86,103.21,210,24.94
0.530235992,82.86,103.21,210.35,24.94
0.529768273,82.86,103.21,229,24.94
0.624217108,82.86,103.21,247.28,24.94
0.619763918,82.86,103.21,263,24.94
0.63294966,82.86,103.21,276.61,24.94
0.543194147,82.86,103.21,259.96,24.94
0.543242531,82.86,103.21,251.84,24.94
0.527460141,82.86,103.21,238.52,24.94
0.516820871,82.86,103.21,220.69,24.94
0.517718677,82.86,101.49,213.74,24.94
0.515075435,82.86,101.49,207.56,24.94
0.514258271,82.86,101.49,204.02,24.94
0.516888968,82.86,101.49,206.57,24.94
0.521446095,82.86,101.49,219.07,24.94
0.530744928,82.86,101.49,255.91,24.94
0.578871632,82.86,101.49,274.92,24.94
0.58081419,82.86,101.49,262.97,24.94
0.581930623,82.86,101.49,236.8,24.94
0.548615031,82.86,101.49,220,24.94
0.594175551,88.79,101.49,208.13,24.94
0.583704731,90.77,101.49,207.4,24.94
0.575328792,90.77,101.49,191.81,24.94
0.513597012,90.77,101.49,190.01,24.94
0.525361676,90.77,101.49,187.01,24.94
0.532318329,90.77,101.49,192.7,24.94
0.544518455,90.77,101.49,211.59,24.94
0.631537542,90.77,101.49,239.09,24.94
0.635811529,90.77,101.49,256.79,24.94
0.629225826,90.77,101.49,262.69,24.94
0.544192306,90.77,101.49,255.91,24.94
0.540386039,90.77,101.49,247.78,24.94
0.525420813,90.77,101.49,235.46,24.94
0.518157724,90.77,101.49,225.12,24.94
0.51178348,90.77,93.875,216.94,24.94
0.513381969,90.77,93.875,207.36,24.94
0.519668403,90.77,93.875,200.01,24.94
0.530149975,90.77,93.875,199.5,24.94
0.548618615,90.77,93.875,200.1,24.94
0.564879477,90.77,93.875,201.78,24.94
0.604184027,90.77,93.875,216.28,24.94
0.576133413,90.77,93.875,217.04,24.94
0.562625106,90.77,93.875,208.57,24.94
0.521053641,90.77,93.875,194.17,24.94
0.579645788,90.77,93.875,190.67,24.94
0.571307482,90.77,93.875,186.55,24.94
0.558134284,90.77,93.875,174.37,24.94
0.481551968,90.77,93.875,166.7,24.94
0.46748634,90.77,93.875,159.17,24.94
0.466344818,90.77,93.875,168.22,24.94
0.47670274,90.77,93.875,185.3,24.94
0.583573913,90.77,93.875,201.62,24.94
0.598062459,90.77,93.875,222.74,24.94
0.609846835,90.77,93.875,231.57,24.94
0.522112729,90.77,93.875,229,24.94
0.517367439,90.77,93.875,223.12,24.94
0.512355137,90.77,93.875,208.38,24.94
0.506285538,90.77,93.875,208.1,24.94
0.514401633,90.77,93.875,193.3,24.94
0.518786725,90.77,93.875,191.92,24.94
0.521377998,90.77,93.875,186.01,24.94
0.514761831,90.77,93.875,182.98,24.94
0.517940888,90.77,93.875,186.06,24.94
0.515788663,90.77,93.875,184.97,24.94
0.53470531,90.77,93.875,185.93,24.94
0.496260934,90.77,93.875,183.62,24.94
0.46260844,90.77,93.875,163.45,24.94
0.411107348,90.77,93.875,140.33,24.94
0.449695086,90.77,93.875,123.17,24.94
0.44479389,90.77,93.875,114.65,24.94
0.449460331,90.77,93.875,86.18,24.94
0.392206829,90.77,93.875,78.5,24.94
0.397597249,90.77,93.875,93.26,24.94
0.393075962,90.77,93.875,113.6,24.94
0.414734412,90.77,93.875,155.8,24.94
0.526358044,90.77,93.875,196.04,24.94
0.554568148,90.77,93.875,234.6,24.94
0.57108527,90.77,93.875,238.99,24.94
0.498359398,90.77,93.875,238.35,24.94
0.505520342,90.77,93.875,225.91,24.94
0.501357461,90.77,93.875,217.9,24.94
0.498036833,90.77,93.875,209.08,24.94
0.501597593,90.77,94.918,199.21,24.94
0.501289364,90.77,94.918,196.07,24.94
0.49999552,90.77,94.918,191.11,24.94
0.494024483,90.77,94.918,193.68,24.94
0.503782075,90.77,94.918,210.72,24.94
0.49897944,90.77,94.918,240,24.94
0.524788227,90.77,94.918,256.23,24.94
0.482999927,90.77,94.918,250.04,24.94
0.46016053,90.77,94.918,219.21,24.94
0.413003313,90.77,94.918,199.95,24.94
0.469181599,90.77,94.918,194.39,24.94
0.47221371,90.77,94.918,185.51,24.94
0.483177337,90.77,94.918,183.46,24.94
0.442745602,90.77,94.918,179.55,24.94
0.453608876,90.77,94.918,183.94,24.94
0.463040319,90.77,94.918,190.63,24.94
0.47785143,90.77,94.918,220.93,24.94
0.581177972,90.77,94.918,247.97,24.94
0.588589799,90.77,94.918,280,24.94
0.581120627,90.77,94.918,280,24.94
0.485428124,90.77,94.918,250.44,24.94
0.476424976,90.77,94.918,237.08,24.94
0.469962923,90.77,94.918,204.25,24.94
0.46275001,90.77,94.918,216.41,24.94
0.464253522,90.77,88,205.61,24.94
0.463452485,90.77,88,184.72,24.94
0.457626602,90.77,88,169.98,24.94
0.447007044,90.77,88,167.73,24.94
0.438020024,90.77,88,187.06,24.94
0.433513074,90.77,88,224.08,24.94
0.479039545,90.77,88,237.95,24.94
0.47833707,90.77,88,232.72,24.94
0.479351358,90.77,88,210.25,24.94
0.424069086,90.77,88,185,24.94
0.482059112,90.77,88,165.46,24.94
0.471068604,90.77,88,106.9,24.94
0.456900831,90.77,88,88.44,24.94
0.384386419,90.77,88,78.65,24.94
0.374612698,90.77,88,88.49,24.94
0.373937103,90.77,88,113.58,24.94
0.379427877,90.77,88,184.43,24.94
0.486005157,90.77,88,209.78,24.94
0.49668206,90.77,88,234.92,24.94
0.498787693,90.77,88,239.95,24.94
0.404903347,90.77,88,236.96,24.94
0.403132823,90.77,88,229.09,24.94
0.400263787,90.77,88,201.49,24.94
0.399968102,90.77,88,207.15,24.94
0.399240539,90.77,84.058,192.8,24.94
0.405449916,90.77,84.058,185.5,24.94
0.407562716,90.77,84.058,179,24.94
0.415773789,90.77,84.058,179.46,24.94
0.417040753,90.77,84.058,185.72,24.94
0.408489195,90.77,84.058,216.37,24.94
0.435677844,90.77,84.058,233.22,24.94
0.428722983,90.77,84.058,224,24.94
0.423244753,90.77,84.058,200,24.94
0.389952457,90.77,84.058,148.46,24.94
0.434367871,90.77,84.058,95.19,24.94
0.428916522,90.77,84.058,70.1,24.94
0.418072961,90.77,84.058,25.23,24.94
0.3601582,90.77,84.058,3.74,24.94
0.360339195,90.77,84.058,31.26,24.94
0.370537626,90.77,84.058,79.05,24.94
0.379282723,90.77,84.058,117.6,24.94
0.481129049,90.77,84.058,184.18,24.94
0.485773986,90.77,84.058,219.3,24.94
0.487662783,90.77,84.058,221.93,24.94
0.391993577,90.77,84.058,220,24.94
0.391016922,90.77,84.058,206.01,24.94
0.390676437,90.77,84.058,192.93,24.94
0.3972711,90.77,84.058,149.9,24.94
0.40485317,90.77,84.575,145.01,24.94
0.410627084,90.77,84.575,140.01,24.94
0.420330916,90.77,84.575,145.66,24.94
0.417354357,90.77,84.575,148.91,24.94
0.402799506,90.77,84.575,172.42,24.94
0.383010141,90.77,84.575,211.94,24.94
0.421379252,90.77,84.575,230.56,24.94
0.429678134,90.77,84.575,223.46,24.94
0.435421584,90.77,84.575,189.21,24.94
0.388687286,90.77,84.575,144.04,24.94
0.442471422,90.77,84.575,122.63,24.94
0.438346173,90.77,84.575,98.46,24.94
0.434564994,90.77,84.575,82.38,24.94
0.375902958,90.77,84.575,82.3,24.94
0.376712955,90.77,84.575,98.74,24.94
0.379205666,90.77,84.575,137.32,24.94
0.378831132,90.77,84.575,183.91,24.94
0.475564802,90.77,84.575,213.69,24.94
0.471269311,90.77,84.575,233.5,24.94
0.469000604,90.77,84.575,241.77,24.94
0.372809918,90.77,84.575,233.17,24.94
0.371623595,90.77,84.575,224.32,24.94
0.370473113,90.77,84.575,205.56,24.94
0.367948146,90.77,84.575,210,24.94
0.367591532,90.77,96.188,202.71,24.94
0.366527068,90.77,96.188,189,24.94
0.37151249,90.77,96.188,174.74,24.94
0.372772285,90.77,96.188,176.26,24.94
0.377363461,90.77,96.188,203.2,24.94
0.377614345,90.77,96.188,226.93,24.94
0.414890319,90.77,96.188,242.74,24.94
0.420246691,90.77,96.188,242.29,24.94
0.422590663,90.77,96.188,225.1,24.94
0.385597829,90.77,96.188,180.04,24.94
0.434715525,89.26,96.188,122.95,24.94
0.432145756,88.75,96.188,89.81,24.94
0.42738613,88.75,96.188,60.5,24.94
0.366939234,88.75,96.188,25.66,24.94
0.362288922,88.75,96.188,29.8,24.94
0.36465619,88.75,96.188,49.1,24.94
0.374928095,88.75,96.188,113.7,24.94
0.479591489,88.75,96.188,188.59,24.94
0.476890903,88.75,96.188,220.77,24.94
0.483508862,88.75,96.188,231.09,24.94
0.392627955,88.75,96.188,229,24.94
0.385508228,88.75,96.188,220.36,24.94
0.373860046,88.75,96.188,196.57,24.94
0.36477984,88.75,96.188,181,24.94
0.367804784,88.75,91.051,158.66,24.94
0.374238164,88.75,91.051,150.01,24.94
0.378664473,88.75,91.051,133.9,24.94
0.385373826,88.75,91.051,155.18,24.94
0.399830116,88.75,91.051,168.99,24.94
0.419090833,88.75,91.051,184.07,24.94
0.458821885,88.75,91.051,194.3,24.94
0.433676148,88.75,91.051,184.94,24.94
0.412103715,88.75,91.051,160,24.94
0.366939234,88.75,91.051,124.05,24.94
0.422133696,88.75,91.051,89.46,24.94
0.422266306,88.75,91.051,76.46,24.94
0.419881117,88.75,91.051,20.11,24.94
0.359550703,88.75,91.051,6.28,24.94
0.359907316,88.75,91.051,55.98,24.94
0.364195639,88.75,91.051,89.4,24.94
0.374462168,88.75,91.051,162.02,24.94
0.484963989,88.75,91.051,206.38,24.94
0.494864944,88.75,91.051,225,24.94
0.508737032,88.75,91.051,240.04,24.94
0.418933134,88.75,91.051,241.87,24.94
0.418201987,88.75,91.051,239,24.94
0.408421098,88.75,91.051,224.15,24.94
0.406512588,88.75,91.051,214.91,24.94
0.40572768,88.75,91.051,196.35,24.94
0.410112772,88.75,91.051,185.43,24.94
0.410229254,88.75,91.051,174.15,24.94
0.413673532,88.75,91.051,170.17,24.94
0.427339537,88.75,91.051,170.25,24.94
0.439236811,88.75,91.051,162.92,24.94
0.477181212,88.75,91.051,158.57,24.94
0.454435,88.75,91.051,154.98,24.94
0.432477282,88.75,91.051,110.6,24.94
0.388791223,88.75,91.051,95.98,24.94
0.440634593,88.75,91.051,90,24.94
0.442892548,88.75,91.051,75,24.94
0.439337165,88.75,91.051,45.35,24.94
0.370702493,88.75,91.051,20.15,24.94
0.366428506,88.75,91.051,39.58,24.94
0.364679487,88.75,91.051,76.21,24.94
0.380180529,88.75,91.051,133.33,24.94
0.493735966,88.75,91.051,199.74,24.94
0.504393157,88.75,91.051,226.11,24.94
0.508249601,88.75,91.051,230.57,24.94
0.40968627,88.75,91.051,226.18,24.94
0.413196852,88.75,91.051,219.57,24.94
0.41379539,88.75,91.051,200.5,24.94
0.40894437,88.75,91.051,180.18,24.94
0.407750879,88.75,91.894,169.06,24.94
0.407700703,88.75,91.894,169.13,24.94
0.405492924,88.75,91.894,169.89,24.94
0.407236567,88.75,91.894,169.53,24.94
0.415659099,88.75,91.894,182.04,24.94
0.43099169,88.75,91.894,229.95,24.94
0.469882282,88.75,91.894,248.08,24.94
0.451221894,88.75,91.894,251.09,24.94
0.427472147,88.75,91.894,231.08,24.94
0.381008446,88.75,91.894,210.62,24.94
0.426146047,88.75,91.894,199.68,24.94
0.421649848,88.75,91.894,185.34,24.94
0.416983408,88.75,91.894,182.33,24.94
0.361504013,88.75,91.894,185.39,24.94
0.360240634,88.75,91.894,186.26,24.94
0.36756286,88.75,91.894,203.27,24.94
0.376436982,88.75,91.894,219.17,24.94
0.491196663,88.75,91.894,245.74,24.94
0.499140723,88.75,91.894,276.31,24.94
0.506807018,88.75,91.894,275.36,24.94
0.407835105,88.75,91.894,259.9,24.94
0.404518061,88.75,91.894,240.2,24.94
0.39573354,88.75,91.894,208.38,24.94
0.395507744,88.75,91.894,203.39,24.94
0.396853557,88.75,92.624,195.94,24.94
0.40251099,88.75,92.624,189.1,24.94
0.406939091,88.75,92.624,185.05,24.94
0.411870752,88.75,92.624,189.2,24.94
0.426504452,88.75,92.624,202.24,24.94
0.443772434,88.75,92.624,236.7,24.94
0.487720128,88.75,92.624,264.89,24.94
0.460210707,88.75,92.624,274.17,24.94
0.439991255,88.75,92.624,244.91,24.94
0.391248094,88.75,92.624,231.99,24.94
0.447200583,88.75,92.624,216.29,24.94
0.444562718,88.75,92.624,208.09,24.94
0.441543151,88.75,92.624,197.46,24.94
0.377897485,88.75,92.624,189.24,24.94
0.371723949,88.75,92.624,187.97,24.94
0.374987232,88.75,92.624,204.12,24.94
0.388724918,88.75,92.624,237.13,24.94
0.498160483,88.75,92.624,251.82,24.94
0.505692377,88.75,92.624,290,24.94
0.509946651,88.75,92.624,298.21,24.94
0.423199953,88.75,92.624,265.88,24.94
0.423784154,88.75,92.624,245.46,24.94
0.425576182,88.75,92.624,208.73,24.94
0.422194625,88.75,92.624,206.47,24.94
0.419979678,88.75,92.99,187.89,24.94
0.420198306,88.75,92.99,176.23,24.94
0.418678666,88.75,92.99,170.98,24.94
0.424397027,88.75,92.99,173.48,24.94
0.440822756,88.75,92.99,179.61,24.94
0.456323798,88.75,92.99,219.95,24.94
0.494028067,88.75,92.99,247.6,24.94
0.467111806,88.75,92.99,241.29,24.94
0.440023511,88.75,92.99,211.07,24.94
0.382658904,88.75,92.99,179.17,24.94
0.430798151,88.75,92.99,174.9,24.94
0.430201406,88.75,92.99,179.94,24.94
0.430633285,88.75,92.99,177.03,24.94
0.370474905,88.75,92.99,176.71,24.94
0.367708014,88.75,92.99,178.9,24.94
0.373365446,88.75,92.99,194.94,24.94
0.380029999,88.75,92.99,216.84,24.94
0.475220733,88.75,92.99,241.2,24.94
0.479582529,88.75,92.99,286.99,24.94
0.47809873,88.75,92.99,280,24.94
0.402306698,88.75,92.99,245.88,24.94
0.406071749,88.75,92.99,225.73,24.94
0.40840497,88.75,92.99,194.47,24.94
0.410526731,88.75,92.99,196.96,24.94
0.410159365,88.75,93.894,185.01,24.94
0.413847359,88.75,93.894,179.94,24.94
0.417073009,88.75,93.894,176.27,24.94
0.420990382,88.75,93.894,177.98,24.94
0.41945103,88.75,93.894,185.06,24.94
0.408883441,88.75,93.894,222.33,24.94
0.440186586,88.75,93.894,250.04,24.94
0.435726228,88.75,93.894,249.31,24.94
0.442543103,88.75,93.894,229.93,24.94
0.397658178,88.75,93.894,198.22,24.94
0.45147457,88.75,93.894,183.99,24.94
0.438530752,88.75,93.894,182.96,24.94
0.438206395,88.75,93.894,180.8,24.94
0.37336007,88.75,93.894,176.2,24.94
0.368078964,88.75,93.894,185.09,24.94
0.366328153,88.75,93.894,198.96,24.94
0.372722108,88.75,93.894,224.02,24.94
0.466018669,88.75,93.894,232.99,24.94
0.465574246,88.75,93.894,269.27,24.94
0.466308978,88.75,93.894,273.4,24.94
0.377870605,88.75,93.894,253,24.94
0.379268387,88.75,93.894,234.38,24.94
0.384033389,88.75,93.894,213.31,24.94
0.384002925,88.75,93.894,211.1,24.94
0.384544117,88.75,90.38,195.98,24.94
0.386638998,88.75,90.38,189.56,24.94
0.390176461,88.75,90.38,188,24.94
0.399892837,88.75,90.38,189.56,24.94
0.404910515,88.75,90.38,208.62,24.94
0.405673919,88.75,90.38,237.24,24.94
0.433075819,88.75,90.38,263.32,24.94
0.423950812,88.75,90.38,250,24.94
0.421101488,88.75,90.38,224,24.94
0.384562037,88.75,90.38,204.97,24.94
0.448041045,83.05,90.38,201.6,24.94
0.443322635,81.15,90.38,197.4,24.94
0.431213902,81.15,90.38,190.07,24.94
0.366292312,81.15,90.38,185.33,24.94
0.365973331,81.15,90.38,189.26,24.94
0.373005249,81.15,90.38,190,24.94
0.380187697,81.15,90.38,216.3,24.94
0.486349227,81.15,90.38,227.7,24.94
0.486583982,81.15,90.38,230.99,24.94
0.485578655,81.15,90.38,231.03,24.94
0.389427393,81.15,90.38,218.03,24.94
0.390013386,81.15,90.38,205.27,24.94
0.399767395,81.15,90.38,176.3,24.94
0.41366278,81.15,90.38,134.15,24.94
0.423735769,81.15,85.862,125.3,24.94
0.425576182,81.15,85.862,96.29,24.94
0.422524358,81.15,85.862,94.66,24.94
0.422407876,81.15,85.862,91.76,24.94
0.433932408,81.15,85.862,90.01,24.94
0.445745457,81.15,85.862,105.14,24.94
0.47684431,81.15,85.862,118.9,24.94
0.441648881,81.15,85.862,110.8,24.94
0.416646506,81.15,85.862,83.93,24.94
0.374557145,81.15,85.862,74.99,24.94
0.428497187,81.15,85.862,14.19,24.94
0.426015229,81.15,85.862,0.48,24.94
0.420336292,81.15,85.862,-0.06,24.94
0.362290714,81.15,85.862,-0.09,24.94
0.367453546,81.15,85.862,0.01,24.94
0.379519271,81.15,85.862,11.01,24.94
0.396002344,81.15,85.862,81.49,24.94
0.503889597,81.15,85.862,161.27,24.94
0.509586454,81.15,85.862,201,24.94
0.510736936,81.15,85.862,219.32,24.94
0.421997502,81.15,85.862,228.11,24.94
0.42020189,81.15,85.862,223.85,24.94
0.419553176,81.15,85.862,214.18,24.94
0.412456745,81.15,85.862,186.58,24.94
0.416268388,81.15,85.862,179.4,24.94
0.419626649,81.15,85.862,172.5,24.94
0.427375378,81.15,85.862,170,24.94
0.426554629,81.15,85.862,171,24.94
0.428432674,81.15,85.862,169.91,24.94
0.42420528,81.15,85.862,166.96,24.94
0.453175205,81.15,85.862,166.88,24.94
0.420637353,81.15,85.862,160,24.94
0.406218696,81.15,85.862,149.96,24.94
0.364690239,81.15,85.862,138.29,24.94
0.420933037,81.15,85.862,138.25,24.94
0.420836268,81.15,85.862,136.95,24.94
0.4205818,81.15,85.862,109.92,24.94
0.356828612,81.15,85.862,101.4,24.94
0.354111898,81.15,85.862,103.7,24.94
0.359412717,81.15,85.862,133.19,24.94
0.370858399,81.15,85.862,156.62,24.94
0.486342059,81.15,85.862,195.29,24.94
0.502020512,81.15,85.862,213.37,24.94
0.503658425,81.15,85.862,225.55,24.94
0.413118003,81.15,85.862,227.9,24.94
0.41651748,81.15,85.862,219.91,24.94
0.423386324,81.15,85.862,191.24,24.94
0.422721481,81.15,85.862,175.89,24.94
0.421877436,81.15,86.503,164.57,24.94
0.415917151,81.15,86.503,158.75,24.94
0.417512056,81.15,86.503,155.07,24.94
0.420759211,81.15,86.503,158.2,24.94
0.427335953,81.15,86.503,172.54,24.94
0.433746037,81.15,86.503,202.7,24.94
0.464018766,81.15,86.503,224.96,24.94
0.437002152,81.15,86.503,230.02,24.94
0.423914972,81.15,86.503,220.97,24.94
0.381099839,81.15,86.503,217.19,24.94
0.43799852,81.15,86.503,202.68,24.94
0.437356974,81.15,86.503,188.88,24.94
0.436310429,81.15,86.503,171.73,24.94
0.376232691,81.15,86.503,171.63,24.94
0.379150113,81.15,86.503,170.88,24.94
0.385440131,81.15,86.503,175.25,24.94
0.39626398,81.15,86.503,197.1,24.94
0.503323316,81.15,86.503,214.03,24.94
0.516781446,81.15,86.503,214.94,24.94
0.522110937,81.15,86.503,210.07,24.94
0.44156824,81.15,86.503,190,24.94
0.439564752,81.15,86.503,179.91,24.94
0.441501934,81.15,86.503,147.35,24.94
0.437408943,81.15,86.503,92.07,24.94
0.434056058,81.15,80.55,82.85,24.94
0.435720852,81.15,80.55,81.77,24.94
0.433858935,81.15,80.55,96.24,24.94
0.439751123,81.15,80.55,107.4,24.94
0.452307863,81.15,80.55,155.95,24.94
0.470891193,81.15,80.55,188.91,24.94
0.505034703,81.15,80.55,210.29,24.94
0.479136314,81.15,80.55,209.14,24.94
0.451945874,81.15,80.55,193,24.94
0.404052134,81.15,80.55,180.05,24.94
0.45515898,81.15,80.55,163.36,24.94
0.450359929,81.15,80.55,150.5,24.94
0.446829634,81.15,80.55,137.56,24.94
0.382526294,81.15,80.55,124.5,24.94
0.388327088,81.15,80.55,149.99,24.94
0.392074219,81.15,80.55,162.47,24.94
0.397272892,81.15,80.55,171.43,24.94
0.506224609,81.15,80.55,198.38,24.94
0.504728266,81.15,80.55,212.98,24.94
0.507928828,81.15,80.55,219.99,24.94
0.411331351,81.15,80.55,220.3,24.94
0.412976433,81.15,80.55,211.91,24.94
0.412005154,81.15,80.55,189.64,24.94
0.417667962,81.15,80.55,190.73,24.94
0.415295317,81.15,80.479,180.06,24.94
0.418424198,81.15,80.479,170.51,24.94
0.419090833,81.15,80.479,167.92,24.94
0.425138927,81.15,80.479,169.9,24.94
0.437373102,81.15,80.479,178.14,24.94
0.444605727,81.15,80.479,211.11,24.94
0.47809873,81.15,80.479,230,24.94
0.445211432,81.15,80.479,227.88,24.94
0.42212832,81.15,80.479,207.21,24.94
0.373064386,81.15,80.479,174.26,24.94
0.428654886,81.15,80.479,168.98,24.94
0.427565333,81.15,80.479,161.83,24.94
0.434004089,81.15,80.479,145.17,24.94
0.377761291,81.15,80.479,137.78,24.94
0.37869673,81.15,80.479,124.06,24.94
0.377028352,81.15,80.479,124.08,24.94
0.385384578,81.15,80.479,151.69,24.94
0.486429868,81.15,80.479,166.32,24.94
0.485279386,81.15,80.479,192.77,24.94
0.488555213,81.15,80.479,210.13,24.94
0.403785122,81.15,80.479,211.95,24.94
0.409736446,81.15,80.479,192.26,24.94
0.410356488,81.15,80.479,165.17,24.94
0.40750358,81.15,80.479,132.39,24.94
0.401792386,81.15,80.546,82.68,24.94
0.401899908,81.15,80.546,82.19,24.94
0.404281513,81.15,80.546,77.02,24.94
0.409403129,81.15,80.546,84.73,24.94
0.415678811,81.15,80.546,84.8,24.94
0.420752042,81.15,80.546,77.09,24.94
0.457488616,81.15,80.546,77.04,24.94
0.45994011,81.15,80.546,51.85,24.94
0.469755048,81.15,80.546,7.37,24.94
0.440937446,81.15,80.546,1.96,24.94
0.502667434,81.15,80.546,0.07,24.94
0.492547852,81.15,80.546,0,24.94
0.491051508,81.15,80.546,-0.08,24.94
0.428636966,81.15,80.546,-4.4,24.94
0.432305247,81.15,80.546,-1.36,24.94
0.437269164,81.15,80.546,0.01,24.94
0.442630912,81.15,80.546,9.29,24.94
0.545505863,81.15,80.546,113.27,24.94
0.542075921,81.15,80.546,154.12,24.94
0.539629803,81.15,80.546,168.09,24.94
0.432686949,81.15,80.546,162.26,24.94
0.433645684,81.15,80.546,159.17,24.94
0.431479122,81.15,80.546,110.82,24.94
0.43746808,81.15,80.546,77.15,24.94
0.43957192,81.15,81.6,56.99,24.94
0.442113016,81.15,81.6,50.06,24.94
0.442435581,81.15,81.6,50.02,24.94
0.443449869,81.15,81.6,76.43,24.94
0.446440764,81.15,81.6,90.9,24.94
0.451376009,81.15,81.6,112.28,24.94
0.494968881,81.15,81.6,138.59,24.94
0.504233666,81.15,81.6,76.44,24.94
0.517200781,81.15,81.6,44.31,24.94
0.492479755,81.15,81.6,3.01,24.94
0.553969611,81.15,81.6,0.06,24.94
0.551172255,81.15,81.6,0.03,24.94
0.546116944,81.15,81.6,-0.1,24.94
0.482263403,81.15,81.6,-10.8,24.94
0.477654307,81.15,81.6,-7.36,24.94
0.476769045,81.15,81.6,-0.04,24.94
0.473536227,81.15,81.6,0.1,24.94
0.575744543,81.15,81.6,7.11,24.94
0.573617406,81.15,81.6,51.65,24.94
0.567132056,81.15,81.6,75.97,24.94
0.473860584,81.15,81.6,77.12,24.94
0.470344625,81.15,81.6,75.96,24.94
0.46491478,81.15,81.6,76.49,24.94
0.453490602,81.15,81.6,9.79,24.94
0.448252504,81.15,81.798,8.11,24.94
0.44929188,81.15,81.798,3.78,24.94
0.455899087,81.15,81.798,2.73,24.94
0.465334115,81.15,81.798,2.99,24.94
0.482908533,81.15,81.798,1.93,24.94
0.497728605,81.15,81.798,2.97,24.94
0.530137431,81.15,81.798,1.96,24.94
0.491732479,81.15,81.798,0.59,24.94
0.45657289,81.15,81.798,0.02,24.94
0.404019877,81.15,81.798,-0.05,24.94
0.452927905,81.15,81.798,-0.28,24.94
0.447345738,81.15,81.798,-1.36,24.94
0.442648832,81.15,81.798,-13.85,24.94
0.37872361,81.15,81.798,-10.01,24.94
0.377635849,81.15,81.798,-3.15,24.94
0.373702348,81.15,81.798,-0.03,24.94
0.375564265,81.15,81.798,12.56,24.94
0.472009419,81.15,81.798,79.44,24.94
0.481322588,81.15,81.798,135.46,24.94
0.490581997,81.15,81.798,158.33,24.94
0.412118052,81.15,81.798,164.37,24.94
0.414911823,81.15,81.798,170,24.94
0.417089137,81.15,81.798,158.08,24.94
0.414827598,81.15,81.798,162.11,24.94
0.421990334,81.15,81.798,141.28,24.94
0.430230078,81.15,81.798,140.79,24.94
0.432866152,81.15,81.798,138.37,24.94
0.427948827,81.15,81.798,140.04,24.94
0.424108511,81.15,81.798,141.32,24.94
0.418628489,81.15,81.798,133.8,24.94
0.446184504,81.15,81.798,138.37,24.94
0.420642729,81.15,81.798,140.15,24.94
0.39917961,81.15,81.798,140.08,24.94
0.356864453,81.15,81.798,140,24.94
0.412813358,81.15,81.798,145.06,24.94
0.412058915,81.15,81.798,141,24.94
0.407917538,81.15,81.798,133.49,24.94
0.350280542,81.15,81.798,123.78,24.94
0.349225037,81.15,81.798,121.59,24.94
0.356701378,81.15,81.798,120,24.94
0.361099015,81.15,81.798,150,24.94
0.467796361,81.15,81.798,179.56,24.94
0.47078188,81.15,81.798,201.38,24.94
0.480627281,81.15,81.798,214.94,24.94
0.388226735,81.15,81.798,224.97,24.94
0.392912888,81.15,81.798,225,24.94
0.398520143,81.15,81.798,214.96,24.94
0.39690911,81.15,81.798,203.9,24.94
0.402588047,81.15,82.59,194.72,24.94
0.408134373,81.15,82.59,192.65,24.94
0.409444346,81.15,82.59,184.5,24.94
0.402530702,81.15,82.59,182.92,24.94
0.398878549,81.15,82.59,195.74,24.94
0.403347867,81.15,82.59,230.68,24.94
0.43828166,81.15,82.59,257.95,24.94
0.414718284,81.15,82.59,260.27,24.94
0.399555935,81.15,82.59,232.92,24.94
0.354214043,81.15,82.59,230,24.94
0.410424585,81.15,82.59,229.77,24.94
0.411404824,81.15,82.59,215,24.94
0.409241847,81.15,82.59,207.5,24.94
0.347361328,81.15,82.59,201.28,24.94
0.347488562,81.15,82.59,202.29,24.94
0.353076106,81.15,82.59,210.9,24.94
0.36141262,81.15,82.59,225.7,24.94
0.460945438,81.15,82.59,241.36,24.94
0.469151134,81.15,82.59,291.14,24.94
0.473306847,81.15,82.59,295,24.94
0.373415623,81.15,82.59,266.46,24.94
0.371064483,81.15,82.59,243.68,24.94
0.368973186,81.15,82.59,227.5,24.94
0.37168094,81.15,82.59,200.91,24.94
0.371743661,81.15,87.14,183,24.94
0.374044625,81.15,87.14,179.62,24.94
0.378349076,81.15,87.14,177.02,24.94
0.384762744,81.15,87.14,180.01,24.94
0.39231435,81.15,87.14,195.99,24.94
0.402240393,81.15,87.14,228.68,24.94
0.437249452,81.15,87.14,247.77,24.94
0.422757322,81.15,87.14,243.14,24.94
0.39791623,81.15,87.14,225.9,24.94
0.353701523,81.15,87.14,200.63,24.94
0.407722207,81.15,87.14,193.91,24.94
0.409774079,81.15,87.14,192.27,24.94
0.408455146,81.15,87.14,184.07,24.94
0.350504545,81.15,87.14,182.54,24.94
0.354545569,81.15,87.14,182.08,24.94
0.356636865,81.15,87.14,182.38,24.94
0.365071941,81.15,87.14,200,24.94
0.473778151,81.15,87.14,234.97,24.94
0.483145081,81.15,87.14,255.02,24.94
0.490040804,81.15,87.14,258.67,24.94
0.399572064,81.15,87.14,247.51,24.94
0.402374795,81.15,87.14,240.01,24.94
0.406939091,81.15,87.14,227.98,24.94
0.407032276,81.15,87.14,220,24.94
0.414752333,81.15,90.344,207.45,24.94
0.415990624,81.15,90.344,199.09,24.94
0.415933279,81.15,90.344,182.53,24.94
0.413798974,81.15,90.344,182.28,24.94
0.417279092,81.15,90.344,198.95,24.94
0.421551287,81.15,90.344,230,24.94
0.451395721,81.15,90.344,249.68,24.94
0.429866297,81.15,90.344,246.36,24.94
0.415682395,81.15,90.344,228.82,24.94
0.373510601,81.15,90.344,211.8,24.94
0.427242768,81.15,90.344,206.6,24.94
0.427332369,81.15,90.344,189.77,24.94
0.427398674,81.15,90.344,184.86,24.94
0.371107491,81.15,90.344,184.86,24.94
0.372370871,81.15,90.344,180.04,24.94
0.373693388,81.15,90.344,181.6,24.94
0.371544746,81.15,90.344,199.71,24.94
0.470830264,81.15,90.344,229.92,24.94
0.473319391,81.15,90.344,251.98,24.94
0.482741874,81.15,90.344,257.71,24.94
0.384821881,81.15,90.344,262.6,24.94
0.387599525,81.15,90.344,250,24.94
0.386619285,81.15,90.344,230.33,24.94
0.387388065,81.15,90.344,191,24.94
0.38509427,81.15,80.803,175.04,24.94
0.391561699,81.15,80.803,169.33,24.94
0.397475391,81.15,80.803,161.96,24.94
0.391981033,81.15,80.803,165.05,24.94
0.379578407,81.15,80.803,171.7,24.94
0.366654302,81.15,80.803,209.65,24.94
0.407308249,81.15,80.803,223.1,24.94
0.417193075,81.15,80.803,218.13,24.94
0.418703754,81.15,80.803,190.26,24.94
0.383467108,81.15,80.803,173.81,24.94
0.434688644,81.15,80.803,167.5,24.94
0.429092141,81.15,80.803,162.51,24.94
0.422291395,81.15,80.803,152.8,24.94
0.357923541,81.15,80.803,150.4,24.94
0.365969747,81.15,80.803,154.8,24.94
0.366113109,81.15,80.803,164.86,24.94
0.372516025,81.15,80.803,174.74,24.94
0.465223009,81.15,80.803,218.05,24.94
0.467339394,81.15,80.803,230.65,24.94
0.464158544,81.15,80.803,238.97,24.94
0.366611293,81.15,80.803,228.94,24.94
0.370188181,81.15,80.803,229.78,24.94
0.369655949,81.15,80.803,209.87,24.94
0.373790157,81.15,80.803,177.61,24.94
0.385214336,81.15,80.803,163.13,24.94
0.395787301,81.15,80.803,157.41,24.94
0.400864116,81.15,80.803,159.62,24.94
0.388488371,81.15,80.803,161.7,24.94
0.369777806,81.15,80.803,169.94,24.94
0.357316044,81.15,80.803,209.83,24.94
0.396043561,81.15,80.803,225.11,24.94
0.405897923,81.15,80.803,217.18,24.94
0.417185907,81.15,80.803,197.12,24.94
0.381098047,81.15,80.803,179.97,24.94
0.445044774,81.15,80.803,161.85,24.94
0.432161885,81.15,80.803,161.67,24.94
0.429565236,81.15,80.803,150.23,24.94
0.36600738,81.15,80.803,151.96,24.94
0.361982485,81.15,80.803,155.14,24.94
0.365285192,81.15,80.803,163.09,24.94
0.371430056,81.15,80.803,195.41,24.94
0.476573714,81.15,80.803,216.31,24.94
0.48401063,81.15,80.803,225,24.94
0.481851237,81.15,80.803,221.83,24.94
0.388778679,81.15,80.803,212.86,24.94
0.377112577,81.15,80.803,211.96,24.94
0.369903248,81.15,80.803,183.16,24.94
0.362154519,81.15,80.803,175.81,24.94
0.366758239,81.15,80.803,167.97,24.94
0.373548233,81.15,80.803,166.92,24.94
0.378770203,81.15,80.803,157.05,24.94
0.37759284,81.15,80.803,155.5,24.94
0.381219905,81.15,80.803,156.01,24.94
0.385334401,81.15,80.803,159.8,24.94
0.432057947,81.15,80.803,169.86,24.94
0.41280619,81.15,80.803,180,24.94
0.403928484,81.15,80.803,178.5,24.94
0.364923203,81.15,80.803,163.33,24.94
0.427407634,81.15,80.803,139.98,24.94
0.427685399,81.15,80.803,135.14,24.94
0.416026465,81.15,80.803,114.28,24.94
0.349438289,81.15,80.803,94.86,24.94
0.351662196,81.15,80.803,118.99,24.94
0.355305388,81.15,80.803,141.42,24.94
0.363968052,81.15,80.803,158.92,24.94
0.464219473,81.15,80.803,179.83,24.94
0.471172542,81.15,80.803,199.03,24.94
0.468566933,81.15,80.803,209.24,24.94
0.37125623,81.15,80.803,198.98,24.94
0.36464723,81.15,80.803,199.06,24.94
0.358586592,81.15,80.803,179.36,24.94
0.349778774,81.15,80.803,165.52,24.94
0.355183531,81.15,80.771,157.23,24.94
0.36423148,81.15,80.771,149.57,24.94
0.374831325,81.15,80.771,136.88,24.94
0.376834813,81.15,80.771,136.04,24.94
0.384952699,81.15,80.771,128.04,24.94
0.393778437,81.15,80.771,127.27,24.94
0.433919864,81.15,80.771,133.65,24.94
0.418608777,81.15,80.771,136.28,24.94
0.399503967,81.15,80.771,142.65,24.94
0.360934148,81.15,80.771,141.36,24.94
0.415840094,81.15,80.771,143.62,24.94
0.412207653,81.15,80.771,132.5,24.94
0.403605919,81.15,80.771,90.36,24.94
0.350334303,81.15,80.771,98.31,24.94
0.351900535,81.15,80.771,121.95,24.94
0.361995029,81.15,80.771,132.03,24.94
0.368392569,81.15,80.771,150.02,24.94
0.467749768,81.15,80.771,163.03,24.94
0.466787449,81.15,80.771,168.8,24.94
0.470263984,81.15,80.771,169.44,24.94
0.376680698,81.15,80.771,166.36,24.94
0.375132386,81.15,80.771,169.22,24.94
0.380476214,81.15,80.771,137.74,24.94
0.379243298,81.15,80.771,103.4,24.94
0.376291828,81.15,80.739,90.86,24.94
0.374164691,81.15,80.739,82.07,24.94
0.368105844,81.15,80.739,88.02,24.94
0.360805122,81.15,80.739,85.05,24.94
0.36027289,81.15,80.739,88.08,24.94
0.360303354,81.15,80.739,90.06,24.94
0.39972797,81.15,80.739,94.22,24.94
0.405245624,81.15,80.739,84.05,24.94
0.412078627,81.15,80.739,57.05,24.94
0.385791369,81.15,80.739,30,24.94
0.435765653,81.15,80.739,11.06,24.94
0.430740806,81.15,80.739,0.1,24.94
0.419529879,81.15,80.739,-0.08,24.94
0.360265722,81.15,80.739,-0.59,24.94
0.356717507,81.15,80.739,-0.01,24.94
0.359294443,81.15,80.739,0.81,24.94
0.368154229,81.15,80.739,82.06,24.94
0.479234876,81.15,80.739,169.55,24.94
0.48232254,81.15,80.739,200,24.94
0.486773937,81.15,80.739,214.97,24.94
0.381049662,81.15,80.739,214.04,24.94
0.375557097,81.15,80.739,217.42,24.94
0.36845529,81.15,80.739,189.7,24.94
0.365143622,81.15,80.739,163.72,24.94
0.3629681,81.15,79.768,154.34,24.94
0.363340842,81.15,79.768,150.61,24.94
0.359258602,81.15,79.768,145.72,24.94
0.360504062,81.15,79.768,146.88,24.94
0.377404678,81.15,79.768,154.33,24.94
0.392498929,81.15,79.768,175.7,24.94
0.434185084,81.15,79.768,216.93,24.94
0.410718478,81.15,79.768,220.12,24.94
0.401817475,81.15,79.768,210.99,24.94
0.358276571,81.15,79.768,191,24.94
0.414057026,81.15,79.768,173.32,24.94
0.415555161,81.15,79.768,168.7,24.94
0.415123283,81.15,79.768,168.7,24.94
0.353585042,81.15,79.768,165.52,24.94
0.35514769,81.15,79.768,163.87,24.94
0.358905573,81.15,79.768,164.07,24.94
0.367432042,81.15,79.768,173.1,24.94
0.466027629,81.15,79.768,200,24.94
0.466730104,81.15,79.768,218.04,24.94
0.461140769,81.15,79.768,227.46,24.94
0.366826336,81.15,79.768,228.81,24.94
0.361333771,81.15,79.768,220.26,24.94
0.357470158,81.15,79.768,210.97,24.94
0.355466671,81.15,79.768,185.05,24.94
0.355036584,81.15,78.361,168.95,24.94
0.355058089,81.15,78.361,165.1,24.94
0.354156699,81.15,78.361,162.96,24.94
0.353172875,81.15,78.361,164.92,24.94
0.366260056,81.15,78.361,175,24.94
0.383277153,81.15,78.361,197.42,24.94
0.428705063,81.15,78.361,213.93,24.94
0.412444201,81.15,78.361,215.01,24.94
0.398955606,81.15,78.361,205.29,24.94
0.353631634,81.15,78.361,191,24.94
0.409551868,81.15,78.361,183.58,24.94
0.411544603,81.15,78.361,180.58,24.94
0.407978467,81.15,78.361,174.43,24.94
0.344142846,81.15,78.361,176.43,24.94
0.341410003,81.15,78.361,178.99,24.94
0.347504691,81.15,78.361,181.73,24.94
0.354176411,81.15,78.361,199.66,24.94
0.457008353,81.15,78.361,209.69,24.94
0.466606455,81.15,78.361,227.2,24.94
0.46593086,81.15,78.361,212.36,24.94
0.373575114,81.15,78.361,211.98,24.94
0.369112964,81.15,78.361,211,24.94
0.365812049,81.15,78.361,176.09,24.94
0.357342924,81.15,78.361,189.01,24.94
0.35257613,81.15,77.288,170.63,24.94
0.349079883,81.15,77.288,165,24.94
0.34915694,81.15,77.288,164.81,24.94
0.351730293,81.15,77.288,164.85,24.94
0.350440032,81.15,77.288,174.54,24.94
0.349592403,81.15,77.288,205.75,24.94
0.387121053,81.15,77.288,215.06,24.94
0.395584801,81.15,77.288,221.92,24.94
0.410558987,81.15,77.288,214.21,24.94
0.377216515,81.15,77.288,205.13,24.94
0.440025303,81.15,77.288,189.43,24.94
0.433690485,81.15,77.288,183.18,24.94
0.428714023,81.15,77.288,169.63,24.94
0.358471902,81.15,77.288,161.16,24.94
0.358400221,81.15,77.288,154.04,24.94
0.357565136,81.15,77.288,153.31,24.94
0.359557871,81.15,77.288,166.76,24.94
0.453920688,81.15,77.288,177.73,24.94
0.454644668,81.15,77.288,191.97,24.94
0.449867121,81.15,77.288,202.28,24.94
0.356117177,81.15,77.288,210.24,24.94
0.350088795,81.15,77.288,209.09,24.94
0.343555061,81.15,77.288,192.07,24.94
0.339343795,81.15,77.288,196.58,24.94
0.336372613,81.15,83.934,170,24.94
0.340035518,81.15,83.934,164.24,24.94
0.340574918,81.15,83.934,163.81,24.94
0.341105359,81.15,83.934,163.84,24.94
0.34003731,81.15,83.934,179.14,24.94
0.345802264,81.15,83.934,207.91,24.94
0.393246205,81.15,83.934,213.76,24.94
0.405632702,81.15,83.934,212.84,24.94
0.410806287,81.15,83.934,194.94,24.94
0.376668154,81.15,83.934,175.16,24.94
0.433950329,80.84,83.934,164.17,24.94
0.423527894,80.73,83.934,157.77,24.94
0.421508278,80.73,83.934,159.07,24.94
0.359509486,80.73,83.934,151.61,24.94
0.36013132,80.73,83.934,155.83,24.94
0.355618993,80.73,83.934,162.8,24.94
0.357052616,80.73,83.934,185.78,24.94
0.461346852,80.73,83.934,202.44,24.94
0.466285682,80.73,83.934,218.51,24.94
0.467054462,80.73,83.934,220.46,24.94
0.368679293,80.73,83.934,216.9,24.94
0.368854912,80.73,83.934,215.48,24.94
0.350024282,80.73,83.934,205.07,24.94
0.34120392,80.73,83.934,202.71,24.94
0.342752232,80.73,80.453,186.01,24.94
0.344893706,80.73,80.453,173.39,24.94
0.346481443,80.73,80.453,165.68,24.94
0.346087196,80.73,80.453,158.56,24.94
0.348001082,80.73,80.453,155.46,24.94
0.357172682,80.73,80.453,157.84,24.94
0.40009892,80.73,80.453,151.42,24.94
0.397052472,80.73,80.453,149,24.94
0.396647474,80.73,80.453,111.05,24.94
0.357681618,80.73,80.453,80.29,24.94
0.413901119,80.73,80.453,72.28,24.94
0.413297206,80.73,80.453,62.62,24.94
0.415711068,80.73,80.453,48.15,24.94
0.35735726,80.73,80.453,4.23,24.94
0.356882373,80.73,80.453,37.53,24.94
0.358278363,80.73,80.453,61.49,24.94
0.35885898,80.73,80.453,76.05,24.94
0.451911825,80.73,80.453,155.36,24.94
0.44876144,80.73,80.453,196.39,24.94
0.4490177,80.73,80.453,209.33,24.94
0.353597586,80.73,80.453,211.06,24.94
0.352271485,80.73,80.453,207.92,24.94
0.348079932,80.73,80.453,199,24.94
0.345707287,80.73,80.453,195,24.94
0.338981806,80.73,80.453,164.45,24.94
0.336460422,80.73,80.453,154.18,24.94
0.33925061,80.73,80.453,145.76,24.94
0.344185855,80.73,80.453,145.28,24.94
0.353524113,80.73,80.453,131.89,24.94
0.367294056,80.73,80.453,120.32,24.94
0.411539227,80.73,80.453,117.01,24.94
0.399980646,80.73,80.453,103.03,24.94
0.399081048,80.73,80.453,80.83,24.94
0.353434511,80.73,80.453,74.37,24.94
0.405328058,80.73,80.453,48.89,24.94
0.400025447,80.73,80.453,19.91,24.94
0.397665346,80.73,80.453,4.82,24.94
0.344212735,80.73,80.453,0.08,24.94
0.35232883,80.73,80.453,9.95,24.94
0.351552882,80.73,80.453,44.79,24.94
0.353764244,80.73,80.453,85.33,24.94
0.446865474,80.73,80.453,159.95,24.94
0.451368841,80.73,80.453,185.31,24.94
0.456909791,80.73,80.453,205.98,24.94
0.361731601,80.73,80.453,210.98,24.94
0.363170599,80.73,80.453,210,24.94
0.36063488,80.73,80.453,188.83,24.94
0.36870259,80.73,80.453,173.97,24.94
0.368374649,80.73,81.222,162.67,24.94
0.37204293,80.73,81.222,155.11,24.94
0.36682096,80.73,81.222,149.92,24.94
0.368888961,80.73,81.222,146.92,24.94
0.370030482,80.73,81.222,158.47,24.94
0.381743177,80.73,81.222,200.03,24.94
0.419298708,80.73,81.222,211.19,24.94
0.405297593,80.73,81.222,212.12,24.94
0.392873463,80.73,81.222,179.22,24.94
0.352658563,80.73,81.222,165.7,24.94
0.403856803,80.73,81.222,147.17,24.94
0.405188279,80.73,81.222,139.6,24.94
0.401994886,80.73,81.222,106.06,24.94
0.34717675,80.73,81.222,87.59,24.94
0.344520964,80.73,81.222,85.23,24.94
0.352622723,80.73,81.222,106.26,24.94
0.354622626,80.73,81.222,142.92,24.94
0.456628443,80.73,81.222,160.35,24.94
0.455537098,80.73,81.222,207.46,24.94
0.461739307,80.73,81.222,224.9,24.94
0.371987377,80.73,81.222,225.97,24.94
0.372130739,80.73,81.222,223.47,24.94
0.364871234,80.73,81.222,201.24,24.94
0.353841302,80.73,81.222,174.44,24.94
0.349961561,80.73,81.409,162.72,24.94
0.345451027,80.73,81.409,161.69,24.94
0.341809626,80.73,81.409,157.58,24.94
0.339705785,80.73,81.409,162.9,24.94
0.356002487,80.73,81.409,171,24.94
0.376838397,80.73,81.409,215.22,24.94
0.420857772,80.73,81.409,227.88,24.94
0.409766911,80.73,81.409,211.95,24.94
0.396548913,80.73,81.409,181.57,24.94
0.354438047,80.73,81.409,164.04,24.94
0.411119892,80.73,81.409,164.09,24.94
0.411351064,80.73,81.409,162.84,24.94
0.409311736,80.73,81.409,157.51,24.94
0.351633523,80.73,81.409,151.74,24.94
0.356572352,80.73,81.409,163.95,24.94
0.361195784,80.73,81.409,173.97,24.94
0.367184742,80.73,81.409,202.74,24.94
0.463873612,80.73,81.409,230.97,24.94
0.462909501,80.73,81.409,288.9,24.94
0.461644329,80.73,81.409,295.68,24.94
0.368000115,80.73,81.409,248.15,24.94
0.370270614,80.73,81.409,234.9,24.94
0.362810402,80.73,81.409,213.11,24.94
0.352844934,80.73,81.409,197.96,24.94
0.34134549,80.73,91.499,183.5,24.94
0.342780905,80.73,91.499,177.67,24.94
0.34335077,80.73,91.499,173.02,24.94
0.349047627,80.73,91.499,173.18,24.94
0.353536657,80.73,91.499,182.23,24.94
0.368311928,80.73,91.499,219.61,24.94
0.411591195,80.73,91.499,246.95,24.94
0.405933763,80.73,91.499,252.78,24.94
0.398634833,80.73,91.499,213.58,24.94
0.366312024,80.73,91.499,195.78,24.94
0.419933086,80.73,91.499,175.37,24.94
0.419160722,80.73,91.499,170.76,24.94
0.417723515,80.73,91.499,172.2,24.94
0.35925681,80.73,91.499,168.61,24.94
0.362365979,80.73,91.499,170.24,24.94
0.362674208,80.73,91.499,183.06,24.94
0.368600444,80.73,91.499,220.76,24.94
0.467052669,80.73,91.499,259.1,24.94
0.466945148,80.73,91.499,305.77,24.94
0.463330627,80.73,91.499,307.48,24.94
0.359776498,80.73,91.499,263.97,24.94
0.353386126,80.73,91.499,247.69,24.94
0.349097804,80.73,91.499,222.64,24.94
0.347268143,80.73,91.499,232.64,24.94
0.355579569,80.73,106.569,221.54,24.94
0.3621814,80.73,106.569,213.34,24.94
0.363994932,80.73,106.569,213.63,24.94
0.35793967,80.73,106.569,206.46,24.94
0.351655027,80.73,106.569,207.09,24.94
0.353520529,80.73,106.569,227.35,24.94
0.403376539,80.73,106.569,254.96,24.94
0.413858111,80.73,106.569,245,24.94
0.417607033,80.73,106.569,221.81,24.94
0.382354259,80.73,106.569,185.73,24.94
0.435830166,80.73,106.569,163.48,24.94
0.434443136,80.73,106.569,152.96,24.94
0.42701518,80.73,106.569,116.89,24.94
0.362935844,80.73,106.569,100,24.94
0.368016243,80.73,106.569,98.56,24.94
0.372155828,80.73,106.569,116.63,24.94
0.372252597,80.73,106.569,165.21,24.94
0.453712813,80.73,106.569,222.7,24.94
0.449429866,80.73,106.569,258.56,24.94
0.445985589,80.73,106.569,265.18,24.94
0.357314252,80.73,106.569,270.47,24.94
0.351904119,80.73,106.569,262.25,24.94
0.3519758,80.73,106.569,224.9,24.94
0.35515665,80.73,106.569,296.21,24.94
0.358095576,80.73,132.967,250.7,24.94
0.362027285,80.73,132.967,225.09,24.94
0.356851909,80.73,132.967,211.4,24.94
0.352993672,80.73,132.967,206.86,24.94
0.349886296,80.73,132.967,239.91,24.94
0.352284029,80.73,132.967,292.34,24.94
0.400645488,80.73,132.967,323.31,24.94
0.406476748,80.73,132.967,325.7,24.94
0.41238148,80.73,132.967,299.07,24.94
0.371270566,80.73,132.967,250.43,24.94
0.430265919,82.43,132.967,194.9,24.94
0.425006317,83,132.967,186.55,24.94
0.420610472,83,132.967,180.67,24.94
0.355133354,83,132.967,174.12,24.94
0.354490016,83,132.967,180.47,24.94
0.363138343,83,132.967,188.34,24.94
0.370960545,83,132.967,254.46,24.94
0.480347725,83,132.967,303.99,24.94
0.481937254,83,132.967,327.56,24.94
0.469645734,83,132.967,355.39,24.94
0.360728065,83,132.967,319.06,24.94
0.354638754,83,132.967,284.03,24.94
0.353074314,83,132.967,259.79,24.94
0.348173117,83,132.967,255.05,24.94
0.350081627,83,117.612,207.86,24.94
0.34988092,83,117.612,184.37,24.94
0.351981177,83,117.612,180.64,24.94
0.355848373,83,117.612,172.22,24.94
0.3639573,83,117.612,178.99,24.94
0.376884989,83,117.612,189.93,24.94
0.416187747,83,117.612,190.15,24.94
0.403286938,83,117.612,188.16,24.94
0.392742645,83,117.612,185.06,24.94
0.352490112,83,117.612,157.44,24.94
0.412480041,83,117.612,142.26,24.94
0.411713053,83,117.612,106.52,24.94
0.406159559,83,117.612,77.28,24.94
0.349391696,83,117.612,76.66,24.94
0.348355904,83,117.612,78.29,24.94
0.353755284,83,117.612,149.4,24.94
0.357912789,83,117.612,189.94,24.94
0.462212402,83,117.612,264.61,24.94
0.461253667,83,117.612,328.01,24.94
0.464131664,83,117.612,330.47,24.94
0.366446426,83,117.612,319.21,24.94
0.358083032,83,117.612,285.08,24.94
0.345232399,83,117.612,251.88,24.94
0.334331493,83,117.612,207.07,24.94
0.331639867,83,117.612,190,24.94
0.331756349,83,117.612,165.52,24.94
0.331453496,83,117.612,139.8,24.94
0.332442695,83,117.612,120.6,24.94
0.339974589,83,117.612,110.96,24.94
0.35259405,83,117.612,112.55,24.94
0.402437516,83,117.612,98.57,24.94
0.391846631,83,117.612,90.53,24.94
0.387461539,83,117.612,94.28,24.94
0.345431314,83,117.612,94.15,24.94
0.401491326,83,117.612,95.2,24.94
0.40327977,83,117.612,82.55,24.94
0.400371308,83,117.612,75,24.94
0.341859802,83,117.612,60.09,24.94
0.342456548,83,117.612,80.72,24.94
0.344562181,83,117.612,93.38,24.94
0.35053501,83,117.612,157.35,24.94
0.456074706,83,117.612,219.62,24.94
0.461897005,83,117.612,258.7,24.94
0.46400443,83,117.612,282.69,24.94
0.367123813,83,117.612,294.29,24.94
0.360898308,83,117.612,306.93,24.94
0.349583443,83,117.612,281.1,24.94
0.343357938,83,117.612,240.22,24.94
0.341793497,83,118.704,220.39,24.94
0.343117806,83,118.704,218.9,24.94
0.338829483,83,118.704,220.1,24.94
0.340358083,83,118.704,213.2,24.94
0.348735814,83,118.704,263.27,24.94
0.361150984,83,118.704,301.67,24.94
0.405132727,83,118.704,370.14,24.94
0.386913178,83,118.704,500,24.94
0.381370435,83,118.704,348.28,24.94
0.336689802,83,118.704,310.28,24.94
0.393183484,83,118.704,305.97,24.94
0.394588434,83,118.704,263.54,24.94
0.397710147,83,118.704,213.87,24.94
0.34234365,83,118.704,193.09,24.94
0.345678614,83,118.704,183.58,24.94
0.348828999,83,118.704,180.44,24.94
0.35614585,83,118.704,198.2,24.94
0.459074561,83,118.704,209.23,24.94
0.4705525,83,118.704,291.19,24.94
0.469817769,83,118.704,316.32,24.94
0.372861887,83,118.704,316.32,24.94
0.368586108,83,118.704,288.71,24.94
0.361254921,83,118.704,250.01,24.94
0.352715908,83,118.704,264.91,24.94
0.349456209,83,120.925,242.42,24.94
0.34630224,83,120.925,232.91,24.94
0.34477364,83,120.925,219.95,24.94
0.340318658,83,120.925,217.17,24.94
0.351411312,83,120.925,228.91,24.94
0.364462651,83,120.925,297.61,24.94
0.418026368,83,120.925,338.9,24.94
0.41587235,83,120.925,332.02,24.94
0.410904849,83,120.925,279.45,24.94
0.366758239,83,120.925,237.03,24.94
0.420126625,83,120.925,225.21,24.94
0.417997695,83,120.925,219.86,24.94
0.414651979,83,120.925,212.61,24.94
0.35095076,83,120.925,210.81,24.94
0.351149676,83,120.925,230.74,24.94
0.353774997,83,120.925,239.93,24.94
0.359240682,83,120.925,304.48,24.94
0.457925871,83,120.925,373.93,24.94
0.454712765,83,120.925,450.25,24.94
0.452535451,83,120.925,458.04,24.94
0.358552543,83,120.925,410.35,24.94
0.358636768,83,120.925,373.25,24.94
0.357735378,83,120.925,325.51,24.94
0.352262525,83,120.925,272.45,24.94
0.350533218,83,123.114,268.49,24.94
0.354257052,83,123.114,268.9,24.94
0.355869877,83,123.114,248.5,24.94
0.359301611,83,123.114,255.02,24.94
0.361597199,83,123.114,284.29,24.94
0.369491082,83,123.114,348.49,24.94
0.418331013,83,123.114,429.95,24.94
0.428090397,83,123.114,387.88,24.94
0.434052474,83,123.114,339.79,24.94
0.389778631,83,123.114,301.49,24.94
0.443170313,83,123.114,292.44,24.94
0.437575601,83,123.114,268.9,24.94
0.429224751,83,123.114,249.7,24.94
0.363926835,83,123.114,244.46,24.94
0.357658321,83,123.114,258.12,24.94
0.351913079,83,123.114,284.1,24.94
0.348653381,83,123.114,331.47,24.94
0.441657841,83,123.114,398.36,24.94
0.440770787,83,123.114,491.04,24.94
0.445729329,83,123.114,462.91,24.94
0.356973767,83,123.114,399.3,24.94
0.362830114,83,123.114,374.55,24.94
0.359222762,83,123.114,299.58,24.94
0.354454175,83,123.114,288.59,24.94
0.351891575,83,127.129,257.91,24.94
0.353090442,83,127.129,250.11,24.94
0.35376066,83,127.129,245.82,24.94
0.353350286,83,127.129,255.08,24.94
0.351986553,83,127.129,279.68,24.94
0.354459551,83,127.129,336.1,24.94
0.396323117,83,127.129,363.35,24.94
0.397559616,83,127.129,350.39,24.94
0.397346365,83,127.129,316.23,24.94
0.362408987,83,127.129,277.83,24.94
0.417676922,83,127.129,246.34,24.94
0.419723418,83,127.129,240.7,24.94
0.417184115,83,127.129,227.92,24.94
0.363025445,83,127.129,228,24.94
0.360873219,83,127.129,248.7,24.94
0.35781602,83,127.129,263.06,24.94
0.353923735,83,127.129,333.96,24.94
0.442453501,83,127.129,367.43,24.94
0.440593376,83,127.129,429.06,24.94
0.437034409,83,127.129,413.99,24.94
0.35633222,83,127.129,358.95,24.94
0.362412571,83,127.129,292.36,24.94
0.360697601,83,127.129,210.37,24.94
0.353094026,83,127.129,224.84,24.94
0.349855831,83,132.001,211.69,24.94
0.352977544,83,132.001,204.21,24.94
0.35694151,83,132.001,218.93,24.94
0.358448606,83,132.001,223.23,24.94
0.355260588,83,132.001,231.6,24.94
0.352103034,83,132.001,302.85,24.94
0.387653286,83,132.001,335.17,24.94
0.391826919,83,132.001,345.74,24.94
0.395570465,83,132.001,329.98,24.94
0.358351836,83,132.001,304.03,24.94
0.412960305,82.93,132.001,263.8,24.94
0.407827937,82.9,132.001,244.01,24.94
0.407629022,82.9,132.001,240.72,24.94
0.353507984,82.9,132.001,214.81,24.94
0.353439887,82.9,132.001,243.18,24.94
0.357660113,82.9,132.001,245.47,24.94
0.357287371,82.9,132.001,296.41,24.94
0.452714654,82.9,132.001,322,24.94
0.447827793,82.9,132.001,329.94,24.94
0.444539422,82.9,132.001,335.2,24.94
0.351705204,82.9,132.001,330.92,24.94
0.356984519,82.9,132.001,320,24.94
0.351859319,82.9,132.001,264.47,24.94
0.349794902,82.9,132.001,260.65,24.94
0.34603702,82.9,126.877,236.9,24.94
0.344621318,82.9,126.877,214.91,24.94
0.343196655,82.9,126.877,217.08,24.94
0.342175199,82.9,126.877,203.74,24.94
0.349884504,82.9,126.877,209.06,24.94
0.359233514,82.9,126.877,226.73,24.94
0.40588717,82.9,126.877,261.09,24.94
0.392461297,82.9,126.877,269.03,24.94
0.383280737,82.9,126.877,228.26,24.94
0.338877868,82.9,126.877,185.73,24.94
0.392948728,82.9,126.877,184.96,24.94
0.393565186,82.9,126.877,197.65,24.94
0.397824836,82.9,126.877,180.43,24.94
0.338008734,82.9,126.877,164.06,24.94
0.341304274,82.9,126.877,184.94,24.94
0.341571286,82.9,126.877,220.66,24.94
0.344513796,82.9,126.877,269.07,24.94
0.443625488,82.9,126.877,271.57,24.94
0.44697658,82.9,126.877,314.1,24.94
0.447179079,82.9,126.877,327.17,24.94
0.343580149,82.9,126.877,322.68,24.94
0.342479844,82.9,126.877,324.02,24.94
0.341788121,82.9,126.877,294.94,24.94
0.344139262,82.9,126.877,288.91,24.94
0.339010478,82.9,126.877,261.33,24.94
0.335118193,82.9,126.877,217.9,24.94
0.329432088,82.9,126.877,206.62,24.94
0.328552203,82.9,126.877,196.78,24.94
0.33237639,82.9,126.877,180.25,24.94
0.34901537,82.9,126.877,174.44,24.94
0.389461442,82.9,126.877,167.67,24.94
0.382126671,82.9,126.877,155.09,24.94
0.37565745,82.9,126.877,112.14,24.94
0.338200481,82.9,126.877,101.36,24.94
0.39039688,82.9,126.877,95,24.94
0.388791223,82.9,126.877,83.02,24.94
0.38360151,82.9,126.877,79.82,24.94
0.329550362,82.9,126.877,79.82,24.94
0.333032273,82.9,126.877,112.45,24.94
0.342176991,82.9,126.877,176.23,24.94
0.348447297,82.9,126.877,218.31,24.94
0.455943888,82.9,126.877,289.02,24.94
0.450906497,82.9,126.877,324.79,24.94
0.446869058,82.9,126.877,333.38,24.94
0.347977786,82.9,126.877,334.19,24.94
0.349680213,82.9,126.877,335.71,24.94
0.347771703,82.9,126.877,315.87,24.94
0.345606933,82.9,126.877,295.62,24.94
0.341230801,82.9,128.124,263.7,24.94
0.341970908,82.9,128.124,258.07,24.94
0.337937053,82.9,128.124,256.14,24.94
0.337168273,82.9,128.124,254.55,24.94
0.338532007,82.9,128.124,268.87,24.94
0.347329072,82.9,128.124,330.91,24.94
0.389337792,82.9,128.124,357.94,24.94
0.384461684,82.9,128.124,371.07,24.94
0.37972177,82.9,128.124,348.38,24.94
0.337144977,82.9,128.124,332.54,24.94
0.397826628,82.9,128.124,293.5,24.94
0.395561505,82.9,128.124,268,24.94
0.39510633,82.9,128.124,250.91,24.94
0.339474613,82.9,128.124,251.87,24.94
0.339316915,82.9,128.124,259.91,24.94
0.34132757,82.9,128.124,288.57,24.94
0.346492195,82.9,128.124,340.91,24.94
0.446627135,82.9,128.124,378.59,24.94
0.448313433,82.9,128.124,443.5,24.94
0.446008885,82.9,128.124,390.37,24.94
0.350599523,82.9,128.124,375.64,24.94
0.347511859,82.9,128.124,372.17,24.94
0.343264752,82.9,128.124,347.81,24.94
0.334654058,82.9,128.124,266.05,24.94
0.32951273,82.9,131.202,272.47,24.94
0.326077412,82.9,131.202,254.91,24.94
0.326973426,82.9,131.202,256.31,24.94
0.32478536,82.9,131.202,267.66,24.94
0.333494616,82.9,131.202,282.41,24.94
0.348103228,82.9,131.202,359.1,24.94
0.405181111,82.9,131.202,381.88,24.94
0.401717121,82.9,131.202,400.93,24.94
0.395178011,82.9,131.202,372.62,24.94
0.344979723,82.9,131.202,313.99,24.94
0.401091703,82.9,131.202,270.09,24.94
0.406319049,82.9,131.202,250.41,24.94
0.405156023,82.9,131.202,259.7,24.94
0.350060123,82.9,131.202,252.43,24.94
0.349194573,82.9,131.202,299,24.94
0.351314542,82.9,131.202,324.02,24.94
0.355400366,82.9,131.202,368.83,24.94
0.452395673,82.9,131.202,434.99,24.94
0.454538938,82.9,131.202,470.9,24.94
0.455476169,82.9,131.202,453.14,24.94
0.354231964,82.9,131.202,410.92,24.94
0.346481443,82.9,131.202,396.38,24.94
0.341612503,82.9,131.202,337.23,24.94
0.333535832,82.9,131.202,275.06,24.94
0.330256421,82.9,129.346,261.27,24.94
0.329817374,82.9,129.346,246.47,24.94
0.336180866,82.9,129.346,238,24.94
0.343381234,82.9,129.346,243.27,24.94
0.354158491,82.9,129.346,254.02,24.94
0.366987619,82.9,129.346,315.46,24.94
0.415884894,82.9,129.346,350.85,24.94
0.409953282,82.9,129.346,386.95,24.94
0.404435628,82.9,129.346,365.41,24.94
0.35794863,82.9,129.346,329.64,24.94
0.408179174,82.9,129.346,320.93,24.94
0.405007285,82.9,129.346,303.91,24.94
0.406444491,82.9,129.346,291.4,24.94
0.355144106,82.9,129.346,294.55,24.94
0.353577873,82.9,129.346,300.85,24.94
0.352665731,82.9,129.346,308.91,24.94
0.353237388,82.9,129.346,341.07,24.94
0.444948004,82.9,129.346,368.86,24.94
0.445098535,82.9,129.346,390.9,24.94
0.442813699,82.9,129.346,390,24.94
0.358084824,82.9,129.346,366.9,24.94
0.35934462,82.9,129.346,352.77,24.94
0.358871524,82.9,129.346,275.58,24.94
0.348773446,82.9,129.346,285.04,24.94
0.342146527,82.9,138.89,272.58,24.94
0.340852683,82.9,138.89,274.72,24.94
0.346771751,82.9,138.89,278,24.94
0.348610372,82.9,138.89,267.63,24.94
0.347470642,82.9,138.89,277.86,24.94
0.352465024,82.9,138.89,339.77,24.94
0.398219083,82.9,138.89,369.89,24.94
0.407571677,82.9,138.89,379.63,24.94
0.415764829,82.9,138.89,341.75,24.94
0.373938895,82.9,138.89,299.02,24.94
0.425300209,82.9,138.89,274.02,24.94
0.419640985,82.9,138.89,276.32,24.94
0.415356246,82.9,138.89,268.97,24.94
0.357520335,82.9,138.89,278.07,24.94
0.353445263,82.9,138.89,285.79,24.94
0.351187308,82.9,138.89,324.09,24.94
0.357534671,82.9,138.89,372.44,24.94
0.456399063,82.9,138.89,409.41,24.94
0.454762942,82.9,138.89,479,24.94
0.449361769,82.9,138.89,450,24.94
0.359086567,82.9,138.89,394.21,24.94
0.357439694,82.9,138.89,355.17,24.94
0.356566976,82.9,138.89,258.08,24.94
0.351667572,82.9,138.89,268.71,24.94
0.353249932,82.9,147.263,265.86,24.94
0.352447104,82.9,147.263,268.01,24.94
0.356547264,82.9,147.263,266.12,24.94
0.355991735,82.9,147.263,265.38,24.94
0.358086616,82.9,147.263,282.13,24.94
0.358186969,82.9,147.263,355.19,24.94
0.39880866,82.9,147.263,378.85,24.94
0.402295946,82.9,147.263,385.19,24.94
0.403111319,82.9,147.263,378,24.94
0.369358472,82.9,147.263,360.06,24.94
0.422511814,86.89,147.263,354.77,24.94
0.418601609,88.22,147.263,325.63,24.94
0.41765721,88.22,147.263,300.72,24.94
0.357222858,88.22,147.263,266.68,24.94
0.358255067,88.22,147.263,261.06,24.94
0.354072473,88.22,147.263,220.69,24.94
0.359129576,88.22,147.263,259.95,24.94
0.454121396,88.22,147.263,289.07,24.94
0.454413496,88.22,147.263,329.39,24.94
0.449883249,88.22,147.263,359.56,24.94
0.353158539,88.22,147.263,356.91,24.94
0.348999242,88.22,147.263,385,24.94
0.348592452,88.22,147.263,362.3,24.94
0.344768264,88.22,147.263,285.72,24.94
0.345705495,88.22,146.233,255,24.94
0.346103325,88.22,146.233,237.2,24.94
0.351812726,88.22,146.233,230.71,24.94
0.350409568,88.22,146.233,222.31,24.94
0.356778435,88.22,146.233,214.2,24.94
0.367593324,88.22,146.233,233.84,24.94
0.407985635,88.22,146.233,244.56,24.94
0.401138296,88.22,146.233,208.6,24.94
0.391101147,88.22,146.233,154.08,24.94
0.358464734,88.22,146.233,125,24.94
0.412652076,88.22,146.233,113.85,24.94
0.41381331,88.22,146.233,89.37,24.94
0.40790141,88.22,146.233,76.33,24.94
0.349074507,88.22,146.233,89.34,24.94
0.347128365,88.22,146.233,89.17,24.94
0.347984954,88.22,146.233,131.11,24.94
0.34721259,88.22,146.233,240.3,24.94
0.444288538,88.22,146.233,285.03,24.94
0.443286794,88.22,146.233,350,24.94
0.439672274,88.22,146.233,362.85,24.94
0.341383123,88.22,146.233,359.96,24.94
0.339514038,88.22,146.233,353.44,24.94
0.335899517,88.22,146.233,302.17,24.94
0.328417801,88.22,146.233,270.08,24.94
0.330245669,88.22,146.233,237.95,24.94
0.332971344,88.22,146.233,199.08,24.94
0.336358277,88.22,146.233,195.6,24.94
0.337644953,88.22,146.233,185.6,24.94
0.337644953,88.22,146.233,182.71,24.94
0.344056829,88.22,146.233,176.71,24.94
0.382388307,88.22,146.233,192.31,24.94
0.381540678,88.22,146.233,185.07,24.94
0.375476455,88.22,146.233,170.26,24.94
0.341999581,88.22,146.233,128.2,24.94
0.403480477,88.22,146.233,107.43,24.94
0.407154134,88.22,146.233,93.1,24.94
0.410134277,88.22,146.233,68.55,24.94
0.35080023,88.22,146.233,65.82,24.94
0.344587269,88.22,146.233,74.46,24.94
0.338492582,88.22,146.233,123.8,24.94
0.338058911,88.22,146.233,175.99,24.94
0.43623158,88.22,146.233,272.77,24.94
0.434686852,88.22,146.233,327,24.94
0.434511233,88.22,146.233,340.1,24.94
0.3417254,88.22,146.233,348.43,24.94
0.337401237,88.22,146.233,348.45,24.94
0.333428311,88.22,146.233,333.06,24.94
0.33058257,88.22,146.233,319.65,24.94
0.332222276,88.22,146.617,277.83,24.94
0.333584217,88.22,146.617,265.16,24.94
0.333616474,88.22,146.617,254.35,24.94
0.328313863,88.22,146.617,258.03,24.94
0.331905087,88.22,146.617,302.44,24.94
0.345117709,88.22,146.617,361.88,24.94
0.39277311,88.22,146.617,376,24.94
0.389257151,88.22,146.617,385.17,24.94
0.382056782,88.22,146.617,366,24.94
0.347665973,88.22,146.617,291.7,24.94
0.399464542,88.22,146.617,221.3,24.94
0.39789831,88.22,146.617,181.8,24.94
0.393615363,88.22,146.617,184.36,24.94
0.330600491,88.22,146.617,172.35,24.94
0.33183699,88.22,146.617,171.19,24.94
0.333363798,88.22,146.617,182.64,24.94
0.340069567,88.22,146.617,211.1,24.94
0.436235164,88.22,146.617,329.99,24.94
0.439498447,88.22,146.617,379.62,24.94
0.441168617,88.22,146.617,398.72,24.94
0.346855977,88.22,146.617,385.52,24.94
0.343230704,88.22,146.617,396.92,24.94
0.337230994,88.22,146.617,379.64,24.94
0.335422838,88.22,146.617,359.96,24.94
0.333543001,88.22,162.411,319.24,24.94
0.332845902,88.22,162.411,309.33,24.94
0.333569881,88.22,162.411,301.08,24.94
0.337010575,88.22,162.411,299.91,24.94
0.338768554,88.22,162.411,324.82,24.94
0.347576372,88.22,162.411,380.47,24.94
0.391067099,88.22,162.411,412.59,24.94
0.388728502,88.22,162.411,409.61,24.94
0.385208959,88.22,162.411,338.68,24.94
0.345667862,88.22,162.411,283.72,24.94
0.40058456,88.22,162.411,286.6,24.94
0.396620594,88.22,162.411,243.95,24.94
0.395491616,88.22,162.411,227.94,24.94
0.334874477,88.22,162.411,210.95,24.94
0.339413684,88.22,162.411,213.06,24.94
0.341476308,88.22,162.411,237.8,24.94
0.35053501,88.22,162.411,301.14,24.94
0.447191623,88.22,162.411,336.25,24.94
0.44700346,88.22,162.411,363.98,24.94
0.43953608,88.22,162.411,370,24.94
0.344596229,88.22,162.411,370.4,24.94
0.343132142,88.22,162.411,378.29,24.94
0.340961996,88.22,162.411,361.16,24.94
0.336032127,88.22,162.411,351.39,24.94
0.332186435,88.22,170.708,309.3,24.94
0.334360165,88.22,170.708,293.84,24.94
0.335980159,88.22,170.708,280.18,24.94
0.332836942,88.22,170.708,299.44,24.94
0.335650426,88.22,170.708,322.79,24.94
0.347155245,88.22,170.708,389.83,24.94
0.39459381,88.22,170.708,413.89,24.94
0.393117179,88.22,170.708,406.93,24.94
0.388545716,88.22,170.708,355.89,24.94
0.349309263,88.22,170.708,287.9,24.94
0.402758289,88.22,170.708,265.29,24.94
0.400654449,88.22,170.708,230.68,24.94
0.400371308,88.22,170.708,204.77,24.94
0.346436642,88.22,170.708,172.44,24.94
0.343664375,88.22,170.708,163.21,24.94
0.348468802,88.22,170.708,180.04,24.94
0.345175054,88.22,170.708,239.08,24.94
0.44047331,88.22,170.708,313.06,24.94
0.438374846,88.22,170.708,376.09,24.94
0.43943035,88.22,170.708,387.46,24.94
0.34262679,88.22,170.708,381.59,24.94
0.338533799,88.22,170.708,379.91,24.94
0.332910415,88.22,170.708,279.85,24.94
0.329322775,88.22,170.708,267.5,24.94
0.326442986,88.22,166.69,209,24.94
0.325396441,88.22,166.69,195.77,24.94
0.325030868,88.22,166.69,189.58,24.94
0.325317592,88.22,166.69,186.88,24.94
0.328127492,88.22,166.69,190.77,24.94
0.332786765,88.22,166.69,223.6,24.94
0.375834861,88.22,166.69,282.38,24.94
0.381662536,88.22,166.69,296.72,24.94
0.388368305,88.22,166.69,256,24.94
0.355097513,88.22,166.69,235.48,24.94
0.409736446,88.22,166.69,220,24.94
0.410670093,88.22,166.69,201.99,24.94
0.405880002,88.22,166.69,190.48,24.94
0.349796694,88.22,166.69,165.62,24.94
0.349124684,88.22,166.69,159.07,24.94
0.345784344,88.22,166.69,155.02,24.94
0.34272356,88.22,166.69,169.68,24.94
0.438636482,88.22,166.69,179.01,24.94
0.441774323,88.22,166.69,197.23,24.94
0.448003412,88.22,166.69,242.42,24.94
0.351024234,88.22,166.69,258.96,24.94
0.346531619,88.22,166.69,246.15,24.94
0.340895691,88.22,166.69,197.94,24.94
0.340951244,88.22,166.69,200.08,24.94
0.339929788,88.22,183.585,224.05,24.94
0.338953133,88.22,183.585,228.55,24.94
0.336544647,88.22,183.585,227.26,24.94
0.335612793,88.22,183.585,210.33,24.94
0.336575112,88.22,183.585,248.33,24.94
0.335675514,88.22,183.585,371.95,24.94
0.376238067,88.22,183.585,418.92,24.94
0.379248674,88.22,183.585,420.67,24.94
0.385484932,88.22,183.585,351.7,24.94
0.351927416,88.22,183.585,318.59,24.94
0.409032179,84.03,183.585,272.28,24.94
0.406870994,82.63,183.585,215.05,24.94
0.401735041,82.63,183.585,210.59,24.94
0.342460132,82.63,183.585,178.56,24.94
0.337928093,82.63,183.585,207.56,24.94
0.339915452,82.63,183.585,210.02,24.94
0.341338322,82.63,183.585,258.71,24.94
0.440659681,82.63,183.585,319.26,24.94
0.445137959,82.63,183.585,387.92,24.94
0.443819027,82.63,183.585,410.89,24.94
0.348884552,82.63,183.585,422.59,24.94
0.3439959,82.63,183.585,416.11,24.94
0.338359972,82.63,183.585,372,24.94
0.334955119,82.63,183.585,350,24.94
0.333546585,82.63,177.326,283.47,24.94
0.336281219,82.63,177.326,221.32,24.94
0.33731522,82.63,177.326,216.81,24.94
0.33799619,82.63,177.326,203.12,24.94
0.337413781,82.63,177.326,209.86,24.94
0.343062253,82.63,177.326,241.95,24.94
0.388529587,82.63,177.326,247.14,24.94
0.390576083,82.63,177.326,241.43,24.94
0.397124153,82.63,177.326,179.83,24.94
0.356645825,82.63,177.326,154.72,24.94
0.412499754,82.63,177.326,136.51,24.94
0.408885233,82.63,177.326,93.54,24.94
0.406141638,82.63,177.326,74.35,24.94
0.347968826,82.63,177.326,21.94,24.94
0.350341471,82.63,177.326,11.94,24.94
0.349848663,82.63,177.326,16.03,24.94
0.351972216,82.63,177.326,64.84,24.94
0.443387148,82.63,177.326,90.02,24.94
0.441342444,82.63,177.326,94.98,24.94
0.4377781,82.63,177.326,100.86,24.94
0.344712711,82.63,177.326,100.59,24.94
0.34274148,82.63,177.326,120.16,24.94
0.339454901,82.63,177.326,79.89,24.94
0.337006991,82.63,177.326,77.12,24.94
0.332688203,82.63,177.326,49.32,24.94
0.328166917,82.63,177.326,50.03,24.94
0.327620348,82.63,177.326,31.39,24.94
0.327211766,82.63,177.326,63.31,24.94
0.329080851,82.63,177.326,58.57,24.94
0.333107538,82.63,177.326,67.67,24.94
0.382420564,82.63,177.326,41.89,24.94
0.384658807,82.63,177.326,36.75,24.94
0.383628391,82.63,177.326,30.01,24.94
0.340166336,82.63,177.326,30.08,24.94
0.395593762,82.63,177.326,49.77,24.94
0.401179513,82.63,177.326,20,24.94
0.400686705,82.63,177.326,19.14,24.94
0.344207359,82.63,177.326,11.85,24.94
0.339078575,82.63,177.326,21.31,24.94
0.340861643,82.63,177.326,40.29,24.94
0.338816939,82.63,177.326,77.11,24.94
0.436136603,82.63,177.326,157.13,24.94
0.436925095,82.63,177.326,322.13,24.94
0.436665251,82.63,177.326,369.9,24.94
0.341476308,82.63,177.326,378.07,24.94
0.339083951,82.63,177.326,389.17,24.94
0.337883292,82.63,177.326,371.92,24.94
0.332107586,82.63,177.326,320.08,24.94
0.327815679,82.63,178.569,278,24.94
0.326830064,82.63,178.569,275.96,24.94
0.325937634,82.63,178.569,269.27,24.94
0.328899856,82.63,178.569,272.15,24.94
0.329598747,82.63,178.569,298,24.94
0.336232835,82.63,178.569,395.95,24.94
0.37997803,82.63,178.569,415.08,24.94
0.378282771,82.63,178.569,433.97,24.94
0.376736251,82.63,178.569,416.32,24.94
0.338895788,82.63,178.569,404.98,24.94
0.398638417,82.63,178.569,396.9,24.94
0.401623936,82.63,178.569,380.42,24.94
0.400564847,82.63,178.569,369.28,24.94
0.341754073,82.63,178.569,333.76,24.94
0.340125119,82.63,178.569,332.61,24.94
0.341596374,82.63,178.569,319.82,24.94
0.340108991,82.63,178.569,375.48,24.94
0.439240395,82.63,178.569,405,24.94
0.440772579,82.63,178.569,458.03,24.94
0.440521695,82.63,178.569,469.9,24.94
0.342128607,82.63,178.569,452.12,24.94
0.341859802,82.63,178.569,450.05,24.94
0.342872298,82.63,178.569,419.15,24.94
0.337906589,82.63,178.569,395.49,24.94
0.335039344,82.63,169.884,349.57,24.94
0.334272356,82.63,169.884,330.04,24.94
0.332645195,82.63,169.884,331.5,24.94
0.334136162,82.63,169.884,334.34,24.94
0.334890606,82.63,169.884,362.1,24.94
0.344770056,82.63,169.884,419.64,24.94
0.391672804,82.63,169.884,453.66,24.94
0.391692517,82.63,169.884,448.9,24.94
0.387472291,82.63,169.884,382.42,24.94
0.346223391,82.63,169.884,328.74,24.94
0.404897971,82.63,169.884,338.32,24.94
0.405297593,82.63,169.884,297.47,24.94
0.398193994,82.63,169.884,260.07,24.94
0.336116353,82.63,169.884,262.23,24.94
0.334458727,82.63,169.884,287.22,24.94
0.336763275,82.63,169.884,314.81,24.94
0.341033678,82.63,169.884,395.9,24.94
0.443268874,82.63,169.884,429.08,24.94
0.441136361,82.63,169.884,481.59,24.94
0.442740226,82.63,169.884,506.69,24.94
0.338788267,82.63,169.884,480,24.94
0.338781098,82.63,169.884,470,24.94
0.335164786,82.63,169.884,404.09,24.94
0.331476792,82.63,169.884,416.05,24.94
0.323647422,82.63,173.908,365.61,24.94
0.325120469,82.63,173.908,325.34,24.94
0.325908961,82.63,173.908,339.99,24.94
0.329444633,82.63,173.908,325.04,24.94
0.33082987,82.63,173.908,332.22,24.94
0.336512391,82.63,173.908,411.97,24.94
0.379963694,82.63,173.908,435,24.94
0.386642582,82.63,173.908,456.57,24.94
0.388400561,82.63,173.908,423.14,24.94
0.34745989,82.63,173.908,365.76,24.94
0.396339245,82.63,173.908,350.25,24.94
0.3939666,82.63,173.908,273.05,24.94
0.393502465,82.63,173.908,246.1,24.94
0.336727434,82.63,173.908,190.02,24.94
0.338123424,82.63,173.908,183.63,24.94
0.339141296,82.63,173.908,211.39,24.94
0.341745113,82.63,173.908,294.48,24.94
0.440403421,82.63,173.908,370.44,24.94
0.441272555,82.63,173.908,431.7,24.94
0.438496704,82.63,173.908,448.22,24.94
0.340220097,82.63,173.908,446.34,24.94
0.336189826,82.63,173.908,435.93,24.94
0.332320838,82.63,173.908,373.57,24.94
0.325975266,82.63,173.908,400.44,24.94
0.324127686,82.63,182.356,378.06,24.94
0.319292794,82.63,182.356,345.47,24.94
0.317473886,82.63,182.356,334.1,24.94
0.319204985,82.63,182.356,335.01,24.94
0.322475436,82.63,182.356,371.63,24.94
0.327392761,82.63,182.356,421.32,24.94
0.372680892,82.63,182.356,433.31,24.94
0.379918893,82.63,182.356,434.07,24.94
0.388710582,82.63,182.356,419.94,24.94
0.352364671,82.63,182.356,379.9,24.94
0.409028595,82.63,182.356,355.93,24.94
0.403444636,82.63,182.356,301.49,24.94
0.400403565,82.63,182.356,274.85,24.94
0.340297154,82.63,182.356,239.44,24.94
0.341918939,82.63,182.356,254.96,24.94
0.340383171,82.63,182.356,282.6,24.94
0.339680696,82.63,182.356,346.37,24.94
0.436813989,82.63,182.356,394.63,24.94
0.438871237,82.63,182.356,420.92,24.94
0.439195594,82.63,182.356,436.27,24.94
0.340393924,82.63,182.356,433.93,24.94
0.329109523,82.63,182.356,422.39,24.94
0.330116643,82.63,182.356,400.04,24.94
0.324507596,82.63,182.356,350,24.94
0.322163623,82.63,176.314,320.07,24.94
0.317231962,82.63,176.314,298.49,24.94
0.319575934,82.63,176.314,305.01,24.94
0.321204888,82.63,176.314,307.55,24.94
0.324383946,82.63,176.314,330,24.94
0.326265575,82.63,176.314,404.9,24.94
0.371888815,82.63,176.314,429.92,24.94
0.377807884,82.63,176.314,416.65,24.94
0.384900731,82.63,176.314,334.06,24.94
0.345965339,82.63,176.314,262.45,24.94
0.404423083,83.44,176.314,243.92,24.94
0.403715232,83.71,176.314,218.1,24.94
0.403123863,83.71,176.314,190,24.94
0.34578972,83.71,176.314,191.8,24.94
0.341866971,83.71,176.314,222.15,24.94
0.336628873,83.71,176.314,225.39,24.94
0.33429386,83.71,176.314,335.35,24.94
0.433029226,83.71,176.314,409.07,24.94
0.436016537,83.71,176.314,421.86,24.94
0.439077321,83.71,176.314,430.45,24.94
0.346936618,83.71,176.314,433.99,24.94
0.342431459,83.71,176.314,432.89,24.94
0.335137906,83.71,176.314,404.09,24.94
0.327765502,83.71,176.314,384.91,24.94
0.326037987,83.71,161.715,349.96,24.94
0.323375034,83.71,161.715,289.8,24.94
0.323427003,83.71,161.715,252.86,24.94
0.319966597,83.71,161.715,236.19,24.94
0.321832098,83.71,161.715,233.1,24.94
0.324704719,83.71,161.715,211.55,24.94
0.370146964,83.71,161.715,199.74,24.94
0.373175492,83.71,161.715,139.93,24.94
0.377608969,83.71,161.715,52.49,24.94
0.346280736,83.71,161.715,35.53,24.94
0.400658033,83.71,161.715,1.07,24.94
0.399426909,83.71,161.715,0.07,24.94
0.395127834,83.71,161.715,-0.05,24.94
0.339997885,83.71,161.715,-0.1,24.94
0.335996287,83.71,161.715,0,24.94
0.332840526,83.71,161.715,1.03,24.94
0.334309989,83.71,161.715,31.66,24.94
0.431265871,83.71,161.715,143.75,24.94
0.435998617,83.71,161.715,264.3,24.94
0.432038235,83.71,161.715,334.25,24.94
0.335745403,83.71,161.715,344.13,24.94
0.332638026,83.71,161.715,357.55,24.94
0.331906879,83.71,161.715,331.77,24.94
0.330181156,83.71,161.715,290.06,24.94
0.324878545,83.71,161.715,240.8,24.94
0.324883921,83.71,161.715,200.64,24.94
0.324857041,83.71,161.715,192.63,24.94
0.321884067,83.71,161.715,193.81,24.94
0.320502413,83.71,161.715,190.46,24.94
0.323292601,83.71,161.715,195.02,24.94
0.366783328,83.71,161.715,190.14,24.94
0.373365446,83.71,161.715,189.51,24.94
0.376913662,83.71,161.715,164,24.94
0.337401237,83.71,161.715,115.77,24.94
0.392052714,83.71,161.715,110.21,24.94
0.388534963,83.71,161.715,87.59,24.94
0.387300256,83.71,161.715,72.92,24.94
0.328860431,83.71,161.715,40.02,24.94
0.32966326,83.71,161.715,83.42,24.94
0.328546827,83.71,161.715,109.3,24.94
0.331322678,83.71,161.715,200.89,24.94
0.425409523,83.71,161.715,344.42,24.94
0.430129725,83.71,161.715,415.01,24.94
0.428418338,83.71,161.715,426.4,24.94
0.335216755,83.71,161.715,434.95,24.94
0.333007184,83.71,161.715,430.02,24.94
0.329625627,83.71,161.715,406.57,24.94
0.326754799,83.71,161.715,389.77,24.94
0.322579373,83.71,161.951,328.49,24.94
0.320565134,83.71,161.951,299.23,24.94
0.317135192,83.71,161.951,282.44,24.94
0.315921989,83.71,161.951,287.08,24.94
0.316416589,83.71,161.951,305.11,24.94
0.320498829,83.71,161.951,393.11,24.94
0.359400172,83.71,161.951,424.94,24.94
0.362380315,83.71,161.951,401.82,24.94
0.367014499,83.71,161.951,373.93,24.94
0.332517961,83.71,161.951,324.03,24.94
0.385744776,83.71,161.951,303.44,24.94
0.383209056,83.71,161.951,291.35,24.94
0.383391843,83.71,161.951,271.57,24.94
0.32849665,83.71,161.951,277.89,24.94
0.332129091,83.71,161.951,279.97,24.94
0.334007136,83.71,161.951,386.25,24.94
0.331480376,83.71,161.951,455.42,24.94
0.428219423,83.71,161.951,512.56,24.94
0.431633236,83.71,161.951,637.64,24.94
0.430663749,83.71,161.951,679.54,24.94
0.331423032,83.71,161.951,600,24.94
0.327795967,83.71,161.951,530.13,24.94
0.329272598,83.71,161.951,469.86,24.94
0.329609499,83.71,161.951,402.46,24.94
0.328290567,83.71,159.589,368.99,24.94
0.325082836,83.71,159.589,336.39,24.94
0.328308487,83.71,159.589,325.24,24.94
0.329622043,83.71,159.589,318.72,24.94
0.326742254,83.71,159.589,350.98,24.94
0.329609499,83.71,159.589,440,24.94
0.370991009,83.71,159.589,483.43,24.94
0.374082258,83.71,159.589,452.95,24.94
0.376057073,83.71,159.589,385.6,24.94
0.337510551,83.71,159.589,364.07,24.94
0.394948632,83.71,159.589,342.88,24.94
0.393717508,83.71,159.589,344.33,24.94
0.393654787,83.71,159.589,339.53,24.94
0.338302627,83.71,159.589,322.72,24.94
0.340881355,83.71,159.589,348.17,24.94
0.340840139,83.71,159.589,380.01,24.94
0.339381428,83.71,159.589,443.42,24.94
0.432722789,83.71,159.589,484.1,24.94
0.437507504,83.71,159.589,581.25,24.94
0.440951782,83.71,159.589,570.05,24.94
0.347316528,83.71,159.589,466.15,24.94
0.341332946,83.71,159.589,392.7,24.94
0.334127202,83.71,159.589,285.91,24.94
0.325007571,83.71,159.589,268.35,24.94
0.324124102,83.71,158.329,241.92,24.94
0.323441339,83.71,158.329,234.63,24.94
0.324593613,83.71,158.329,236.89,24.94
0.324650958,83.71,158.329,235.99,24.94
0.324115141,83.71,158.329,280.09,24.94
0.327528955,83.71,158.329,377.03,24.94
0.37361633,83.71,158.329,425.07,24.94
0.375001568,83.71,158.329,394.46,24.94
0.382565718,83.71,158.329,334.09,24.94
0.340241601,83.71,158.329,299.15,24.94
0.396276524,83.71,158.329,230.98,24.94
0.393789189,83.71,158.329,228.72,24.94
0.393192444,83.71,158.329,235.91,24.94
0.335209587,83.71,158.329,238.46,24.94
0.336550024,83.71,158.329,287.4,24.94
0.334433639,83.71,158.329,319.97,24.94
0.338066079,83.71,158.329,380.32,24.94
0.429192494,83.71,158.329,439.1,24.94
0.433539954,83.71,158.329,513.99,24.94
0.430403905,83.71,158.329,526.26,24.94
0.337417365,83.71,158.329,467.73,24.94
0.333947999,83.71,158.329,413.57,24.94
0.33020266,83.71,158.329,374.83,24.94
0.329369367,83.71,158.329,336,24.94
0.330860335,83.71,156.781,328.74,24.94
0.336381573,83.71,156.781,332.29,24.94
0.340718281,83.71,156.781,335.67,24.94
0.339902908,83.71,156.781,327.24,24.94
0.336711306,83.71,156.781,334,24.94
0.332783181,83.71,156.781,436.95,24.94
0.372691644,83.71,156.781,493.88,24.94
0.38308003,83.71,156.781,488.31,24.94
0.388135341,83.71,156.781,462.98,24.94
0.350966889,83.71,156.781,431.95,24.94
0.408775919,83.71,156.781,381.09,24.94
0.404647087,83.71,156.781,346.06,24.94
0.401570175,83.71,156.781,319.96,24.94
0.336412037,83.71,156.781,314.82,24.94
0.337060752,83.71,156.781,307.94,24.94
0.33839402,83.71,156.781,337.08,24.94
0.343590902,83.71,156.781,346.19,24.94
0.44018121,83.71,156.781,427.87,24.94
0.439485903,83.71,156.781,488.71,24.94
0.440114905,83.71,156.781,515.45,24.94
0.338178977,83.71,156.781,495.18,24.94
0.335107441,83.71,156.781,513.29,24.94
0.335055472,83.71,156.781,419.96,24.94
0.336659337,83.71,156.781,372.69,24.94
0.338721961,83.71,151.333,334.1,24.94
0.339680696,83.71,151.333,333.41,24.94
0.338784682,83.71,151.333,327.35,24.94
0.332141635,83.71,151.333,328.25,24.94
0.328204549,83.71,151.333,336.95,24.94
0.32686232,83.71,151.333,409.88,24.94
0.372155828,83.71,151.333,450.9,24.94
0.374666459,83.71,151.333,436.92,24.94
0.378162705,83.71,151.333,409.4,24.94
0.342702056,83.71,151.333,342.65,24.94
0.400586352,79.47,151.333,334.03,24.94
0.400348012,78.06,151.333,307.56,24.94
0.39613137,78.06,151.333,274.04,24.94
0.340316866,78.06,151.333,275.57,24.94
0.34287409,78.06,151.333,300.99,24.94
0.342524645,78.06,151.333,301.09,24.94
0.341273809,78.06,151.333,391.04,24.94
0.434127739,78.06,151.333,450.56,24.94
0.437656242,78.06,151.333,479.99,24.94
0.435917975,78.06,151.333,480.9,24.94
0.338257826,78.06,151.333,494.6,24.94
0.335412086,78.06,151.333,461.04,24.94
0.337938845,78.06,151.333,424.92,24.94
0.330871087,78.06,151.333,404.56,24.94
0.331516217,78.06,161.078,344.67,24.94
0.329209877,78.06,161.078,351.99,24.94
0.328460809,78.06,161.078,337.01,24.94
0.325702878,78.06,161.078,332.04,24.94
0.328821007,78.06,161.078,331.27,24.94
0.334175586,78.06,161.078,337.03,24.94
0.380065839,78.06,161.078,333.12,24.94
0.378915357,78.06,161.078,343.78,24.94
0.382010189,78.06,161.078,350.96,24.94
0.341768409,78.06,161.078,337.02,24.94
0.39934806,78.06,161.078,307.36,24.94
0.396978999,78.06,161.078,285.06,24.94
0.400808563,78.06,161.078,242.73,24.94
0.342187744,78.06,161.078,183.97,24.94
0.340634055,78.06,161.078,185.45,24.94
0.3416806,78.06,161.078,226.44,24.94
0.343544309,78.06,161.078,285.03,24.94
0.43710609,78.06,161.078,336.02,24.94
0.435672467,78.06,161.078,372.87,24.94
0.434824838,78.06,161.078,402.15,24.94
0.34079713,78.06,161.078,405.61,24.94
0.33903019,78.06,161.078,396.9,24.94
0.336922765,78.06,161.078,366.61,24.94
0.340460229,78.06,161.078,393.26,24.94
0.337524887,78.06,161.078,379.24,24.94
0.341435092,78.06,161.078,355.06,24.94
0.335838588,78.06,161.078,331,24.94
0.335926398,78.06,161.078,316.18,24.94
0.329957153,78.06,161.078,302.82,24.94
0.333243732,78.06,161.078,272.76,24.94
0.380370484,78.06,161.078,260.93,24.94
0.381710921,78.06,161.078,222.42,24.94
0.382899035,78.06,161.078,162.89,24.94
0.344365058,78.06,161.078,149.99,24.94
0.396934199,78.06,161.078,100.16,24.94
0.395928871,78.06,161.078,71.72,24.94
0.39408129,78.06,161.078,58.48,24.94
0.338257826,78.06,161.078,48.77,24.94
0.337064336,78.06,161.078,64.4,24.94
0.338012318,78.06,161.078,120.06,24.94
0.337591192,78.06,161.078,255.88,24.94
0.423983069,78.06,161.078,355.02,24.94
0.424812778,78.06,161.078,390.4,24.94
0.42584857,78.06,161.078,418.85,24.94
0.341673432,78.06,161.078,433.15,24.94
0.340062398,78.06,161.078,417.16,24.94
0.337075088,78.06,161.078,374.48,24.94
0.33327778,78.06,161.078,346.4,24.94
0.328824591,78.06,161.864,276.76,24.94
0.326183142,78.06,161.864,264.97,24.94
0.323622334,78.06,161.864,266.03,24.94
0.322665391,78.06,161.864,261.71,24.94
0.325631197,78.06,161.864,286.29,24.94
0.330940976,78.06,161.864,375.08,24.94
0.373489096,78.06,161.864,410.14,24.94
0.372619963,78.06,161.864,412.34,24.94
0.374714844,78.06,161.864,350.64,24.94
0.337153937,78.06,161.864,295.58,24.94
0.392984569,78.06,161.864,265.25,24.94
0.386956187,78.06,161.864,235.09,24.94
0.388307376,78.06,161.864,231.32,24.94
0.332250948,78.06,161.864,222.45,24.94
0.333216852,78.06,161.864,203.61,24.94
0.331661371,78.06,161.864,259.43,24.94
0.33288891,78.06,161.864,266.29,24.94
0.428007964,78.06,161.864,333.55,24.94
0.432075867,78.06,161.864,379.2,24.94
0.434306942,78.06,161.864,383.81,24.94
0.336035712,78.06,161.864,386.86,24.94
0.335634297,78.06,161.864,391.69,24.94
0.337768603,78.06,161.864,330.98,24.94
0.3337455,78.06,161.864,330.38,24.94
0.329053971,78.06,169.55,316.03,24.94
0.327582716,78.06,169.55,276.85,24.94
0.328498442,78.06,169.55,292.79,24.94
0.329562906,78.06,169.55,300.31,24.94
0.329994785,78.06,169.55,346.94,24.94
0.333353046,78.06,169.55,408.23,24.94
0.375508712,78.06,169.55,454.37,24.94
0.37641727,78.06,169.55,391.64,24.94
0.379176993,78.06,169.55,293.5,24.94
0.341017549,78.06,169.55,235.59,24.94
0.402408844,78.06,169.55,262.81,24.94
0.402518158,78.06,169.55,200.01,24.94
0.40282101,78.06,169.55,188.58,24.94
0.342164447,78.06,169.55,183.1,24.94
0.338017694,78.06,169.55,179.58,24.94
0.335412086,78.06,169.55,190.16,24.94
0.33373654,78.06,169.55,264.3,24.94
0.432613476,78.06,169.55,350.01,24.94
0.435448464,78.06,169.55,432.55,24.94
0.436509345,78.06,169.55,438.97,24.94
0.338422693,78.06,169.55,447.5,24.94
0.336815244,78.06,169.55,437.28,24.94
0.332362054,78.06,169.55,376.27,24.94
0.329096979,78.06,169.55,405,24.94
0.32700389,78.06,196.615,351.19,24.94
0.327681277,78.06,196.615,347.08,24.94
0.326905329,78.06,196.615,349.99,24.94
0.329079059,78.06,196.615,348.33,24.94
0.33234951,78.06,196.615,377.14,24.94
0.339897532,78.06,196.615,460,24.94
0.383780713,78.06,196.615,499.94,24.94
0.383732328,78.06,196.615,492.41,24.94
0.381191233,78.06,196.615,434.99,24.94
0.340379587,78.06,196.615,425.61,24.94
0.396066857,78.06,196.615,418.4,24.94
0.39700588,78.06,196.615,389.92,24.94
0.399159897,78.06,196.615,348.89,24.94
0.340718281,78.06,196.615,337.95,24.94
0.338467494,78.06,196.615,353.31,24.94
0.335143282,78.06,196.615,371.24,24.94
0.338831275,78.06,196.615,429.65,24.94
0.436527265,78.06,196.615,500.91,24.94
0.436061338,78.06,196.615,532.67,24.94
0.434930568,78.06,196.615,549.87,24.94
0.336752523,78.06,196.615,529.36,24.94
0.334487399,78.06,196.615,504.98,24.94
0.332827981,78.06,196.615,428.97,24.94
0.329711645,78.06,196.615,437.79,24.94
0.329430296,78.06,211.113,400.91,24.94
0.326659821,78.06,211.113,399.97,24.94
0.328650764,78.06,211.113,399.71,24.94
0.328082691,78.06,211.113,399.97,24.94
0.327924993,78.06,211.113,400.04,24.94
0.329208085,78.06,211.113,493.93,24.94
0.372277685,78.06,211.113,559.28,24.94
0.378521111,78.06,211.113,539.56,24.94
0.382135631,78.06,211.113,501.42,24.94
0.34464999,78.06,211.113,451.16,24.94
0.40291778,78.06,211.113,418.45,24.94
0.399871332,78.06,211.113,426.07,24.94
0.399150937,78.06,211.113,409.58,24.94
0.33963052,78.06,211.113,425.1,24.94
0.340485317,78.06,211.113,433.66,24.94
0.341381331,78.06,211.113,454.39,24.94
0.34441165,78.06,211.113,513.93,24.94
0.442519806,78.06,211.113,563.85,24.94
0.442003702,78.06,211.113,598.94,24.94
0.437656242,78.06,211.113,586.99,24.94
0.342336482,78.06,211.113,557.43,24.94
0.336707722,78.06,211.113,534.23,24.94
0.334802796,78.06,211.113,451.72,24.94
0.328278022,78.06,211.113,400.02,24.94
0.325219031,78.06,205.351,384.1,24.94
0.323294393,78.06,205.351,373.81,24.94
0.322552493,78.06,205.351,388.51,24.94
0.322767536,78.06,205.351,374.83,24.94
0.322724528,78.06,205.351,402.61,24.94
0.32540361,78.06,205.351,463.16,24.94
0.368815487,78.06,205.351,508.14,24.94
0.37330631,78.06,205.351,517.17,24.94
0.379920685,78.06,205.351,503.93,24.94
0.343193071,78.06,205.351,463.44,24.94
0.403340699,77.98,205.351,448.93,24.94
0.402597007,77.96,205.351,394.44,24.94
0.403335322,77.96,205.351,366.45,24.94
0.345572884,77.96,205.351,365.04,24.94
0.343374066,77.96,205.351,404.98,24.94
0.342798825,77.96,205.351,407.08,24.94
0.342008541,77.96,205.351,461.52,24.94
0.436955559,77.96,205.351,489.87,24.94
0.438009272,77.96,205.351,512.51,24.94
0.434120571,77.96,205.351,504.33,24.94
0.337775771,77.96,205.351,484.94,24.94
0.338739882,77.96,205.351,482.05,24.94
0.334913902,77.96,205.351,425.74,24.94
0.330792238,77.96,205.351,425,24.94
0.328774414,77.96,193.504,404.3,24.94
0.329218837,77.96,193.504,405,24.94
0.327204598,77.96,193.504,395.85,24.94
0.328256518,77.96,193.504,377.06,24.94
0.328966161,77.96,193.504,383.98,24.94
0.336279427,77.96,193.504,406.78,24.94
0.381244994,77.96,193.504,423.02,24.94
0.382945628,77.96,193.504,412.72,24.94
0.379866924,77.96,193.504,388.65,24.94
0.338643112,77.96,193.504,335.48,24.94
0.398308684,77.96,193.504,308.54,24.94
0.398699346,77.96,193.504,268.46,24.94
0.399245915,77.96,193.504,236.78,24.94
0.336456838,77.96,193.504,247.78,24.94
0.334487399,77.96,193.504,291.73,24.94
0.335170162,77.96,193.504,316.43,24.94
0.33706792,77.96,193.504,388.44,24.94
0.435808662,77.96,193.504,425.86,24.94
0.431369808,77.96,193.504,454.15,24.94
0.431824983,77.96,193.504,467.71,24.94
0.335797372,77.96,193.504,466.69,24.94
0.33350716,77.96,193.504,466.24,24.94
0.332684619,77.96,193.504,441.93,24.94
0.328045059,77.96,193.504,382.79,24.94
0.326134757,77.96,193.504,339.88,24.94
0.321226392,77.96,193.504,300.1,24.94
0.320991637,77.96,193.504,293.05,24.94
0.320353675,77.96,193.504,271.3,24.94
0.324202951,77.96,193.504,272.41,24.94
0.328756494,77.96,193.504,261.03,24.94
0.372881599,77.96,193.504,264.8,24.94
0.375263204,77.96,193.504,300.01,24.94
0.374001616,77.96,193.504,286.37,24.94
0.336338564,77.96,193.504,261.1,24.94
0.391178205,77.96,193.504,255.76,24.94
0.389210558,77.96,193.504,263.08,24.94
0.386929306,77.96,193.504,219.08,24.94
0.327855104,77.96,193.504,208.74,24.94
0.327702781,77.96,193.504,226.08,24.94
0.329435672,77.96,193.504,252.07,24.94
0.334127202,77.96,193.504,316.01,24.94
0.433817718,77.96,193.504,394.79,24.94
0.434715525,77.96,193.504,449.55,24.94
0.434903687,77.96,193.504,452.95,24.94
0.339178929,77.96,193.504,464.52,24.94
0.336951438,77.96,193.504,465.67,24.94
0.332969552,77.96,193.504,425.89,24.94
0.325908961,77.96,193.504,385.06,24.94
0.324385738,77.96,193.846,344.06,24.94
0.319699584,77.96,193.846,338.81,24.94
0.318855539,77.96,193.846,320.86,24.94
0.317923685,77.96,193.846,329.72,24.94
0.319308922,77.96,193.846,380,24.94
0.324625869,77.96,193.846,429.66,24.94
0.37244972,77.96,193.846,467.91,24.94
0.374799069,77.96,193.846,474.9,24.94
0.371439016,77.96,193.846,459.05,24.94
0.33054673,77.96,193.846,447.89,24.94
0.385461635,77.96,193.846,428.22,24.94
0.385085309,77.96,193.846,392.1,24.94
0.386058381,77.96,193.846,388.2,24.94
0.331347766,77.96,193.846,377.4,24.94
0.331948096,77.96,193.846,385.09,24.94
0.332419399,77.96,193.846,398.9,24.94
0.332155971,77.96,193.846,437.25,24.94
0.429554484,77.96,193.846,461.06,24.94
0.431984474,77.96,193.846,510.66,24.94
0.435394703,77.96,193.846,530.88,24.94
0.341506773,77.96,193.846,524.33,24.94
0.341329362,77.96,193.846,509.33,24.94
0.335675514,77.96,193.846,469.58,24.94
0.330328102,77.96,193.846,440.98,24.94
0.324581069,77.96,200.291,390.1,24.94
0.320081286,77.96,200.291,382.1,24.94
0.321174423,77.96,200.291,359.89,24.94
0.322959283,77.96,200.291,352.69,24.94
0.326650861,77.96,200.291,393.03,24.94
0.331949888,77.96,200.291,457.04,24.94
0.37679718,77.96,200.291,479.9,24.94
0.380470837,77.96,200.291,478.9,24.94
0.38060524,77.96,200.291,397.91,24.94
0.3386234,77.96,200.291,328.26,24.94
0.394120715,77.96,200.291,307.77,24.94
0.394577682,77.96,200.291,234.87,24.94
0.397073977,77.96,200.291,227.41,24.94
0.338519462,77.96,200.291,198.39,24.94
0.340214721,77.96,200.291,219,24.94
0.339653816,77.96,200.291,274.71,24.94
0.341458388,77.96,200.291,324.11,24.94
0.439416014,77.96,200.291,435.36,24.94
0.442290427,77.96,200.291,499.47,24.94
0.444111127,77.96,200.291,511.07,24.94
0.344843529,77.96,200.291,513.17,24.94
0.344886538,77.96,200.291,484.91,24.94
0.343847162,77.96,200.291,441.26,24.94
0.345836313,77.96,200.291,383.95,24.94
0.341861595,77.96,205.316,368.07,24.94
0.345732375,77.96,205.316,340.14,24.94
0.352979336,77.96,205.316,326.3,24.94
0.354049177,77.96,205.316,329.96,24.94
0.34922683,77.96,205.316,368.76,24.94
0.344429571,77.96,205.316,440.47,24.94
0.383452772,77.96,205.316,453.86,24.94
0.382891867,77.96,205.316,444.21,24.94
0.381137472,77.96,205.316,370.24,24.94
0.34761938,77.96,205.316,317.82,24.94
0.407564509,77.96,205.316,244.61,24.94
0.40805194,77.96,205.316,243.56,24.94
0.404317354,77.96,205.316,182.52,24.94
0.344209151,77.96,205.316,199.08,24.94
0.34415539,77.96,205.316,291.92,24.94
0.345115917,77.96,205.316,361.59,24.94
0.344610565,77.96,205.316,438.52,24.94
0.445919283,77.96,205.316,500.35,24.94
0.446673727,77.96,205.316,550.06,24.94
0.450691454,77.96,205.316,566.89,24.94
0.352782213,77.96,205.316,560.76,24.94
0.350750053,77.96,205.316,500.02,24.94
0.350343263,77.96,205.316,452.18,24.94
0.351049322,77.96,205.316,450.3,24.94
0.349135436,77.96,202.24,414.26,24.94
0.344391938,77.96,202.24,375.07,24.94
0.341211088,77.96,202.24,348.49,24.94
0.338442405,77.96,202.24,345.3,24.94
0.335634297,77.96,202.24,375.07,24.94
0.333808221,77.96,202.24,452.27,24.94
0.371437224,77.96,202.24,480.1,24.94
0.376793596,77.96,202.24,479.79,24.94
0.384796793,77.96,202.24,449.9,24.94
0.352500865,77.96,202.24,408.25,24.94
0.411110932,77.96,202.24,370.91,24.94
0.40844977,77.96,202.24,344.28,24.94
0.404272553,77.96,202.24,284.02,24.94
0.347694646,77.96,202.24,319.51,24.94
0.343911675,77.96,202.24,342.64,24.94
0.34679684,77.96,202.24,366.51,24.94
0.343060461,77.96,202.24,416.97,24.94
0.43762757,77.96,202.24,492.73,24.94
0.439706322,77.96,202.24,513.74,24.94
0.440123865,77.96,202.24,504.33,24.94
0.349678421,77.96,202.24,499.83,24.94
0.339908284,77.96,202.24,480.6,24.94
0.337182609,77.96,202.24,424.96,24.94
0.338689705,77.96,202.24,406.06,24.94
0.340644808,77.96,196.406,358.18,24.94
0.347096108,77.96,196.406,337.64,24.94
0.351680116,77.96,196.406,339.17,24.94
0.353696147,77.96,196.406,338.52,24.94
0.350957929,77.96,196.406,390.05,24.94
0.345443858,77.96,196.406,449.91,24.94
0.379176993,77.96,196.406,468,24.94
0.380024622,77.96,196.406,483.91,24.94
0.386447251,77.96,196.406,447.14,24.94
0.354169243,77.96,196.406,428.44,24.94
0.416383078,82.86,196.406,405.1,24.94
0.414947664,84.5,196.406,394.2,24.94
0.412876079,84.5,196.406,331.05,24.94
0.352432768,84.5,196.406,297.06,24.94
0.351024234,84.5,196.406,256.21,24.94
0.351583346,84.5,196.406,252.44,24.94
0.352025977,84.5,196.406,291.18,24.94
0.440310236,84.5,196.406,355.02,24.94
0.436953767,84.5,196.406,419.54,24.94
0.434794374,84.5,196.406,424.89,24.94
0.345870361,84.5,196.406,437.3,24.94
0.34717675,84.5,196.406,429.91,24.94
0.346674982,84.5,196.406,386.55,24.94
0.344239616,84.5,196.406,361.76,24.94
0.349070923,84.5,196.133,315.05,24.94
0.354622626,84.5,196.133,308.59,24.94
0.361417996,84.5,196.133,276.45,24.94
0.35988402,84.5,196.133,267.76,24.94
0.356792772,84.5,196.133,261.14,24.94
0.357213898,84.5,196.133,290.83,24.94
0.394210316,84.5,196.133,315.03,24.94
0.393054458,84.5,196.133,309.56,24.94
0.38679132,84.5,196.133,273.36,24.94
0.352681859,84.5,196.133,238.11,24.94
0.409912065,84.5,196.133,202.19,24.94
0.408809968,84.5,196.133,170.12,24.94
0.403657888,84.5,196.133,149.31,24.94
0.341657303,84.5,196.133,116.02,24.94
0.340840139,84.5,196.133,139.77,24.94
0.345089037,84.5,196.133,175.16,24.94
0.350327135,84.5,196.133,239.05,24.94
0.445051942,84.5,196.133,318.16,24.94
0.445186344,84.5,196.133,372.49,24.94
0.444080663,84.5,196.133,396.81,24.94
0.341988828,84.5,196.133,380.64,24.94
0.340476357,84.5,196.133,369.08,24.94
0.336965774,84.5,196.133,324.98,24.94
0.33438167,84.5,196.133,277.89,24.94
0.329896224,84.5,196.133,232.85,24.94
0.328432137,84.5,196.133,218.28,24.94
0.328648972,84.5,196.133,206.4,24.94
0.332209732,84.5,196.133,200.47,24.94
0.336455046,84.5,196.133,205.23,24.94
0.34206051,84.5,196.133,205,24.94
0.384694647,84.5,196.133,206.29,24.94
0.380116016,84.5,196.133,162.27,24.94
0.378872348,84.5,196.133,142.7,24.94
0.345972507,84.5,196.133,100,24.94
0.40828132,84.5,196.133,87.69,24.94
0.406500044,84.5,196.133,86.82,24.94
0.400353388,84.5,196.133,69.74,24.94
0.341193168,84.5,196.133,70.02,24.94
0.34006419,84.5,196.133,86.15,24.94
0.342318562,84.5,196.133,102.82,24.94
0.346890025,84.5,196.133,199.42,24.94
0.44147147,84.5,196.133,301.67,24.94
0.44685293,84.5,196.133,393.3,24.94
0.443319051,84.5,196.133,421.99,24.94
0.349619284,84.5,196.133,419.92,24.94
0.343110638,84.5,196.133,401.86,24.94
0.340702152,84.5,196.133,359.42,24.94
0.334352997,84.5,196.133,310.08,24.94
0.334869101,84.5,195.67,271.57,24.94
0.33148396,84.5,195.67,281.49,24.94
0.330751021,84.5,195.67,278.39,24.94
0.329657884,84.5,195.67,272.89,24.94
0.33411645,84.5,195.67,310.38,24.94
0.341340114,84.5,195.67,408.54,24.94
0.385637254,84.5,195.67,419.99,24.94
0.384791417,84.5,195.67,414.68,24.94
0.382339923,84.5,195.67,384.55,24.94
0.345184014,84.5,195.67,339.44,24.94
0.402365835,84.5,195.67,307.07,24.94
0.398713682,84.5,195.67,292.66,24.94
0.39629086,84.5,195.67,294.01,24.94
0.334578793,84.5,195.67,294.68,24.94
0.332734796,84.5,195.67,307.77,24.94
0.338644904,84.5,195.67,329.86,24.94
0.343185903,84.5,195.67,406.02,24.94
0.446756161,84.5,195.67,439.98,24.94
0.446680895,84.5,195.67,495.9,24.94
0.447324233,84.5,195.67,493.85,24.94
0.349318223,84.5,195.67,455,24.94
0.345909786,84.5,195.67,429.15,24.94
0.34031149,84.5,195.67,391.2,24.94
0.334589545,84.5,195.67,330.76,24.94
0.334422886,84.5,195.46,298.92,24.94
0.332301125,84.5,195.46,298.95,24.94
0.332356678,84.5,195.46,289.2,24.94
0.331636283,84.5,195.46,295.75,24.94
0.337877916,84.5,195.46,320.01,24.94
0.347153453,84.5,195.46,382.92,24.94
0.395242524,84.5,195.46,414.98,24.94
0.395452191,84.5,195.46,426.22,24.94
0.389294783,84.5,195.46,383.99,24.94
0.352344958,84.5,195.46,310.09,24.94
0.403476893,84.5,195.46,282.44,24.94
0.40187482,84.5,195.46,277.57,24.94
0.400104296,84.5,195.46,258.94,24.94
0.344332801,84.5,195.46,260.64,24.94
0.346031644,84.5,195.46,266.89,24.94
0.345879321,84.5,195.46,289.37,24.94
0.34640797,84.5,195.46,351.34,24.94
0.441070056,84.5,195.46,420,24.94
0.445397803,84.5,195.46,469.8,24.94
0.448562525,84.5,195.46,469.72,24.94
0.353642386,84.5,195.46,428.67,24.94
0.346551332,84.5,195.46,406.45,24.94
0.342461924,84.5,195.46,343.31,24.94
0.334964079,84.5,195.46,297.01,24.94
0.329559322,84.5,190.161,286.98,24.94
0.328697357,84.5,190.161,298.71,24.94
0.328091651,84.5,190.161,285.6,24.94
0.329702685,84.5,190.161,293.99,24.94
0.333587801,84.5,190.161,297.74,24.94
0.342012125,84.5,190.161,343.67,24.94
0.390914777,84.5,190.161,392.98,24.94
0.391172829,84.5,190.161,395.51,24.94
0.390681813,84.5,190.161,356.26,24.94
0.35193996,84.5,190.161,302.9,24.94
0.40586029,84.5,190.161,284.9,24.94
0.405077174,84.5,190.161,274.76,24.94
0.406369226,84.5,190.161,253,24.94
0.3514364,84.5,190.161,253.96,24.94
0.357120713,84.5,190.161,272.34,24.94
0.357052616,84.5,190.161,303.1,24.94
0.357667281,84.5,190.161,353,24.94
0.4493098,84.5,190.161,409.93,24.94
0.450207606,84.5,190.161,449,24.94
0.447189831,84.5,190.161,454.73,24.94
0.348130108,84.5,190.161,420,24.94
0.345133838,84.5,190.161,406.84,24.94
0.342160863,84.5,190.161,355.01,24.94
0.339617975,84.5,190.161,309.92,24.94
0.337931677,84.5,202.467,300.03,24.94
0.334630762,84.5,202.467,310,24.94
0.332913999,84.5,202.467,306.3,24.94
0.332138051,84.5,202.467,312,24.94
0.334263396,84.5,202.467,347.06,24.94
0.339044527,84.5,202.467,406.65,24.94
0.381148224,84.5,202.467,419.97,24.94
0.386407826,84.5,202.467,414.9,24.94
0.394586642,84.5,202.467,397.16,24.94
0.361020166,84.5,202.467,355.1,24.94
0.420995758,84.5,202.467,313.97,24.94
0.416909934,84.5,202.467,298.97,24.94
0.416825709,84.5,202.467,269.86,24.94
0.356803524,84.5,202.467,267.86,24.94
0.350934632,84.5,202.467,294,24.94
0.349076299,84.5,202.467,334.8,24.94
0.348140861,84.5,202.467,401.31,24.94
0.448231,84.5,202.467,450,24.94
0.445361963,84.5,202.467,539.9,24.94
0.44260224,84.5,202.467,534.75,24.94
0.346667814,84.5,202.467,446,24.94
0.344997643,84.5,202.467,414.99,24.94
0.343537141,84.5,202.467,390,24.94
0.339334835,84.5,202.467,422.1,24.94
0.336514183,84.5,210.885,405,24.94
0.336532103,84.5,210.885,395.69,24.94
0.339540918,84.5,210.885,391.95,24.94
0.344547844,84.5,210.885,402.56,24.94
0.34297086,84.5,210.885,408,24.94
0.339831227,84.5,210.885,469.21,24.94
0.37934186,84.5,210.885,513.31,24.94
0.3885941,84.5,210.885,508,24.94
0.398242379,84.5,210.885,472.56,24.94
0.368833408,84.5,210.885,419.9,24.94
0.42597222,86.6,210.885,405.6,24.94
0.42645786,87.3,210.885,376.39,24.94
0.424819946,87.3,210.885,328.45,24.94
0.364020021,87.3,210.885,334.37,24.94
0.355939766,87.3,210.885,372.09,24.94
0.355065257,87.3,210.885,393.24,24.94
0.358158297,87.3,210.885,448.08,24.94
0.455216325,87.3,210.885,489.99,24.94
0.459354117,87.3,210.885,560,24.94
0.462296627,87.3,210.885,565.4,24.94
0.374465752,87.3,210.885,507.78,24.94
0.364439355,87.3,210.885,469.47,24.94
0.355434414,87.3,210.885,424.02,24.94
0.343813113,87.3,210.885,427.23,24.94
0.340786378,87.3,203.648,400.71,24.94
0.343707383,87.3,203.648,387.87,24.94
0.342693095,87.3,203.648,374.09,24.94
0.344513796,87.3,203.648,375.79,24.94
0.353223052,87.3,203.648,382.76,24.94
0.371046562,87.3,203.648,379.9,24.94
0.412291878,87.3,203.648,388.74,24.94
0.395570465,87.3,203.648,399.9,24.94
0.383603302,87.3,203.648,374.5,24.94
0.345537044,87.3,203.648,333.41,24.94
0.403251097,87.3,203.648,300.02,24.94
0.406417611,87.3,203.648,247.22,24.94
0.409664765,87.3,203.648,192.11,24.94
0.352966792,87.3,203.648,213.62,24.94
0.34450842,87.3,203.648,292.05,24.94
0.340334787,87.3,203.648,341.76,24.94
0.344988683,87.3,203.648,412.3,24.94
0.437991352,87.3,203.648,466.2,24.94
0.451178886,87.3,203.648,503.26,24.94
0.453859759,87.3,203.648,504.7,24.94
0.359358956,87.3,203.648,479.94,24.94
0.353898646,87.3,203.648,461.91,24.94
0.343682295,87.3,203.648,425.89,24.94
0.346149917,87.3,203.648,416.3,24.94
0.340718281,87.3,203.648,397.2,24.94
0.341055182,87.3,203.648,377.9,24.94
0.336996239,87.3,203.648,354,24.94
0.341101775,87.3,203.648,350.06,24.94
0.34798137,87.3,203.648,351.01,24.94
0.361407244,87.3,203.648,352.77,24.94
0.398018375,87.3,203.648,350.05,24.94
0.394341134,87.3,203.648,355.17,24.94
0.383148127,87.3,203.648,339.94,24.94
0.342420707,87.3,203.648,309,24.94
0.396599089,87.3,203.648,249.58,24.94
0.397620545,87.3,203.648,136.72,24.94
0.396444975,87.3,203.648,84.93,24.94
0.338811563,87.3,203.648,74.02,24.94
0.338171809,87.3,203.648,164.37,24.94
0.343716343,87.3,203.648,268.13,24.94
0.350497377,87.3,203.648,343.52,24.94
0.446114615,87.3,203.648,415.9,24.94
0.445808178,87.3,203.648,454.91,24.94
0.445870899,87.3,203.648,459.96,24.94
0.349099596,87.3,203.648,462.6,24.94
0.34412851,87.3,203.648,455.42,24.94
0.337668249,87.3,203.648,407.48,24.94
0.335858301,87.3,203.648,375.03,24.94
0.333854813,87.3,203.639,361.09,24.94
0.337127057,87.3,203.639,360.64,24.94
0.341782745,87.3,203.639,350,24.94
0.340146624,87.3,203.639,352.99,24.94
0.345866777,87.3,203.639,363.59,24.94
0.358493406,87.3,203.639,381.41,24.94
0.397185082,87.3,203.639,429.12,24.94
0.391185373,87.3,203.639,467.34,24.94
0.382660696,87.3,203.639,452.8,24.94
0.346723366,87.3,203.639,431.41,24.94
0.399865956,87.3,203.639,407.06,24.94
0.3985972,87.3,203.639,402.31,24.94
0.401675905,87.3,203.639,392.13,24.94
0.340306114,87.3,203.639,392.77,24.94
0.338811563,87.3,203.639,380.09,24.94
0.33827037,87.3,203.639,400.05,24.94
0.345605141,87.3,203.639,448.84,24.94
0.447938899,87.3,203.639,495,24.94
0.453010338,87.3,203.639,520.01,24.94
0.452323991,87.3,203.639,555.72,24.94
0.356280252,87.3,203.639,536.69,24.94
0.351730293,87.3,203.639,507,24.94
0.342576614,87.3,203.639,475.42,24.94
0.335741819,87.3,203.639,465.26,24.94
0.337017743,87.3,212.846,430.65,24.94
0.335467639,87.3,212.846,430.94,24.94
0.336652169,87.3,212.846,416.42,24.94
0.338972845,87.3,212.846,422.59,24.94
0.35156901,87.3,212.846,440.99,24.94
0.365104197,87.3,212.846,502.52,24.94
0.407870945,87.3,212.846,517.99,24.94
0.402046854,87.3,212.846,514.9,24.94
0.3901227,87.3,212.846,488.44,24.94
0.350970473,87.3,212.846,450,24.94
0.412069667,87.3,212.846,424.95,24.94
0.412351015,87.3,212.846,417.08,24.94
0.40878488,87.3,212.846,410.06,24.94
0.34698321,87.3,212.846,410.09,24.94
0.345714455,87.3,212.846,418.06,24.94
0.351246445,87.3,212.846,442.53,24.94
0.355190699,87.3,212.846,506.91,24.94
0.463205185,87.3,212.846,600.05,24.94
0.46438434,87.3,212.846,664.89,24.94
0.462728506,87.3,212.846,662.05,24.94
0.359545327,87.3,212.846,648.38,24.94
0.352965,87.3,212.846,580,24.94
0.348273471,87.3,212.846,513.28,24.94
0.34129173,87.3,212.846,523.94,24.94
0.33518629,87.3,235.643,483.88,24.94
0.332233028,87.3,235.643,472.13,24.94
0.332424775,87.3,235.643,459.22,24.94
0.334356581,87.3,235.643,463.42,24.94
0.342400995,87.3,235.643,489.64,24.94
0.355516848,87.3,235.643,547.74,24.94
0.403206296,87.3,235.643,597.04,24.94
0.40035518,87.3,235.643,616.33,24.94
0.394894871,87.3,235.643,575.1,24.94
0.356394941,87.3,235.643,549.97,24.94
0.409437178,87.3,235.643,526.89,24.94
0.411320599,87.3,235.643,509.09,24.94
0.407890658,87.3,235.643,500,24.94
0.352715908,87.3,235.643,493.09,24.94
0.351762549,87.3,235.643,509.47,24.94
0.351465072,87.3,235.643,541.6,24.94
0.347531571,87.3,235.643,593.3,24.94
0.447965779,87.3,235.643,676.04,24.94
0.451297159,87.3,235.643,747.93,24.94
0.459044096,87.3,235.643,681,24.94
0.364353338,87.3,235.643,629.09,24.94
0.355360941,87.3,235.643,552.03,24.94
0.345395474,87.3,235.643,508.92,24.94
0.344558597,87.3,235.643,523.92,24.94
0.346096157,87.3,231.385,479.9,24.94
0.349255502,87.3,231.385,480,24.94
0.350979433,87.3,231.385,474.46,24.94
0.351341423,87.3,231.385,478.13,24.94
0.353500816,87.3,231.385,499.24,24.94
0.354814373,87.3,231.385,550,24.94
0.398371405,87.3,231.385,598.9,24.94
0.404451756,87.3,231.385,620.1,24.94
0.411196949,87.3,231.385,613.59,24.94
0.38242594,87.3,231.385,610.19,24.94
0.440613089,87.3,231.385,577.65,24.94
0.440616673,87.3,231.385,559.87,24.94
0.435514769,87.3,231.385,563.11,24.94
0.370913952,87.3,231.385,543.34,24.94
0.366851425,87.3,231.385,541.9,24.94
0.36373688,87.3,231.385,586.23,24.94
0.365579085,87.3,231.385,593.97,24.94
0.459739403,87.3,231.385,642.99,24.94
0.461110305,87.3,231.385,657.98,24.94
0.456958176,87.3,231.385,646.96,24.94
0.360084727,87.3,231.385,600.06,24.94
0.357690578,87.3,231.385,562.82,24.94
0.360065015,87.3,231.385,524.93,24.94
0.355432622,87.3,231.385,510.09,24.94
0.351036778,87.3,234.537,467.63,24.94
0.345687574,87.3,234.537,450.1,24.94
0.347368497,87.3,234.537,434.14,24.94
0.348651589,87.3,234.537,439.39,24.94
0.355835829,87.3,234.537,469.62,24.94
0.363753008,87.3,234.537,528.21,24.94
0.409383417,87.3,234.537,571.24,24.94
0.412494378,87.3,234.537,587.56,24.94
0.415630426,87.3,234.537,575,24.94
0.37654988,87.3,234.537,566,24.94
0.436378526,94.48,234.537,547.26,24.94
0.435652755,96.87,234.537,527.8,24.94
0.433609843,96.87,234.537,488.24,24.94
0.375302629,96.87,234.537,461.14,24.94
0.372732861,96.87,234.537,461.17,24.94
0.37181355,96.87,234.537,490.86,24.94
0.366949986,96.87,234.537,517.42,24.94
0.475853319,96.87,234.537,545.56,24.94
0.486723761,96.87,234.537,568.99,24.94
0.483937157,96.87,234.537,569.4,24.94
0.374162899,96.87,234.537,550,24.94
0.359717361,96.87,234.537,530.58,24.94
0.344571141,96.87,234.537,504.93,24.94
0.341728984,96.87,234.537,512.09,24.94
0.342356194,96.87,243.841,500.05,24.94
0.344839945,96.87,243.841,480.09,24.94
0.347416881,96.87,243.841,460.04,24.94
0.352129915,96.87,243.841,452.61,24.94
0.364168759,96.87,243.841,452.15,24.94
0.381619527,96.87,243.841,471.69,24.94
0.422019006,96.87,243.841,475.03,24.94
0.404480428,96.87,243.841,484.93,24.94
0.396027432,96.87,243.841,480.02,24.94
0.353615506,96.87,243.841,464.5,24.94
0.407725791,96.87,243.841,443.19,24.94
0.405989316,96.87,243.841,432.48,24.94
0.408994547,96.87,243.841,364.68,24.94
0.351129963,96.87,243.841,344.13,24.94
0.351724917,96.87,243.841,339.28,24.94
0.354452383,96.87,243.841,361.23,24.94
0.362376731,96.87,243.841,402.56,24.94
0.456046034,96.87,243.841,475.06,24.94
0.455952848,96.87,243.841,529.91,24.94
0.454782654,96.87,243.841,552.48,24.94
0.356898501,96.87,243.841,540.09,24.94
0.361260297,96.87,243.841,514.12,24.94
0.36334801,96.87,243.841,458.96,24.94
0.364315705,96.87,243.841,430.27,24.94
0.361272842,96.87,243.841,381,24.94
0.358772963,96.87,243.841,374.94,24.94
0.358405597,96.87,243.841,344.27,24.94
0.36630844,96.87,243.841,323,24.94
0.381406276,96.87,243.841,324.07,24.94
0.392491761,96.87,243.841,365.99,24.94
0.433362543,96.87,243.841,348.35,24.94
0.415370582,96.87,243.841,332,24.94
0.400136553,96.87,243.841,317.26,24.94
0.35299188,96.87,243.841,254.52,24.94
0.408512491,96.87,243.841,176.88,24.94
0.407075285,96.87,243.841,97.31,24.94
0.406446283,96.87,243.841,77.46,24.94
0.346467106,96.87,243.841,97.34,24.94
0.346735911,96.87,243.841,204.21,24.94
0.349463377,96.87,243.841,313.88,24.94
0.356875205,96.87,243.841,455,24.94
0.463280451,96.87,243.841,530,24.94
0.471538116,96.87,243.841,592,24.94
0.476276238,96.87,243.841,623.89,24.94
0.382798682,96.87,243.841,609.96,24.94
0.39137712,96.87,243.841,595.46,24.94
0.392973817,96.87,243.841,570.11,24.94
0.38778948,96.87,243.841,504.25,24.94
0.392007914,96.87,244.68,477.42,24.94
0.3967765,96.87,244.68,467.94,24.94
0.40033726,96.87,244.68,447.93,24.94
0.404360362,96.87,244.68,450.02,24.94
0.415270229,96.87,244.68,497.08,24.94
0.419501207,96.87,244.68,561.74,24.94
0.450035572,96.87,244.68,599.9,24.94
0.420524455,96.87,244.68,610,24.94
0.403761825,96.87,244.68,595.59,24.94
0.357124297,96.87,244.68,583.46,24.94
0.411591195,96.87,244.68,567.5,24.94
0.410121732,96.87,244.68,534.3,24.94
0.410815247,96.87,244.68,540.91,24.94
0.351149676,96.87,244.68,557.06,24.94
0.349972313,96.87,244.68,577.2,24.94
0.353948823,96.87,244.68,586.67,24.94
0.36013132,96.87,244.68,613.55,24.94
0.465604711,96.87,244.68,640,24.94
0.467825034,96.87,244.68,675.55,24.94
0.469758632,96.87,244.68,679.97,24.94
0.363507501,96.87,244.68,629.63,24.94
0.361124103,96.87,244.68,588.86,24.94
0.354620834,96.87,244.68,545,24.94
0.356602817,96.87,244.68,550,24.94
0.356624321,96.87,282.309,504.73,24.94
0.35669421,96.87,282.309,507,24.94
0.360265722,96.87,282.309,500.57,24.94
0.364871234,96.87,282.309,503.32,24.94
0.382239569,96.87,282.309,531.02,24.94
0.399566688,96.87,282.309,627.95,24.94
0.433281902,96.87,282.309,668.21,24.94
0.412560683,96.87,282.309,680,24.94
0.393712132,96.87,282.309,640.1,24.94
0.355955895,96.87,282.309,614.01,24.94
0.410127109,96.87,282.309,551.4,24.94
0.411585819,96.87,282.309,518.71,24.94
0.411377944,96.87,282.309,518.46,24.94
0.358124248,96.87,282.309,549.81,24.94
0.360063223,96.87,282.309,572.78,24.94
0.363998516,96.87,282.309,604.43,24.94
0.365801296,96.87,282.309,648.15,24.94
0.468826777,96.87,282.309,713.65,24.94
0.47128544,96.87,282.309,794.95,24.94
0.479851333,96.87,282.309,771,24.94
0.379904557,96.87,282.309,708.83,24.94
0.379531815,96.87,282.309,644,24.94
0.37502128,96.87,282.309,599.99,24.94
0.378341908,96.87,282.309,581.8,24.94
0.381707337,96.87,272.212,550,24.94
0.384655223,96.87,272.212,550.19,24.94
0.386540436,96.87,272.212,535.98,24.94
0.386332561,96.87,272.212,539.01,24.94
0.399998566,96.87,272.212,574.18,24.94
0.406983891,96.87,272.212,648,24.94
0.443349515,96.87,272.212,683.25,24.94
0.419386517,96.87,272.212,694.26,24.94
0.40638177,96.87,272.212,649.92,24.94
0.366012756,96.87,272.212,588.06,24.94
0.419492247,96.87,272.212,576.89,24.94
0.418101633,96.87,272.212,516.12,24.94
0.41774502,96.87,272.212,541.97,24.94
0.361005829,96.87,272.212,545.11,24.94
0.36307383,96.87,272.212,577.34,24.94
0.363147303,96.87,272.212,613.48,24.94
0.367742063,96.87,272.212,672.33,24.94
0.467753352,96.87,272.212,750,24.94
0.46847554,96.87,272.212,850,24.94
0.464027726,96.87,272.212,783.56,24.94
0.365301321,96.87,272.212,724.96,24.94
0.363172391,96.87,272.212,659.37,24.94
0.362805026,96.87,272.212,578.42,24.94
0.363156263,96.87,272.212,535.2,24.94
0.363021861,96.87,283.492,522.92,24.94
0.358446814,96.87,283.492,520.07,24.94
0.360430588,96.87,283.492,513.06,24.94
0.359622384,96.87,283.492,518.6,24.94
0.364962627,96.87,283.492,530.07,24.94
0.365699151,96.87,283.492,606.61,24.94
0.410791951,96.87,283.492,668.24,24.94
0.412872495,96.87,283.492,689.87,24.94
0.413897535,96.87,283.492,639.34,24.94
0.379535399,96.87,283.492,576.99,24.94
0.432489826,96.87,283.492,535.04,24.94
0.429715766,96.87,283.492,505.88,24.94
0.42518552,96.87,283.492,504.19,24.94
0.368781439,96.87,283.492,502.59,24.94
0.367292264,96.87,283.492,524.96,24.94
0.371166628,96.87,283.492,564.35,24.94
0.380829243,96.87,283.492,686.8,24.94
0.476174092,96.87,283.492,714.23,24.94
0.479292221,96.87,283.492,766.79,24.94
0.478019881,96.87,283.492,760,24.94
0.394425359,96.87,283.492,710,24.94
0.393504257,96.87,283.492,673.4,24.94
0.390486482,96.87,283.492,626.73,24.94
0.383732328,96.87,283.492,607.15,24.94
0.382829146,96.87,312.156,580.07,24.94
0.380981565,96.87,312.156,572.53,24.94
0.373546441,96.87,312.156,571.04,24.94
0.366027092,96.87,312.156,569.21,24.94
0.366824544,96.87,312.156,598.99,24.94
0.372596666,96.87,312.156,750,24.94
0.413770301,96.87,312.156,769.23,24.94
0.418447494,96.87,312.156,802.99,24.94
0.424447204,96.87,312.156,781.62,24.94
0.385875594,96.87,312.156,763.2,24.94
0.44057008,91.39,312.156,750.03,24.94
0.436193948,89.56,312.156,702.33,24.94
0.431896664,89.56,312.156,676.88,24.94
0.37051433,89.56,312.156,643.55,24.94
0.371908528,89.56,312.156,665.93,24.94
0.385318273,89.56,312.156,685.56,24.94
0.395518496,89.56,312.156,750.01,24.94
0.5058895,89.56,312.156,770,24.94
0.506532838,89.56,312.156,780,24.94
0.503025839,89.56,312.156,778.54,24.94
0.39893231,89.56,312.156,770,24.94
0.388484787,89.56,312.156,747.74,24.94
0.379657257,89.56,312.156,700,24.94
0.373578698,89.56,312.156,685.14,24.94
0.373931727,89.56,312.137,644.2,24.94
0.374634202,89.56,312.137,636.8,24.94
0.375494376,89.56,312.137,587.9,24.94
0.377254147,89.56,312.137,563.47,24.94
0.395108122,89.56,312.137,573.1,24.94
0.413901119,89.56,312.137,580.9,24.94
0.454107059,89.56,312.137,636,24.94
0.433056107,89.56,312.137,682.59,24.94
0.413057074,89.56,312.137,685.95,24.94
0.369767054,89.56,312.137,660.75,24.94
0.423183824,89.56,312.137,601.84,24.94
0.424766185,89.56,312.137,578.03,24.94
0.425429236,89.56,312.137,488.82,24.94
0.366810208,89.56,312.137,500.16,24.94
0.362027285,89.56,312.137,461.73,24.94
0.367537771,89.56,312.137,489.19,24.94
0.373017793,89.56,312.137,554.67,24.94
0.476899863,89.56,312.137,669.91,24.94
0.484695185,89.56,312.137,704.62,24.94
0.487492541,89.56,312.137,700.06,24.94
0.395882278,89.56,312.137,665.98,24.94
0.386189199,89.56,312.137,659.94,24.94
0.37587787,89.56,312.137,576.39,24.94
0.365715279,89.56,312.137,585.03,24.94
0.362124055,89.56,312.137,491.4,24.94
0.359072231,89.56,312.137,467.7,24.94
0.358801635,89.56,312.137,430,24.94
0.356998855,89.56,312.137,425.97,24.94
0.366718815,89.56,312.137,409.92,24.94
0.378890269,89.56,312.137,427.29,24.94
0.419753883,89.56,312.137,441.91,24.94
0.404751025,89.56,312.137,467.45,24.94
0.400236906,89.56,312.137,437.62,24.94
0.361851667,89.56,312.137,275.09,24.94
0.416074849,89.56,312.137,256.88,24.94
0.411112724,89.56,312.137,115.98,24.94
0.412187941,89.56,312.137,75.8,24.94
0.35475882,89.56,312.137,13.29,24.94
0.357018567,89.56,312.137,62.16,24.94
0.360416252,89.56,312.137,105.92,24.94
0.361876755,89.56,312.137,336.2,24.94
0.465176416,89.56,312.137,579.24,24.94
0.472572116,89.56,312.137,676.4,24.94
0.476045066,89.56,312.137,700.75,24.94
0.378920733,89.56,312.137,646.06,24.94
0.371215013,89.56,312.137,606.7,24.94
0.359855348,89.56,312.137,590.03,24.94
0.354515104,89.56,312.137,590.85,24.94
0.354993576,89.56,312.137,544.14,24.94
0.355257004,89.56,312.137,523.3,24.94
0.357645777,89.56,312.137,521.03,24.94
0.357597392,89.56,312.137,516.07,24.94
0.367492971,89.56,312.137,582.36,24.94
0.37588683,89.56,312.137,696.75,24.94
0.416816749,89.56,312.137,769.92,24.94
0.394436112,89.56,312.137,793.99,24.94
0.386642582,89.56,312.137,668.06,24.94
0.344210943,89.56,312.137,661.36,24.94
0.400208234,89.56,312.137,574.27,24.94
0.401471613,89.56,312.137,548.77,24.94
0.402304906,89.56,312.137,553.42,24.94
0.343839993,89.56,312.137,541.57,24.94
0.34218416,89.56,312.137,548.41,24.94
0.348187453,89.56,312.137,645.73,24.94
0.352767877,89.56,312.137,773.91,24.94
0.466158448,89.56,312.137,837.66,24.94
0.471926986,89.56,312.137,871,24.94
0.476613139,89.56,312.137,860.89,24.94
0.377388549,89.56,312.137,800,24.94
0.378954782,89.56,312.137,762.48,24.94
0.377788172,89.56,312.137,615.91,24.94
0.374942431,89.56,312.137,617.49,24.94
0.375585769,89.56,313.553,595.07,24.94
0.373811661,89.56,313.553,585.01,24.94
0.376060657,89.56,313.553,584.96,24.94
0.379734314,89.56,313.553,594.99,24.94
0.389029563,89.56,313.553,612.55,24.94
0.397946694,89.56,313.553,763.3,24.94
0.430097468,89.56,313.553,778.06,24.94
0.413902912,89.56,313.553,791.31,24.94
0.401973381,89.56,313.553,759.95,24.94
0.358654689,89.56,313.553,664.79,24.94
0.410847504,89.56,313.553,580.26,24.94
0.408439018,89.56,313.553,569.34,24.94
0.412164644,89.56,313.553,571.95,24.94
0.352895111,89.56,313.553,553.98,24.94
0.358830307,89.56,313.553,581.3,24.94
0.360513022,89.56,313.553,573.89,24.94
0.366548572,89.56,313.553,746.77,24.94
0.464796506,89.56,313.553,793.71,24.94
0.471400129,89.56,313.553,855.46,24.94
0.472624084,89.56,313.553,765.99,24.94
0.381051454,89.56,313.553,705,24.94
0.385323649,89.56,313.553,626.74,24.94
0.385852297,89.56,313.553,573.8,24.94
0.37986334,89.56,313.553,531.48,24.94
0.378883101,89.56,262.711,523.31,24.94
0.377913613,89.56,262.711,541.87,24.94
0.376395766,89.56,262.711,498.16,24.94
0.376641274,89.56,262.711,541.83,24.94
0.387402402,89.56,262.711,543.26,24.94
0.399584608,89.56,262.711,649.99,24.94
0.438498496,89.56,262.711,724.46,24.94
0.418510215,89.56,262.711,736.97,24.94
0.406293961,89.56,262.711,697.72,24.94
0.360340987,89.56,262.711,633.31,24.94
0.419056784,89.56,262.711,644.83,24.94
0.411876128,89.56,262.711,552.93,24.94
0.413401144,89.56,262.711,529.08,24.94
0.356887749,89.56,262.711,496.98,24.94
0.360844547,89.56,262.711,519.64,24.94
0.359418093,89.56,262.711,541.81,24.94
0.363147303,89.56,262.711,641.74,24.94
0.461520679,89.56,262.711,720.67,24.94
0.470728119,89.56,262.711,750,24.94
0.472771031,89.56,262.711,714.45,24.94
0.380200241,89.56,262.711,677.26,24.94
0.377893901,89.56,262.711,563.52,24.94
0.367604077,89.56,262.711,532.51,24.94
0.357011399,89.56,262.711,490.77,24.94
0.353110154,89.56,244.325,484.36,24.94
0.362530845,89.56,244.325,486.34,24.94
0.366783328,89.56,244.325,480.02,24.94
0.374501592,89.56,244.325,495.18,24.94
0.377363461,89.56,244.325,532.8,24.94
0.380395572,89.56,244.325,644.71,24.94
0.418137474,89.56,244.325,669.21,24.94
0.420956334,89.56,244.325,665.46,24.94
0.428400418,89.56,244.325,614.15,24.94
0.390495442,89.56,244.325,567.93,24.94
0.44136574,89.56,244.325,522.02,24.94
0.436097178,89.56,244.325,495.26,24.94
0.438331837,89.56,244.325,491.55,24.94
0.383191136,89.56,244.325,511.25,24.94
0.382445652,89.56,244.325,539.65,24.94
0.378936861,89.56,244.325,559.97,24.94
0.376404726,89.56,244.325,631.45,24.94
0.46466748,89.56,244.325,686.23,24.94
0.459447303,89.56,244.325,729.9,24.94
0.461884461,89.56,244.325,702.09,24.94
0.381232449,89.56,244.325,640.72,24.94
0.388439986,89.56,244.325,572.54,24.94
0.391104731,89.56,244.325,495.19,24.94
0.396559665,89.56,244.325,456.05,24.94
0.400690289,89.56,229.117,418.74,24.94
0.411254294,89.56,229.117,395.35,24.94
0.413515833,89.56,229.117,362.68,24.94
0.421768122,89.56,229.117,391.73,24.94
0.42671412,89.56,229.117,445.42,24.94
0.427635222,89.56,229.117,532.08,24.94
0.455221701,89.56,229.117,566.1,24.94
0.440432094,89.56,229.117,581.97,24.94
0.431479122,89.56,229.117,529.89,24.94
0.392339439,89.56,229.117,497.53,24.94
0.451080324,81.2,229.117,404.22,24.94
0.44200191,78.41,229.117,260.08,24.94
0.43213142,78.41,229.117,238.59,24.94
0.369526923,78.41,229.117,244.16,24.94
0.366471515,78.41,229.117,309.98,24.94
0.371630763,78.41,229.117,367.53,24.94
0.372716732,78.41,229.117,489.39,24.94
0.471659973,78.41,229.117,550.1,24.94
0.476175884,78.41,229.117,574.34,24.94
0.477541409,78.41,229.117,562.86,24.94
0.380558647,78.41,229.117,401.96,24.94
0.37642623,78.41,229.117,343.25,24.94
0.370181013,78.41,229.117,210.06,24.94
0.369571723,78.41,229.117,230.18,24.94
0.368107636,78.41,194.61,244.97,24.94
0.370908576,78.41,194.61,262.46,24.94
0.37114154,78.41,194.61,249.99,24.94
0.378938654,78.41,194.61,235.3,24.94
0.396688691,78.41,194.61,291.67,24.94
0.422633672,78.41,194.61,275,24.94
0.460624665,78.41,194.61,370.08,24.94
0.428907562,78.41,194.61,400.43,24.94
0.406851281,78.41,194.61,378.67,24.94
0.364333625,78.41,194.61,206.73,24.94
0.418899086,78.41,194.61,128.28,24.94
0.421183921,78.41,194.61,75.27,24.94
0.42443466,78.41,194.61,51.01,24.94
0.367150693,78.41,194.61,77.55,24.94
0.361740561,78.41,194.61,165.93,24.94
0.363041573,78.41,194.61,249.98,24.94
0.368573564,78.41,194.61,401.54,24.94
0.485625248,78.41,194.61,453.63,24.94
0.50846106,78.41,194.61,530,24.94
0.525854484,78.41,194.61,514.93,24.94
0.432866152,78.41,194.61,411,24.94
0.432959337,78.41,194.61,381.71,24.94
0.430792775,78.41,194.61,319.72,24.94
0.433106283,78.41,194.61,210.27,24.94
0.433034602,78.41,194.61,204.77,24.94
0.439254731,78.41,194.61,200.05,24.94
0.438482367,78.41,194.61,204.16,24.94
0.444442652,78.41,194.61,220.08,24.94
0.454214581,78.41,194.61,222.72,24.94
0.466771321,78.41,194.61,211.07,24.94
0.501332373,78.41,194.61,226.39,24.94
0.465481061,78.41,194.61,209.95,24.94
0.434674308,78.41,194.61,183.72,24.94
0.379780907,78.41,194.61,125.91,24.94
0.428907562,78.41,194.61,83.97,24.94
0.425760761,78.41,194.61,72.61,24.94
0.422330819,78.41,194.61,52.91,24.94
0.367976818,78.41,194.61,65.48,24.94
0.367621997,78.41,194.61,86.63,24.94
0.37310381,78.41,194.61,204.12,24.94
0.384916859,78.41,194.61,375,24.94
0.493381145,78.41,194.61,455.47,24.94
0.512783432,78.41,194.61,509.93,24.94
0.522836709,78.41,194.61,509.93,24.94
0.44252339,78.41,194.61,445,24.94
0.445793842,78.41,194.61,409.67,24.94
0.450816896,78.41,194.61,335.28,24.94
0.454012082,78.41,194.61,269.25,24.94
0.456762845,78.41,194.04,220,24.94
0.464266066,78.41,194.04,212.45,24.94
0.471246015,78.41,194.04,222.84,24.94
0.47833707,78.41,194.04,239.33,24.94
0.488209352,78.41,194.04,367.52,24.94
0.492472586,78.41,194.04,459.9,24.94
0.516713349,78.41,194.04,506.5,24.94
0.471878601,78.41,194.04,519.93,24.94
0.433360751,78.41,194.04,470.49,24.94
0.373569738,78.41,194.04,400.99,24.94
0.423699928,78.41,194.04,308.08,24.94
0.417053297,78.41,194.04,250.01,24.94
0.416257636,78.41,194.04,182.56,24.94
0.358513119,78.41,194.04,204.1,24.94
0.363534381,78.41,194.04,267.37,24.94
0.367195494,78.41,194.04,346.51,24.94
0.374718428,78.41,194.04,487.05,24.94
0.475957257,78.41,194.04,564.27,24.94
0.478912311,78.41,194.04,601.62,24.94
0.486655664,78.41,194.04,523.03,24.94
0.391597539,78.41,194.04,420.15,24.94
0.390791127,78.41,194.04,309.49,24.94
0.383673191,78.41,194.04,225.45,24.94
0.378558744,78.41,194.04,273.51,24.94
0.376110833,78.41,233.347,298.29,24.94
0.376207603,78.41,233.347,275.68,24.94
0.378110737,78.41,233.347,282.87,24.94
0.388137133,78.41,233.347,286.75,24.94
0.403838882,78.41,233.347,340.91,24.94
0.420350628,78.41,233.347,513.03,24.94
0.4549296,78.41,233.347,553.88,24.94
0.428197919,78.41,233.347,561.75,24.94
0.409352952,78.41,233.347,478.46,24.94
0.365070149,78.41,233.347,431.07,24.94
0.421961661,78.41,233.347,304.49,24.94
0.418830988,78.41,233.347,255.17,24.94
0.417071217,78.41,233.347,267.1,24.94
0.358212058,78.41,233.347,279.92,24.94
0.360647424,78.41,233.347,363.97,24.94
0.361461005,78.41,233.347,443.33,24.94
0.369340552,78.41,233.347,525.81,24.94
0.469979051,78.41,233.347,564.44,24.94
0.471919817,78.41,233.347,633.97,24.94
0.477041433,78.41,233.347,594,24.94
0.383347042,78.41,233.347,530.03,24.94
0.387040412,78.41,233.347,484.81,24.94
0.380028207,78.41,233.347,471.21,24.94
0.373811661,78.41,233.347,415.26,24.94
0.370553755,78.41,212.006,384.07,24.94
0.372087731,78.41,212.006,367.45,24.94
0.375336677,78.41,212.006,366.11,24.94
0.384253809,78.41,212.006,387.67,24.94
0.402342539,78.41,212.006,394.01,24.94
0.415890271,78.41,212.006,484.68,24.94
0.459820045,78.41,212.006,519.9,24.94
0.431749718,78.41,212.006,524.77,24.94
0.418465415,78.41,212.006,501.18,24.94
0.368509051,78.41,212.006,469.94,24.94
0.421983166,78.41,212.006,450.38,24.94
0.415918943,78.41,212.006,392.98,24.94
0.417734267,78.41,212.006,390.39,24.94
0.359873268,78.41,212.006,396.65,24.94
0.359339243,78.41,212.006,399.97,24.94
0.357952214,78.41,212.006,445.33,24.94
0.364423227,78.41,212.006,521.75,24.94
0.466255217,78.41,212.006,576.75,24.94
0.466577782,78.41,212.006,633.49,24.94
0.462638905,78.41,212.006,599.98,24.94
0.364172343,78.41,212.006,551.3,24.94
0.363175975,78.41,212.006,486.44,24.94
0.353939863,78.41,212.006,438.87,24.94
0.34513563,78.41,212.006,442.12,24.94
0.345227023,78.41,215.547,407.83,24.94
0.343825657,78.41,215.547,400.35,24.94
0.344974347,78.41,215.547,382.07,24.94
0.348735814,78.41,215.547,379.29,24.94
0.356110009,78.41,215.547,404.13,24.94
0.363210024,78.41,215.547,500.91,24.94
0.408695278,78.41,215.547,520,24.94
0.416155491,78.41,215.547,524.06,24.94
0.41919477,78.41,215.547,509.98,24.94
0.379949357,78.41,215.547,483.69,24.94
0.43646096,78.41,215.547,455.56,24.94
0.426954251,78.41,215.547,432.9,24.94
0.425683703,78.41,215.547,399.93,24.94
0.368279671,78.41,215.547,392.84,24.94
0.369750926,78.41,215.547,394.96,24.94
0.371191717,78.41,215.547,403.04,24.94
0.370849439,78.41,215.547,450.15,24.94
0.463567175,78.41,215.547,504.91,24.94
0.462791227,78.41,215.547,525.82,24.94
0.459049473,78.41,215.547,510.24,24.94
0.362073878,78.41,215.547,479.91,24.94
0.364209976,78.41,215.547,394.55,24.94
0.364421435,78.41,215.547,345.17,24.94
0.360208377,78.41,215.547,300.01,24.94
0.359735282,78.41,198.332,238.2,24.94
0.362864162,78.41,198.332,205.01,24.94
0.364041525,78.41,198.332,192.6,24.94
0.365881938,78.41,198.332,226.87,24.94
0.366614877,78.41,198.332,278.7,24.94
0.371818926,78.41,198.332,375.58,24.94
0.414119747,78.41,198.332,431,24.94
0.419787931,78.41,198.332,431.46,24.94
0.424174816,78.41,198.332,401.74,24.94
0.378453014,78.41,198.332,353.07,24.94
0.433720949,68.51,198.332,329.86,24.94
0.429604661,65.21,198.332,339.76,24.94
0.429126189,65.21,198.332,292.47,24.94
0.363674159,65.21,198.332,293.88,24.94
0.36386053,65.21,198.332,291.02,24.94
0.362699296,65.21,198.332,364.23,24.94
0.373799117,65.21,198.332,390,24.94
0.477813798,65.21,198.332,435.31,24.94
0.478715188,65.21,198.332,467.35,24.94
0.471276479,65.21,198.332,465,24.94
0.367962482,65.21,198.332,419.95,24.94
0.365638222,65.21,198.332,398.29,24.94
0.362763809,65.21,198.332,375.44,24.94
0.357290955,65.21,198.332,400.85,24.94
0.354549153,65.21,193.91,359.09,24.94
0.357337548,65.21,193.91,352.09,24.94
0.358065112,65.21,193.91,348.07,24.94
0.361643791,65.21,193.91,348.09,24.94
0.374868958,65.21,193.91,356.04,24.94
0.391366368,65.21,193.91,381.3,24.94
0.434136699,65.21,193.91,411.07,24.94
0.415843678,65.21,193.91,427.72,24.94
0.404543149,65.21,193.91,429.18,24.94
0.364892738,65.21,193.91,419.9,24.94
0.42340066,65.21,193.91,418.36,24.94
0.426436355,65.21,193.91,399.98,24.94
0.423527894,65.21,193.91,355,24.94
0.356862661,65.21,193.91,348.99,24.94
0.352583298,65.21,193.91,353.39,24.94
0.3532571,65.21,193.91,371.98,24.94
0.365183047,65.21,193.91,436.24,24.94
0.464171088,65.21,193.91,469.52,24.94
0.463809099,65.21,193.91,491.86,24.94
0.469522084,65.21,193.91,483.98,24.94
0.374069713,65.21,193.91,459.95,24.94
0.37307693,65.21,193.91,443.97,24.94
0.361367819,65.21,193.91,437.01,24.94
0.35078231,65.21,193.91,421.45,24.94
0.347029803,65.21,193.91,385.07,24.94
0.347051308,65.21,193.91,385.06,24.94
0.348992074,65.21,193.91,369.22,24.94
0.354088601,65.21,193.91,358.54,24.94
0.369917585,65.21,193.91,369.02,24.94
0.38576628,65.21,193.91,379.02,24.94
0.428389666,65.21,193.91,385.01,24.94
0.406510796,65.21,193.91,402.13,24.94
0.394968344,65.21,193.91,402.13,24.94
0.35896471,65.21,193.91,388.5,24.94
0.414962,65.21,193.91,380.04,24.94
0.413216565,65.21,193.91,360,24.94
0.410831376,65.21,193.91,295,24.94
0.349511762,65.21,193.91,251.8,24.94
0.351898743,65.21,193.91,297,24.94
0.360373244,65.21,193.91,343.1,24.94
0.374175443,65.21,193.91,404.32,24.94
0.484632464,65.21,193.91,459.99,24.94
0.485295514,65.21,193.91,505.94,24.94
0.479940935,65.21,193.91,517.2,24.94
0.370591387,65.21,193.91,484.94,24.94
0.354181787,65.21,193.91,451.26,24.94
0.34282929,65.21,193.91,400,24.94
0.334055521,65.21,193.91,347.09,24.94
0.335030384,65.21,194.45,355.48,24.94
0.336451462,65.21,194.45,355,24.94
0.342637543,65.21,194.45,349.9,24.94
0.348916809,65.21,194.45,353.39,24.94
0.361984277,65.21,194.45,389.05,24.94
0.380255794,65.21,194.45,466.11,24.94
0.422959821,65.21,194.45,502.68,24.94
0.404467884,65.21,194.45,502.29,24.94
0.391441633,65.21,194.45,458.97,24.94
0.34885588,65.21,194.45,405.02,24.94
0.405021621,65.21,194.45,359.35,24.94
0.405258169,65.21,194.45,351.33,24.94
0.404496557,65.21,194.45,329.91,24.94
0.34620547,65.21,194.45,336.94,24.94
0.348085308,65.21,194.45,344.22,24.94
0.354411166,65.21,194.45,385.97,24.94
0.364158007,65.21,194.45,471.71,24.94
0.466002541,65.21,194.45,515,24.94
0.471057852,65.21,194.45,540.64,24.94
0.474579187,65.21,194.45,515.64,24.94
0.379581992,65.21,194.45,443.31,24.94
0.371485609,65.21,194.45,369,24.94
0.363089958,65.21,194.45,344.74,24.94
0.356194234,65.21,194.45,345.06,24.94
0.352172924,65.21,186.644,294.93,24.94
0.353493648,65.21,186.644,282.3,24.94
0.364939331,65.21,186.644,295.04,24.94
0.381266498,65.21,186.644,302.86,24.94
0.407921122,65.21,186.644,338.74,24.94
0.433082987,65.21,186.644,421.1,24.94
0.482387053,65.21,186.644,447.28,24.94
0.451117957,65.21,186.644,461.19,24.94
0.426785801,65.21,186.644,449.78,24.94
0.380565815,65.21,186.644,422.29,24.94
0.426973964,65.21,186.644,429.55,24.94
0.42493822,65.21,186.644,335.95,24.94
0.4205818,65.21,186.644,325.35,24.94
0.367745647,65.21,186.644,331.05,24.94
0.366967907,65.21,186.644,344.96,24.94
0.364321081,65.21,186.644,364.53,24.94
0.3703638,65.21,186.644,450.11,24.94
0.483102072,65.21,186.644,503.46,24.94
0.506708457,65.21,186.644,520.95,24.94
0.525641232,65.21,186.644,521.15,24.94
0.435733396,65.21,186.644,459.13,24.94
0.434084731,65.21,186.644,425.21,24.94
0.439123913,65.21,186.644,344.91,24.94
0.438244028,65.21,186.644,345.08,24.94
0.434500481,65.21,189.042,329.47,24.94
0.43648784,65.21,189.042,339.9,24.94
0.439487695,65.21,189.042,335.64,24.94
0.450902913,65.21,189.042,343.29,24.94
0.460845085,65.21,189.042,377.77,24.94
0.473471714,65.21,189.042,468.6,24.94
0.502599337,65.21,189.042,506.06,24.94
0.468516756,65.21,189.042,571.51,24.94
0.432713829,65.21,189.042,545.08,24.94
0.383191136,65.21,189.042,505.76,24.94
0.438717123,65.21,189.042,503.5,24.94
0.434792582,65.21,189.042,485.02,24.94
0.434271102,65.21,189.042,454.41,24.94
0.370207893,65.21,189.042,435.15,24.94
0.371073443,65.21,189.042,448.28,24.94
0.372220341,65.21,189.042,485.94,24.94
0.380902716,65.21,189.042,502.08,24.94
0.47603969,65.21,189.042,550.97,24.94
0.486137768,65.21,189.042,630.25,24.94
0.481917542,65.21,189.042,540.31,24.94
0.389110204,65.21,189.042,460.34,24.94
0.384214384,65.21,189.042,421.71,24.94
0.380479798,65.21,189.042,353.41,24.94
0.380361524,65.21,189.042,391.63,24.94
0.380049711,65.21,210.517,338.77,24.94
0.387110301,65.21,210.517,317.25,24.94
0.394590226,65.21,210.517,301.87,24.94
0.401711745,65.21,210.517,271.99,24.94
0.408781296,65.21,210.517,322.58,24.94
0.416676971,65.21,210.517,450,24.94
0.462253619,65.21,210.517,465.56,24.94
0.452214678,65.21,210.517,500.1,24.94
0.441609456,65.21,210.517,470.74,24.94
0.394945047,65.21,210.517,420.61,24.94
0.447809873,65.21,210.517,375.02,24.94
0.438838981,65.21,210.517,330.87,24.94
0.431669077,65.21,210.517,302.5,24.94
0.371320743,65.21,210.517,297.03,24.94
0.376945918,65.21,210.517,260.82,24.94
0.378927901,65.21,210.517,274.7,24.94
0.388551092,65.21,210.517,366.08,24.94
0.506084831,65.21,210.517,457.8,24.94
0.518725796,65.21,210.517,464.19,24.94
0.534167702,65.21,210.517,460.33,24.94
0.438106041,65.21,210.517,405.79,24.94
0.449850993,65.21,210.517,364.46,24.94
0.453246886,65.21,210.517,254.09,24.94
0.454727101,65.21,210.517,182.6,24.94
0.453556907,65.21,212.864,163.73,24.94
0.45911757,65.21,212.864,140.92,24.94
0.464801882,65.21,212.864,138.26,24.94
0.469464739,65.21,212.864,142.59,24.94
0.464647768,65.21,212.864,211.52,24.94
0.465880683,65.21,212.864,354.1,24.94
0.50189507,65.21,212.864,421.07,24.94
0.502486439,65.21,212.864,446,24.94
0.48863227,65.21,212.864,333.78,24.94
0.437349806,65.21,212.864,190.32,24.94
0.478052137,69.55,212.864,111.86,24.94
0.4690239,71,212.864,80.95,24.94
0.463146048,71,212.864,67.84,24.94
0.402365835,71,212.864,38.19,24.94
0.401887364,71,212.864,43.97,24.94
0.407761632,71,212.864,83.09,24.94
0.426755336,71,212.864,149.92,24.94
0.533751951,71,212.864,313.75,24.94
0.542081297,71,212.864,363.93,24.94
0.538095827,71,212.864,350,24.94
0.436749476,71,212.864,219.56,24.94
0.425819898,71,212.864,160.86,24.94
0.416974447,71,212.864,119.91,24.94
0.409894145,71,212.864,92.62,24.94
0.409023219,71,170.953,80.24,24.94
0.405265337,71,170.953,71.17,24.94
0.408164838,71,170.953,80.2,24.94
0.41344236,71,170.953,71.11,24.94
0.431937881,71,170.953,72.69,24.94
0.44619884,71,170.953,82.24,24.94
0.497651547,71,170.953,86,24.94
0.477147163,71,170.953,97.88,24.94
0.4600548,71,170.953,74.03,24.94
0.401987717,71,170.953,79.55,24.94
0.454479801,71,170.953,60.06,24.94
0.456180436,71,170.953,43.92,24.94
0.458271732,71,170.953,5.09,24.94
0.399530847,71,170.953,7.13,24.94
0.397616961,71,170.953,2,24.94
0.402541454,71,170.953,35.18,24.94
0.407747295,71,170.953,66.72,24.94
0.521935319,71,170.953,104.5,24.94
0.524963846,71,170.953,144.33,24.94
0.531062117,71,170.953,106.36,24.94
0.437405359,71,170.953,72.68,24.94
0.438702787,71,170.953,70.42,24.94
0.434962824,71,170.953,44.28,24.94
0.426518789,71,170.953,26.62,24.94
0.419058576,71,170.953,27.06,24.94
0.416390246,71,170.953,22.19,24.94
0.413619771,71,170.953,27.17,24.94
0.421861308,71,170.953,34.02,24.94
0.435362447,71,170.953,31.59,24.94
0.448279384,71,170.953,22,24.94
0.480659538,71,170.953,60.05,24.94
0.452168085,71,170.953,74.57,24.94
0.435708308,71,170.953,67.95,24.94
0.390275023,71,170.953,72.55,24.94
0.437708211,71,170.953,72.46,24.94
0.438855109,71,170.953,68.49,24.94
0.438969799,71,170.953,35.37,24.94
0.386280592,71,170.953,20.02,24.94
0.380607032,71,170.953,33.97,24.94
0.387076253,71,170.953,47.93,24.94
0.401908868,71,170.953,81.73,24.94
0.514869352,71,170.953,182.5,24.94
0.523039208,71,170.953,201.92,24.94
0.527791666,71,170.953,214.68,24.94
0.428475683,71,170.953,182.75,24.94
0.424635367,71,170.953,149.5,24.94
0.414415432,71,170.953,113.28,24.94
0.408777711,71,170.953,83.82,24.94
0.405052085,71,171.008,97.02,24.94
0.416343654,71,171.008,84.28,24.94
0.421911485,71,171.008,83.89,24.94
0.427165711,71,171.008,98.33,24.94
0.440645345,71,171.008,169.4,24.94
0.457194724,71,171.008,344.87,24.94
0.48555715,71,171.008,400.03,24.94
0.457295077,71,171.008,415.38,24.94
0.434995081,71,171.008,355,24.94
0.39218174,71,171.008,325.98,24.94
0.443939093,71,171.008,230.69,24.94
0.446824258,71,171.008,190.78,24.94
0.451169925,71,171.008,153.35,24.94
0.395294493,71,171.008,170.13,24.94
0.399758435,71,171.008,215.41,24.94
0.402288778,71,171.008,228.15,24.94
0.41993667,71,171.008,350,24.94
0.526845475,71,171.008,407.43,24.94
0.536310967,71,171.008,442.05,24.94
0.534391705,71,171.008,420.05,24.94
0.435896471,71,171.008,375,24.94
0.432079451,71,171.008,342.68,24.94
0.419752091,71,171.008,296.69,24.94
0.41533295,71,171.008,261.77,24.94
0.413666364,71,164.889,260.1,24.94
0.415198548,71,164.889,275.39,24.94
0.41416634,71,164.889,262.47,24.94
0.418899086,71,164.889,260.1,24.94
0.440032472,71,164.889,278.3,24.94
0.456644571,71,164.889,375,24.94
0.504561607,71,164.889,433,24.94
0.484723857,71,164.889,440.76,24.94
0.475980553,71,164.889,401.65,24.94
0.426730248,71,164.889,364.15,24.94
0.48131542,71,164.889,344.3,24.94
0.472462802,71,164.889,318.48,24.94
0.464604759,71,164.889,306.78,24.94
0.396905526,71,164.889,308.31,24.94
0.399758435,71,164.889,325.61,24.94
0.410992658,71,164.889,355.69,24.94
0.433070443,71,164.889,420.7,24.94
0.544280115,71,164.889,469.05,24.94
0.562284621,71,164.889,580.61,24.94
0.57463707,71,164.889,508.1,24.94
0.489184215,71,164.889,429.9,24.94
0.492040708,71,164.889,388.2,24.94
0.489182423,71,164.889,353.78,24.94
0.49118591,71,164.889,310.3,24.94
0.499389814,71,170.398,299.58,24.94
0.500726667,71,170.398,299.54,24.94
0.501120914,71,170.398,299.58,24.94
0.498427495,71,170.398,297.28,24.94
0.505165521,71,170.398,340.94,24.94
0.507849979,71,170.398,427.01,24.94
0.535898801,71,170.398,534.75,24.94
0.507235313,71,170.398,527.71,24.94
0.485858211,71,170.398,429.07,24.94
0.441401581,71,170.398,358.15,24.94
0.486761393,71,170.398,321.62,24.94
0.475331839,71,170.398,298.37,24.94
0.469846441,71,170.398,302.26,24.94
0.408824304,71,170.398,311.38,24.94
0.413664572,71,170.398,331.88,24.94
0.426556421,71,170.398,364.32,24.94
0.434539906,71,170.398,406.74,24.94
0.533923986,71,170.398,470,24.94
0.537540298,71,170.398,574.51,24.94
0.533040516,71,170.398,490.53,24.94
0.448698719,71,170.398,403.66,24.94
0.444186392,71,170.398,370,24.94
0.443994645,71,170.398,349.39,24.94
0.436425119,71,170.398,373.07,24.94
0.435788949,71,185.602,339.41,24.94
0.43417254,71,185.602,330.08,24.94
0.434082939,71,185.602,310.94,24.94
0.43506497,71,185.602,322.2,24.94
0.442664961,71,185.602,360,24.94
0.444856611,71,185.602,435.1,24.94
0.486824114,71,185.602,536.03,24.94
0.479897926,71,185.602,498.8,24.94
0.479116602,71,185.602,387.88,24.94
0.430885961,71,185.602,333.9,24.94
0.472774615,71,185.602,301,24.94
0.46668172,71,185.602,294.36,24.94
0.466448756,71,185.602,275.84,24.94
0.404442796,71,185.602,288.07,24.94
0.404639919,71,185.602,310.94,24.94
0.402743953,71,185.602,376.92,24.94
0.412517674,71,185.602,437.74,24.94
0.525605392,71,185.602,493.68,24.94
0.537434569,71,185.602,600,24.94
0.537900496,71,185.602,510,24.94
0.431669077,71,185.602,418.38,24.94
0.420974254,71,185.602,396.34,24.94
0.413157428,71,185.602,378.69,24.94
0.408077029,71,185.602,352.56,24.94
0.403485853,71,175.829,320.23,24.94
0.401075575,71,175.829,312.58,24.94
0.397724483,71,175.829,300.48,24.94
0.400398189,71,175.829,303.12,24.94
0.403353243,71,175.829,324.57,24.94
0.416178787,71,175.829,410.66,24.94
0.466386035,71,175.829,455.29,24.94
0.472882137,71,175.829,424.57,24.94
0.471434178,71,175.829,376.02,24.94
0.429864505,71,175.829,350.92,24.94
0.478206252,68.42,175.829,338.56,24.94
0.465384291,67.56,175.829,318.16,24.94
0.460477719,67.56,175.829,295.3,24.94
0.414040898,67.56,175.829,324.92,24.94
0.418386566,67.56,175.829,330.76,24.94
0.42390422,67.56,175.829,372.14,24.94
0.443797522,67.56,175.829,422.09,24.94
0.547616872,67.56,175.829,460.13,24.94
0.559865383,67.56,175.829,473.02,24.94
0.550432148,67.56,175.829,435.61,24.94
0.469308833,67.56,175.829,395.48,24.94
0.466359155,67.56,175.829,381.86,24.94
0.466371699,67.56,175.829,360.93,24.94
0.456406231,67.56,175.829,377.94,24.94
0.454669756,67.56,167.866,344.12,24.94
0.455807694,67.56,167.866,312.03,24.94
0.459605001,67.56,167.866,307.23,24.94
0.46992529,67.56,167.866,306.29,24.94
0.484508814,67.56,167.866,312.74,24.94
0.508923403,67.56,167.866,345.2,24.94
0.552985787,67.56,167.866,371.78,24.94
0.52819308,67.56,167.866,370.66,24.94
0.502070688,67.56,167.866,375.15,24.94
0.451392137,67.56,167.866,369.93,24.94
0.495972417,67.56,167.866,363.49,24.94
0.492632077,67.56,167.866,330,24.94
0.481080665,67.56,167.866,298.29,24.94
0.418684042,67.56,167.866,299,24.94
0.41902632,67.56,167.866,317.11,24.94
0.43350949,67.56,167.866,357,24.94
0.451107204,67.56,167.866,374.47,24.94
0.566440334,67.56,167.866,409.63,24.94
0.577715774,67.56,167.866,427.76,24.94
0.572311017,67.56,167.866,407.68,24.94
0.471043516,67.56,167.866,371.55,24.94
0.460070928,67.56,167.866,362.73,24.94
0.452594588,67.56,167.866,314.97,24.94
0.446827842,67.56,167.866,268.66,24.94
0.442996486,67.56,167.866,230,24.94
0.436055961,67.56,167.866,215.24,24.94
0.436555937,67.56,167.866,215.16,24.94
0.440102361,67.56,167.866,194.4,24.94
0.459569161,67.56,167.866,197.6,24.94
0.480741971,67.56,167.866,228.14,24.94
0.520064441,67.56,167.866,239.9,24.94
0.490632174,67.56,167.866,278.74,24.94
0.467224704,67.56,167.866,291.6,24.94
0.416200291,67.56,167.866,271.97,24.94
0.460185618,67.56,167.866,277,24.94
0.451164549,67.56,167.866,266.48,24.94
0.443765266,67.56,167.866,238.34,24.94
0.386617493,67.56,167.866,211.34,24.94
0.385979531,67.56,167.866,218.59,24.94
0.390577875,67.56,167.866,266.2,24.94
0.400263787,67.56,167.866,328.13,24.94
0.514632805,67.56,167.866,380.09,24.94
0.53548305,67.56,167.866,412.03,24.94
0.551804841,67.56,167.866,393.92,24.94
0.463764298,67.56,167.866,369.97,24.94
0.468719256,67.56,167.866,348.17,24.94
0.459676682,67.56,167.866,294.43,24.94
0.461741099,67.56,167.866,248.77,24.94
0.464706905,67.56,169.689,179.85,24.94
0.468308881,67.56,169.689,156.84,24.94
0.46864399,67.56,169.689,121.24,24.94
0.477734948,67.56,169.689,98.22,24.94
0.493787935,67.56,169.689,155.92,24.94
0.512179518,67.56,169.689,244.59,24.94
0.540179955,67.56,169.689,333.89,24.94
0.495221557,67.56,169.689,329.99,24.94
0.458158835,67.56,169.689,291.5,24.94
0.397785412,67.56,169.689,259.75,24.94
0.445682736,67.56,169.689,217.48,24.94
0.436061338,67.56,169.689,162.98,24.94
0.436256669,67.56,169.689,173.93,24.94
0.369836943,67.56,169.689,154.25,24.94
0.368758143,67.56,169.689,165.24,24.94
0.369928337,67.56,169.689,197.39,24.94
0.393742597,67.56,169.689,309.08,24.94
0.512188478,67.56,169.689,389.01,24.94
0.533139077,67.56,169.689,419.01,24.94
0.53521783,67.56,169.689,396.58,24.94
0.441808371,67.56,169.689,329.7,24.94
0.43585167,67.56,169.689,303.08,24.94
0.433213805,67.56,169.689,263.91,24.94
0.426368258,67.56,169.689,190.95,24.94
0.429093933,67.56,166.093,180.24,24.94
0.434556034,67.56,166.093,169.8,24.94
0.441630961,67.56,166.093,151.3,24.94
0.446786625,67.56,166.093,167.35,24.94
0.462402357,67.56,166.093,209.97,24.94
0.478781493,67.56,166.093,327.48,24.94
0.513421394,67.56,166.093,415.95,24.94
0.479046713,67.56,166.093,443.51,24.94
0.456909791,67.56,166.093,412.29,24.94
0.40251099,67.56,166.093,366.86,24.94
0.447589454,67.56,166.093,351.37,24.94
0.444055574,67.56,166.093,301.37,24.94
0.444093207,67.56,166.093,293.27,24.94
0.391251678,67.56,166.093,288.65,24.94
0.398539856,67.56,166.093,295.21,24.94
0.417148274,67.56,166.093,308.29,24.94
0.432181597,67.56,166.093,365.3,24.94
0.53690592,67.56,166.093,381.5,24.94
0.54402744,67.56,166.093,418.99,24.94
0.554544852,67.56,166.093,400.52,24.94
0.465909356,67.56,166.093,351.43,24.94
0.459848717,67.56,166.093,333.69,24.94
0.450947714,67.56,166.093,319.71,24.94
0.442813699,67.56,166.093,306.42,24.94
0.434867847,67.56,189.562,275.78,24.94
0.429988155,67.56,189.562,245.94,24.94
0.427896858,67.56,189.562,242.98,24.94
0.432486242,67.56,189.562,273.77,24.94
0.446940739,67.56,189.562,307.13,24.94
0.465925484,67.56,189.562,383.17,24.94
0.509776409,67.56,189.562,472.63,24.94
0.488616142,67.56,189.562,500.38,24.94
0.469767592,67.56,189.562,429.91,24.94
0.41832026,67.56,189.562,409.97,24.94
0.470133166,67.56,189.562,394.6,24.94
0.471625925,67.56,189.562,353.76,24.94
0.474030826,67.56,189.562,346.45,24.94
0.420528039,67.56,189.562,331.8,24.94
0.425662199,67.56,189.562,357.91,24.94
0.429911097,67.56,189.562,384.98,24.94
0.441835252,67.56,189.562,435.59,24.94
0.545222722,67.56,189.562,510.79,24.94
0.551093406,67.56,189.562,640.42,24.94
0.546303315,67.56,189.562,510,24.94
0.443392524,67.56,189.562,419.99,24.94
0.442842371,67.56,189.562,372.61,24.94
0.438394558,67.56,189.562,361.8,24.94
0.436215452,67.56,189.562,351.45,24.94
0.436362398,67.56,200.991,336.51,24.94
0.440059352,67.56,200.991,326.14,24.94
0.444394268,67.56,200.991,315.19,24.94
0.454728893,67.56,200.991,320,24.94
0.462959678,67.56,200.991,345.53,24.94
0.470398386,67.56,200.991,440.07,24.94
0.510946603,67.56,200.991,569.93,24.94
0.512668742,67.56,200.991,583.44,24.94
0.509337362,67.56,200.991,478.2,24.94
0.455693004,67.56,200.991,443.38,24.94
0.50168361,67.56,200.991,377.86,24.94
0.491768319,67.56,200.991,394.98,24.94
0.486865331,67.56,200.991,344.25,24.94
0.428020508,67.56,200.991,335.99,24.94
0.427276816,67.56,200.991,368.94,24.94
0.430746183,67.56,200.991,389.75,24.94
0.434803334,67.56,200.991,445.01,24.94
0.538015186,67.56,200.991,523.19,24.94
0.542660122,67.56,200.991,605,24.94
0.548333683,67.56,200.991,520,24.94
0.449773936,67.56,200.991,424.99,24.94
0.450383225,67.56,200.991,397.03,24.94
0.44929188,67.56,200.991,374.46,24.94
0.445082406,67.56,200.991,349.44,24.94
0.440374749,67.56,184.858,336.1,24.94
0.439365837,67.56,184.858,325.03,24.94
0.433025642,67.56,184.858,322.42,24.94
0.428835881,67.56,184.858,324.8,24.94
0.427011596,67.56,184.858,348.44,24.94
0.436842662,67.56,184.858,429.99,24.94
0.481148762,67.56,184.858,524,24.94
0.483569791,67.56,184.858,538.92,24.94
0.479591489,67.56,184.858,431.37,24.94
0.436552353,67.56,184.858,376.35,24.94
0.490712815,67.04,184.858,334.17,24.94
0.490678766,66.87,184.858,279.01,24.94
0.490725359,66.87,184.858,252.2,24.94
0.436283549,66.87,184.858,200.03,24.94
0.445926452,66.87,184.858,195.36,24.94
0.453574827,66.87,184.858,218.23,24.94
0.461370149,66.87,184.858,306.61,24.94
0.556908537,66.87,184.858,365.85,24.94
0.557560835,66.87,184.858,356.73,24.94
0.559308062,66.87,184.858,308.23,24.94
0.461897005,66.87,184.858,192.44,24.94
0.449562476,66.87,184.858,164,24.94
0.437632946,66.87,184.858,91.95,24.94
0.430041916,66.87,184.858,64.41,24.94
0.427011596,66.87,164.578,63.59,24.94
0.421818299,66.87,164.578,50,24.94
0.420115873,66.87,164.578,21.48,24.94
0.427568917,66.87,164.578,16.91,24.94
0.452453018,66.87,164.578,15.03,24.94
0.482924661,66.87,164.578,15.02,24.94
0.524754179,66.87,164.578,23.84,24.94
0.498509929,66.87,164.578,45.02,24.94
0.471681478,66.87,164.578,73.05,24.94
0.424991981,66.87,164.578,109.85,24.94
0.476593426,66.87,164.578,106.77,24.94
0.470837433,66.87,164.578,90,24.94
0.461823532,66.87,164.578,74.04,24.94
0.402577295,66.87,164.578,66.16,24.94
0.404613038,66.87,164.578,66.9,24.94
0.412524842,66.87,164.578,69.82,24.94
0.422834379,66.87,164.578,137.8,24.94
0.532947331,66.87,164.578,169.32,24.94
0.536995522,66.87,164.578,195.77,24.94
0.539226597,66.87,164.578,180.27,24.94
0.442288635,66.87,164.578,144.9,24.94
0.431918169,66.87,164.578,110.29,24.94
0.418058624,66.87,164.578,77.45,24.94
0.408609261,66.87,164.578,64.54,24.94
0.40870603,66.87,164.578,64.04,24.94
0.411227414,66.87,164.578,58.24,24.94
0.413479993,66.87,164.578,61.95,24.94
0.41827546,66.87,164.578,59.19,24.94
0.434371455,66.87,164.578,59.53,24.94
0.456727004,66.87,164.578,59.38,24.94
0.50639306,66.87,164.578,59.17,24.94
0.483014263,66.87,164.578,85.03,24.94
0.463314499,66.87,164.578,92,24.94
0.409223926,66.87,164.578,74.15,24.94
0.461190946,66.87,164.578,62.08,24.94
0.457407975,66.87,164.578,57.47,24.94
0.461178402,66.87,164.578,56.37,24.94
0.405281465,66.87,164.578,64.55,24.94
0.405605822,66.87,164.578,67.01,24.94
0.411566107,66.87,164.578,91.36,24.94
0.429941562,66.87,164.578,192.05,24.94
0.537425608,66.87,164.578,280,24.94
0.548942972,66.87,164.578,311.72,24.94
0.554098637,66.87,164.578,289.98,24.94
0.455612363,66.87,164.578,230.47,24.94
0.442032375,66.87,164.578,162.7,24.94
0.433439601,66.87,164.578,150.92,24.94
0.42069649,66.87,164.578,80.84,24.94
0.411306263,66.87,164.097,94.04,24.94
0.404894387,66.87,164.097,82.92,24.94
0.406236616,66.87,164.097,84.27,24.94
0.416306021,66.87,164.097,95.21,24.94
0.432670821,66.87,164.097,126.95,24.94
0.459829005,66.87,164.097,192.68,24.94
0.504242626,66.87,164.097,279.94,24.94
0.471434178,66.87,164.097,304.1,24.94
0.448643166,66.87,164.097,243.02,24.94
0.400036199,66.87,164.097,193.73,24.94
0.455562186,66.87,164.097,117.1,24.94
0.453852591,66.87,164.097,100,24.94
0.449944178,66.87,164.097,121.96,24.94
0.393604611,66.87,164.097,83.43,24.94
0.398374989,66.87,164.097,140.3,24.94
0.410786575,66.87,164.097,204.07,24.94
0.426665735,66.87,164.097,322.59,24.94
0.539231973,66.87,164.097,391.11,24.94
0.54613128,66.87,164.097,466.62,24.94
0.555431906,66.87,164.097,379.85,24.94
0.453103524,66.87,164.097,321.3,24.94
0.447175495,66.87,164.097,318.42,24.94
0.436048793,66.87,164.097,279.93,24.94
0.427947035,66.87,164.097,205.48,24.94
0.422561991,66.87,140.882,188.59,24.94
0.419413398,66.87,140.882,187.67,24.94
0.417741435,66.87,140.882,169.1,24.94
0.425155055,66.87,140.882,187.69,24.94
0.444534046,66.87,140.882,196.92,24.94
0.469468323,66.87,140.882,329.97,24.94
0.525478158,66.87,140.882,427.5,24.94
0.506540006,66.87,140.882,497.39,24.94
0.487245241,66.87,140.882,317.09,24.94
0.437469872,66.87,140.882,258.9,24.94
0.479960647,66.87,140.882,217.24,24.94
0.474942969,66.87,140.882,161.91,24.94
0.468869786,66.87,140.882,150.69,24.94
0.411101972,66.87,140.882,140.07,24.94
0.410670093,66.87,140.882,144.08,24.94
0.417870461,66.87,140.882,182.98,24.94
0.428730151,66.87,140.882,261.1,24.94
0.535601324,66.87,140.882,376.44,24.94
0.543402022,66.87,140.882,447.11,24.94
0.539140579,66.87,140.882,319.09,24.94
0.432192349,66.87,140.882,229.25,24.94
0.419621273,66.87,140.882,176.97,24.94
0.40768099,66.87,140.882,138.12,24.94
0.402127496,66.87,140.882,139.99,24.94
0.402885523,66.87,107.251,103.36,24.94
0.408428266,66.87,107.251,96.27,24.94
0.413517625,66.87,107.251,89.09,24.94
0.421968829,66.87,107.251,109.9,24.94
0.442534143,66.87,107.251,82.67,24.94
0.465447012,66.87,107.251,178,24.94
0.506855403,66.87,107.251,226.24,24.94
0.484084103,66.87,107.251,225,24.94
0.456999393,66.87,107.251,190.5,24.94
0.404036005,66.87,107.251,107.23,24.94
0.446774081,66.87,107.251,58.01,24.94
0.442973189,66.87,107.251,36.23,24.94
0.440462558,66.87,107.251,3.91,24.94
0.390726614,66.87,107.251,0.38,24.94
0.397835589,66.87,107.251,12.46,24.94
0.412528426,66.87,107.251,59.83,24.94
0.424216033,66.87,107.251,112.43,24.94
0.526048023,66.87,107.251,183.75,24.94
0.526644768,66.87,107.251,170.06,24.94
0.530191191,66.87,107.251,108.51,24.94
0.439141834,66.87,107.251,63.84,24.94
0.430660165,66.87,107.251,63.92,24.94
0.422504646,66.87,107.251,54.98,24.94
0.421795003,66.87,107.251,0.93,24.94
0.415899231,66.87,91.862,0.39,24.94
0.409535739,66.87,91.862,0.1,24.94
0.403320986,66.87,91.862,0.49,24.94
0.399441246,66.87,91.862,0.5,24.94
0.404258217,66.87,91.862,36.01,24.94
0.411768606,66.87,91.862,90.1,24.94
0.460900637,66.87,91.862,148.09,24.94
0.473184989,66.87,91.862,149.11,24.94
0.478831669,66.87,91.862,72.97,24.94
0.448071509,66.87,91.862,62.9,24.94
0.500963215,66.87,91.862,9.23,24.94
0.485924516,66.87,91.862,8.54,24.94
0.475489537,66.87,91.862,9.04,24.94
0.410073348,66.87,91.862,33.29,24.94
0.413678908,66.87,91.862,61.25,24.94
0.425224944,66.87,91.862,72.65,24.94
0.433124204,66.87,91.862,190.83,24.94
0.537226693,66.87,91.862,297.27,24.94
0.531452779,66.87,91.862,360.08,24.94
0.529649999,66.87,91.862,274.09,24.94
0.424049374,66.87,91.862,190.56,24.94
0.416067681,66.87,91.862,175.38,24.94
0.411446041,66.87,91.862,175.37,24.94
0.409387001,66.87,91.862,178.95,24.94
0.40457899,66.87,122.21,145.4,24.94
0.400661617,66.87,122.21,145.73,24.94
0.403062934,66.87,122.21,148.52,24.94
0.407566301,66.87,122.21,151,24.94
0.421436597,66.87,122.21,172.83,24.94
0.43544488,66.87,122.21,209.57,24.94
0.491304184,66.87,122.21,301.66,24.94
0.503663801,66.87,122.21,250.11,24.94
0.506174432,66.87,122.21,188.96,24.94
0.468072333,66.87,122.21,160.65,24.94
0.510977067,67.36,122.21,76.4,24.94
0.504737226,67.52,122.21,66.64,24.94
0.49565702,67.52,122.21,64.02,24.94
0.427647766,67.52,122.21,64.9,24.94
0.417822077,67.52,122.21,72.71,24.94
0.422628296,67.52,122.21,143.89,24.94
0.433679732,67.52,122.21,205.28,24.94
0.544394805,67.52,122.21,252.56,24.94
0.563664482,67.52,122.21,289.47,24.94
0.573244664,67.52,122.21,197.57,24.94
0.482223978,67.52,122.21,155.02,24.94
0.479302973,67.52,122.21,169.49,24.94
0.473199325,67.52,122.21,122.03,24.94
0.466812538,67.52,122.21,131.32,24.94
0.46978372,67.52,117.656,114.67,24.94
0.462922045,67.52,117.656,117.62,24.94
0.458262772,67.52,117.656,121.91,24.94
0.45898496,67.52,117.656,119.99,24.94
0.471124157,67.52,117.656,130.05,24.94
0.49093861,67.52,117.656,116.89,24.94
0.539988208,67.52,117.656,142.86,24.94
0.518731173,67.52,117.656,167.72,24.94
0.497517145,67.52,117.656,191.09,24.94
0.441591536,67.52,117.656,165.29,24.94
0.490184167,67.52,117.656,106.03,24.94
0.482073448,67.52,117.656,68.36,24.94
0.470765751,67.52,117.656,49.58,24.94
0.405935555,67.52,117.656,45.91,24.94
0.40609863,67.52,117.656,78.34,24.94
0.410836752,67.52,117.656,76.42,24.94
0.422142656,67.52,117.656,166.4,24.94
0.527997749,67.52,117.656,244.64,24.94
0.525268491,67.52,117.656,302.03,24.94
0.528768321,67.52,117.656,229.95,24.94
0.431550803,67.52,117.656,231.06,24.94
0.417773692,67.52,117.656,189.32,24.94
0.41178115,67.52,117.656,180.66,24.94
0.403582622,67.52,117.656,216.13,24.94
0.3957425,67.52,117.656,195.02,24.94
0.389907657,67.52,117.656,189.41,24.94
0.389146045,67.52,117.656,162.1,24.94
0.390085068,67.52,117.656,141.95,24.94
0.406967763,67.52,117.656,147.12,24.94
0.422350531,67.52,117.656,153,24.94
0.471387585,67.52,117.656,195.68,24.94
0.451024771,67.52,117.656,196.7,24.94
0.433989753,67.52,117.656,150.85,24.94
0.38688809,67.52,117.656,116,24.94
0.438435775,67.52,117.656,87.69,24.94
0.436340894,67.52,117.656,60.1,24.94
0.431436113,67.52,117.656,51.6,24.94
0.372940736,67.52,117.656,56.51,24.94
0.374992608,67.52,117.656,80.09,24.94
0.378664473,67.52,117.656,132.38,24.94
0.386124686,67.52,117.656,183.08,24.94
0.494936625,67.52,117.656,198.84,24.94
0.503785659,67.52,117.656,258.74,24.94
0.506903788,67.52,117.656,178.58,24.94
0.407057365,67.52,117.656,147.61,24.94
0.398070344,67.52,117.656,122.35,24.94
0.391432673,67.52,117.656,99.86,24.94
0.387448994,67.52,117.656,69.37,24.94
0.388321712,67.52,119.323,70.87,24.94
0.386558356,67.52,119.323,70.83,24.94
0.38498854,67.52,119.323,70.89,24.94
0.385567365,67.52,119.323,80.67,24.94
0.405102262,67.52,119.323,141.4,24.94
0.423682008,67.52,119.323,167.79,24.94
0.475254782,67.52,119.323,227.26,24.94
0.453969073,67.52,119.323,266.36,24.94
0.43978338,67.52,119.323,217.18,24.94
0.394995224,67.52,119.323,165.03,24.94
0.443111176,67.52,119.323,160.58,24.94
0.436152731,67.52,119.323,133.46,24.94
0.437373102,67.52,119.323,131.08,24.94
0.383802217,67.52,119.323,131.17,24.94
0.386870169,67.52,119.323,139.37,24.94
0.399581024,67.52,119.323,158.86,24.94
0.417852541,67.52,119.323,210.58,24.94
0.528243257,67.52,119.323,247.81,24.94
0.526037271,67.52,119.323,276.74,24.94
0.522567904,67.52,119.323,227.97,24.94
0.423316435,67.52,119.323,197.78,24.94
0.421687481,67.52,119.323,167.77,24.94
0.413245237,67.52,119.323,159.34,24.94
0.410383369,67.52,119.323,155,24.94
0.412180773,67.52,105.449,174.3,24.94
0.418205571,67.52,105.449,174.3,24.94
0.421841595,67.52,105.449,171.54,24.94
0.436091802,67.52,105.449,170.13,24.94
0.454922432,67.52,105.449,169.2,24.94
0.493408025,67.52,105.449,253.98,24.94
0.549147263,67.52,105.449,299.91,24.94
0.533958034,67.52,105.449,348.98,24.94
0.503905725,67.52,105.449,300.72,24.94
0.444505373,67.52,105.449,258.72,24.94
0.484566159,67.52,105.449,239.35,24.94
0.474894584,67.52,105.449,206.75,24.94
0.467170943,67.52,105.449,203.35,24.94
0.417141106,67.52,105.449,207.92,24.94
0.427187215,67.52,105.449,225.26,24.94
0.444810018,67.52,105.449,258.95,24.94
0.463656776,67.52,105.449,323.9,24.94
0.576507947,67.52,105.449,442.72,24.94
0.594417474,67.52,105.449,484.75,24.94
0.602624963,67.52,105.449,351.65,24.94
0.511729719,67.52,105.449,295.02,24.94
0.505095632,67.52,105.449,262.03,24.94
0.495692861,67.52,105.449,258.54,24.94
0.497097811,67.52,105.449,236.57,24.94
0.500647818,67.52,106.853,222.21,24.94
0.501486487,67.52,106.853,207.56,24.94
0.509702936,67.52,106.853,198.99,24.94
0.515053931,67.52,106.853,219.9,24.94
0.527293482,67.52,106.853,240.68,24.94
0.542486295,67.52,106.853,307.75,24.94
0.58749487,67.52,106.853,480.12,24.94
0.570094279,67.52,106.853,479.3,24.94
0.537246406,67.52,106.853,334.03,24.94
0.473690341,67.52,106.853,283.73,24.94
0.50934453,67.52,106.853,232.08,24.94
0.498180196,67.52,106.853,213.64,24.94
0.485610911,67.52,106.853,217.9,24.94
0.426395139,67.52,106.853,217.58,24.94
0.437339053,67.52,106.853,224.31,24.94
0.456019153,67.52,106.853,241.53,24.94
0.474066667,67.52,106.853,295.09,24.94
0.590858507,67.52,106.853,378.4,24.94
0.59427232,67.52,106.853,479.97,24.94
0.596716646,67.52,106.853,324.38,24.94
0.495628348,67.52,106.853,273.02,24.94
0.489322201,67.52,106.853,243.55,24.94
0.489712863,67.52,106.853,228.57,24.94
0.495936577,67.52,106.853,218.66,24.94
0.505179857,67.52,105.416,210,24.94
0.517691796,67.52,105.416,193.8,24.94
0.519127211,67.52,105.416,182.96,24.94
0.523046376,67.52,105.416,195.02,24.94
0.533495691,67.52,105.416,218.46,24.94
0.542075921,67.52,105.416,257.47,24.94
0.587518167,67.52,105.416,285.81,24.94
0.588668649,67.52,105.416,332.53,24.94
0.574379018,67.52,105.416,301.56,24.94
0.524177146,67.52,105.416,280.05,24.94
0.556137965,67.52,105.416,277.7,24.94
0.539832302,67.52,105.416,262.7,24.94
0.527189545,67.52,105.416,254.99,24.94
0.461751851,67.52,105.416,255,24.94
0.462178353,67.52,105.416,263.58,24.94
0.475441152,67.52,105.416,267.05,24.94
0.495814719,67.52,105.416,292.35,24.94
0.609586991,67.52,105.416,319.66,24.94
0.621271014,67.52,105.416,343.7,24.94
0.63151783,67.52,105.416,290.1,24.94
0.535346856,67.52,105.416,248.54,24.94
0.531721583,67.52,105.416,225.19,24.94
0.529746769,67.52,105.416,202.06,24.94
0.525739794,67.52,105.416,231.32,24.94
0.522996199,67.52,98.389,219.6,24.94
0.513430354,67.52,98.389,212.12,24.94
0.504058047,67.52,98.389,211.62,24.94
0.497377367,67.52,98.389,218.92,24.94
0.496615755,67.52,98.389,229.49,24.94
0.502289316,67.52,98.389,278.37,24.94
0.548726137,67.52,98.389,350,24.94
0.552168623,67.52,98.389,412.65,24.94
0.552638134,67.52,98.389,327.39,24.94
0.496997457,67.52,98.389,297.26,24.94
0.53729479,67.66,98.389,282.41,24.94
0.522343901,67.7,98.389,262.01,24.94
0.512462659,67.7,98.389,238.37,24.94
0.448786528,67.7,98.389,221.42,24.94
0.450560636,67.7,98.389,242.69,24.94
0.459768076,67.7,98.389,258.6,24.94
0.467977356,67.7,98.389,274,24.94
0.573275128,67.7,98.389,290,24.94
0.576925489,67.7,98.389,299.3,24.94
0.578190661,67.7,98.389,266.99,24.94
0.483155833,67.7,98.389,217.94,24.94
0.47371543,67.7,98.389,220.03,24.94
0.457406183,67.7,98.389,193,24.94
0.432971881,67.7,98.389,191.76,24.94
0.42867639,67.7,70.556,174,24.94
0.425536757,67.7,70.556,163.8,24.94
0.425943548,67.7,70.556,144.74,24.94
0.425595894,67.7,70.556,139.9,24.94
0.452834719,67.7,70.556,133.36,24.94
0.48155376,67.7,70.556,147.49,24.94
0.534968738,67.7,70.556,159.44,24.94
0.514170461,67.7,70.556,186.62,24.94
0.487996101,67.7,70.556,199.33,24.94
0.436801445,67.7,70.556,185.09,24.94
0.489942243,67.7,70.556,160,24.94
0.501739163,67.7,70.556,144.91,24.94
0.505824987,67.7,70.556,136.57,24.94
0.452599964,67.7,70.556,118.78,24.94
0.454943936,67.7,70.556,120,24.94
0.476417808,67.7,70.556,133.21,24.94
0.498260837,67.7,70.556,169.45,24.94
0.614138742,67.7,70.556,184.83,24.94
0.608147993,67.7,70.556,195.73,24.94
0.612396891,67.7,70.556,158.04,24.94
0.523157482,67.7,70.556,143.39,24.94
0.518983848,67.7,70.556,140.08,24.94
0.509658135,67.7,70.556,128.71,24.94
0.505823195,67.7,70.556,76.54,24.94
0.510894634,67.7,70.556,67.9,24.94
0.519326126,67.7,70.556,65.99,24.94
0.522021336,67.7,70.556,69.44,24.94
0.528642879,67.7,70.556,79.12,24.94
0.544436022,67.7,70.556,75.55,24.94
0.565169786,67.7,70.556,71.4,24.94
0.606812932,67.7,70.556,75.95,24.94
0.567257498,67.7,70.556,87.58,24.94
0.533855889,67.7,70.556,84.83,24.94
0.46913859,67.7,70.556,75.32,24.94
0.511337265,67.7,70.556,67.51,24.94
0.506380516,67.7,70.556,51.01,24.94
0.496096067,67.7,70.556,12.49,24.94
0.442251002,67.7,70.556,16.74,24.94
0.449917298,67.7,70.556,64.99,24.94
0.465662056,67.7,70.556,75.44,24.94
0.481177434,67.7,70.556,168.01,24.94
0.595383378,67.7,70.556,195.27,24.94
0.601363375,67.7,70.556,222.87,24.94
0.610221369,67.7,70.556,177.16,24.94
0.511070253,67.7,70.556,144.96,24.94
0.517887127,67.7,70.556,140.04,24.94
0.510075677,67.7,70.556,134.55,24.94
0.511966267,67.7,70.556,128.31,24.94
0.512803144,67.7,72.295,114.41,24.94
0.520057273,67.7,72.295,105.65,24.94
0.518655907,67.7,72.295,89.64,24.94
0.51691764,67.7,72.295,86.14,24.94
0.536556475,67.7,72.295,108.44,24.94
0.560256045,67.7,72.295,129.28,24.94
0.60601548,67.7,72.295,158.64,24.94
0.576165669,67.7,72.295,182.42,24.94
0.550362258,67.7,72.295,161.1,24.94
0.493884705,67.7,72.295,128.32,24.94
0.527986997,67.7,72.295,128.92,24.94
0.510339105,67.7,72.295,117.49,24.94
0.501794716,67.7,72.295,117.64,24.94
0.447195207,67.7,72.295,123.27,24.94
0.460182034,67.7,72.295,139.38,24.94
0.475890952,67.7,72.295,169.71,24.94
0.506683368,67.7,72.295,222.32,24.94
0.617190566,67.7,72.295,266.23,24.94
0.624123922,67.7,72.295,272.22,24.94
0.619914449,67.7,72.295,229.93,24.94
0.532719743,67.7,72.295,175.42,24.94
0.526374172,67.7,72.295,162.65,24.94
0.52074362,67.7,72.295,145.02,24.94
0.512792392,67.7,72.295,141.64,24.94
0.509201168,67.7,62.112,135.71,24.94
0.504253378,67.7,62.112,140.35,24.94
0.506953965,67.7,62.112,139.95,24.94
0.51565426,67.7,62.112,150.3,24.94
0.532605053,67.7,62.112,149.51,24.94
0.564569456,67.7,62.112,198.47,24.94
0.616341145,67.7,62.112,258.73,24.94
0.593766968,67.7,62.112,277.3,24.94
0.566300555,67.7,62.112,242.16,24.94
0.513862232,67.7,62.112,201.96,24.94
0.561352766,67.7,62.112,180.01,24.94
0.559060762,67.7,62.112,167.15,24.94
0.551969708,67.7,62.112,152.92,24.94
0.485336731,67.7,62.112,145.93,24.94
0.484616336,67.7,62.112,153.57,24.94
0.506307042,67.7,62.112,158.83,24.94
0.534540443,67.7,62.112,219.78,24.94
0.670636009,67.7,62.112,245.16,24.94
0.696781697,67.7,62.112,251.43,24.94
0.718855898,67.7,62.112,201.05,24.94
0.628856668,67.7,62.112,167.09,24.94
0.624498456,67.7,62.112,163.29,24.94
0.611629903,67.7,62.112,153.92,24.94
0.603657171,67.7,62.112,131.62,24.94
0.600737957,67.7,60.722,125.18,24.94
0.59489057,67.7,60.722,121.42,24.94
0.595295568,67.7,60.722,125.12,24.94
0.601366959,67.7,60.722,133.18,24.94
0.619527371,67.7,60.722,148.6,24.94
0.638599924,67.7,60.722,169.43,24.94
0.677578325,67.7,60.722,240.65,24.94
0.647714179,67.7,60.722,247.74,24.94
0.620057811,67.7,60.722,216.69,24.94
0.564013928,67.7,60.722,187.31,24.94
0.609622832,68.39,60.722,174.76,24.94
0.594481987,68.62,60.722,152.62,24.94
0.589073647,68.62,60.722,148.19,24.94
0.522981863,68.62,60.722,142.48,24.94
0.523444206,68.62,60.722,151.26,24.94
0.533608589,68.62,60.722,168.93,24.94
0.541749772,68.62,60.722,197.84,24.94
0.639377665,68.62,60.722,240.16,24.94
0.638228975,68.62,60.722,226.92,24.94
0.634094766,68.62,60.722,166.5,24.94
0.529074758,68.62,60.722,146.57,24.94
0.514462562,68.62,60.722,148.15,24.94
0.502957742,68.62,60.722,131.57,24.94
0.491583741,68.62,60.722,127.53,24.94
0.483105656,68.62,70.452,114.89,24.94
0.469104542,68.62,70.452,77.39,24.94
0.457608682,68.62,70.452,76.02,24.94
0.45566254,68.62,70.452,71.97,24.94
0.458628346,68.62,70.452,112.34,24.94
0.467411075,68.62,70.452,149.52,24.94
0.514826344,68.62,70.452,172.71,24.94
0.515333487,68.62,70.452,195.81,24.94
0.518863783,68.62,70.452,167.65,24.94
0.483933573,68.62,70.452,167.41,24.94
0.539672812,68.62,70.452,155.51,24.94
0.520171963,68.62,70.452,132.2,24.94
0.500647818,68.62,70.452,129.66,24.94
0.437279917,68.62,70.452,130.3,24.94
0.439157962,68.62,70.452,138.61,24.94
0.449058917,68.62,70.452,149.14,24.94
0.45477011,68.62,70.452,169.34,24.94
0.559474721,68.62,70.452,177.68,24.94
0.560960312,68.62,70.452,184.05,24.94
0.563340125,68.62,70.452,167.18,24.94
0.469590181,68.62,70.452,141.48,24.94
0.461493799,68.62,70.452,132.73,24.94
0.454802366,68.62,70.452,124.11,24.94
0.448179031,68.62,70.452,131.73,24.94
0.455115971,68.62,63.773,118.62,24.94
0.455985105,68.62,63.773,113.36,24.94
0.458567417,68.62,63.773,111.01,24.94
0.458644474,68.62,63.773,115.97,24.94
0.466280305,68.62,63.773,136.36,24.94
0.481770595,68.62,63.773,155.77,24.94
0.535268007,68.62,63.773,180.85,24.94
0.542529304,68.62,63.773,194.58,24.94
0.545373253,68.62,63.773,194.62,24.94
0.497348695,68.62,63.773,181.74,24.94
0.538527706,68.08,63.773,177.96,24.94
0.53046358,67.9,63.773,174.07,24.94
0.523965686,67.9,63.773,166.5,24.94
0.471946698,67.9,63.773,168.96,24.94
0.477639971,67.9,63.773,171.07,24.94
0.488431563,67.9,63.773,178.83,24.94
0.500762508,67.9,63.773,197.18,24.94
0.604529888,67.9,63.773,201.49,24.94
0.607002887,67.9,63.773,209.94,24.94
0.60681114,67.9,63.773,179.04,24.94
0.51538008,67.9,63.773,164.6,24.94
0.508097278,67.9,63.773,155.34,24.94
0.49900632,67.9,63.773,143.21,24.94
0.492841744,67.9,63.773,143.22,24.94
0.495343415,67.9,46.188,132.71,24.94
0.498556521,67.9,46.188,129.03,24.94
0.501513368,67.9,46.188,132.49,24.94
0.513184846,67.9,46.188,132.74,24.94
0.534699934,67.9,46.188,134.9,24.94
0.568382892,67.9,46.188,133.8,24.94
0.626630969,67.9,46.188,141.2,24.94
0.611862867,67.9,46.188,145.49,24.94
0.581864318,67.9,46.188,145.6,24.94
0.527791666,67.9,46.188,140.45,24.94
0.565710978,67.9,46.188,132.35,24.94
0.549419652,67.9,46.188,129.14,24.94
0.528383035,67.9,46.188,121.17,24.94
0.471978954,67.9,46.188,114.85,24.94
0.482107497,67.9,46.188,116.8,24.94
0.51021904,67.9,46.188,132.8,24.94
0.525644816,67.9,46.188,159.12,24.94
0.648551056,67.9,46.188,179.13,24.94
0.645131866,67.9,46.188,183.23,24.94
0.650144169,67.9,46.188,164.16,24.94
0.544740667,67.9,46.188,143,24.94
0.541463047,67.9,46.188,137.01,24.94
0.534619293,67.9,46.188,132.42,24.94
0.525345548,67.9,46.188,110.66,24.94
0.535088804,67.9,46.188,99.15,24.94
0.533164166,67.9,46.188,93.54,24.94
0.545043519,67.9,46.188,90,24.94
0.540459512,67.9,46.188,92.21,24.94
0.569178552,67.9,46.188,88.55,24.94
0.5880952,67.9,46.188,104.8,24.94
0.637363425,67.9,46.188,110,24.94
0.610391612,67.9,46.188,121.46,24.94
0.600397472,67.9,46.188,114.86,24.94
0.552935611,67.9,46.188,96,24.94
0.603476176,67.9,46.188,93.23,24.94
0.591231249,67.9,46.188,83.47,24.94
0.583923359,67.9,46.188,76.17,24.94
0.522035672,67.9,46.188,78.31,24.94
0.526684193,67.9,46.188,80.02,24.94
0.535205286,67.9,46.188,89.23,24.94
0.556044779,67.9,46.188,103.87,24.94
0.66805728,67.9,46.188,112.44,24.94
0.676008509,67.9,46.188,115.49,24.94
0.692837443,67.9,46.188,102.98,24.94
0.598899336,67.9,46.188,87.33,24.94
0.59186025,67.9,46.188,80.71,24.94
0.565710978,67.9,46.188,73.53,24.94
0.554310096,67.9,46.188,52.81,24.94
0.541715723,67.9,48.243,49.82,24.94
0.5356067,67.9,48.243,38.08,24.94
0.527589167,67.9,48.243,25.08,24.94
0.526490654,67.9,48.243,38.07,24.94
0.541948687,67.9,48.243,52.33,24.94
0.554168526,67.9,48.243,68.29,24.94
0.598021243,67.9,48.243,103.69,24.94
0.560501553,67.9,48.243,122.1,24.94
0.542941471,67.9,48.243,108.91,24.94
0.488030149,67.9,48.243,104.75,24.94
0.533108613,67.9,48.243,81.49,24.94
0.518374559,67.9,48.243,68.1,24.94
0.504902093,67.9,48.243,67.82,24.94
0.433446769,67.9,48.243,68.19,24.94
0.431310671,67.9,48.243,76.16,24.94
0.44710919,67.9,48.243,82.5,24.94
0.464574295,67.9,48.243,109.98,24.94
0.570918611,67.9,48.243,122.27,24.94
0.576529451,67.9,48.243,134.3,24.94
0.572316393,67.9,48.243,109.23,24.94
0.464685401,67.9,48.243,86.73,24.94
0.452521115,67.9,48.243,85.67,24.94
0.438399934,67.9,48.243,78.4,24.94
0.432421729,67.9,48.243,56.93,24.94
0.426404099,67.9,32.476,50.59,24.94
0.427549205,67.9,32.476,56.49,24.94
0.437054121,67.9,32.476,56.19,24.94
0.452155541,67.9,32.476,67.4,24.94
0.484804499,67.9,32.476,70.67,24.94
0.519057322,67.9,32.476,86.88,24.94
0.58440183,67.9,32.476,118.65,24.94
0.560438832,67.9,32.476,139.43,24.94
0.5399452,67.9,32.476,126.17,24.94
0.481435486,67.9,32.476,102.21,24.94
0.516191869,67.9,32.476,100.1,24.94
0.515258222,67.9,32.476,93.81,24.94
0.51448765,67.9,32.476,78.72,24.94
0.464275026,67.9,32.476,79.98,24.94
0.466597494,67.9,32.476,92.11,24.94
0.47632283,67.9,32.476,115.6,24.94
0.495200053,67.9,32.476,154.83,24.94
0.6065728,67.9,32.476,180.31,24.94
0.603563985,67.9,32.476,186.33,24.94
0.602504897,67.9,32.476,152.7,24.94
0.502398629,67.9,32.476,130.43,24.94
0.496572746,67.9,32.476,120.67,24.94
0.486761393,67.9,32.476,112.33,24.94
0.475722501,67.9,32.476,97.6,24.94
0.4720811,67.9,39.904,91.39,24.94
0.469380514,67.9,39.904,88.23,24.94
0.472649173,67.9,39.904,88.69,24.94
0.478485808,67.9,39.904,96.53,24.94
0.489856226,67.9,39.904,107.51,24.94
0.518376351,67.9,39.904,128.04,24.94
0.562983512,67.9,39.904,154.98,24.94
0.547314019,67.9,39.904,162.1,24.94
0.526431517,67.9,39.904,150.06,24.94
0.471072188,67.9,39.904,133.31,24.94
0.511276336,67.9,39.904,118.58,24.94
0.50066753,67.9,39.904,112.49,24.94
0.500463239,67.9,39.904,115.93,24.94
0.445709616,67.9,39.904,118.53,24.94
0.452707485,67.9,39.904,124.91,24.94
0.46657599,67.9,39.904,146.98,24.94
0.485315227,67.9,39.904,144.72,24.94
0.601166252,67.9,39.904,154.9,24.94
0.611120967,67.9,39.904,151.81,24.94
0.613061734,67.9,39.904,127.65,24.94
0.515003754,67.9,39.904,109.99,24.94
0.508710152,67.9,39.904,98.47,24.94
0.504321475,67.9,39.904,90.1,24.94
0.499475832,67.9,39.904,91.91,24.94
0.496975953,67.9,49.657,96.11,24.94
0.494434857,67.9,49.657,98.14,24.94
0.491621373,67.9,49.657,96.01,24.94
0.485782946,67.9,49.657,98.34,24.94
0.487071414,67.9,49.657,114.44,24.94
0.497285974,67.9,49.657,136.72,24.94
0.545396549,67.9,49.657,176.79,24.94
0.558250766,67.9,49.657,177.25,24.94
0.57070536,67.9,49.657,145.1,24.94
0.549905291,67.9,49.657,130.36,24.94
0.606022648,67.9,49.657,118.81,24.94
0.579527514,67.9,49.657,107.59,24.94
0.550794137,67.9,49.657,100.86,24.94
0.480353101,67.9,49.657,105.72,24.94
0.475478785,67.9,49.657,120.06,24.94
0.47564186,67.9,49.657,140.69,24.94
0.477641763,67.9,49.657,159.56,24.94
0.569280698,67.9,49.657,154.95,24.94
0.574819856,67.9,49.657,143.61,24.94
0.575092245,67.9,49.657,131.82,24.94
0.476541458,67.9,49.657,128,24.94
0.471068604,67.9,49.657,121.34,24.94
0.459837965,67.9,49.657,98.29,24.94
0.45249065,67.9,49.657,88.18,24.94
0.454590907,67.9,37.635,87.55,24.94
0.455218117,67.9,37.635,88.18,24.94
0.452798879,67.9,37.635,88.04,24.94
0.448071509,67.9,37.635,89.21,24.94
0.443815443,67.9,37.635,92.85,24.94
0.457981424,67.9,37.635,114.91,24.94
0.503803579,67.9,37.635,127.59,24.94
0.515643508,67.9,37.635,133.94,24.94
0.516865671,67.9,37.635,123.58,24.94
0.484112776,67.9,37.635,119.6,24.94
0.529881171,77.54,37.635,104.99,24.94
0.509939483,80.76,37.635,99.95,24.94
0.501622681,80.76,37.635,88.9,24.94
0.444749089,80.76,37.635,92.18,24.94
0.453073059,80.76,37.635,96.17,24.94
0.453538986,80.76,37.635,105.92,24.94
0.45821618,80.76,37.635,125.18,24.94
0.561711172,80.76,37.635,129.08,24.94
0.55290873,80.76,37.635,127.67,24.94
0.561379647,80.76,37.635,112.9,24.94
0.455676876,80.76,37.635,102.21,24.94
0.46349191,80.76,37.635,101.61,24.94
0.460022544,80.76,37.635,92.03,24.94
0.459058433,80.76,37.635,93.31,24.94
0.456056786,80.76,31.835,92.77,24.94
0.456519129,80.76,31.835,90.41,24.94
0.455696588,80.76,31.835,87.98,24.94
0.46069097,80.76,31.835,87,24.94
0.469489828,80.76,31.835,86.67,24.94
0.486505133,80.76,31.835,91.39,24.94
0.554507219,80.76,31.835,101.32,24.94
0.565945734,80.76,31.835,115.04,24.94
0.542547224,80.76,31.835,109,24.94
0.48401063,80.76,31.835,95.48,24.94
0.533241223,80.76,31.835,87,24.94
0.523623409,80.76,31.835,84.85,24.94
0.515333487,80.76,31.835,81.46,24.94
0.455746765,80.76,31.835,84.51,24.94
0.453401,80.76,31.835,89.96,24.94
0.461115681,80.76,31.835,112.92,24.94
0.471004091,80.76,31.835,123.01,24.94
0.576239143,80.76,31.835,139.91,24.94
0.595883353,80.76,31.835,138.24,24.94
0.590967821,80.76,31.835,121.85,24.94
0.496547658,80.76,31.835,109.9,24.94
0.485333147,80.76,31.835,104.04,24.94
0.47260258,80.76,31.835,97.49,24.94
0.458112242,80.76,31.835,103.01,24.94
0.456538841,80.76,31.835,100.49,24.94
0.455146436,80.76,31.835,100.2,24.94
0.455669708,80.76,31.835,99.92,24.94
0.455909839,80.76,31.835,98.31,24.94
0.460845085,80.76,31.835,98.46,24.94
0.474573811,80.76,31.835,98.98,24.94
0.53800981,80.76,31.835,100.55,24.94
0.543620649,80.76,31.835,110.04,24.94
0.532424058,80.76,31.835,113.33,24.94
0.472943065,80.76,31.835,104.18,24.94
0.515111276,80.76,31.835,97.81,24.94
0.499232116,80.76,31.835,100.03,24.94
0.498816366,80.76,31.835,100,24.94
0.441697266,80.76,31.835,100,24.94
0.44758587,80.76,31.835,109.43,24.94
0.460361237,80.76,31.835,124.61,24.94
0.474810359,80.76,31.835,140.15,24.94
0.573508092,80.76,31.835,156,24.94
0.580014946,80.76,31.835,170.38,24.94
0.583418007,80.76,31.835,165,24.94
0.494126628,80.76,31.835,147.52,24.94
0.480109385,80.76,31.835,138.96,24.94
0.470948538,80.76,31.835,127,24.94
0.453289895,80.76,31.835,109.26,24.94
0.447023173,80.76,35.011,129.38,24.94
0.441263595,80.76,35.011,119.09,24.94
0.4398013,80.76,35.011,116.32,24.94
0.434794374,80.76,35.011,114.6,24.94
0.436812197,80.76,35.011,115.07,24.94
0.448618078,80.76,35.011,123.45,24.94
0.511143726,80.76,35.011,145.62,24.94
0.519756213,80.76,35.011,166.39,24.94
0.508014845,80.76,35.011,168,24.94
0.455474377,80.76,35.011,153.3,24.94
0.507452148,80.76,35.011,143.35,24.94
0.500705163,80.76,35.011,141.95,24.94
0.495329079,80.76,35.011,141.96,24.94
0.429217583,80.76,35.011,145.96,24.94
0.428739111,80.76,35.011,155,24.94
0.433729909,80.76,35.011,169.15,24.94
0.445593134,80.76,35.011,179.48,24.94
0.55364167,80.76,35.011,201.51,24.94
0.565404541,80.76,35.011,182.84,24.94
0.575984675,80.76,35.011,167.81,24.94
0.484774034,80.76,35.011,147.09,24.94
0.485687969,80.76,35.011,136.78,24.94
0.482164841,80.76,35.011,120.51,24.94
0.473177821,80.76,35.011,100.73,24.94
0.462769723,80.76,39.241,80.65,24.94
0.451557004,80.76,39.241,76.68,24.94
0.439097033,80.76,39.241,55.26,24.94
0.42953298,80.76,39.241,37,24.94
0.431269455,80.76,39.241,38.76,24.94
0.44618092,80.76,39.241,54.63,24.94
0.512554052,80.76,39.241,59.95,24.94
0.526992422,80.76,39.241,77.99,24.94
0.505583063,80.76,39.241,84.4,24.94
0.441509103,80.76,39.241,67.65,24.94
0.486578606,80.76,39.241,57.18,24.94
0.487764929,80.76,39.241,48.91,24.94
0.489653726,80.76,39.241,38.59,24.94
0.435392911,80.76,39.241,41.24,24.94
0.438550464,80.76,39.241,68.89,24.94
0.441552111,80.76,39.241,80,24.94
0.449917298,80.76,39.241,89.39,24.94
0.552163247,80.76,39.241,114.5,24.94
0.558464017,80.76,39.241,125.63,24.94
0.554829784,80.76,39.241,102.08,24.94
0.454931392,80.76,39.241,84.19,24.94
0.444867363,80.76,39.241,71.67,24.94
0.436190364,80.76,39.241,69.57,24.94
0.420114081,80.76,39.241,27.71,24.94
0.410474762,80.76,29.463,54.92,24.94
0.413664572,80.76,29.463,24.34,24.94
0.423320019,80.76,29.463,17.38,24.94
0.428511524,80.76,29.463,15.28,24.94
0.431174477,80.76,29.463,20.2,24.94
0.44156824,80.76,29.463,30.01,24.94
0.495832639,80.76,29.463,69.71,24.94
0.512100669,80.76,29.463,97.19,24.94
0.509815833,80.76,29.463,97.12,24.94
0.465538406,80.76,29.463,73.03,24.94
0.513865817,80.76,29.463,47.08,24.94
0.504674505,80.76,29.463,42.58,24.94
0.502970286,80.76,29.463,39.94,24.94
0.450648445,80.76,29.463,52.66,24.94
0.462950717,80.76,29.463,72.17,24.94
0.476403472,80.76,29.463,91.3,24.94
0.484064391,80.76,29.463,105.36,24.94
0.590062846,80.76,29.463,146.89,24.94
0.583195795,80.76,29.463,148.93,24.94
0.581996928,80.76,29.463,130,24.94
0.477923111,80.76,29.463,97.19,24.94
0.475073787,80.76,29.463,83.72,24.94
0.462258995,80.76,29.463,88.66,24.94
0.45785419,80.76,29.463,81.66,24.94
0.442561023,80.76,44.915,75.73,24.94
0.437011112,80.76,44.915,71.79,24.94
0.4324056,80.76,44.915,46.42,24.94
0.434962824,80.76,44.915,45.09,24.94
0.432672613,80.76,44.915,43.83,24.94
0.435487889,80.76,44.915,71.58,24.94
0.485146776,80.76,44.915,87.67,24.94
0.504063423,80.76,44.915,99.77,24.94
0.517120139,80.76,44.915,112.99,24.94
0.484888724,80.76,44.915,106.7,24.94
0.551790505,80.76,44.915,94.15,24.94
0.561820485,80.76,44.915,108.25,24.94
0.562250572,80.76,44.915,110.43,24.94
0.497595994,80.76,44.915,128.94,24.94
0.492744975,80.76,44.915,125.26,24.94
0.485938852,80.76,44.915,136.3,24.94
0.487947716,80.76,44.915,133.62,24.94
0.581271157,80.76,44.915,137.46,24.94
0.58593939,80.76,44.915,128.71,24.94
0.582962832,80.76,44.915,132.21,24.94
0.491709183,80.76,44.915,128.28,24.94
0.484544655,80.76,44.915,109.08,24.94
0.472882137,80.76,44.915,124.39,24.94
0.462226738,80.76,44.915,113.5,24.94
0.453474473,80.76,76.072,88.11,24.94
0.458884606,80.76,76.072,93.04,24.94
0.463017022,80.76,76.072,89.06,24.94
0.461726762,80.76,76.072,94.22,24.94
0.462061872,80.76,76.072,114.49,24.94
0.46271417,80.76,76.072,129.47,24.94
0.512129341,80.76,76.072,174.79,24.94
0.526021142,80.76,76.072,206.05,24.94
0.544032816,80.76,76.072,215.15,24.94
0.515962489,80.76,76.072,209.9,24.94
0.575549212,80.76,76.072,204.96,24.94
0.571520733,78.8,76.072,202.78,24.94
0.561103674,78.14,76.072,203.05,24.94
0.488954836,78.14,76.072,189.01,24.94
0.492365065,78.14,76.072,207.56,24.94
0.498520681,78.14,76.072,212.96,24.94
0.507548918,78.14,76.072,217.42,24.94
0.610733889,78.14,76.072,239.99,24.94
0.625396262,78.14,76.072,240.55,24.94
0.635863498,78.14,76.072,217.74,24.94
0.526200345,78.14,76.072,195.58,24.94
0.516467841,78.14,76.072,187,24.94
0.493400857,78.14,76.072,179.8,24.94
0.482073448,78.14,76.072,172.21,24.94
0.472215502,78.14,57.647,150.59,24.94
0.47824926,78.14,57.647,136.89,24.94
0.478324526,78.14,57.647,132.54,24.94
0.480503632,78.14,57.647,130.65,24.94
0.47964525,78.14,57.647,130.65,24.94
0.494323751,78.14,57.647,135,24.94
0.563621474,78.14,57.647,135.99,24.94
0.572500972,78.14,57.647,142.2,24.94
0.558100235,78.14,57.647,142.82,24.94
0.502056352,78.14,57.647,144.35,24.94
0.554677462,78.14,57.647,137.12,24.94
0.548143728,78.14,57.647,128.4,24.94
0.541921807,78.14,57.647,125.56,24.94
0.485091223,78.14,57.647,115.03,24.94
0.489092822,78.14,57.647,126.63,24.94
0.495898944,78.14,57.647,138.03,24.94
0.504054463,78.14,57.647,151.05,24.94
0.616988067,78.14,57.647,166.93,24.94
0.630953341,78.14,57.647,170,24.94
0.637083869,78.14,57.647,163.29,24.94
0.544432438,78.14,57.647,112.98,24.94
0.547629416,78.14,57.647,94.06,24.94
0.540948735,78.14,57.647,91.28,24.94
0.527540782,78.14,57.647,72.85,24.94
0.514915945,78.14,57.647,57.85,24.94
0.512107837,78.14,57.647,23.7,24.94
0.510647334,78.14,57.647,35.03,24.94
0.51114731,78.14,57.647,21.66,24.94
0.51241069,78.14,57.647,64.53,24.94
0.528022838,78.14,57.647,27.14,24.94
0.594741831,78.14,57.647,53.5,24.94
0.597901177,78.14,57.647,31.3,24.94
0.574108421,78.14,57.647,37.44,24.94
0.512288832,78.14,57.647,44.91,24.94
0.55851957,78.14,57.647,59.51,24.94
0.54479622,78.14,57.647,50.47,24.94
0.536506298,78.14,57.647,64.05,24.94
0.478406959,78.14,57.647,39.46,24.94
0.479743812,78.14,57.647,82.07,24.94
0.490555117,78.14,57.647,84.97,24.94
0.509043469,78.14,57.647,85.05,24.94
0.625643562,78.14,57.647,100.81,24.94
0.643710788,78.14,57.647,77.54,24.94
0.648920214,78.14,57.647,73.7,24.94
0.548158064,78.14,57.647,36.97,24.94
0.541665547,78.14,57.647,27.15,24.94
0.533536908,78.14,57.647,27.59,24.94
0.519075242,78.14,57.647,19.85,24.94
0.512080957,78.14,60.249,0.09,24.94
0.502658474,78.14,60.249,0.09,24.94
0.495148084,78.14,60.249,0.09,24.94
0.491562236,78.14,60.249,0.3,24.94
0.494486826,78.14,60.249,5,24.94
0.508873227,78.14,60.249,9.07,24.94
0.574291208,78.14,60.249,54.32,24.94
0.584969903,78.14,60.249,99.52,24.94
0.563306077,78.14,60.249,105.04,24.94
0.509521941,78.14,60.249,84.4,24.94
0.559648547,78.14,60.249,67.14,24.94
0.557747206,78.14,60.249,68.86,24.94
0.55570071,78.14,60.249,70.46,24.94
0.506066911,78.14,60.249,84.35,24.94
0.510566693,78.14,60.249,98.87,24.94
0.514516323,78.14,60.249,151.61,24.94
0.523180778,78.14,60.249,149.05,24.94
0.632464021,78.14,60.249,155.57,24.94
0.641078299,78.14,60.249,156.49,24.94
0.643103291,78.14,60.249,140.15,24.94
0.543278372,78.14,60.249,110.07,24.94
0.541690635,78.14,60.249,84.33,24.94
0.536647868,78.14,60.249,77.06,24.94
0.539205092,78.14,60.249,54.36,24.94
0.534135445,78.14,58.408,77.58,24.94
0.529099846,78.14,58.408,79.51,24.94
0.528513853,78.14,58.408,73.45,24.94
0.528203832,78.14,58.408,71.22,24.94
0.53947748,78.14,58.408,62.99,24.94
0.561424447,78.14,58.408,76.77,24.94
0.634177199,78.14,58.408,85.41,24.94
0.65701122,78.14,58.408,129.24,24.94
0.63523808,78.14,58.408,135.49,24.94
0.574554636,78.14,58.408,91.3,24.94
0.618427065,78.14,58.408,71.38,24.94
0.617310632,78.14,58.408,75.62,24.94
0.614916483,78.14,58.408,72.86,24.94
0.559592995,78.14,58.408,91.23,24.94
0.561906503,78.14,58.408,93.46,24.94
0.58006333,78.14,58.408,121.03,24.94
0.598182525,78.14,58.408,123.3,24.94
0.705084163,78.14,58.408,135.27,24.94
0.70259862,78.14,58.408,142.1,24.94
0.713288067,78.14,58.408,119.78,24.94
0.628688218,78.14,58.408,98.6,24.94
0.621357031,78.14,58.408,84.98,24.94
0.612748129,78.14,58.408,99.77,24.94
0.598245246,78.14,58.408,71.37,24.94
0.585573816,78.14,84.444,74.42,24.94
0.579574107,78.14,84.444,74.41,24.94
0.57849889,78.14,84.444,64.97,24.94
0.57645777,78.14,84.444,68.06,24.94
0.569981381,78.14,84.444,68.38,24.94
0.580276582,78.14,84.444,87.3,24.94
0.643531585,78.14,84.444,117.05,24.94
0.651837635,78.14,84.444,148.63,24.94
0.627681098,78.14,84.444,160.58,24.94
0.574065413,78.14,84.444,147.2,24.94
0.629292131,78.14,84.444,129.13,24.94
0.631874443,78.14,84.444,117.83,24.94
0.617851824,78.14,84.444,114.07,24.94
0.549742217,78.14,84.444,119.49,24.94
0.536094132,78.14,84.444,144.36,24.94
0.530947427,78.14,84.444,149.07,24.94
0.531092582,78.14,84.444,159.06,24.94
0.620100819,78.14,84.444,192.11,24.94
0.611715921,78.14,84.444,199.96,24.94
0.598501506,78.14,84.444,168.84,24.94
0.499298421,78.14,84.444,149.1,24.94
0.48808391,78.14,84.444,140.69,24.94
0.470758583,78.14,84.444,127.73,24.94
0.454107059,78.14,84.444,118.81,24.94
0.441923061,78.14,93.987,114.54,24.94
0.434577538,78.14,93.987,110,24.94
0.427074317,78.14,93.987,99.8,24.94
0.42638797,78.14,93.987,102.14,24.94
0.426418435,78.14,93.987,99.77,24.94
0.429767735,78.14,93.987,112.55,24.94
0.470627765,78.14,93.987,153.19,24.94
0.478686515,78.14,93.987,182.06,24.94
0.489598174,78.14,93.987,199.12,24.94
0.469341089,78.14,93.987,167.52,24.94
0.528659008,78.14,93.987,124.34,24.94
0.534370201,78.14,93.987,123.34,24.94
0.52833465,78.14,93.987,89.52,24.94
0.466131567,78.14,93.987,101.24,24.94
0.467833994,78.14,93.987,126.98,24.94
0.467889547,78.14,93.987,153.24,24.94
0.470086573,78.14,93.987,184.65,24.94
0.575687198,78.14,93.987,197.44,24.94
0.58365993,78.14,93.987,198.24,24.94
0.58748591,78.14,93.987,181.95,24.94
0.494567467,78.14,93.987,145.07,24.94
0.50099368,78.14,93.987,125.35,24.94
0.493895457,78.14,93.987,121.98,24.94
0.49164467,78.14,93.987,79.99,24.94
0.489173463,78.14,85.324,70.25,24.94
0.491060468,78.14,85.324,67.97,24.94
0.490976243,78.14,85.324,67.97,24.94
0.491736063,78.14,85.324,68.19,24.94
0.500626314,78.14,85.324,75.77,24.94
0.510905386,78.14,85.324,81.26,24.94
0.555607524,78.14,85.324,109,24.94
0.565103481,78.14,85.324,134.81,24.94
0.568526254,78.14,85.324,149.07,24.94
0.533814672,78.14,85.324,125.52,24.94
0.594342209,78.14,85.324,111.32,24.94
0.592446244,74.53,85.324,109.45,24.94
0.58954495,73.33,85.324,104.49,24.94
0.521788372,73.33,85.324,114.22,24.94
0.518232989,73.33,85.324,134.74,24.94
0.52020422,73.33,85.324,174.1,24.94
0.519836854,73.33,85.324,179.61,24.94
0.622002161,73.33,85.324,208.51,24.94
0.626148914,73.33,85.324,206.79,24.94
0.637988843,73.33,85.324,177.37,24.94
0.52639926,73.33,85.324,156.21,24.94
0.521566161,73.33,85.324,133.13,24.94
0.508878603,73.33,85.324,128.23,24.94
0.504513222,73.33,85.324,121.04,24.94
0.502334116,73.33,69.845,137.41,24.94
0.502042016,73.33,69.845,134.21,24.94
0.501812636,73.33,69.845,130.01,24.94
0.497639003,73.33,69.845,126.8,24.94
0.507826682,73.33,69.845,129.44,24.94
0.527702065,73.33,69.845,129.68,24.94
0.599193229,73.33,69.845,158,24.94
0.605682162,73.33,69.845,172.29,24.94
0.595290192,73.33,69.845,171.72,24.94
0.524028407,73.33,69.845,166.93,24.94
0.567775394,73.33,69.845,141.85,24.94
0.552279728,73.33,69.845,130.89,24.94
0.548846203,73.33,69.845,134.16,24.94
0.495316535,73.33,69.845,138.03,24.94
0.513629269,73.33,69.845,148.94,24.94
0.539511529,73.33,69.845,206.97,24.94
0.560555314,73.33,69.845,194.53,24.94
0.672555271,73.33,69.845,240.7,24.94
0.687998968,73.33,69.845,238,24.94
0.686841318,73.33,69.845,199.71,24.94
0.59464327,73.33,69.845,177.44,24.94
0.580776557,73.33,69.845,166.84,24.94
0.573954307,73.33,69.845,160.86,24.94
0.56467877,73.33,69.845,158.69,24.94
0.564861557,73.33,69.845,168.8,24.94
0.558765078,73.33,69.845,152.21,24.94
0.553315521,73.33,69.845,143,24.94
0.547084639,73.33,69.845,127,24.94
0.547770986,73.33,69.845,134.07,24.94
0.565655425,73.33,69.845,135.29,24.94
0.621385704,73.33,69.845,135.29,24.94
0.62912368,73.33,69.845,150.75,24.94
0.603563985,73.33,69.845,155.96,24.94
0.552218799,73.33,69.845,131.57,24.94
0.594313537,73.33,69.845,120.31,24.94
0.573418491,73.33,69.845,133,24.94
0.554376401,73.33,69.845,130.13,24.94
0.497162324,73.33,69.845,125,24.94
0.500312709,73.33,69.845,137.4,24.94
0.513627477,73.33,69.845,141.87,24.94
0.520524993,73.33,69.845,150.38,24.94
0.626806588,73.33,69.845,187.61,24.94
0.645302109,73.33,69.845,197.86,24.94
0.642234157,73.33,69.845,165.12,24.94
0.556250862,73.33,69.845,150.04,24.94
0.550597014,73.33,69.845,141.04,24.94
0.54762404,73.33,69.845,141.39,24.94
0.535979442,73.33,69.845,122.11,24.94
0.528594495,73.33,75.351,100.01,24.94
0.520559041,73.33,75.351,101.43,24.94
0.51781007,73.33,75.351,93.88,24.94
0.513704534,73.33,75.351,107.13,24.94
0.519637939,73.33,75.351,108.75,24.94
0.526164505,73.33,75.351,121.88,24.94
0.583192211,73.33,75.351,167.38,24.94
0.584240548,73.33,75.351,205.1,24.94
0.568698289,73.33,75.351,208.9,24.94
0.517234829,73.33,75.351,166.45,24.94
0.573142518,73.33,75.351,142.4,24.94
0.56723241,73.33,75.351,129.9,24.94
0.566707346,73.33,75.351,143.33,24.94
0.509819417,73.33,75.351,165.69,24.94
0.514023515,73.33,75.351,207.32,24.94
0.526064151,73.33,75.351,212.28,24.94
0.539235557,73.33,75.351,212.44,24.94
0.647183738,73.33,75.351,254.18,24.94
0.652341195,73.33,75.351,217.88,24.94
0.65878712,73.33,75.351,187.44,24.94
0.57097058,73.33,75.351,160.49,24.94
0.570898899,73.33,75.351,139.71,24.94
0.553466051,73.33,75.351,157.58,24.94
0.532495739,73.33,75.351,147.57,24.94
0.522946022,73.33,104.726,136.2,24.94
0.518283166,73.33,104.726,129.31,24.94
0.511296048,73.33,104.726,128.85,24.94
0.50732133,73.33,104.726,110.15,24.94
0.510727976,73.33,104.726,111.17,24.94
0.531304041,73.33,104.726,129.92,24.94
0.591654167,73.33,104.726,163.62,24.94
0.592292129,73.33,104.726,211.53,24.94
0.569805762,73.33,104.726,222.74,24.94
0.51165983,73.33,104.726,210,24.94
0.559275806,73.33,104.726,199.92,24.94
0.553602245,73.33,104.726,198.81,24.94
0.558662932,73.33,104.726,189.84,24.94
0.516654212,73.33,104.726,205.65,24.94
0.527759409,73.33,104.726,222.18,24.94
0.532114037,73.33,104.726,224.08,24.94
0.540764157,73.33,104.726,217.35,24.94
0.647181946,73.33,104.726,220,24.94
0.654274793,73.33,104.726,214.24,24.94
0.653898467,73.33,104.726,220.69,24.94
0.548290674,73.33,104.726,174.98,24.94
0.54831397,73.33,104.726,153.52,24.94
0.531357802,73.33,104.726,137.91,24.94
0.51817206,73.33,104.726,122.27,24.94
0.503771323,73.33,118.513,79.17,24.94
0.493895457,73.33,118.513,79.18,24.94
0.483068024,73.33,118.513,79.15,24.94
0.483227514,73.33,118.513,70.49,24.94
0.48786349,73.33,118.513,70.49,24.94
0.512102461,73.33,118.513,79.18,24.94
0.570395339,73.33,118.513,120.01,24.94
0.589813755,73.33,118.513,151.33,24.94
0.5737984,73.33,118.513,168.15,24.94
0.517638035,73.33,118.513,176.09,24.94
0.570056646,73.33,118.513,174.42,24.94
0.561953095,73.33,118.513,163.78,24.94
0.567908004,73.33,118.513,180.48,24.94
0.511070253,73.33,118.513,184.01,24.94
0.517491089,73.33,118.513,201.07,24.94
0.523308012,73.33,118.513,220.58,24.94
0.52987221,73.33,118.513,236.1,24.94
0.627123777,73.33,118.513,241.41,24.94
0.622523641,73.33,118.513,202.94,24.94
0.620005842,73.33,118.513,163.72,24.94
0.525306123,73.33,118.513,146.08,24.94
0.523340268,73.33,118.513,114.1,24.94
0.51962181,73.33,118.513,83.32,24.94
0.510919723,73.33,118.513,64.91,24.94
0.499423863,73.33,108.676,47.95,24.94
0.496121155,73.33,108.676,23.92,24.94
0.488904659,73.33,108.676,16.45,24.94
0.485856419,73.33,108.676,10.39,24.94
0.489890274,73.33,108.676,5.88,24.94
0.496323655,73.33,108.676,11.06,24.94
0.54687318,73.33,108.676,66.55,24.94
0.567343516,73.33,108.676,84.84,24.94
0.583683227,73.33,108.676,96.08,24.94
0.555689958,73.33,108.676,89.9,24.94
0.618407353,73.33,108.676,83.65,24.94
0.621511146,73.33,108.676,86.78,24.94
0.620568539,73.33,108.676,112.44,24.94
0.558759702,73.33,108.676,119.83,24.94
0.550652567,73.33,108.676,143.17,24.94
0.548066671,73.33,108.676,153.4,24.94
0.552138158,73.33,108.676,152.65,24.94
0.651843011,73.33,108.676,194.93,24.94
0.655068662,73.33,108.676,181.8,24.94
0.642940216,73.33,108.676,153.63,24.94
0.531481452,73.33,108.676,136.68,24.94
0.525067783,73.33,108.676,146.84,24.94
0.517930136,73.33,108.676,149.8,24.94
0.509860634,73.33,108.676,128.91,24.94
0.505878748,73.33,102.749,113.02,24.94
0.5046082,73.33,102.749,119.67,24.94
0.511692087,73.33,102.749,126.83,24.94
0.518080666,73.33,102.749,115.82,24.94
0.524793603,73.33,102.749,120.05,24.94
0.536312759,73.33,102.749,129.97,24.94
0.590193664,73.33,102.749,150.05,24.94
0.609769778,73.33,102.749,227.79,24.94
0.617172646,73.33,102.749,227.23,24.94
0.587914205,73.33,102.749,228.56,24.94
0.652617167,73.33,102.749,228.56,24.94
0.652443341,72.5,102.749,226.43,24.94
0.64510857,72.22,102.749,197.37,24.94
0.582631306,72.22,102.749,194.91,24.94
0.587272659,72.22,102.749,206.91,24.94
0.590539526,72.22,102.749,214.98,24.94
0.592154143,72.22,102.749,202.98,24.94
0.690074136,72.22,102.749,211.8,24.94
0.685149643,72.22,102.749,172.76,24.94
0.688554496,72.22,102.749,158.17,24.94
0.581312374,72.22,102.749,135.61,24.94
0.575232023,72.22,102.749,118.35,24.94
0.55558602,72.22,102.749,153.33,24.94
0.545783627,72.22,102.749,123.65,24.94
0.535343272,72.22,108.688,144.47,24.94
0.530416987,72.22,108.688,146.48,24.94
0.527865139,72.22,108.688,148.4,24.94
0.529099846,72.22,108.688,140.67,24.94
0.537965009,72.22,108.688,143.98,24.94
0.557878024,72.22,108.688,150,24.94
0.626394422,72.22,108.688,138.98,24.94
0.636924378,72.22,108.688,159.93,24.94
0.625462567,72.22,108.688,205.7,24.94
0.567397276,72.22,108.688,215.07,24.94
0.613481068,72.22,108.688,180.78,24.94
0.596863593,72.22,108.688,203.91,24.94
0.575169302,72.22,108.688,186.74,24.94
0.501724827,72.22,108.688,192.02,24.94
0.488169927,72.22,108.688,213.34,24.94
0.484750738,72.22,108.688,227.11,24.94
0.491922434,72.22,108.688,243.39,24.94
0.592146975,72.22,108.688,281.98,24.94
0.604234204,72.22,108.688,287.29,24.94
0.60771253,72.22,108.688,260.7,24.94
0.516752774,72.22,108.688,240,24.94
0.505540055,72.22,108.688,232.09,24.94
0.499527801,72.22,108.688,219.05,24.94
0.494304039,72.22,108.688,204.82,24.94
0.499271541,72.22,108.688,200.74,24.94
0.50075534,72.22,108.688,183.92,24.94
0.504663753,72.22,108.688,187.42,24.94
0.511459123,72.22,108.688,180,24.94
0.522573281,72.22,108.688,170.59,24.94
0.535070884,72.22,108.688,175.88,24.94
0.599049867,72.22,108.688,180.08,24.94
0.609884468,72.22,108.688,194.19,24.94
0.598383232,72.22,108.688,200.03,24.94
0.542477335,72.22,108.688,215.03,24.94
0.588270818,72.22,108.688,212.03,24.94
0.578389576,72.22,108.688,217.99,24.94
0.578500682,72.22,108.688,210.05,24.94
0.528712768,72.22,108.688,198.85,24.94
0.532741247,72.22,108.688,205.15,24.94
0.540619002,72.22,108.688,224.6,24.94
0.548629367,72.22,108.688,241.95,24.94
0.655260409,72.22,108.688,267.37,24.94
0.671677177,72.22,108.688,273,24.94
0.680807559,72.22,108.688,266.44,24.94
0.597060716,72.22,108.688,244.9,24.94
0.600503201,72.22,108.688,215.1,24.94
0.609805619,72.22,108.688,212.03,24.94
0.621943024,72.22,108.688,169.45,24.94
0.62281395,72.22,109.754,139.35,24.94
0.617862577,72.22,109.754,140.38,24.94
0.617516715,72.22,109.754,149.49,24.94
0.62053449,72.22,109.754,144.98,24.94
0.629801067,72.22,109.754,154.8,24.94
0.64919081,72.22,109.754,167.52,24.94
0.709406534,72.22,109.754,270.4,24.94
0.71557111,72.22,109.754,316.94,24.94
0.685352142,72.22,109.754,324.05,24.94
0.635067837,72.22,109.754,308.15,24.94
0.681153421,72.22,109.754,296.18,24.94
0.672044543,72.22,109.754,307.53,24.94
0.669711322,72.22,109.754,299.82,24.94
0.620715485,72.22,109.754,302.32,24.94
0.63079385,72.22,109.754,332.02,24.94
0.647816324,72.22,109.754,333.69,24.94
0.659711806,72.22,109.754,334.68,24.94
0.781806257,72.22,109.754,335.39,24.94
0.792106834,72.22,109.754,315.41,24.94
0.797332387,72.22,109.754,291.43,24.94
0.674209312,72.22,109.754,252.17,24.94
0.666155939,72.22,109.754,220,24.94
0.648364685,72.22,109.754,199.93,24.94
0.637150174,72.22,109.754,155.03,24.94
0.628605784,72.22,115.413,113.67,24.94
0.646694515,72.22,115.413,112.45,24.94
0.658322984,72.22,115.413,99.97,24.94
0.671657465,72.22,115.413,82.15,24.94
0.672600071,72.22,115.413,87.9,24.94
0.693088327,72.22,115.413,103.72,24.94
0.749832893,72.22,115.413,152.18,24.94
0.760327009,72.22,115.413,229.91,24.94
0.733136569,72.22,115.413,248.97,24.94
0.682773414,72.22,115.413,236.51,24.94
0.730765716,72.22,115.413,242.2,24.94
0.718268112,72.22,115.413,244.41,24.94
0.709126978,72.22,115.413,245.18,24.94
0.640056843,72.22,115.413,251.76,24.94
0.630999934,72.22,115.413,258.96,24.94
0.628944478,72.22,115.413,259.97,24.94
0.633761449,72.22,115.413,255.54,24.94
0.731674274,72.22,115.413,284.96,24.94
0.73600919,72.22,115.413,294.9,24.94
0.731987879,72.22,115.413,272.49,24.94
0.636479955,72.22,115.413,248.95,24.94
0.627763531,72.22,115.413,199.13,24.94
0.612027733,72.22,115.413,199.53,24.94
0.59193014,72.22,115.413,167.68,24.94
0.588098784,72.22,116.079,152.89,24.94
0.586631113,72.22,116.079,137.44,24.94
0.592539429,72.22,116.079,123.98,24.94
0.594005308,72.22,116.079,119.94,24.94
0.607298572,72.22,116.079,123.91,24.94
0.633790121,72.22,116.079,149.78,24.94
0.70835103,72.22,116.079,209.19,24.94
0.730765716,72.22,116.079,258.46,24.94
0.716572854,72.22,116.079,268.55,24.94
0.661279831,72.22,116.079,229.95,24.94
0.703600363,72.22,116.079,197.41,24.94
0.689857301,72.22,116.079,172.42,24.94
0.684196284,72.22,116.079,166.64,24.94
0.62510237,72.22,116.079,165.11,24.94
0.630697081,72.22,116.079,180.08,24.94
0.629813611,72.22,116.079,186.68,24.94
0.630747258,72.22,116.079,206.22,24.94
0.728876918,72.22,116.079,223.49,24.94
0.734457293,72.22,116.079,219.51,24.94
0.730072201,72.22,116.079,209.92,24.94
0.621235173,72.22,116.079,153.73,24.94
0.605393646,72.22,116.079,149.77,24.94
0.593679159,72.22,116.079,142.24,24.94
0.585787068,72.22,116.079,124.22,24.94
0.583520152,72.22,125.364,141.63,24.94
0.573624574,72.22,125.364,127.37,24.94
0.569897156,72.22,125.364,122.17,24.94
0.560053546,72.22,125.364,117.73,24.94
0.563788132,72.22,125.364,126.18,24.94
0.570870227,72.22,125.364,153.56,24.94
0.62689619,72.22,125.364,207.39,24.94
0.63921459,72.22,125.364,293.16,24.94
0.66098773,72.22,125.364,309.09,24.94
0.629765226,72.22,125.364,294.94,24.94
0.700410554,72.22,125.364,295.02,24.94
0.685330638,72.22,125.364,289.9,24.94
0.680735878,72.22,125.364,272.93,24.94
0.624600602,72.22,125.364,269.92,24.94
0.627345989,72.22,125.364,272.24,24.94
0.629973102,72.22,125.364,300.36,24.94
0.626050352,72.22,125.364,315.05,24.94
0.709198659,72.22,125.364,322.72,24.94
0.694020182,72.22,125.364,299.59,24.94
0.678974315,72.22,125.364,285.91,24.94
0.571656927,72.22,125.364,261.56,24.94
0.56339747,72.22,125.364,229.94,24.94
0.556788471,72.22,125.364,217.1,24.94
0.550568342,72.22,125.364,173.64,24.94
0.535789487,72.22,122.855,187.29,24.94
0.520433599,72.22,122.855,175.19,24.94
0.510025501,72.22,122.855,163.07,24.94
0.51232288,72.22,122.855,151.82,24.94
0.51321531,72.22,122.855,159.15,24.94
0.523428078,72.22,122.855,181.64,24.94
0.570721488,72.22,122.855,230.6,24.94
0.590865675,72.22,122.855,297.07,24.94
0.610140728,72.22,122.855,307.65,24.94
0.584697515,72.22,122.855,289.85,24.94
0.654452204,72.22,122.855,280.45,24.94
0.661772638,77.58,122.855,263.47,24.94
0.664820878,79.36,122.855,256.03,24.94
0.622550522,79.36,122.855,272.43,24.94
0.6324013,79.36,122.855,290.17,24.94
0.632209553,79.36,122.855,318.36,24.94
0.627039552,79.36,122.855,327.36,24.94
0.741820736,79.36,122.855,349.9,24.94
0.760332385,79.36,122.855,337.95,24.94
0.780241816,79.36,122.855,314.37,24.94
0.68148853,79.36,122.855,274.15,24.94
0.676874058,79.36,122.855,266.32,24.94
0.669326036,79.36,122.855,269.92,24.94
0.662831727,79.36,122.855,226.03,24.94
0.647692674,79.36,121.46,212.77,24.94
0.643051322,79.36,121.46,210.7,24.94
0.640175117,79.36,121.46,199.13,24.94
0.647588737,79.36,121.46,200,24.94
0.648866453,79.36,121.46,197.99,24.94
0.669365461,79.36,121.46,211.94,24.94
0.73846606,79.36,121.46,214.94,24.94
0.753458166,79.36,121.46,228.07,24.94
0.735536094,79.36,121.46,264.96,24.94
0.677227088,79.36,121.46,279.9,24.94
0.728477296,79.36,121.46,257.83,24.94
0.727009625,79.36,121.46,253.32,24.94
0.729493376,79.36,121.46,249.99,24.94
0.673594647,79.36,121.46,237.41,24.94
0.669809884,79.36,121.46,257.61,24.94
0.676021053,79.36,121.46,264.02,24.94
0.69042179,79.36,121.46,288.2,24.94
0.800002509,79.36,121.46,315.92,24.94
0.819005174,79.36,121.46,306.1,24.94
0.8214943,79.36,121.46,270.08,24.94
0.734778066,79.36,121.46,232.22,24.94
0.722106636,79.36,121.46,213.37,24.94
0.714288018,79.36,121.46,200,24.94
0.695534445,79.36,121.46,173.69,24.94
0.692674369,79.36,121.46,144.88,24.94
0.688482815,79.36,121.46,135,24.94
0.685180108,79.36,121.46,122.01,24.94
0.675101742,79.36,121.46,99.4,24.94
0.676445763,79.36,121.46,99.4,24.94
0.690982694,79.36,121.46,105.64,24.94
0.748666283,79.36,121.46,129,24.94
0.753970686,79.36,121.46,136.76,24.94
0.737865731,79.36,121.46,141.34,24.94
0.685925591,79.36,121.46,151.77,24.94
0.734183113,79.36,121.46,153.5,24.94
0.706688028,79.36,121.46,163.53,24.94
0.714212753,79.36,121.46,159.62,24.94
0.660211782,79.36,121.46,151.84,24.94
0.66997475,79.36,121.46,157.13,24.94
0.679422322,79.36,121.46,158,24.94
0.69570648,79.36,121.46,170.89,24.94
0.791257412,79.36,121.46,180.1,24.94
0.795631753,79.36,121.46,180.4,24.94
0.787669772,79.36,121.46,181.88,24.94
0.697815697,79.36,121.46,157.28,24.94
0.700754623,79.36,121.46,135.1,24.94
0.689170954,79.36,121.46,155.04,24.94
0.668559048,79.36,121.46,150.07,24.94
0.656934163,79.36,123.29,129.22,24.94
0.657459227,79.36,123.29,130.46,24.94
0.6636471,79.36,123.29,127.7,24.94
0.667422902,79.36,123.29,119.58,24.94
0.671990782,79.36,123.29,120.07,24.94
0.692538175,79.36,123.29,129.5,24.94
0.763502483,79.36,123.29,193.09,24.94
0.776836963,79.36,123.29,304.17,24.94
0.756759082,79.36,123.29,354.63,24.94
0.70694608,79.36,123.29,367.7,24.94
0.750347205,79.36,123.29,370,24.94
0.725248061,79.36,123.29,365.91,24.94
0.716420532,79.36,123.29,360.1,24.94
0.667078833,79.36,123.29,367.2,24.94
0.680214398,79.36,123.29,383.91,24.94
0.692081208,79.36,123.29,397.91,24.94
0.706274069,79.36,123.29,392.6,24.94
0.820137735,79.36,123.29,415.58,24.94
0.836400389,79.36,123.29,398.97,24.94
0.844045181,79.36,123.29,374.7,24.94
0.756036894,79.36,123.29,329.04,24.94
0.763513235,79.36,123.29,312,24.94
0.753155313,79.36,123.29,294.98,24.94
0.735880164,79.36,123.29,260.26,24.94
0.716725176,79.36,123.668,271.88,24.94
0.698663326,79.36,123.668,250.09,24.94
0.690894885,79.36,123.668,228.17,24.94
0.687212268,79.36,123.668,226.24,24.94
0.692391228,79.36,123.668,235.17,24.94
0.716255665,79.36,123.668,271.89,24.94
0.792128338,79.36,123.668,303.99,24.94
0.798705081,79.36,123.668,396.22,24.94
0.77456288,79.36,123.668,444.92,24.94
0.717676743,79.36,123.668,445.32,24.94
0.75215357,79.36,123.668,445.91,24.94
0.743567964,79.36,123.668,435.6,24.94
0.741146934,79.36,123.668,418.05,24.94
0.687932663,79.36,123.668,424.26,24.94
0.696115063,79.36,123.668,446.38,24.94
0.702596828,79.36,123.668,450.7,24.94
0.716011949,79.36,123.668,460.04,24.94
0.818600175,79.36,123.668,501.1,24.94
0.836556296,79.36,123.668,486.86,24.94
0.836642313,79.36,123.668,463.82,24.94
0.741521468,79.36,123.668,400,24.94
0.725013306,79.36,123.668,334.9,24.94
0.716594358,79.36,123.668,297.66,24.94
0.700978626,79.36,123.668,280.25,24.94
0.699188391,79.36,132.707,288.45,24.94
0.692867908,79.36,132.707,279.18,24.94
0.692470078,79.36,132.707,264.27,24.94
0.693817683,79.36,132.707,260.79,24.94
0.699322793,79.36,132.707,267.63,24.94
0.724809015,79.36,132.707,290,24.94
0.796868252,79.36,132.707,332.28,24.94
0.823189559,79.36,132.707,434.43,24.94
0.811050361,79.36,132.707,478.1,24.94
0.742120005,79.36,132.707,478.6,24.94
0.779489165,79.36,132.707,474.71,24.94
0.762099325,79.36,132.707,482.52,24.94
0.76509022,79.36,132.707,449.99,24.94
0.714099855,79.36,132.707,450.47,24.94
0.722153229,79.36,132.707,464.24,24.94
0.724850231,79.36,132.707,458.76,24.94
0.733622208,79.36,132.707,478.4,24.94
0.836167426,79.36,132.707,503.55,24.94
0.85311105,79.36,132.707,495.2,24.94
0.849847767,79.36,132.707,465.14,24.94
0.756151584,79.36,132.707,413.9,24.94
0.752814828,79.36,132.707,344.2,24.94
0.741073461,79.36,132.707,316.86,24.94
0.73284626,79.36,132.707,277.18,24.94
0.71602987,79.36,143.955,292.06,24.94
0.705388807,79.36,143.955,291.43,24.94
0.690149401,79.36,143.955,284.76,24.94
0.680886409,79.36,143.955,274.8,24.94
0.697066629,79.36,143.955,271.91,24.94
0.714716313,79.36,143.955,283.49,24.94
0.775777875,79.36,143.955,353.18,24.94
0.789843502,79.36,143.955,450.84,24.94
0.819196921,79.36,143.955,463.55,24.94
0.796753562,79.36,143.955,462.15,24.94
0.87087184,79.36,143.955,453.07,24.94
0.86375928,79.36,143.955,446.43,24.94
0.87523722,79.36,143.955,437.88,24.94
0.802819577,79.36,143.955,446.54,24.94
0.803301632,79.36,143.955,464.07,24.94
0.792389974,79.36,143.955,463.1,24.94
0.78149086,79.36,143.955,458.04,24.94
0.853430031,79.36,143.955,484.07,24.94
0.8319472,79.36,143.955,469.79,24.94
0.821359898,79.36,143.955,457.89,24.94
0.71231858,79.36,143.955,430.8,24.94
0.696152695,79.36,143.955,379.49,24.94
0.673048078,79.36,143.955,340.63,24.94
0.655527421,79.36,143.955,304.55,24.94
0.647362941,79.36,145.223,306.33,24.94
0.64666405,79.36,145.223,294.19,24.94
0.64663717,79.36,145.223,299.1,24.94
0.63897625,79.36,145.223,298.97,24.94
0.635962059,79.36,145.223,300.72,24.94
0.63663407,79.36,145.223,313.82,24.94
0.686362846,79.36,145.223,361.55,24.94
0.709967439,79.36,145.223,413.6,24.94
0.732765619,79.36,145.223,442.66,24.94
0.716963516,79.36,145.223,433.19,24.94
0.78051062,79.36,145.223,427.34,24.94
0.786166261,83.75,145.223,409.66,24.94
0.786257654,85.21,145.223,403.96,24.94
0.727278429,85.21,145.223,384.3,24.94
0.721079804,85.21,145.223,307.58,24.94
0.707899439,85.21,145.223,288,24.94
0.706091282,85.21,145.223,281.82,24.94
0.798662072,85.21,145.223,379.14,24.94
0.79958855,85.21,145.223,334.02,24.94
0.798699704,85.21,145.223,340.04,24.94
0.698417818,85.21,145.223,252.46,24.94
0.67891697,85.21,145.223,333.53,24.94
0.66701432,85.21,145.223,278.62,24.94
0.656016644,85.21,145.223,256.24,24.94
0.647276924,85.21,133.086,238.15,24.94
0.639313152,85.21,133.086,235.6,24.94
0.640755734,85.21,133.086,231.77,24.94
0.645837925,85.21,133.086,223.94,24.94
0.656256776,85.21,133.086,230.64,24.94
0.682662308,85.21,133.086,245,24.94
0.759916635,85.21,133.086,252.06,24.94
0.783619789,85.21,133.086,253.05,24.94
0.769116907,85.21,133.086,256.93,24.94
0.719239392,85.21,133.086,281.67,24.94
0.775555663,85.21,133.086,311.3,24.94
0.766134972,85.21,133.086,316.09,24.94
0.757371955,85.21,133.086,307.44,24.94
0.687860982,85.21,133.086,302.5,24.94
0.701727694,85.21,133.086,315.91,24.94
0.71952074,85.21,133.086,315.91,24.94
0.73464904,85.21,133.086,330.92,24.94
0.840009534,85.21,133.086,358.73,24.94
0.842638439,85.21,133.086,343.1,24.94
0.827850624,85.21,133.086,311.74,24.94
0.720834297,85.21,133.086,290.55,24.94
0.704928256,85.21,133.086,289.9,24.94
0.692643904,85.21,133.086,278.7,24.94
0.670494438,85.21,133.086,244.49,24.94
0.664688268,85.21,133.086,230.7,24.94
0.659570236,85.21,133.086,219.92,24.94
0.665648795,85.21,133.086,231.19,24.94
0.670817003,85.21,133.086,208.81,24.94
0.683526066,85.21,133.086,208.52,24.94
0.713031807,85.21,133.086,213.08,24.94
0.79159969,85.21,133.086,211.84,24.94
0.789017377,85.21,133.086,218.86,24.94
0.764394913,85.21,133.086,255.3,24.94
0.684450752,85.21,133.086,288.83,24.94
0.745637756,85.21,133.086,300.73,24.94
0.734494926,85.21,133.086,306.57,24.94
0.735120344,85.21,133.086,304.85,24.94
0.677311313,85.21,133.086,301.53,24.94
0.69159736,85.21,133.086,306.07,24.94
0.700132789,85.21,133.086,308.24,24.94
0.704962305,85.21,133.086,324.9,24.94
0.804885785,85.21,133.086,347.42,24.94
0.818216681,85.21,133.086,304.86,24.94
0.826673261,85.21,133.086,302,24.94
0.720169454,85.21,133.086,261.63,24.94
0.694511197,85.21,133.086,279.2,24.94
0.674318626,85.21,133.086,265.9,24.94
0.652511438,85.21,133.086,243.17,24.94
0.638780919,85.21,134.079,205.16,24.94
0.645651554,85.21,134.079,195.89,24.94
0.658960946,85.21,134.079,183.22,24.94
0.672915468,85.21,134.079,181.68,24.94
0.679569268,85.21,134.079,163.66,24.94
0.701534155,85.21,134.079,250.61,24.94
0.765063339,85.21,134.079,292,24.94
0.774777923,85.21,134.079,368.99,24.94
0.760525924,85.21,134.079,406.33,24.94
0.714363283,85.21,134.079,400.49,24.94
0.766970057,85.21,134.079,399.65,24.94
0.761063533,85.21,134.079,421.93,24.94
0.760921963,85.21,134.079,404.91,24.94
0.713963661,85.21,134.079,392.96,24.94
0.722918425,85.21,134.079,413.46,24.94
0.73474581,85.21,134.079,429.91,24.94
0.759429203,85.21,134.079,430.73,24.94
0.856471103,85.21,134.079,444.98,24.94
0.87062454,85.21,134.079,433.15,24.94
0.868943617,85.21,134.079,427.92,24.94
0.789056802,85.21,134.079,392.3,24.94
0.781856433,85.21,134.079,333.11,24.94
0.787972625,85.21,134.079,324.56,24.94
0.783623373,85.21,134.079,292.62,24.94
0.781132454,85.21,136.706,298.1,24.94
0.775469646,85.21,136.706,277.91,24.94
0.771242252,85.21,136.706,275.9,24.94
0.771684883,85.21,136.706,277.69,24.94
0.776564575,85.21,136.706,287.38,24.94
0.808566611,85.21,136.706,309.23,24.94
0.890668373,85.21,136.706,370.99,24.94
0.909454202,85.21,136.706,454.93,24.94
0.885641734,85.21,136.706,455.68,24.94
0.816519631,85.21,136.706,459.95,24.94
0.861295242,85.21,136.706,453.2,24.94
0.854670115,85.21,136.706,460.17,24.94
0.853478416,85.21,136.706,453.97,24.94
0.795993742,85.21,136.706,446.1,24.94
0.813577121,85.21,136.706,459.29,24.94
0.824852561,85.21,136.706,453.84,24.94
0.842738792,85.21,136.706,461.53,24.94
0.955249477,85.21,136.706,479.4,24.94
0.96670412,85.21,136.706,453.93,24.94
0.962998206,85.21,136.706,418.26,24.94
0.849136332,85.21,136.706,368.95,24.94
0.846890921,85.21,136.706,319,24.94
0.828848783,85.21,136.706,304.98,24.94
0.818910196,85.21,136.706,274.28,24.94
0.798629815,85.21,138.43,264.59,24.94
0.795778699,85.21,138.43,235.72,24.94
0.791406151,85.21,138.43,203.91,24.94
0.79302256,85.21,138.43,199.96,24.94
0.796083344,85.21,138.43,230.18,24.94
0.816634321,85.21,138.43,259.4,24.94
0.901183993,85.21,138.43,254.05,24.94
0.931218382,85.21,138.43,345.01,24.94
0.913436088,85.21,138.43,383.29,24.94
0.839765818,85.21,138.43,345.7,24.94
0.873533001,85.21,138.43,325.23,24.94
0.861838226,85.21,138.43,305.01,24.94
0.855324205,85.21,138.43,296.85,24.94
0.809708132,85.21,138.43,323.15,24.94
0.815025079,85.21,138.43,408.06,24.94
0.829042322,85.21,138.43,436.74,24.94
0.834705131,85.21,138.43,454.07,24.94
0.936943911,85.21,138.43,419.26,24.94
0.930213054,85.21,138.43,400,24.94
0.922432069,85.21,138.43,388.38,24.94
0.824065861,85.21,138.43,408.82,24.94
0.810702708,85.21,138.43,327.15,24.94
0.799228353,85.21,138.43,300.72,24.94
0.781320617,85.21,138.43,280.56,24.94
0.776105816,85.21,147.545,286.56,24.94
0.757585206,85.21,147.545,280.78,24.94
0.739510812,85.21,147.545,269.67,24.94
0.717703624,85.21,147.545,269.91,24.94
0.696206456,85.21,147.545,275.49,24.94
0.686936295,85.21,147.545,299.79,24.94
0.724310831,85.21,147.545,326,24.94
0.726000713,85.21,147.545,400.09,24.94
0.735184857,85.21,147.545,447.43,24.94
0.705304582,85.21,147.545,454.09,24.94
0.764314272,85.21,147.545,447.85,24.94
0.754531591,85.21,147.545,446.22,24.94
0.748558761,85.21,147.545,448.47,24.94
0.679166062,85.21,147.545,448.26,24.94
0.681038731,85.21,147.545,454.05,24.94
0.677212751,85.21,147.545,456.99,24.94
0.676313153,85.21,147.545,462.92,24.94
0.778161272,85.21,147.545,498.21,24.94
0.780023189,85.21,147.545,459.27,24.94
0.771292429,85.21,147.545,454.02,24.94
0.66074939,85.21,147.545,433.91,24.94
0.653411036,85.21,147.545,353.13,24.94
0.645296733,85.21,147.545,328.31,24.94
0.63603374,85.21,147.545,299.24,24.94
0.626342453,85.21,147.682,334.01,24.94
0.621081059,85.21,147.682,306.42,24.94
0.616466587,85.21,147.682,302.38,24.94
0.616455835,85.21,147.682,298.49,24.94
0.617631405,85.21,147.682,304.04,24.94
0.623346182,85.21,147.682,317.66,24.94
0.667874494,85.21,147.682,358.77,24.94
0.682440097,85.21,147.682,455.38,24.94
0.693713745,85.21,147.682,474.29,24.94
0.668256195,85.21,147.682,474.7,24.94
0.733219002,85.21,147.682,471.33,24.94
0.732124073,87.5,147.682,484.16,24.94
0.726577746,88.26,147.682,481.1,24.94
0.663333495,88.26,147.682,470,24.94
0.661098836,88.26,147.682,476.44,24.94
0.654903795,88.26,147.682,473.91,24.94
0.655219192,88.26,147.682,474.88,24.94
0.753296883,88.26,147.682,507.91,24.94
0.754590728,88.26,147.682,477.37,24.94
0.753839868,88.26,147.682,451.51,24.94
0.645613922,88.26,147.682,440,24.94
0.630379892,88.26,147.682,376,24.94
0.606597889,88.26,147.682,338.04,24.94
0.596508771,88.26,147.682,316.22,24.94
0.590331651,88.26,139.917,312.48,24.94
0.58377462,88.26,139.917,306,24.94
0.585916094,88.26,139.917,290.79,24.94
0.588639976,88.26,139.917,287.26,24.94
0.596872553,88.26,139.917,284.9,24.94
0.622794238,88.26,139.917,287.15,24.94
0.691966518,88.26,139.917,295.35,24.94
0.706094866,88.26,139.917,313.58,24.94
0.685984728,88.26,139.917,346.14,24.94
0.641235998,88.26,139.917,396.61,24.94
0.699867569,88.26,139.917,419.33,24.94
0.695778161,88.26,139.917,412.38,24.94
0.696858754,88.26,139.917,398.1,24.94
0.635747016,88.26,139.917,375.9,24.94
0.637996011,88.26,139.917,377.07,24.94
0.633913771,88.26,139.917,393.5,24.94
0.624631066,88.26,139.917,420.59,24.94
0.718078158,88.26,139.917,449.92,24.94
0.712209266,88.26,139.917,442.7,24.94
0.693366092,88.26,139.917,420.72,24.94
0.594232896,88.26,139.917,361.15,24.94
0.594705991,88.26,139.917,323.88,24.94
0.586247619,88.26,139.917,307.65,24.94
0.573221367,88.26,139.917,288.27,24.94
0.566886549,88.26,139.917,300.65,24.94
0.571830754,88.26,139.917,292.8,24.94
0.577262391,88.26,139.917,288.08,24.94
0.583418007,88.26,139.917,272.52,24.94
0.585279924,88.26,139.917,268.42,24.94
0.602607042,88.26,139.917,269.24,24.94
0.655335674,88.26,139.917,280.98,24.94
0.660380232,88.26,139.917,279.73,24.94
0.636580309,88.26,139.917,293.09,24.94
0.597426289,88.26,139.917,320.09,24.94
0.655335674,88.26,139.917,326.55,24.94
0.653674464,88.26,139.917,345.19,24.94
0.653188824,88.26,139.917,347.71,24.94
0.601302446,88.26,139.917,324.74,24.94
0.598935177,88.26,139.917,328.31,24.94
0.589514486,88.26,139.917,336.51,24.94
0.593254448,88.26,139.917,361.6,24.94
0.692946757,88.26,139.917,413.94,24.94
0.70079584,88.26,139.917,430.05,24.94
0.708935231,88.26,139.917,412.74,24.94
0.628652377,88.26,139.917,383.98,24.94
0.62804488,88.26,139.917,335.35,24.94
0.626369333,88.26,139.917,323.85,24.94
0.604764644,88.26,139.917,306.25,24.94
0.596906601,88.26,141.226,280.18,24.94
0.587373012,88.26,141.226,277.68,24.94
0.586313924,88.26,141.226,274.31,24.94
0.589514486,88.26,141.226,269.79,24.94
0.589012718,88.26,141.226,267.92,24.94
0.608658721,88.26,141.226,283.71,24.94
0.681556627,88.26,141.226,392.24,24.94
0.703689965,88.26,141.226,505,24.94
0.685391567,88.26,141.226,545.22,24.94
0.628198994,88.26,141.226,513.99,24.94
0.680606852,88.26,141.226,505.47,24.94
0.680262783,88.26,141.226,497.62,24.94
0.677121358,88.26,141.226,489.95,24.94
0.615314313,88.26,141.226,482.8,24.94
0.619919825,88.26,141.226,506.04,24.94
0.62125847,88.26,141.226,535.73,24.94
0.627763531,88.26,141.226,558.54,24.94
0.731324828,88.26,141.226,588.09,24.94
0.739673887,88.26,141.226,558.66,24.94
0.740722223,88.26,141.226,508.04,24.94
0.649819812,88.26,141.226,490,24.94
0.644329038,88.26,141.226,408.9,24.94
0.633804457,88.26,141.226,361.32,24.94
0.613029477,88.26,141.226,313.2,24.94
0.60118238,88.26,138.104,306.14,24.94
0.594455107,88.26,138.104,288.11,24.94
0.602775493,88.26,138.104,285.28,24.94
0.611221321,88.26,138.104,276.98,24.94
0.621536234,88.26,138.104,282.3,24.94
0.645128282,88.26,138.104,316.07,24.94
0.708833085,88.26,138.104,368.9,24.94
0.723579683,88.26,138.104,499.7,24.94
0.694529118,88.26,138.104,571.76,24.94
0.650018727,88.26,138.104,553.29,24.94
0.712404597,88.26,138.104,518.08,24.94
0.702647005,88.26,138.104,505.16,24.94
0.700942786,88.26,138.104,482.78,24.94
0.647651458,88.26,138.104,506.03,24.94
0.654126055,88.26,138.104,552.71,24.94
0.647350397,88.26,138.104,570.25,24.94
0.638220014,88.26,138.104,590,24.94
0.728256876,88.26,138.104,665.01,24.94
0.735717089,88.26,138.104,595.94,24.94
0.745825919,88.26,138.104,522.58,24.94
0.653667296,88.26,138.104,452.47,24.94
0.629623656,88.26,138.104,353.79,24.94
0.612004437,88.26,138.104,321.03,24.94
0.597476466,88.26,138.104,283.08,24.94
0.592740136,88.26,139.911,274.82,24.94
0.584735147,88.26,139.911,270.47,24.94
0.574552844,88.26,139.911,268.69,24.94
0.568397228,88.26,139.911,278.2,24.94
0.576606508,88.26,139.911,280.21,24.94
0.596748903,88.26,139.911,311.11,24.94
0.66175651,88.26,139.911,368.82,24.94
0.678680422,88.26,139.911,494.97,24.94
0.668358341,88.26,139.911,539.99,24.94
0.621563114,88.26,139.911,569.72,24.94
0.676895562,88.26,139.911,565.18,24.94
0.66805728,88.26,139.911,568.01,24.94
0.672467461,88.26,139.911,526.07,24.94
0.62039292,88.26,139.911,515.48,24.94
0.632266897,88.26,139.911,514.95,24.94
0.643259197,88.26,139.911,528.53,24.94
0.652905684,88.26,139.911,545,24.94
0.748155555,88.26,139.911,590,24.94
0.748886703,88.26,139.911,557,24.94
0.732625841,88.26,139.911,520.57,24.94
0.635906506,88.26,139.911,487.9,24.94
0.628801115,88.26,139.911,396.67,24.94
0.611896915,88.26,139.911,351.72,24.94
0.592392483,88.26,139.911,328.94,24.94
0.578988113,88.26,133.026,300,24.94
0.569169592,88.26,133.026,290.74,24.94
0.560768565,88.26,133.026,279.46,24.94
0.555788519,88.26,133.026,270.19,24.94
0.554474963,88.26,133.026,274.14,24.94
0.557412097,88.26,133.026,289.63,24.94
0.606321916,88.26,133.026,336.73,24.94
0.618102708,88.26,133.026,432.74,24.94
0.633358243,88.26,133.026,490.03,24.94
0.607406093,88.26,133.026,489.66,24.94
0.674096415,88.26,133.026,474.55,24.94
0.686183643,88.26,133.026,450.72,24.94
0.670209506,88.26,133.026,406.56,24.94
0.603549649,88.26,133.026,396.53,24.94
0.586166978,88.26,133.026,455.05,24.94
0.592774185,88.26,133.026,469.93,24.94
0.592598566,88.26,133.026,485.03,24.94
0.69788917,88.26,133.026,500,24.94
0.69239302,88.26,133.026,499.91,24.94
0.695328362,88.26,133.026,485.53,24.94
0.587901661,88.26,133.026,439.9,24.94
0.571074518,88.26,133.026,367.72,24.94
0.548969853,88.26,133.026,336.29,24.94
0.538979297,88.26,133.026,306.06,24.94
0.53818722,88.26,135.863,296.3,24.94
0.538855647,88.26,135.863,288.12,24.94
0.539674604,88.26,135.863,280.19,24.94
0.537318087,88.26,135.863,270.33,24.94
0.547342691,88.26,135.863,282.55,24.94
0.558499858,88.26,135.863,296.35,24.94
0.619726286,88.26,135.863,344.51,24.94
0.634075054,88.26,135.863,458.94,24.94
0.649507999,88.26,135.863,543.49,24.94
0.623209988,88.26,135.863,561.72,24.94
0.686033113,88.26,135.863,543.49,24.94
0.683359407,84.62,135.863,540.83,24.94
0.668824268,83.41,135.863,492.26,24.94
0.60836662,83.41,135.863,469.12,24.94
0.604422367,83.41,135.863,465.8,24.94
0.609631792,83.41,135.863,465.14,24.94
0.619495114,83.41,135.863,478.55,24.94
0.721997323,83.41,135.863,505,24.94
0.730763924,83.41,135.863,490.17,24.94
0.729891206,83.41,135.863,467.8,24.94
0.619663565,83.41,135.863,401.93,24.94
0.612518749,83.41,135.863,335.11,24.94
0.602218172,83.41,135.863,308.56,24.94
0.598589316,83.41,135.863,285.27,24.94
0.587994846,83.41,121.903,283.9,24.94
0.578554443,83.41,121.903,271.08,24.94
0.570246601,83.41,121.903,259.95,24.94
0.569891779,83.41,121.903,246.13,24.94
0.584134818,83.41,121.903,238.73,24.94
0.620980705,83.41,121.903,237.36,24.94
0.696925059,83.41,121.903,237.51,24.94
0.712702074,83.41,121.903,248.77,24.94
0.687341294,83.41,121.903,291.05,24.94
0.630039407,83.41,121.903,299.81,24.94
0.668593097,83.41,121.903,302.13,24.94
0.656894738,83.41,121.903,281.16,24.94
0.653773025,83.41,121.903,270.07,24.94
0.605110505,83.41,121.903,254.75,24.94
0.625191971,83.41,121.903,266.87,24.94
0.637264864,83.41,121.903,283.5,24.94
0.640072971,83.41,121.903,305.13,24.94
0.731530912,83.41,121.903,335.42,24.94
0.734098888,83.41,121.903,324.01,24.94
0.733625792,83.41,121.903,291.99,24.94
0.639350784,83.41,121.903,264.07,24.94
0.622088179,83.41,121.903,245.93,24.94
0.601422512,83.41,121.903,216.08,24.94
0.581581178,83.41,121.903,199.86,24.94
0.560239917,83.41,121.903,176.27,24.94
0.550702744,83.41,121.903,168.67,24.94
0.5422605,83.41,121.903,170.28,24.94
0.537520586,83.41,121.903,172.11,24.94
0.53867286,83.41,121.903,172.43,24.94
0.558571539,83.41,121.903,169.49,24.94
0.615611789,83.41,121.903,168.3,24.94
0.615427211,83.41,121.903,177.22,24.94
0.589148912,83.41,121.903,209.72,24.94
0.538527706,83.41,121.903,209.65,24.94
0.588905196,83.41,121.903,218.09,24.94
0.583667099,83.41,121.903,216.12,24.94
0.581002353,83.41,121.903,185.8,24.94
0.529608782,83.41,121.903,224.43,24.94
0.541866254,83.41,121.903,229.5,24.94
0.555940842,83.41,121.903,239.86,24.94
0.570429388,83.41,121.903,233.57,24.94
0.67496734,83.41,121.903,229.47,24.94
0.667159474,83.41,121.903,220.65,24.94
0.662091619,83.41,121.903,208.29,24.94
0.561936967,83.41,121.903,130.02,24.94
0.565884805,83.41,121.903,163.08,24.94
0.562560593,83.41,121.903,145.93,24.94
0.555813608,83.41,121.903,115.28,24.94
0.559340319,83.41,121.81,120.1,24.94
0.556663029,83.41,121.81,105.84,24.94
0.560356399,83.41,121.81,92.36,24.94
0.562616146,83.41,121.81,76.1,24.94
0.5689205,83.41,121.81,77.72,24.94
0.587471574,83.41,121.81,109.11,24.94
0.646723187,83.41,121.81,175.36,24.94
0.651726529,83.41,121.81,240.03,24.94
0.64701708,83.41,121.81,249.57,24.94
0.600911784,83.41,121.81,248.85,24.94
0.652201417,83.41,121.81,248.85,24.94
0.654273001,83.41,121.81,247.05,24.94
0.643780677,83.41,121.81,248.7,24.94
0.593985596,83.41,121.81,245.8,24.94
0.598031995,83.41,121.81,249.43,24.94
0.605947382,83.41,121.81,248.81,24.94
0.61003679,83.41,121.81,249.02,24.94
0.707670059,83.41,121.81,248.85,24.94
0.720676598,83.41,121.81,248.85,24.94
0.726979161,83.41,121.81,227.11,24.94
0.630593143,83.41,121.81,187.71,24.94
0.622765565,83.41,121.81,174.65,24.94
0.612853858,83.41,121.81,166.33,24.94
0.604913382,83.41,121.81,120.06,24.94
0.601849014,83.41,107.677,108.19,24.94
0.602474432,83.41,107.677,92.41,24.94
0.609278762,83.41,107.677,92.45,24.94
0.61818335,83.41,107.677,76.35,24.94
0.639345408,83.41,107.677,81.94,24.94
0.65879608,83.41,107.677,99.21,24.94
0.731520159,83.41,107.677,149.99,24.94
0.755022606,83.41,107.677,199.68,24.94
0.746680716,83.41,107.677,223.4,24.94
0.695009381,83.41,107.677,225.14,24.94
0.743428185,83.41,107.677,220.37,24.94
0.742419274,83.41,107.677,227.34,24.94
0.742587724,83.41,107.677,219.23,24.94
0.698957219,83.41,107.677,216.22,24.94
0.707413799,83.41,107.677,228.18,24.94
0.712682361,83.41,107.677,225.01,24.94
0.719647974,83.41,107.677,227.65,24.94
0.831819966,83.41,107.677,228.99,24.94
0.847145389,83.41,107.677,234.43,24.94
0.851548402,83.41,107.677,230,24.94
0.758726728,83.41,107.677,228.24,24.94
0.752053216,83.41,107.677,229.49,24.94
0.739808289,83.41,107.677,211.16,24.94
0.723893288,83.41,107.677,184.65,24.94
0.706306326,83.41,105.144,182.11,24.94
0.697752976,83.41,105.144,174.76,24.94
0.701767119,83.41,105.144,178.93,24.94
0.703512554,83.41,105.144,167.93,24.94
0.712578424,83.41,105.144,168.96,24.94
0.724086827,83.41,105.144,180,24.94
0.801163743,83.41,105.144,218.57,24.94
0.822137639,83.41,105.144,253.16,24.94
0.840522054,83.41,105.144,273,24.94
0.784628701,83.41,105.144,269.84,24.94
0.834645994,83.41,105.144,251.71,24.94
0.821024789,83.41,105.144,248.24,24.94
0.814200747,83.41,105.144,238.96,24.94
0.761819769,83.41,105.144,232.89,24.94
0.760665703,83.41,105.144,241.02,24.94
0.763088524,83.41,105.144,228.96,24.94
0.765792695,83.41,105.144,224.79,24.94
0.856573248,83.41,105.144,246.01,24.94
0.86872499,83.41,105.144,234.99,24.94
0.861857939,83.41,105.144,225.81,24.94
0.773344301,83.41,105.144,211.19,24.94
0.780197016,83.41,105.144,187.91,24.94
0.783440586,83.41,105.144,170.58,24.94
0.776369244,83.41,105.144,140.09,24.94
0.773600561,83.41,97.092,158.9,24.94
0.768072154,83.41,97.092,145.6,24.94
0.768892903,83.41,97.092,140.19,24.94
0.766599107,83.41,97.092,132.41,24.94
0.771984151,83.41,97.092,128.22,24.94
0.775227722,83.41,97.092,155.92,24.94
0.816768723,83.41,97.092,183.86,24.94
0.827250294,83.41,97.092,224.72,24.94
0.831676603,83.41,97.092,224.4,24.94
0.816186314,83.41,97.092,223.72,24.94
0.874581337,83.41,97.092,225.4,24.94
0.864983236,83.41,97.092,224.4,24.94
0.8411636,83.41,97.092,224.04,24.94
0.778374523,83.41,97.092,216.82,24.94
0.769645555,83.41,97.092,213.29,24.94
0.769385711,83.41,97.092,210.39,24.94
0.759622742,83.41,97.092,213.19,24.94
0.85363253,83.41,97.092,214.19,24.94
0.844588165,83.41,97.092,224.4,24.94
0.8373197,83.41,97.092,221.82,24.94
0.735948261,83.41,97.092,201.07,24.94
0.724964921,83.41,97.092,183.71,24.94
0.714671512,83.41,97.092,170.96,24.94
0.70734391,83.41,97.092,161.67,24.94
0.69521188,83.41,90.979,148.72,24.94
0.6859686,83.41,90.979,148.72,24.94
0.67671636,83.41,90.979,146.39,24.94
0.673890331,83.41,90.979,137.87,24.94
0.671318771,83.41,90.979,141,24.94
0.677657174,83.41,90.979,148.55,24.94
0.719696359,83.41,90.979,169.45,24.94
0.734589903,83.41,90.979,189.19,24.94
0.744865392,83.41,90.979,217,24.94
0.729982599,83.41,90.979,222.2,24.94
0.80251314,83.41,90.979,225.09,24.94
0.803063293,83.41,90.979,221.93,24.94
0.796237458,83.41,90.979,223.91,24.94
0.719506404,83.41,90.979,228.91,24.94
0.723558179,83.41,90.979,225.92,24.94
0.725549122,83.41,90.979,220.05,24.94
0.731934118,83.41,90.979,222.06,24.94
0.823850817,83.41,90.979,214.02,24.94
0.81608596,83.41,90.979,209.93,24.94
0.806539827,83.41,90.979,198.44,24.94
0.707800877,83.41,90.979,181.34,24.94
0.702306519,83.41,90.979,152,24.94
0.696753024,83.41,90.979,148.74,24.94
0.690407453,83.41,90.979,119.9,24.94
0.695330154,83.41,82.686,81.2,24.94
0.699500203,83.41,82.686,50.4,24.94
0.714795162,83.41,82.686,50,24.94
0.722396945,83.41,82.686,32.52,24.94
0.741630781,83.41,82.686,36,24.94
0.756101407,83.41,82.686,48.48,24.94
0.813641634,83.41,82.686,57.53,24.94
0.824831057,83.41,82.686,98.2,24.94
0.848326335,83.41,82.686,122.2,24.94
0.842905451,83.41,82.686,145.87,24.94
0.91840359,83.41,82.686,138.67,24.94
0.923322707,83.41,82.686,140.04,24.94
0.894062474,83.41,82.686,137.78,24.94
0.825685854,83.41,82.686,139.96,24.94
0.810355055,83.41,82.686,150.99,24.94
0.807410753,83.41,82.686,159.89,24.94
0.809876583,83.41,82.686,163.05,24.94
0.889593156,83.41,82.686,166.34,24.94
0.885691911,83.41,82.686,149.74,24.94
0.864845249,83.41,82.686,138.79,24.94
0.767369679,83.41,82.686,129.67,24.94
0.751370453,83.41,82.686,120,24.94
0.749555129,83.41,82.686,116.7,24.94
0.741227575,83.41,82.686,110.78,24.94
0.739462427,83.41,82.686,120.28,24.94
0.737636351,83.41,82.686,112.11,24.94
0.736589807,83.41,82.686,106.65,24.94
0.738677519,83.41,82.686,90.84,24.94
0.73014209,83.41,82.686,85.7,24.94
0.726190668,83.41,82.686,85.65,24.94
0.756864811,83.41,82.686,85.64,24.94
0.761955963,83.41,82.686,92.7,24.94
0.771041545,83.41,82.686,110.1,24.94
0.738147079,83.41,82.686,113.28,24.94
0.792341589,83.41,82.686,119.6,24.94
0.781299113,83.41,82.686,121.36,24.94
0.782472891,83.41,82.686,101.01,24.94
0.720622837,83.41,82.686,95.6,24.94
0.729475455,83.41,82.686,92.89,24.94
0.720296688,83.41,82.686,110.08,24.94
0.710630489,83.41,82.686,112.91,24.94
0.792635482,83.41,82.686,130.42,24.94
0.782594749,83.41,82.686,120.38,24.94
0.781612718,83.41,82.686,110.09,24.94
0.677443923,83.41,82.686,118.21,24.94
0.666919343,83.41,82.686,106.52,24.94
0.660217158,83.41,82.686,102.25,24.94
0.649846692,83.41,82.686,100,24.94
0.653701344,83.41,82.686,50.3,24.94
0.645556577,83.41,82.686,36.98,24.94
0.651237306,83.41,82.686,27.02,24.94
0.654326762,83.41,82.686,21.3,24.94
0.668614601,83.41,82.686,17.9,24.94
0.672429829,83.41,82.686,16.33,24.94
0.72706697,83.41,82.686,18.11,24.94
0.744182629,83.41,82.686,23.29,24.94
0.75948834,83.41,82.686,38.68,24.94
0.731278236,83.41,82.686,53.57,24.94
0.804267535,83.41,82.686,59.3,24.94
0.806317615,83.41,82.686,59,24.94
0.808091723,83.41,82.686,54.9,24.94
0.738733072,83.41,82.686,29.99,24.94
0.734620368,83.41,82.686,32.64,24.94
0.728246124,83.41,82.686,33.99,24.94
0.732719026,83.41,82.686,47.63,24.94
0.829011858,83.41,82.686,54.98,24.94
0.838192417,83.41,82.686,52.2,24.94
0.840543558,83.41,82.686,59.17,24.94
0.747175316,83.41,82.686,58.43,24.94
0.730335629,83.41,82.686,59.04,24.94
0.715347107,83.41,82.686,48.55,24.94
0.698971555,83.41,82.686,19.48,24.94
0.693688657,83.41,82.686,23.36,24.94
0.699494827,83.41,82.686,9.98,24.94
0.69864003,83.41,82.686,5.69,24.94
0.696871298,83.41,82.686,5,24.94
0.697942931,83.41,82.686,11.46,24.94
0.711773803,83.41,82.686,19.59,24.94
0.772030744,83.41,82.686,30.42,24.94
0.793549416,83.41,82.686,80.96,24.94
0.810337134,83.41,82.686,95.9,24.94
0.777575279,83.41,82.686,100.08,24.94
0.82273976,83.41,82.686,95.93,24.94
0.813883558,83.41,82.686,108.42,24.94
0.801721064,83.41,82.686,110.38,24.94
0.73427809,83.41,82.686,124.36,24.94
0.728419951,83.41,82.686,139.08,24.94
0.726959448,83.41,82.686,143.32,24.94
0.720483059,83.41,82.686,147.56,24.94
0.805419809,83.41,82.686,158.69,24.94
0.797972141,83.41,82.686,164.69,24.94
0.792520792,83.41,82.686,156.93,24.94
0.692964677,83.41,82.686,147.56,24.94
0.685572562,83.41,82.686,128.8,24.94
0.680732294,83.41,82.686,107.84,24.94
0.675551541,83.41,82.686,85.62,24.94
0.67273985,83.41,83.301,40.28,24.94
0.669874397,83.41,83.301,33.13,24.94
0.670517735,83.41,83.301,10.31,24.94
0.666845869,83.41,83.301,0.05,24.94
0.668584137,83.41,83.301,0.03,24.94
0.667797436,83.41,83.301,0.1,24.94
0.715576486,83.41,83.301,16.97,24.94
0.721302016,83.41,83.301,31.41,24.94
0.727713892,83.41,83.301,43.24,24.94
0.687742708,83.41,83.301,63.63,24.94
0.74105554,83.41,83.301,68.38,24.94
0.726362703,83.41,83.301,59.95,24.94
0.721931018,83.41,83.301,52.08,24.94
0.654815986,83.41,83.301,47.09,24.94
0.658538028,83.41,83.301,71.1,24.94
0.656504076,83.41,83.301,71.08,24.94
0.661145428,83.41,83.301,85.77,24.94
0.754388229,83.41,83.301,89.71,24.94
0.75719096,83.41,83.301,87.43,24.94
0.751723483,83.41,83.301,71.77,24.94
0.647253628,83.41,83.301,55.1,24.94
0.640187661,83.41,83.301,46.42,24.94
0.631607431,83.41,83.301,35.45,24.94
0.623994896,83.41,83.301,21.05,24.94
0.612959588,83.41,77.09,-1.01,24.94
0.616409242,83.41,77.09,-1.05,24.94
0.618944961,83.41,77.09,-1.1,24.94
0.6204198,83.41,77.09,-2.18,24.94
0.619860688,83.41,77.09,-2.05,24.94
0.619353544,83.41,77.09,-0.98,24.94
0.670691562,83.41,77.09,-0.05,24.94
0.682852263,83.41,77.09,0.09,24.94
0.695339114,83.41,77.09,8.98,24.94
0.667715003,83.41,77.09,5.97,24.94
0.743605596,83.41,77.09,5.28,24.94
0.747175316,83.41,77.09,4.01,24.94
0.741265208,83.41,77.09,1.99,24.94
0.676402755,83.41,77.09,3.4,24.94
0.677089101,83.41,77.09,19.95,24.94
0.675105326,83.41,77.09,24.54,24.94
0.663442808,83.41,77.09,27.2,24.94
0.757354035,83.41,77.09,34.54,24.94
0.74629543,83.41,77.09,51.41,24.94
0.73935849,83.41,77.09,47.94,24.94
0.628148817,83.41,77.09,26.62,24.94
0.629111136,83.41,77.09,25.01,24.94
0.634813369,83.41,77.09,26.31,24.94
0.634928059,83.41,77.09,21.07,24.94
0.627485767,83.41,81.045,11.17,24.94
0.616066965,83.41,81.045,5.09,24.94
0.612312666,83.41,81.045,3.09,24.94
0.616049044,83.41,81.045,0.65,24.94
0.61478208,83.41,81.045,0.57,24.94
0.610441789,83.41,81.045,4.88,24.94
0.642411568,83.41,81.045,10.93,24.94
0.651920068,83.41,81.045,24.13,24.94
0.668765131,83.41,81.045,27.69,24.94
0.645502816,83.41,81.045,29.08,24.94
0.702736606,83.41,81.045,26.09,24.94
0.708109106,83.41,81.045,24.72,24.94
0.718386386,83.41,81.045,17.74,24.94
0.656487948,83.41,81.045,19.87,24.94
0.653221081,83.41,81.045,25.64,24.94
0.642318382,83.41,81.045,27.97,24.94
0.633299106,83.41,81.045,21.01,24.94
0.719407842,83.41,81.045,30.78,24.94
0.713372292,83.41,81.045,22.4,24.94
0.702657757,83.41,81.045,13.79,24.94
0.593542965,83.41,81.045,2.63,24.94
0.580590186,83.41,81.045,0.69,24.94
0.57130569,83.41,81.045,0.4,24.94
0.564969079,83.41,81.045,0,24.94
0.559431712,83.41,75.07,-0.03,24.94
0.545498695,83.41,75.07,-0.07,24.94
0.54289667,83.41,75.07,-0.03,24.94
0.542532888,83.41,75.07,-0.04,24.94
0.552313777,83.41,75.07,-0.03,24.94
0.560752437,83.41,75.07,-0.02,24.94
0.60564453,83.41,75.07,-0.01,24.94
0.609031463,83.41,75.07,-0.05,24.94
0.610049335,83.41,75.07,0.63,24.94
0.572542189,83.41,75.07,-0.03,24.94
0.62255769,83.41,75.07,-0.3,24.94
0.621919728,83.41,75.07,-1.66,24.94
0.622222581,83.41,75.07,-3.78,24.94
0.555229406,83.41,75.07,-3.44,24.94
0.551706279,83.41,75.07,-2.07,24.94
0.551700903,83.41,75.07,-1.98,24.94
0.55289081,83.41,75.07,-0.9,24.94
0.652305354,83.41,75.07,0,24.94
0.652767698,83.41,75.07,-0.01,24.94
0.650491822,83.41,75.07,-1.01,24.94
0.560392239,83.41,75.07,-1.39,24.94
0.567786147,83.41,75.07,-1.04,24.94
0.568212649,83.41,75.07,-1.07,24.94
0.567273627,83.41,75.07,-0.68,24.94
